/*******************************************************************************
 * Size: 20 px
 * Bpp: 4
 * Opts: --font BeVietnamPro-Medium.ttf -r 0x20-0x7E,0xA0-0xFF,0x102-0x103,0x110-0x111,0x128-0x129,0x168-0x169,0x1A0-0x1A1,0x1AF-0x1B0,0x1EA0-0x1EF9,0x2013-0x2014,0x2018-0x201D,0x2026 --size 20 --bpp 4 --format lvgl --no-compress --lv-include lvgl.h --lv-font-name font_vi_20 -o ../firmware/main/font_vi_20.c
 ******************************************************************************/

#ifdef LV_LVGL_H_INCLUDE_SIMPLE
#include "lvgl.h"
#else
#include "lvgl.h"
#endif

#ifndef FONT_VI_20
#define FONT_VI_20 1
#endif

#if FONT_VI_20

/*-----------------
 *    BITMAPS
 *----------------*/

/*Store the image of the glyphs*/
static LV_ATTRIBUTE_LARGE_CONST const uint8_t glyph_bitmap[] = {
    /* U+0020 " " */

    /* U+0021 "!" */
    0x2f, 0xf2, 0x2f, 0xf2, 0x2f, 0xf2, 0x2f, 0xf1,
    0x1f, 0xf1, 0x1f, 0xf1, 0x1f, 0xf0, 0x1f, 0xf0,
    0xf, 0xf0, 0xf, 0xf0, 0xf, 0xf0, 0x0, 0x0,
    0xa, 0x90, 0x4f, 0xf4, 0x1d, 0xd1,

    /* U+0022 "\"" */
    0x9f, 0x5a, 0xf4, 0xaf, 0x2b, 0xf1, 0xbe, 0xb,
    0xe0, 0xcb, 0xc, 0xb0, 0x33, 0x4, 0x30,

    /* U+0023 "#" */
    0x0, 0x0, 0x0, 0xef, 0x10, 0xe, 0xf1, 0x0,
    0x0, 0x0, 0x1, 0xfe, 0x0, 0x1f, 0xe0, 0x0,
    0x0, 0x0, 0x4, 0xfb, 0x0, 0x4f, 0xb0, 0x0,
    0x0, 0x0, 0x7, 0xf8, 0x0, 0x7f, 0x80, 0x0,
    0x0, 0xaf, 0xff, 0xff, 0xff, 0xff, 0xff, 0xf5,
    0x0, 0xdf, 0xff, 0xff, 0xff, 0xff, 0xff, 0xf2,
    0x0, 0x0, 0x2f, 0xe0, 0x2, 0xff, 0x0, 0x0,
    0x0, 0x0, 0x4f, 0xb0, 0x4, 0xfb, 0x0, 0x0,
    0x0, 0x0, 0x8f, 0x80, 0x7, 0xf8, 0x0, 0x0,
    0xb, 0xff, 0xff, 0xff, 0xff, 0xff, 0xff, 0x40,
    0xf, 0xff, 0xff, 0xff, 0xff, 0xff, 0xff, 0x0,
    0x1, 0x12, 0xfe, 0x11, 0x2f, 0xe1, 0x10, 0x0,
    0x0, 0x4, 0xfb, 0x0, 0x4f, 0xb0, 0x0, 0x0,
    0x0, 0x8, 0xf8, 0x0, 0x7f, 0x80, 0x0, 0x0,
    0x0, 0xb, 0xf5, 0x0, 0xaf, 0x50, 0x0, 0x0,

    /* U+0024 "$" */
    0x0, 0x0, 0x0, 0x10, 0x0, 0x0, 0x0, 0x0,
    0x0, 0x2f, 0x70, 0x0, 0x0, 0x0, 0x0, 0x4,
    0xf8, 0x0, 0x0, 0x0, 0x0, 0x7e, 0xff, 0xff,
    0x90, 0x0, 0x0, 0xaf, 0xfd, 0xfe, 0xff, 0xc0,
    0x0, 0x4f, 0xf4, 0x2f, 0x74, 0xff, 0x50, 0x8,
    0xfb, 0x2, 0xf7, 0x9, 0xfb, 0x0, 0x8f, 0xc0,
    0x2f, 0x70, 0x12, 0x20, 0x4, 0xff, 0x83, 0xf7,
    0x0, 0x0, 0x0, 0xa, 0xff, 0xff, 0xc5, 0x0,
    0x0, 0x0, 0x5, 0xcf, 0xff, 0xfe, 0x60, 0x0,
    0x0, 0x0, 0x3f, 0xde, 0xff, 0x60, 0x0, 0x0,
    0x2, 0xf7, 0xb, 0xfe, 0x0, 0xbb, 0x30, 0x2f,
    0x70, 0x4f, 0xf0, 0xc, 0xf9, 0x2, 0xf7, 0x6,
    0xff, 0x0, 0x7f, 0xf6, 0x2f, 0x73, 0xef, 0xa0,
    0x0, 0xbf, 0xff, 0xff, 0xff, 0xd1, 0x0, 0x0,
    0x7e, 0xff, 0xff, 0x91, 0x0, 0x0, 0x0, 0x3,
    0xf8, 0x0, 0x0, 0x0, 0x0, 0x0, 0x2f, 0x70,
    0x0, 0x0,

    /* U+0025 "%" */
    0x7, 0xef, 0xc4, 0x0, 0x0, 0xcf, 0x40, 0x7,
    0xfc, 0xae, 0xf2, 0x0, 0x4f, 0xc0, 0x0, 0xde,
    0x0, 0x4f, 0x70, 0xc, 0xf3, 0x0, 0xb, 0xf3,
    0x8, 0xf6, 0x5, 0xfb, 0x0, 0x0, 0x3f, 0xff,
    0xfc, 0x0, 0xdf, 0x20, 0x0, 0x0, 0x27, 0x96,
    0x0, 0x6f, 0xa0, 0x0, 0x0, 0x0, 0x0, 0x0,
    0xe, 0xf2, 0x0, 0x0, 0x0, 0x0, 0x0, 0x7,
    0xf9, 0x0, 0x0, 0x0, 0x0, 0x0, 0x0, 0xef,
    0x10, 0x0, 0x0, 0x0, 0x0, 0x0, 0x8f, 0x80,
    0x2b, 0xfe, 0x80, 0x0, 0x0, 0x1f, 0xe0, 0xe,
    0xfa, 0xcf, 0x80, 0x0, 0x9, 0xf7, 0x4, 0xf7,
    0x0, 0xde, 0x0, 0x2, 0xfe, 0x0, 0x4f, 0x50,
    0xc, 0xe0, 0x0, 0xaf, 0x60, 0x0, 0xee, 0x69,
    0xf8, 0x0, 0x2f, 0xd0, 0x0, 0x2, 0xbf, 0xe8,
    0x0,

    /* U+0026 "&" */
    0x0, 0x19, 0xef, 0xc5, 0x0, 0x0, 0x0, 0x0,
    0xcf, 0xec, 0xff, 0x60, 0x0, 0x0, 0x4, 0xfd,
    0x0, 0x4f, 0xd0, 0x0, 0x0, 0x5, 0xfa, 0x0,
    0x1f, 0xd0, 0x0, 0x0, 0x2, 0xff, 0x20, 0x9f,
    0x80, 0x0, 0x0, 0x0, 0x9f, 0xdc, 0xfb, 0x0,
    0x0, 0x0, 0x0, 0x4f, 0xff, 0x70, 0x0, 0xcd,
    0x0, 0x6, 0xff, 0xef, 0xb0, 0x0, 0xfe, 0x0,
    0x3f, 0xf3, 0x2e, 0xfa, 0x1, 0xfc, 0x0, 0xaf,
    0x70, 0x3, 0xff, 0x86, 0xf9, 0x0, 0xdf, 0x40,
    0x0, 0x5f, 0xfe, 0xf5, 0x0, 0xbf, 0x80, 0x0,
    0x8, 0xff, 0xe0, 0x0, 0x6f, 0xf7, 0x0, 0x17,
    0xff, 0xf2, 0x0, 0xa, 0xff, 0xfe, 0xff, 0xfd,
    0xfd, 0x10, 0x0, 0x5b, 0xef, 0xea, 0x21, 0xef,
    0xb0,

    /* U+0027 "'" */
    0x9f, 0x5a, 0xf2, 0xbe, 0xc, 0xb0, 0x33, 0x0,

    /* U+0028 "(" */
    0x0, 0x0, 0x19, 0xd0, 0x0, 0x5, 0xff, 0xf0,
    0x0, 0x5f, 0xfc, 0x50, 0x2, 0xff, 0xb0, 0x0,
    0x9, 0xfe, 0x0, 0x0, 0x1f, 0xf6, 0x0, 0x0,
    0x6f, 0xf0, 0x0, 0x0, 0xaf, 0xb0, 0x0, 0x0,
    0xdf, 0x70, 0x0, 0x0, 0xef, 0x50, 0x0, 0x0,
    0xff, 0x50, 0x0, 0x0, 0xff, 0x50, 0x0, 0x0,
    0xdf, 0x70, 0x0, 0x0, 0xbf, 0xa0, 0x0, 0x0,
    0x7f, 0xe0, 0x0, 0x0, 0x2f, 0xf4, 0x0, 0x0,
    0xb, 0xfc, 0x0, 0x0, 0x3, 0xff, 0x70, 0x0,
    0x0, 0x8f, 0xf9, 0x10, 0x0, 0x9, 0xff, 0xf0,
    0x0, 0x0, 0x5d, 0xf0, 0x0, 0x0, 0x0, 0x10,

    /* U+0029 ")" */
    0x2d, 0x81, 0x0, 0x0, 0x2f, 0xfe, 0x30, 0x0,
    0x5, 0xdf, 0xf3, 0x0, 0x0, 0xc, 0xfe, 0x0,
    0x0, 0x1, 0xff, 0x80, 0x0, 0x0, 0x8f, 0xe0,
    0x0, 0x0, 0x1f, 0xf4, 0x0, 0x0, 0xd, 0xf8,
    0x0, 0x0, 0xa, 0xfb, 0x0, 0x0, 0x7, 0xfc,
    0x0, 0x0, 0x7, 0xfd, 0x0, 0x0, 0x7, 0xfd,
    0x0, 0x0, 0x9, 0xfb, 0x0, 0x0, 0xc, 0xf9,
    0x0, 0x0, 0xf, 0xf5, 0x0, 0x0, 0x6f, 0xf0,
    0x0, 0x0, 0xdf, 0x90, 0x0, 0x9, 0xff, 0x20,
    0x1, 0xaf, 0xf6, 0x0, 0x2f, 0xff, 0x70, 0x0,
    0x2f, 0xc3, 0x0, 0x0, 0x1, 0x0, 0x0, 0x0,

    /* U+002A "*" */
    0x0, 0x0, 0xdd, 0x0, 0x0, 0x0, 0x0, 0xdd,
    0x0, 0x0, 0xa, 0x82, 0xcd, 0x27, 0xb0, 0x1f,
    0xff, 0xff, 0xff, 0xf1, 0x0, 0x4b, 0xff, 0xc5,
    0x0, 0x0, 0xd, 0xff, 0xe1, 0x0, 0x0, 0xaf,
    0x76, 0xfb, 0x0, 0x0, 0x9b, 0x0, 0xba, 0x0,
    0x0, 0x0, 0x0, 0x0, 0x0,

    /* U+002B "+" */
    0x0, 0xb, 0xf2, 0x0, 0x0, 0x0, 0xbf, 0x20,
    0x0, 0x0, 0xb, 0xf2, 0x0, 0xa, 0xff, 0xff,
    0xff, 0xf1, 0x9e, 0xef, 0xfe, 0xee, 0x10, 0x0,
    0xbf, 0x20, 0x0, 0x0, 0xb, 0xf2, 0x0, 0x0,
    0x0, 0xae, 0x20, 0x0,

    /* U+002C "," */
    0x3, 0x71, 0x1f, 0xfa, 0x1f, 0xfa, 0x3, 0xf4,
    0x8, 0xa0, 0x2e, 0x10,

    /* U+002D "-" */
    0x9e, 0xee, 0xee, 0xeb, 0xaf, 0xff, 0xff, 0xfc,

    /* U+002E "." */
    0x1c, 0xc1, 0x6f, 0xf6, 0x1d, 0xd2,

    /* U+002F "/" */
    0x0, 0x0, 0x0, 0x7, 0xfa, 0x0, 0x0, 0x0,
    0xd, 0xf5, 0x0, 0x0, 0x0, 0x2f, 0xf0, 0x0,
    0x0, 0x0, 0x8f, 0x90, 0x0, 0x0, 0x0, 0xdf,
    0x40, 0x0, 0x0, 0x3, 0xfe, 0x0, 0x0, 0x0,
    0x8, 0xf9, 0x0, 0x0, 0x0, 0xe, 0xf3, 0x0,
    0x0, 0x0, 0x3f, 0xe0, 0x0, 0x0, 0x0, 0x9f,
    0x80, 0x0, 0x0, 0x0, 0xef, 0x20, 0x0, 0x0,
    0x4, 0xfd, 0x0, 0x0, 0x0, 0xa, 0xf7, 0x0,
    0x0, 0x0, 0xf, 0xf2, 0x0, 0x0, 0x0, 0x5f,
    0xc0, 0x0, 0x0, 0x0, 0xaf, 0x70, 0x0, 0x0,
    0x0, 0xff, 0x10, 0x0, 0x0, 0x5, 0xfb, 0x0,
    0x0, 0x0, 0xb, 0xf6, 0x0, 0x0, 0x0, 0x1f,
    0xf1, 0x0, 0x0, 0x0,

    /* U+0030 "0" */
    0x0, 0x7, 0xdf, 0xeb, 0x40, 0x0, 0x0, 0xcf,
    0xff, 0xff, 0xf8, 0x0, 0xa, 0xff, 0x83, 0x4b,
    0xff, 0x50, 0x3f, 0xf6, 0x0, 0x0, 0xbf, 0xd0,
    0x9f, 0xd0, 0x0, 0x0, 0x3f, 0xf3, 0xcf, 0x90,
    0x0, 0x0, 0xe, 0xf7, 0xef, 0x70, 0x0, 0x0,
    0xc, 0xf9, 0xff, 0x60, 0x0, 0x0, 0xb, 0xfa,
    0xef, 0x70, 0x0, 0x0, 0xc, 0xf9, 0xcf, 0x90,
    0x0, 0x0, 0xe, 0xf7, 0x9f, 0xd0, 0x0, 0x0,
    0x3f, 0xf3, 0x3f, 0xf6, 0x0, 0x0, 0xbf, 0xd0,
    0xa, 0xff, 0x82, 0x3b, 0xff, 0x50, 0x0, 0xcf,
    0xff, 0xff, 0xf7, 0x0, 0x0, 0x7, 0xdf, 0xeb,
    0x40, 0x0,

    /* U+0031 "1" */
    0x0, 0x0, 0xce, 0x0, 0x4d, 0xfe, 0x2e, 0xff,
    0xfe, 0x2b, 0xbc, 0xfe, 0x0, 0x6, 0xfe, 0x0,
    0x6, 0xfe, 0x0, 0x6, 0xfe, 0x0, 0x6, 0xfe,
    0x0, 0x6, 0xfe, 0x0, 0x6, 0xfe, 0x0, 0x6,
    0xfe, 0x0, 0x6, 0xfe, 0x0, 0x6, 0xfe, 0x0,
    0x6, 0xfe, 0x0, 0x6, 0xfe,

    /* U+0032 "2" */
    0x0, 0x2a, 0xef, 0xea, 0x20, 0x0, 0x3f, 0xff,
    0xff, 0xff, 0x50, 0xe, 0xfd, 0x42, 0x5d, 0xff,
    0x14, 0xff, 0x10, 0x0, 0x2f, 0xf6, 0x8f, 0xb0,
    0x0, 0x0, 0xdf, 0x80, 0x0, 0x0, 0x0, 0xe,
    0xf7, 0x0, 0x0, 0x0, 0x5, 0xff, 0x20, 0x0,
    0x0, 0x2, 0xff, 0x80, 0x0, 0x0, 0x3, 0xef,
    0xa0, 0x0, 0x0, 0x4, 0xff, 0xa0, 0x0, 0x0,
    0x6, 0xff, 0x80, 0x0, 0x0, 0x7, 0xff, 0x70,
    0x0, 0x0, 0x9, 0xff, 0x72, 0x22, 0x22, 0x17,
    0xff, 0xff, 0xff, 0xff, 0xfd, 0x8f, 0xff, 0xff,
    0xff, 0xff, 0xd0,

    /* U+0033 "3" */
    0x0, 0x19, 0xdf, 0xeb, 0x40, 0x0, 0x3e, 0xff,
    0xff, 0xff, 0x80, 0xd, 0xfc, 0x30, 0x19, 0xff,
    0x33, 0xff, 0x10, 0x0, 0xd, 0xf8, 0x28, 0x60,
    0x0, 0x0, 0xcf, 0x70, 0x0, 0x0, 0x0, 0x6f,
    0xf2, 0x0, 0x1, 0xdd, 0xef, 0xe4, 0x0, 0x0,
    0x2f, 0xff, 0xfd, 0x40, 0x0, 0x0, 0x0, 0x17,
    0xff, 0x30, 0x0, 0x0, 0x0, 0xa, 0xfb, 0x7c,
    0x70, 0x0, 0x0, 0x7f, 0xd7, 0xfd, 0x0, 0x0,
    0xb, 0xfb, 0x1f, 0xfb, 0x30, 0x29, 0xff, 0x50,
    0x5f, 0xff, 0xff, 0xff, 0x90, 0x0, 0x3a, 0xef,
    0xeb, 0x40, 0x0,

    /* U+0034 "4" */
    0x0, 0x0, 0x0, 0xaf, 0xf9, 0x0, 0x0, 0x0,
    0x0, 0x5f, 0xff, 0x90, 0x0, 0x0, 0x0, 0x1e,
    0xff, 0xf9, 0x0, 0x0, 0x0, 0xa, 0xfb, 0xcf,
    0x90, 0x0, 0x0, 0x5, 0xff, 0x1c, 0xf9, 0x0,
    0x0, 0x1, 0xef, 0x50, 0xcf, 0x90, 0x0, 0x0,
    0xbf, 0xb0, 0xc, 0xf9, 0x0, 0x0, 0x6f, 0xe1,
    0x0, 0xcf, 0x90, 0x0, 0x1f, 0xf5, 0x0, 0xc,
    0xf9, 0x0, 0xb, 0xfb, 0x0, 0x0, 0xcf, 0x90,
    0x0, 0xff, 0xff, 0xff, 0xff, 0xff, 0xff, 0xf,
    0xff, 0xff, 0xff, 0xff, 0xff, 0xf0, 0x0, 0x0,
    0x0, 0xc, 0xf9, 0x0, 0x0, 0x0, 0x0, 0x0,
    0xcf, 0x90, 0x0, 0x0, 0x0, 0x0, 0xc, 0xf9,
    0x0, 0x0,

    /* U+0035 "5" */
    0x3, 0xff, 0xff, 0xff, 0xff, 0x0, 0x5, 0xff,
    0xff, 0xff, 0xff, 0x0, 0x8, 0xf7, 0x11, 0x11,
    0x11, 0x0, 0xa, 0xf4, 0x0, 0x0, 0x0, 0x0,
    0xc, 0xf2, 0x0, 0x0, 0x0, 0x0, 0xf, 0xf3,
    0xbf, 0xfc, 0x60, 0x0, 0x1f, 0xff, 0xff, 0xff,
    0xfa, 0x0, 0x3f, 0xfb, 0x20, 0x8, 0xff, 0x60,
    0x28, 0x80, 0x0, 0x0, 0xaf, 0xd0, 0x0, 0x0,
    0x0, 0x0, 0x4f, 0xf0, 0x58, 0x40, 0x0, 0x0,
    0x4f, 0xf0, 0x8f, 0xc0, 0x0, 0x0, 0xaf, 0xc0,
    0x2f, 0xfa, 0x20, 0x29, 0xff, 0x50, 0x5, 0xff,
    0xff, 0xff, 0xf9, 0x0, 0x0, 0x3a, 0xef, 0xeb,
    0x50, 0x0,

    /* U+0036 "6" */
    0x0, 0x0, 0x3a, 0xdf, 0xfd, 0x20, 0x0, 0xa,
    0xff, 0xff, 0xff, 0x30, 0x0, 0xaf, 0xfa, 0x53,
    0x34, 0x10, 0x5, 0xff, 0x50, 0x0, 0x0, 0x0,
    0xd, 0xf8, 0x0, 0x0, 0x0, 0x0, 0x3f, 0xf3,
    0x9e, 0xfd, 0x91, 0x0, 0x6f, 0xfd, 0xff, 0xff,
    0xfe, 0x10, 0x8f, 0xff, 0x60, 0x4, 0xef, 0xb0,
    0x9f, 0xf7, 0x0, 0x0, 0x4f, 0xf1, 0x8f, 0xf2,
    0x0, 0x0, 0xf, 0xf4, 0x5f, 0xf2, 0x0, 0x0,
    0xf, 0xf4, 0xf, 0xf7, 0x0, 0x0, 0x5f, 0xf1,
    0x8, 0xff, 0x71, 0x5, 0xef, 0xa0, 0x0, 0xbf,
    0xff, 0xff, 0xfd, 0x10, 0x0, 0x6, 0xcf, 0xfd,
    0x70, 0x0,

    /* U+0037 "7" */
    0xf, 0xff, 0xff, 0xff, 0xff, 0xf5, 0xf, 0xff,
    0xff, 0xff, 0xff, 0xf4, 0x1, 0x11, 0x11, 0x11,
    0xaf, 0xa0, 0x0, 0x0, 0x0, 0x5, 0xfd, 0x0,
    0x0, 0x0, 0x0, 0x1f, 0xf4, 0x0, 0x0, 0x0,
    0x0, 0xaf, 0xa0, 0x0, 0x0, 0x0, 0x3, 0xff,
    0x10, 0x0, 0x0, 0x0, 0xb, 0xf9, 0x0, 0x0,
    0x0, 0x0, 0x1f, 0xf3, 0x0, 0x0, 0x0, 0x0,
    0x7f, 0xd0, 0x0, 0x0, 0x0, 0x0, 0xcf, 0x80,
    0x0, 0x0, 0x0, 0x1, 0xff, 0x30, 0x0, 0x0,
    0x0, 0x4, 0xff, 0x0, 0x0, 0x0, 0x0, 0x6,
    0xfe, 0x0, 0x0, 0x0, 0x0, 0x8, 0xfc, 0x0,
    0x0, 0x0,

    /* U+0038 "8" */
    0x0, 0x3a, 0xef, 0xea, 0x30, 0x0, 0x7f, 0xff,
    0xef, 0xff, 0x50, 0x2f, 0xf8, 0x0, 0xa, 0xff,
    0x16, 0xfd, 0x0, 0x0, 0xf, 0xf4, 0x6f, 0xe0,
    0x0, 0x0, 0xff, 0x41, 0xef, 0xa2, 0x2, 0xbf,
    0xe0, 0x4, 0xef, 0xff, 0xff, 0xd2, 0x0, 0x2c,
    0xfe, 0xde, 0xfb, 0x10, 0x2f, 0xf6, 0x0, 0x7,
    0xfe, 0x1a, 0xf9, 0x0, 0x0, 0xb, 0xf8, 0xcf,
    0x60, 0x0, 0x0, 0x8f, 0xbb, 0xfa, 0x0, 0x0,
    0xc, 0xfa, 0x6f, 0xf7, 0x0, 0x19, 0xff, 0x40,
    0xaf, 0xff, 0xef, 0xff, 0x80, 0x0, 0x5b, 0xef,
    0xea, 0x40, 0x0,

    /* U+0039 "9" */
    0x0, 0x29, 0xef, 0xeb, 0x30, 0x0, 0x3, 0xff,
    0xff, 0xff, 0xf7, 0x0, 0xe, 0xfd, 0x30, 0x2a,
    0xff, 0x30, 0x5f, 0xf1, 0x0, 0x0, 0xbf, 0xb0,
    0x8f, 0xb0, 0x0, 0x0, 0x6f, 0xf1, 0x8f, 0xb0,
    0x0, 0x0, 0x6f, 0xf4, 0x5f, 0xf1, 0x0, 0x0,
    0xbf, 0xf5, 0xe, 0xfd, 0x30, 0x2a, 0xff, 0xf4,
    0x4, 0xff, 0xff, 0xff, 0xcf, 0xf2, 0x0, 0x2a,
    0xde, 0xc6, 0x6f, 0xe0, 0x0, 0x0, 0x0, 0x0,
    0xdf, 0x90, 0x0, 0x0, 0x0, 0x9, 0xff, 0x10,
    0x2, 0x42, 0x36, 0xcf, 0xf6, 0x0, 0x7, 0xff,
    0xff, 0xff, 0x60, 0x0, 0x5, 0xef, 0xfd, 0x82,
    0x0, 0x0,

    /* U+003A ":" */
    0x1d, 0xd2, 0x6f, 0xf6, 0x1c, 0xc1, 0x0, 0x0,
    0x0, 0x0, 0x0, 0x0, 0x0, 0x0, 0x0, 0x0,
    0x1c, 0xc1, 0x6f, 0xf6, 0x1d, 0xd2,

    /* U+003B ";" */
    0xc, 0xe3, 0x3f, 0xf8, 0xb, 0xd2, 0x0, 0x0,
    0x0, 0x0, 0x0, 0x0, 0x0, 0x0, 0x0, 0x0,
    0x9, 0xc4, 0x2f, 0xfb, 0xb, 0xf8, 0x3, 0xe1,
    0xc, 0x50, 0x15, 0x0,

    /* U+003C "<" */
    0x0, 0x0, 0x0, 0x0, 0x20, 0x0, 0x0, 0x5,
    0xdb, 0x0, 0x0, 0x6d, 0xff, 0x80, 0x7, 0xef,
    0xfa, 0x20, 0x4e, 0xff, 0x81, 0x0, 0x6, 0xff,
    0xc4, 0x0, 0x0, 0x4, 0xcf, 0xfc, 0x50, 0x0,
    0x0, 0x3b, 0xff, 0xe5, 0x0, 0x0, 0x2, 0xaf,
    0xb0, 0x0, 0x0, 0x0, 0x25,

    /* U+003D "=" */
    0xaf, 0xff, 0xff, 0xff, 0xff, 0x5a, 0xff, 0xff,
    0xff, 0xff, 0xf5, 0x0, 0x0, 0x0, 0x0, 0x0,
    0x0, 0x0, 0x0, 0x0, 0x0, 0x0, 0x0, 0x0,
    0x0, 0x0, 0x0, 0xa, 0xff, 0xff, 0xff, 0xff,
    0xf5, 0xaf, 0xff, 0xff, 0xff, 0xff, 0x50,

    /* U+003E ">" */
    0x20, 0x0, 0x0, 0x0, 0x7, 0xe7, 0x0, 0x0,
    0x0, 0x5f, 0xff, 0x81, 0x0, 0x0, 0x18, 0xef,
    0xf9, 0x10, 0x0, 0x0, 0x6d, 0xff, 0x70, 0x0,
    0x2, 0x9f, 0xfa, 0x0, 0x3b, 0xff, 0xd6, 0x3,
    0xcf, 0xfd, 0x50, 0x0, 0x7f, 0xc4, 0x0, 0x0,
    0x3, 0x30, 0x0, 0x0, 0x0,

    /* U+003F "?" */
    0x0, 0x6c, 0xff, 0xc6, 0x0, 0xb, 0xff, 0xff,
    0xff, 0xa0, 0x7f, 0xf7, 0x22, 0x9f, 0xf5, 0xdf,
    0x80, 0x0, 0xc, 0xfa, 0xbc, 0x30, 0x0, 0x9,
    0xfb, 0x0, 0x0, 0x0, 0x1e, 0xf8, 0x0, 0x0,
    0x1, 0xdf, 0xd0, 0x0, 0x0, 0x2e, 0xfd, 0x20,
    0x0, 0x0, 0xdf, 0xc1, 0x0, 0x0, 0x5, 0xff,
    0x10, 0x0, 0x0, 0x5, 0xdb, 0x0, 0x0, 0x0,
    0x0, 0x0, 0x0, 0x0, 0x0, 0x2, 0xb7, 0x0,
    0x0, 0x0, 0x9, 0xff, 0x0, 0x0, 0x0, 0x4,
    0xea, 0x0, 0x0,

    /* U+0040 "@" */
    0x0, 0x0, 0x5, 0xad, 0xef, 0xeb, 0x71, 0x0,
    0x0, 0x0, 0x0, 0x3d, 0xff, 0xfe, 0xdf, 0xff,
    0xf7, 0x0, 0x0, 0x0, 0x5f, 0xfc, 0x40, 0x0,
    0x2, 0x8f, 0xfb, 0x0, 0x0, 0x3f, 0xf7, 0x0,
    0x0, 0x0, 0x0, 0x2d, 0xfa, 0x0, 0xd, 0xf7,
    0x0, 0x7e, 0xfc, 0x3f, 0xf1, 0x1e, 0xf4, 0x4,
    0xfd, 0x0, 0x8f, 0xfd, 0xee, 0xff, 0x10, 0x5f,
    0xb0, 0xaf, 0x60, 0x1f, 0xf6, 0x0, 0xcf, 0xf1,
    0x0, 0xff, 0xd, 0xf2, 0x5, 0xfd, 0x0, 0x3,
    0xff, 0x10, 0xd, 0xf1, 0xff, 0x0, 0x6f, 0xb0,
    0x0, 0x1f, 0xf1, 0x0, 0xcf, 0x2f, 0xf0, 0x5,
    0xfd, 0x0, 0x3, 0xff, 0x30, 0xe, 0xf1, 0xdf,
    0x20, 0x1f, 0xf5, 0x0, 0xbf, 0xf9, 0x4, 0xfc,
    0xa, 0xf7, 0x0, 0x8f, 0xfc, 0xef, 0x7f, 0xfc,
    0xff, 0x40, 0x4f, 0xe0, 0x0, 0x7e, 0xfc, 0x40,
    0x5d, 0xfd, 0x50, 0x0, 0xcf, 0x90, 0x0, 0x0,
    0x0, 0x0, 0x0, 0x0, 0x0, 0x2, 0xff, 0x90,
    0x0, 0x0, 0x0, 0x0, 0x0, 0x0, 0x0, 0x4,
    0xff, 0xe7, 0x31, 0x1, 0x38, 0xd4, 0x0, 0x0,
    0x0, 0x2, 0xbf, 0xff, 0xff, 0xff, 0xff, 0x70,
    0x0, 0x0, 0x0, 0x0, 0x37, 0xbc, 0xdc, 0xa7,
    0x20, 0x0, 0x0,

    /* U+0041 "A" */
    0x0, 0x0, 0x3, 0xff, 0xf2, 0x0, 0x0, 0x0,
    0x0, 0x0, 0x9f, 0xff, 0x70, 0x0, 0x0, 0x0,
    0x0, 0xe, 0xff, 0xfd, 0x0, 0x0, 0x0, 0x0,
    0x4, 0xff, 0x6f, 0xf2, 0x0, 0x0, 0x0, 0x0,
    0x9f, 0xd0, 0xef, 0x80, 0x0, 0x0, 0x0, 0xe,
    0xf8, 0x9, 0xfd, 0x0, 0x0, 0x0, 0x4, 0xff,
    0x30, 0x4f, 0xf3, 0x0, 0x0, 0x0, 0xaf, 0xd0,
    0x0, 0xef, 0x80, 0x0, 0x0, 0xf, 0xf8, 0x0,
    0x9, 0xfe, 0x0, 0x0, 0x5, 0xff, 0x52, 0x22,
    0x6f, 0xf3, 0x0, 0x0, 0xaf, 0xff, 0xff, 0xff,
    0xff, 0x90, 0x0, 0xf, 0xff, 0xff, 0xff, 0xff,
    0xfe, 0x0, 0x5, 0xff, 0x30, 0x0, 0x0, 0x4f,
    0xf4, 0x0, 0xbf, 0xd0, 0x0, 0x0, 0x0, 0xef,
    0x90, 0xf, 0xf7, 0x0, 0x0, 0x0, 0x8, 0xff,
    0x0,

    /* U+0042 "B" */
    0x7f, 0xff, 0xff, 0xfe, 0xa3, 0x0, 0x7f, 0xff,
    0xff, 0xff, 0xff, 0x40, 0x7f, 0xd0, 0x0, 0x4,
    0xdf, 0xd0, 0x7f, 0xd0, 0x0, 0x0, 0x5f, 0xf0,
    0x7f, 0xd0, 0x0, 0x0, 0x4f, 0xf0, 0x7f, 0xd0,
    0x0, 0x1, 0xcf, 0x80, 0x7f, 0xfe, 0xee, 0xef,
    0xf8, 0x0, 0x7f, 0xff, 0xff, 0xff, 0xfd, 0x30,
    0x7f, 0xd0, 0x0, 0x2, 0xaf, 0xe1, 0x7f, 0xd0,
    0x0, 0x0, 0xd, 0xf8, 0x7f, 0xd0, 0x0, 0x0,
    0xa, 0xfa, 0x7f, 0xd0, 0x0, 0x0, 0xd, 0xf9,
    0x7f, 0xd0, 0x0, 0x2, 0xaf, 0xf4, 0x7f, 0xff,
    0xff, 0xff, 0xff, 0x90, 0x7f, 0xff, 0xff, 0xfe,
    0xc5, 0x0,

    /* U+0043 "C" */
    0x0, 0x1, 0x8d, 0xff, 0xea, 0x30, 0x0, 0x0,
    0x5f, 0xff, 0xff, 0xff, 0xf8, 0x0, 0x4, 0xff,
    0xe7, 0x33, 0x5c, 0xff, 0x60, 0xe, 0xfd, 0x10,
    0x0, 0x0, 0xaf, 0xe0, 0x6f, 0xf2, 0x0, 0x0,
    0x0, 0xf, 0xf5, 0xbf, 0xb0, 0x0, 0x0, 0x0,
    0x2, 0x21, 0xef, 0x70, 0x0, 0x0, 0x0, 0x0,
    0x0, 0xff, 0x60, 0x0, 0x0, 0x0, 0x0, 0x0,
    0xef, 0x70, 0x0, 0x0, 0x0, 0x0, 0x0, 0xbf,
    0xb0, 0x0, 0x0, 0x0, 0x2, 0x21, 0x6f, 0xf2,
    0x0, 0x0, 0x0, 0x1f, 0xf5, 0xe, 0xfd, 0x10,
    0x0, 0x0, 0xaf, 0xe0, 0x4, 0xff, 0xe7, 0x33,
    0x5c, 0xff, 0x60, 0x0, 0x5f, 0xff, 0xff, 0xff,
    0xf8, 0x0, 0x0, 0x1, 0x8d, 0xff, 0xea, 0x30,
    0x0,

    /* U+0044 "D" */
    0x7f, 0xff, 0xff, 0xeb, 0x60, 0x0, 0x7, 0xff,
    0xff, 0xff, 0xff, 0xd2, 0x0, 0x7f, 0xd1, 0x11,
    0x38, 0xff, 0xe1, 0x7, 0xfd, 0x0, 0x0, 0x3,
    0xff, 0xa0, 0x7f, 0xd0, 0x0, 0x0, 0x6, 0xff,
    0x27, 0xfd, 0x0, 0x0, 0x0, 0xf, 0xf7, 0x7f,
    0xd0, 0x0, 0x0, 0x0, 0xbf, 0xa7, 0xfd, 0x0,
    0x0, 0x0, 0xa, 0xfb, 0x7f, 0xd0, 0x0, 0x0,
    0x0, 0xbf, 0xa7, 0xfd, 0x0, 0x0, 0x0, 0xf,
    0xf7, 0x7f, 0xd0, 0x0, 0x0, 0x6, 0xff, 0x27,
    0xfd, 0x0, 0x0, 0x3, 0xff, 0xa0, 0x7f, 0xd1,
    0x11, 0x38, 0xff, 0xe1, 0x7, 0xff, 0xff, 0xff,
    0xff, 0xd2, 0x0, 0x7f, 0xff, 0xff, 0xec, 0x60,
    0x0, 0x0,

    /* U+0045 "E" */
    0x7f, 0xff, 0xff, 0xff, 0xff, 0x37, 0xff, 0xff,
    0xff, 0xff, 0xf3, 0x7f, 0xd1, 0x11, 0x11, 0x11,
    0x7, 0xfd, 0x0, 0x0, 0x0, 0x0, 0x7f, 0xd0,
    0x0, 0x0, 0x0, 0x7, 0xfd, 0x0, 0x0, 0x0,
    0x0, 0x7f, 0xff, 0xff, 0xff, 0xf4, 0x7, 0xff,
    0xff, 0xff, 0xff, 0x40, 0x7f, 0xd1, 0x11, 0x11,
    0x10, 0x7, 0xfd, 0x0, 0x0, 0x0, 0x0, 0x7f,
    0xd0, 0x0, 0x0, 0x0, 0x7, 0xfd, 0x0, 0x0,
    0x0, 0x0, 0x7f, 0xd1, 0x11, 0x11, 0x11, 0x7,
    0xff, 0xff, 0xff, 0xff, 0xf4, 0x7f, 0xff, 0xff,
    0xff, 0xff, 0x40,

    /* U+0046 "F" */
    0x7f, 0xff, 0xff, 0xff, 0xff, 0x77, 0xff, 0xff,
    0xff, 0xff, 0xf7, 0x7f, 0xd1, 0x11, 0x11, 0x11,
    0x7, 0xfd, 0x0, 0x0, 0x0, 0x0, 0x7f, 0xd0,
    0x0, 0x0, 0x0, 0x7, 0xfd, 0x0, 0x0, 0x0,
    0x0, 0x7f, 0xd1, 0x11, 0x11, 0x10, 0x7, 0xff,
    0xff, 0xff, 0xff, 0x90, 0x7f, 0xff, 0xff, 0xff,
    0xf9, 0x7, 0xfd, 0x0, 0x0, 0x0, 0x0, 0x7f,
    0xd0, 0x0, 0x0, 0x0, 0x7, 0xfd, 0x0, 0x0,
    0x0, 0x0, 0x7f, 0xd0, 0x0, 0x0, 0x0, 0x7,
    0xfd, 0x0, 0x0, 0x0, 0x0, 0x7f, 0xd0, 0x0,
    0x0, 0x0, 0x0,

    /* U+0047 "G" */
    0x0, 0x1, 0x7c, 0xef, 0xeb, 0x40, 0x0, 0x0,
    0x5e, 0xff, 0xff, 0xff, 0xfa, 0x0, 0x4, 0xff,
    0xe7, 0x32, 0x4a, 0xff, 0x90, 0xe, 0xfd, 0x10,
    0x0, 0x0, 0x7f, 0xf2, 0x6f, 0xf2, 0x0, 0x0,
    0x0, 0xd, 0xe6, 0xbf, 0xb0, 0x0, 0x0, 0x0,
    0x0, 0x0, 0xef, 0x70, 0x0, 0x0, 0x0, 0x0,
    0x0, 0xff, 0x60, 0x0, 0xb, 0xff, 0xff, 0xfc,
    0xef, 0x70, 0x0, 0xa, 0xee, 0xef, 0xfb, 0xbf,
    0xb0, 0x0, 0x0, 0x0, 0x9, 0xfa, 0x7f, 0xf2,
    0x0, 0x0, 0x0, 0xd, 0xf6, 0x1e, 0xfd, 0x10,
    0x0, 0x0, 0x7f, 0xf1, 0x5, 0xff, 0xe7, 0x32,
    0x4a, 0xff, 0x70, 0x0, 0x5f, 0xff, 0xff, 0xff,
    0xf8, 0x0, 0x0, 0x1, 0x8d, 0xef, 0xd9, 0x30,
    0x0,

    /* U+0048 "H" */
    0x7f, 0xd0, 0x0, 0x0, 0x8, 0xfd, 0x7f, 0xd0,
    0x0, 0x0, 0x8, 0xfd, 0x7f, 0xd0, 0x0, 0x0,
    0x8, 0xfd, 0x7f, 0xd0, 0x0, 0x0, 0x8, 0xfd,
    0x7f, 0xd0, 0x0, 0x0, 0x8, 0xfd, 0x7f, 0xd0,
    0x0, 0x0, 0x8, 0xfd, 0x7f, 0xff, 0xff, 0xff,
    0xff, 0xfd, 0x7f, 0xff, 0xff, 0xff, 0xff, 0xfd,
    0x7f, 0xd1, 0x11, 0x11, 0x19, 0xfd, 0x7f, 0xd0,
    0x0, 0x0, 0x8, 0xfd, 0x7f, 0xd0, 0x0, 0x0,
    0x8, 0xfd, 0x7f, 0xd0, 0x0, 0x0, 0x8, 0xfd,
    0x7f, 0xd0, 0x0, 0x0, 0x8, 0xfd, 0x7f, 0xd0,
    0x0, 0x0, 0x8, 0xfd, 0x7f, 0xd0, 0x0, 0x0,
    0x8, 0xfd,

    /* U+0049 "I" */
    0x7f, 0xd7, 0xfd, 0x7f, 0xd7, 0xfd, 0x7f, 0xd7,
    0xfd, 0x7f, 0xd7, 0xfd, 0x7f, 0xd7, 0xfd, 0x7f,
    0xd7, 0xfd, 0x7f, 0xd7, 0xfd, 0x7f, 0xd0,

    /* U+004A "J" */
    0x0, 0x0, 0x6, 0xff, 0x0, 0x0, 0x6, 0xff,
    0x0, 0x0, 0x6, 0xff, 0x0, 0x0, 0x6, 0xff,
    0x0, 0x0, 0x6, 0xff, 0x0, 0x0, 0x6, 0xff,
    0x0, 0x0, 0x6, 0xff, 0x0, 0x0, 0x6, 0xff,
    0x0, 0x0, 0x6, 0xff, 0x0, 0x0, 0x6, 0xff,
    0x0, 0x0, 0x7, 0xfd, 0x0, 0x0, 0xc, 0xfb,
    0x2, 0x24, 0xbf, 0xf5, 0x3f, 0xff, 0xff, 0x90,
    0x2e, 0xfe, 0xc5, 0x0,

    /* U+004B "K" */
    0x7f, 0xd0, 0x0, 0x0, 0x9f, 0xf6, 0x7, 0xfd,
    0x0, 0x0, 0x7f, 0xf7, 0x0, 0x7f, 0xd0, 0x0,
    0x6f, 0xf8, 0x0, 0x7, 0xfd, 0x0, 0x4f, 0xfa,
    0x0, 0x0, 0x7f, 0xd0, 0x3f, 0xfb, 0x0, 0x0,
    0x7, 0xfd, 0x2e, 0xfc, 0x0, 0x0, 0x0, 0x7f,
    0xee, 0xfc, 0x0, 0x0, 0x0, 0x7, 0xff, 0xff,
    0x70, 0x0, 0x0, 0x0, 0x7f, 0xda, 0xff, 0x50,
    0x0, 0x0, 0x7, 0xfd, 0xc, 0xff, 0x40, 0x0,
    0x0, 0x7f, 0xd0, 0x1d, 0xff, 0x20, 0x0, 0x7,
    0xfd, 0x0, 0x2e, 0xfe, 0x10, 0x0, 0x7f, 0xd0,
    0x0, 0x3f, 0xfd, 0x10, 0x7, 0xfd, 0x0, 0x0,
    0x4f, 0xfc, 0x0, 0x7f, 0xd0, 0x0, 0x0, 0x6f,
    0xfa, 0x0,

    /* U+004C "L" */
    0x7f, 0xd0, 0x0, 0x0, 0x0, 0x7, 0xfd, 0x0,
    0x0, 0x0, 0x0, 0x7f, 0xd0, 0x0, 0x0, 0x0,
    0x7, 0xfd, 0x0, 0x0, 0x0, 0x0, 0x7f, 0xd0,
    0x0, 0x0, 0x0, 0x7, 0xfd, 0x0, 0x0, 0x0,
    0x0, 0x7f, 0xd0, 0x0, 0x0, 0x0, 0x7, 0xfd,
    0x0, 0x0, 0x0, 0x0, 0x7f, 0xd0, 0x0, 0x0,
    0x0, 0x7, 0xfd, 0x0, 0x0, 0x0, 0x0, 0x7f,
    0xd0, 0x0, 0x0, 0x0, 0x7, 0xfd, 0x0, 0x0,
    0x0, 0x0, 0x7f, 0xd1, 0x11, 0x11, 0x11, 0x7,
    0xff, 0xff, 0xff, 0xff, 0xf5, 0x7f, 0xff, 0xff,
    0xff, 0xff, 0x50,

    /* U+004D "M" */
    0x7f, 0xfd, 0x0, 0x0, 0x0, 0x8, 0xff, 0xc7,
    0xff, 0xf5, 0x0, 0x0, 0x0, 0xff, 0xfc, 0x7f,
    0xff, 0xc0, 0x0, 0x0, 0x7f, 0xff, 0xc7, 0xff,
    0xff, 0x40, 0x0, 0xe, 0xff, 0xfc, 0x7f, 0xdb,
    0xfb, 0x0, 0x6, 0xff, 0x9f, 0xc7, 0xfd, 0x3f,
    0xf3, 0x0, 0xef, 0x88, 0xfc, 0x7f, 0xd0, 0xbf,
    0xa0, 0x6f, 0xf1, 0x8f, 0xc7, 0xfd, 0x4, 0xff,
    0x2d, 0xf8, 0x8, 0xfc, 0x7f, 0xd0, 0xc, 0xfd,
    0xff, 0x10, 0x8f, 0xc7, 0xfd, 0x0, 0x4f, 0xff,
    0x90, 0x8, 0xfc, 0x7f, 0xd0, 0x0, 0xcf, 0xf1,
    0x0, 0x8f, 0xc7, 0xfd, 0x0, 0x2, 0x43, 0x0,
    0x8, 0xfc, 0x7f, 0xd0, 0x0, 0x0, 0x0, 0x0,
    0x8f, 0xc7, 0xfd, 0x0, 0x0, 0x0, 0x0, 0x8,
    0xfc, 0x7f, 0xd0, 0x0, 0x0, 0x0, 0x0, 0x8f,
    0xc0,

    /* U+004E "N" */
    0x7f, 0xe1, 0x0, 0x0, 0x1, 0xff, 0x37, 0xff,
    0xa0, 0x0, 0x0, 0x1f, 0xf3, 0x7f, 0xff, 0x50,
    0x0, 0x1, 0xff, 0x37, 0xff, 0xfe, 0x10, 0x0,
    0x1f, 0xf3, 0x7f, 0xee, 0xfa, 0x0, 0x1, 0xff,
    0x37, 0xfd, 0x5f, 0xf5, 0x0, 0x1f, 0xf3, 0x7f,
    0xd0, 0xaf, 0xe1, 0x1, 0xff, 0x37, 0xfd, 0x1,
    0xef, 0xb0, 0x1f, 0xf3, 0x7f, 0xd0, 0x5, 0xff,
    0x51, 0xff, 0x37, 0xfd, 0x0, 0xa, 0xfe, 0x3f,
    0xf3, 0x7f, 0xd0, 0x0, 0x1e, 0xfc, 0xff, 0x37,
    0xfd, 0x0, 0x0, 0x4f, 0xff, 0xf3, 0x7f, 0xd0,
    0x0, 0x0, 0x9f, 0xff, 0x37, 0xfd, 0x0, 0x0,
    0x0, 0xdf, 0xf3, 0x7f, 0xd0, 0x0, 0x0, 0x4,
    0xff, 0x30,

    /* U+004F "O" */
    0x0, 0x1, 0x7c, 0xef, 0xea, 0x40, 0x0, 0x0,
    0x4, 0xef, 0xff, 0xff, 0xff, 0xb0, 0x0, 0x4,
    0xff, 0xe8, 0x43, 0x5b, 0xff, 0xc0, 0x0, 0xef,
    0xd1, 0x0, 0x0, 0x6, 0xff, 0x70, 0x6f, 0xf3,
    0x0, 0x0, 0x0, 0xa, 0xfe, 0xb, 0xfc, 0x0,
    0x0, 0x0, 0x0, 0x3f, 0xf4, 0xef, 0x80, 0x0,
    0x0, 0x0, 0x0, 0xff, 0x7f, 0xf6, 0x0, 0x0,
    0x0, 0x0, 0xe, 0xf8, 0xef, 0x80, 0x0, 0x0,
    0x0, 0x0, 0xff, 0x7b, 0xfc, 0x0, 0x0, 0x0,
    0x0, 0x3f, 0xf4, 0x6f, 0xf3, 0x0, 0x0, 0x0,
    0xb, 0xfe, 0x0, 0xef, 0xd2, 0x0, 0x0, 0x7,
    0xff, 0x70, 0x4, 0xff, 0xe8, 0x43, 0x5b, 0xff,
    0xc0, 0x0, 0x4, 0xef, 0xff, 0xff, 0xff, 0xb0,
    0x0, 0x0, 0x1, 0x7c, 0xef, 0xea, 0x40, 0x0,
    0x0,

    /* U+0050 "P" */
    0x7f, 0xff, 0xff, 0xfd, 0x70, 0x0, 0x7f, 0xff,
    0xff, 0xff, 0xfc, 0x0, 0x7f, 0xd1, 0x11, 0x27,
    0xff, 0x90, 0x7f, 0xd0, 0x0, 0x0, 0x7f, 0xf1,
    0x7f, 0xd0, 0x0, 0x0, 0x1f, 0xf3, 0x7f, 0xd0,
    0x0, 0x0, 0x1f, 0xf3, 0x7f, 0xd0, 0x0, 0x0,
    0x7f, 0xf1, 0x7f, 0xd1, 0x11, 0x27, 0xff, 0x90,
    0x7f, 0xff, 0xff, 0xff, 0xfc, 0x0, 0x7f, 0xff,
    0xff, 0xfd, 0x70, 0x0, 0x7f, 0xd0, 0x0, 0x0,
    0x0, 0x0, 0x7f, 0xd0, 0x0, 0x0, 0x0, 0x0,
    0x7f, 0xd0, 0x0, 0x0, 0x0, 0x0, 0x7f, 0xd0,
    0x0, 0x0, 0x0, 0x0, 0x7f, 0xd0, 0x0, 0x0,
    0x0, 0x0,

    /* U+0051 "Q" */
    0x0, 0x1, 0x7c, 0xef, 0xea, 0x40, 0x0, 0x0,
    0x4, 0xef, 0xff, 0xff, 0xff, 0xb0, 0x0, 0x4,
    0xff, 0xe8, 0x43, 0x5b, 0xff, 0xc0, 0x0, 0xef,
    0xd1, 0x0, 0x0, 0x6, 0xff, 0x70, 0x6f, 0xf3,
    0x0, 0x0, 0x0, 0xa, 0xfe, 0xb, 0xfc, 0x0,
    0x0, 0x0, 0x0, 0x3f, 0xf4, 0xef, 0x80, 0x0,
    0x0, 0x0, 0x0, 0xff, 0x7f, 0xf6, 0x0, 0x0,
    0x0, 0x0, 0xe, 0xf8, 0xef, 0x80, 0x0, 0x0,
    0x20, 0x0, 0xff, 0x7b, 0xfc, 0x0, 0x0, 0x4f,
    0xb0, 0x3f, 0xf4, 0x6f, 0xf3, 0x0, 0x2, 0xef,
    0xbb, 0xfe, 0x0, 0xef, 0xd2, 0x0, 0x2, 0xef,
    0xff, 0x70, 0x4, 0xff, 0xe8, 0x43, 0x5c, 0xff,
    0xe0, 0x0, 0x4, 0xef, 0xff, 0xff, 0xff, 0xff,
    0x90, 0x0, 0x1, 0x7c, 0xef, 0xea, 0x34, 0xff,
    0x70,

    /* U+0052 "R" */
    0x7f, 0xff, 0xff, 0xfc, 0x60, 0x0, 0x7f, 0xff,
    0xff, 0xff, 0xfb, 0x0, 0x7f, 0xd1, 0x11, 0x29,
    0xff, 0x60, 0x7f, 0xd0, 0x0, 0x0, 0xcf, 0xc0,
    0x7f, 0xd0, 0x0, 0x0, 0x8f, 0xd0, 0x7f, 0xd0,
    0x0, 0x0, 0xbf, 0xc0, 0x7f, 0xd0, 0x0, 0x17,
    0xff, 0x60, 0x7f, 0xff, 0xff, 0xff, 0xfb, 0x0,
    0x7f, 0xff, 0xff, 0xff, 0x60, 0x0, 0x7f, 0xd0,
    0x5, 0xff, 0x30, 0x0, 0x7f, 0xd0, 0x0, 0xcf,
    0xc0, 0x0, 0x7f, 0xd0, 0x0, 0x3f, 0xf5, 0x0,
    0x7f, 0xd0, 0x0, 0xa, 0xfe, 0x0, 0x7f, 0xd0,
    0x0, 0x2, 0xff, 0x80, 0x7f, 0xd0, 0x0, 0x0,
    0x8f, 0xf1,

    /* U+0053 "S" */
    0x0, 0x5, 0xbe, 0xfe, 0xa2, 0x0, 0x0, 0x9,
    0xff, 0xff, 0xff, 0xf4, 0x0, 0x4, 0xff, 0x92,
    0x13, 0xcf, 0xe1, 0x0, 0x9f, 0xc0, 0x0, 0x1,
    0xef, 0x60, 0x9, 0xfb, 0x0, 0x0, 0x2, 0x31,
    0x0, 0x6f, 0xf9, 0x20, 0x0, 0x0, 0x0, 0x0,
    0xbf, 0xff, 0xea, 0x61, 0x0, 0x0, 0x0, 0x6c,
    0xff, 0xff, 0xf6, 0x0, 0x0, 0x0, 0x1, 0x59,
    0xef, 0xf6, 0x0, 0x0, 0x0, 0x0, 0x0, 0xbf,
    0xe0, 0xa, 0xa4, 0x0, 0x0, 0x5, 0xff, 0x0,
    0xbf, 0xd0, 0x0, 0x0, 0x8f, 0xe0, 0x3, 0xff,
    0xc4, 0x12, 0x8f, 0xf8, 0x0, 0x7, 0xff, 0xff,
    0xff, 0xfc, 0x0, 0x0, 0x3, 0xae, 0xfe, 0xc6,
    0x0, 0x0,

    /* U+0054 "T" */
    0x2f, 0xff, 0xff, 0xff, 0xff, 0xff, 0x62, 0xff,
    0xff, 0xff, 0xff, 0xff, 0xf6, 0x1, 0x11, 0x19,
    0xfc, 0x11, 0x11, 0x0, 0x0, 0x0, 0x8f, 0xc0,
    0x0, 0x0, 0x0, 0x0, 0x8, 0xfc, 0x0, 0x0,
    0x0, 0x0, 0x0, 0x8f, 0xc0, 0x0, 0x0, 0x0,
    0x0, 0x8, 0xfc, 0x0, 0x0, 0x0, 0x0, 0x0,
    0x8f, 0xc0, 0x0, 0x0, 0x0, 0x0, 0x8, 0xfc,
    0x0, 0x0, 0x0, 0x0, 0x0, 0x8f, 0xc0, 0x0,
    0x0, 0x0, 0x0, 0x8, 0xfc, 0x0, 0x0, 0x0,
    0x0, 0x0, 0x8f, 0xc0, 0x0, 0x0, 0x0, 0x0,
    0x8, 0xfc, 0x0, 0x0, 0x0, 0x0, 0x0, 0x8f,
    0xc0, 0x0, 0x0, 0x0, 0x0, 0x8, 0xfc, 0x0,
    0x0, 0x0,

    /* U+0055 "U" */
    0x7f, 0xd0, 0x0, 0x0, 0x4, 0xff, 0x17, 0xfd,
    0x0, 0x0, 0x0, 0x4f, 0xf1, 0x7f, 0xd0, 0x0,
    0x0, 0x4, 0xff, 0x17, 0xfd, 0x0, 0x0, 0x0,
    0x4f, 0xf1, 0x7f, 0xd0, 0x0, 0x0, 0x4, 0xff,
    0x17, 0xfd, 0x0, 0x0, 0x0, 0x4f, 0xf1, 0x7f,
    0xd0, 0x0, 0x0, 0x4, 0xff, 0x17, 0xfd, 0x0,
    0x0, 0x0, 0x4f, 0xf1, 0x7f, 0xd0, 0x0, 0x0,
    0x4, 0xff, 0x17, 0xfe, 0x0, 0x0, 0x0, 0x5f,
    0xf0, 0x5f, 0xf1, 0x0, 0x0, 0x7, 0xff, 0x2,
    0xff, 0x80, 0x0, 0x1, 0xef, 0xb0, 0xa, 0xff,
    0xa5, 0x47, 0xef, 0xf4, 0x0, 0x1c, 0xff, 0xff,
    0xff, 0xf7, 0x0, 0x0, 0x6, 0xce, 0xfe, 0xa3,
    0x0, 0x0,

    /* U+0056 "V" */
    0x5f, 0xf2, 0x0, 0x0, 0x0, 0xc, 0xfa, 0xf,
    0xf7, 0x0, 0x0, 0x0, 0x1f, 0xf5, 0xa, 0xfd,
    0x0, 0x0, 0x0, 0x7f, 0xf0, 0x4, 0xff, 0x20,
    0x0, 0x0, 0xcf, 0xa0, 0x0, 0xef, 0x80, 0x0,
    0x1, 0xff, 0x40, 0x0, 0x9f, 0xd0, 0x0, 0x7,
    0xfe, 0x0, 0x0, 0x3f, 0xf2, 0x0, 0xc, 0xf9,
    0x0, 0x0, 0xe, 0xf8, 0x0, 0x2f, 0xf4, 0x0,
    0x0, 0x8, 0xfd, 0x0, 0x7f, 0xe0, 0x0, 0x0,
    0x3, 0xff, 0x30, 0xcf, 0x90, 0x0, 0x0, 0x0,
    0xdf, 0x82, 0xff, 0x30, 0x0, 0x0, 0x0, 0x8f,
    0xd7, 0xfe, 0x0, 0x0, 0x0, 0x0, 0x2f, 0xfe,
    0xf8, 0x0, 0x0, 0x0, 0x0, 0xd, 0xff, 0xf3,
    0x0, 0x0, 0x0, 0x0, 0x7, 0xff, 0xd0, 0x0,
    0x0,

    /* U+0057 "W" */
    0x2f, 0xf3, 0x0, 0x0, 0x1f, 0xf8, 0x0, 0x0,
    0xc, 0xf9, 0xe, 0xf7, 0x0, 0x0, 0x5f, 0xfc,
    0x0, 0x0, 0xf, 0xf5, 0xa, 0xfb, 0x0, 0x0,
    0x9f, 0xff, 0x10, 0x0, 0x4f, 0xf1, 0x6, 0xff,
    0x0, 0x0, 0xdf, 0xff, 0x50, 0x0, 0x8f, 0xd0,
    0x1, 0xff, 0x30, 0x1, 0xff, 0xcf, 0x90, 0x0,
    0xcf, 0x80, 0x0, 0xdf, 0x70, 0x6, 0xfd, 0x6f,
    0xd0, 0x0, 0xff, 0x40, 0x0, 0x9f, 0xb0, 0xa,
    0xf9, 0x2f, 0xf1, 0x4, 0xff, 0x0, 0x0, 0x5f,
    0xf0, 0xe, 0xf5, 0xe, 0xf5, 0x8, 0xfc, 0x0,
    0x0, 0x1f, 0xf3, 0x2f, 0xf1, 0xa, 0xfa, 0xc,
    0xf8, 0x0, 0x0, 0xd, 0xf7, 0x6f, 0xd0, 0x6,
    0xfe, 0xf, 0xf4, 0x0, 0x0, 0x9, 0xfb, 0xbf,
    0x80, 0x1, 0xff, 0x6f, 0xf0, 0x0, 0x0, 0x5,
    0xff, 0xff, 0x40, 0x0, 0xdf, 0xef, 0xc0, 0x0,
    0x0, 0x1, 0xff, 0xff, 0x0, 0x0, 0x9f, 0xff,
    0x80, 0x0, 0x0, 0x0, 0xcf, 0xfc, 0x0, 0x0,
    0x5f, 0xff, 0x30, 0x0, 0x0, 0x0, 0x8f, 0xf8,
    0x0, 0x0, 0x1f, 0xff, 0x0, 0x0,

    /* U+0058 "X" */
    0xaf, 0xf2, 0x0, 0x0, 0x6, 0xff, 0x51, 0xef,
    0xc0, 0x0, 0x1, 0xff, 0xb0, 0x5, 0xff, 0x50,
    0x0, 0xaf, 0xf1, 0x0, 0xb, 0xfe, 0x10, 0x4f,
    0xf7, 0x0, 0x0, 0x2f, 0xf9, 0xd, 0xfc, 0x0,
    0x0, 0x0, 0x7f, 0xfa, 0xff, 0x30, 0x0, 0x0,
    0x0, 0xdf, 0xff, 0x80, 0x0, 0x0, 0x0, 0x6,
    0xff, 0xf1, 0x0, 0x0, 0x0, 0x0, 0xdf, 0xff,
    0x80, 0x0, 0x0, 0x0, 0x7f, 0xfa, 0xff, 0x30,
    0x0, 0x0, 0x2f, 0xf9, 0xd, 0xfc, 0x0, 0x0,
    0xb, 0xfe, 0x10, 0x4f, 0xf7, 0x0, 0x5, 0xff,
    0x50, 0x0, 0xaf, 0xf1, 0x1, 0xef, 0xc0, 0x0,
    0x1, 0xff, 0xb0, 0xaf, 0xf2, 0x0, 0x0, 0x6,
    0xff, 0x50,

    /* U+0059 "Y" */
    0x4f, 0xf4, 0x0, 0x0, 0x0, 0xaf, 0xe0, 0xb,
    0xfc, 0x0, 0x0, 0x2, 0xff, 0x60, 0x3, 0xff,
    0x50, 0x0, 0xa, 0xfd, 0x0, 0x0, 0xaf, 0xd0,
    0x0, 0x3f, 0xf5, 0x0, 0x0, 0x2f, 0xf5, 0x0,
    0xbf, 0xc0, 0x0, 0x0, 0x9, 0xfd, 0x3, 0xff,
    0x30, 0x0, 0x0, 0x1, 0xff, 0x6c, 0xfb, 0x0,
    0x0, 0x0, 0x0, 0x8f, 0xff, 0xf2, 0x0, 0x0,
    0x0, 0x0, 0x1e, 0xff, 0xa0, 0x0, 0x0, 0x0,
    0x0, 0x7, 0xff, 0x20, 0x0, 0x0, 0x0, 0x0,
    0x5, 0xff, 0x0, 0x0, 0x0, 0x0, 0x0, 0x5,
    0xff, 0x0, 0x0, 0x0, 0x0, 0x0, 0x5, 0xff,
    0x0, 0x0, 0x0, 0x0, 0x0, 0x5, 0xff, 0x0,
    0x0, 0x0, 0x0, 0x0, 0x5, 0xff, 0x0, 0x0,
    0x0,

    /* U+005A "Z" */
    0xdf, 0xff, 0xff, 0xff, 0xff, 0xf0, 0xdf, 0xff,
    0xff, 0xff, 0xff, 0xf0, 0x11, 0x11, 0x11, 0x14,
    0xff, 0x70, 0x0, 0x0, 0x0, 0xd, 0xfc, 0x0,
    0x0, 0x0, 0x0, 0xaf, 0xf1, 0x0, 0x0, 0x0,
    0x5, 0xff, 0x50, 0x0, 0x0, 0x0, 0x1e, 0xfa,
    0x0, 0x0, 0x0, 0x0, 0xbf, 0xe0, 0x0, 0x0,
    0x0, 0x7, 0xff, 0x30, 0x0, 0x0, 0x0, 0x3f,
    0xf8, 0x0, 0x0, 0x0, 0x0, 0xdf, 0xc0, 0x0,
    0x0, 0x0, 0x9, 0xff, 0x20, 0x0, 0x0, 0x0,
    0x4f, 0xf7, 0x11, 0x11, 0x11, 0x10, 0xcf, 0xff,
    0xff, 0xff, 0xff, 0xf0, 0xdf, 0xff, 0xff, 0xff,
    0xff, 0xf0,

    /* U+005B "[" */
    0x0, 0x0, 0x0, 0x7, 0xff, 0xff, 0xfc, 0x7f,
    0xff, 0xff, 0xc7, 0xfd, 0x0, 0x0, 0x7f, 0xd0,
    0x0, 0x7, 0xfd, 0x0, 0x0, 0x7f, 0xd0, 0x0,
    0x7, 0xfd, 0x0, 0x0, 0x7f, 0xd0, 0x0, 0x7,
    0xfd, 0x0, 0x0, 0x7f, 0xd0, 0x0, 0x7, 0xfd,
    0x0, 0x0, 0x7f, 0xd0, 0x0, 0x7, 0xfd, 0x0,
    0x0, 0x7f, 0xd0, 0x0, 0x7, 0xfd, 0x0, 0x0,
    0x7f, 0xd0, 0x0, 0x7, 0xfd, 0x0, 0x0, 0x7f,
    0xd0, 0x0, 0x7, 0xfd, 0x0, 0x0, 0x7f, 0xff,
    0xff, 0xc7, 0xff, 0xff, 0xfc,

    /* U+005C "\\" */
    0xaf, 0x70, 0x0, 0x0, 0x0, 0x4f, 0xd0, 0x0,
    0x0, 0x0, 0xe, 0xf2, 0x0, 0x0, 0x0, 0x9,
    0xf8, 0x0, 0x0, 0x0, 0x4, 0xfd, 0x0, 0x0,
    0x0, 0x0, 0xef, 0x30, 0x0, 0x0, 0x0, 0x8f,
    0x80, 0x0, 0x0, 0x0, 0x3f, 0xe0, 0x0, 0x0,
    0x0, 0xd, 0xf3, 0x0, 0x0, 0x0, 0x8, 0xf9,
    0x0, 0x0, 0x0, 0x2, 0xfe, 0x0, 0x0, 0x0,
    0x0, 0xdf, 0x40, 0x0, 0x0, 0x0, 0x7f, 0xa0,
    0x0, 0x0, 0x0, 0x2f, 0xf0, 0x0, 0x0, 0x0,
    0xc, 0xf5, 0x0, 0x0, 0x0, 0x7, 0xfa, 0x0,
    0x0, 0x0, 0x1, 0xff, 0x0, 0x0, 0x0, 0x0,
    0xbf, 0x50, 0x0, 0x0, 0x0, 0x6f, 0xb0, 0x0,
    0x0, 0x0, 0x1f, 0xf1,

    /* U+005D "]" */
    0x0, 0x0, 0x0, 0x5, 0xff, 0xff, 0xff, 0x5f,
    0xff, 0xff, 0xf0, 0x0, 0x5, 0xff, 0x0, 0x0,
    0x5f, 0xf0, 0x0, 0x5, 0xff, 0x0, 0x0, 0x5f,
    0xf0, 0x0, 0x5, 0xff, 0x0, 0x0, 0x5f, 0xf0,
    0x0, 0x5, 0xff, 0x0, 0x0, 0x5f, 0xf0, 0x0,
    0x5, 0xff, 0x0, 0x0, 0x5f, 0xf0, 0x0, 0x5,
    0xff, 0x0, 0x0, 0x5f, 0xf0, 0x0, 0x5, 0xff,
    0x0, 0x0, 0x5f, 0xf0, 0x0, 0x5, 0xff, 0x0,
    0x0, 0x5f, 0xf0, 0x0, 0x5, 0xff, 0x5f, 0xff,
    0xff, 0xf5, 0xff, 0xff, 0xff,

    /* U+005E "^" */
    0x0, 0x28, 0x60, 0x0, 0x0, 0xdf, 0xf6, 0x0,
    0x9, 0xf5, 0xcf, 0x20, 0x4f, 0x90, 0x2f, 0xc0,

    /* U+005F "_" */
    0x8c, 0xcc, 0xcc, 0xcc, 0xcb, 0xaf, 0xff, 0xff,
    0xff, 0xfe,

    /* U+0060 "`" */
    0x4b, 0x80, 0x0, 0xef, 0x30, 0x5, 0xfa, 0x0,
    0xc, 0xf2,

    /* U+0061 "a" */
    0x0, 0x5c, 0xff, 0xa1, 0xaf, 0xa0, 0x7f, 0xff,
    0xff, 0xec, 0xfa, 0x2f, 0xfb, 0x10, 0x3d, 0xff,
    0xa8, 0xfe, 0x0, 0x0, 0x2f, 0xfa, 0xcf, 0x90,
    0x0, 0x0, 0xcf, 0xad, 0xf7, 0x0, 0x0, 0xa,
    0xfa, 0xcf, 0x80, 0x0, 0x0, 0xcf, 0xa8, 0xfd,
    0x0, 0x0, 0x1f, 0xfa, 0x2f, 0xf8, 0x0, 0xb,
    0xff, 0xa0, 0x7f, 0xfe, 0xcf, 0xfd, 0xfa, 0x0,
    0x5c, 0xff, 0xb2, 0xaf, 0xa0,

    /* U+0062 "b" */
    0x7f, 0xc0, 0x0, 0x0, 0x0, 0x7, 0xfc, 0x0,
    0x0, 0x0, 0x0, 0x7f, 0xc0, 0x0, 0x0, 0x0,
    0x7, 0xfc, 0x0, 0x0, 0x0, 0x0, 0x7f, 0xc1,
    0x9e, 0xfd, 0x60, 0x7, 0xfd, 0xcf, 0xff, 0xff,
    0x90, 0x7f, 0xfe, 0x40, 0x19, 0xff, 0x47, 0xff,
    0x40, 0x0, 0xc, 0xfa, 0x7f, 0xe0, 0x0, 0x0,
    0x6f, 0xe7, 0xfd, 0x0, 0x0, 0x5, 0xff, 0x7f,
    0xe0, 0x0, 0x0, 0x6f, 0xe7, 0xff, 0x40, 0x0,
    0xc, 0xfa, 0x7f, 0xfe, 0x40, 0x19, 0xff, 0x47,
    0xfd, 0xcf, 0xff, 0xff, 0x90, 0x7f, 0xc1, 0x9e,
    0xfd, 0x60, 0x0,

    /* U+0063 "c" */
    0x0, 0x2a, 0xef, 0xea, 0x20, 0x0, 0x4f, 0xff,
    0xff, 0xfe, 0x20, 0x1f, 0xfb, 0x10, 0x1c, 0xfc,
    0x8, 0xfd, 0x0, 0x0, 0x1e, 0xe1, 0xcf, 0x80,
    0x0, 0x0, 0x0, 0xd, 0xf6, 0x0, 0x0, 0x0,
    0x0, 0xcf, 0x80, 0x0, 0x0, 0x0, 0x8, 0xfd,
    0x0, 0x0, 0x1e, 0xe1, 0x1f, 0xfb, 0x10, 0x1c,
    0xfc, 0x0, 0x5f, 0xff, 0xff, 0xff, 0x20, 0x0,
    0x2a, 0xef, 0xea, 0x20, 0x0,

    /* U+0064 "d" */
    0x0, 0x0, 0x0, 0x0, 0xaf, 0xa0, 0x0, 0x0,
    0x0, 0xa, 0xfa, 0x0, 0x0, 0x0, 0x0, 0xaf,
    0xa0, 0x0, 0x0, 0x0, 0xa, 0xfa, 0x0, 0x5c,
    0xff, 0xa1, 0xaf, 0xa0, 0x7f, 0xff, 0xff, 0xec,
    0xfa, 0x2f, 0xfb, 0x10, 0x3d, 0xff, 0xa8, 0xfe,
    0x0, 0x0, 0x2f, 0xfa, 0xcf, 0x90, 0x0, 0x0,
    0xcf, 0xad, 0xf7, 0x0, 0x0, 0xa, 0xfa, 0xcf,
    0x90, 0x0, 0x0, 0xcf, 0xa8, 0xfe, 0x0, 0x0,
    0x2f, 0xfa, 0x2f, 0xfb, 0x10, 0x3d, 0xff, 0xa0,
    0x7f, 0xff, 0xff, 0xec, 0xfa, 0x0, 0x5c, 0xff,
    0xa1, 0xaf, 0xa0,

    /* U+0065 "e" */
    0x0, 0x4b, 0xef, 0xc6, 0x0, 0x6, 0xff, 0xfe,
    0xff, 0xa0, 0x2f, 0xf7, 0x0, 0x3e, 0xf5, 0x8f,
    0xb0, 0x0, 0x7, 0xfb, 0xcf, 0xda, 0xaa, 0xab,
    0xfd, 0xdf, 0xff, 0xff, 0xff, 0xff, 0xcf, 0x80,
    0x0, 0x0, 0x0, 0x8f, 0xd0, 0x0, 0x3, 0x97,
    0x2f, 0xf9, 0x0, 0x3e, 0xf7, 0x6, 0xff, 0xfe,
    0xff, 0xc0, 0x0, 0x3b, 0xef, 0xd8, 0x0,

    /* U+0066 "f" */
    0x0, 0x3, 0xcf, 0xf4, 0x0, 0x1f, 0xff, 0xd4,
    0x0, 0x5f, 0xf1, 0x0, 0x0, 0x6f, 0xd0, 0x0,
    0x2f, 0xff, 0xff, 0xf3, 0x2e, 0xef, 0xfe, 0xe2,
    0x0, 0x7f, 0xd0, 0x0, 0x0, 0x7f, 0xd0, 0x0,
    0x0, 0x7f, 0xd0, 0x0, 0x0, 0x7f, 0xd0, 0x0,
    0x0, 0x7f, 0xd0, 0x0, 0x0, 0x7f, 0xd0, 0x0,
    0x0, 0x7f, 0xd0, 0x0, 0x0, 0x7f, 0xd0, 0x0,
    0x0, 0x7f, 0xd0, 0x0,

    /* U+0067 "g" */
    0x0, 0x5c, 0xff, 0xa2, 0xaf, 0xa0, 0x7f, 0xff,
    0xff, 0xec, 0xfa, 0x2f, 0xfb, 0x10, 0x2c, 0xff,
    0xa8, 0xfe, 0x0, 0x0, 0x2f, 0xfa, 0xcf, 0x90,
    0x0, 0x0, 0xcf, 0xad, 0xf7, 0x0, 0x0, 0xa,
    0xfa, 0xcf, 0x90, 0x0, 0x0, 0xcf, 0xa8, 0xfe,
    0x0, 0x0, 0x2f, 0xfa, 0x2f, 0xfb, 0x10, 0x2d,
    0xff, 0xa0, 0x7f, 0xff, 0xff, 0xec, 0xfa, 0x0,
    0x5c, 0xff, 0xa2, 0xaf, 0x92, 0x65, 0x0, 0x0,
    0xd, 0xf7, 0x1f, 0xf8, 0x0, 0x19, 0xff, 0x10,
    0x7f, 0xff, 0xff, 0xff, 0x60, 0x0, 0x4b, 0xef,
    0xea, 0x30, 0x0,

    /* U+0068 "h" */
    0x7f, 0xc0, 0x0, 0x0, 0x0, 0x7f, 0xc0, 0x0,
    0x0, 0x0, 0x7f, 0xc0, 0x0, 0x0, 0x0, 0x7f,
    0xc0, 0x0, 0x0, 0x0, 0x7f, 0xc2, 0xbf, 0xe9,
    0x10, 0x7f, 0xdd, 0xff, 0xff, 0xc0, 0x7f, 0xfa,
    0x10, 0x8f, 0xf3, 0x7f, 0xf1, 0x0, 0xe, 0xf7,
    0x7f, 0xd0, 0x0, 0xc, 0xf7, 0x7f, 0xc0, 0x0,
    0xc, 0xf8, 0x7f, 0xc0, 0x0, 0xc, 0xf8, 0x7f,
    0xc0, 0x0, 0xc, 0xf8, 0x7f, 0xc0, 0x0, 0xc,
    0xf8, 0x7f, 0xc0, 0x0, 0xc, 0xf8, 0x7f, 0xc0,
    0x0, 0xc, 0xf8,

    /* U+0069 "i" */
    0x4e, 0xb0, 0xaf, 0xf2, 0x3c, 0x90, 0x0, 0x0,
    0x6f, 0xe0, 0x6f, 0xe0, 0x6f, 0xe0, 0x6f, 0xe0,
    0x6f, 0xe0, 0x6f, 0xe0, 0x6f, 0xe0, 0x6f, 0xe0,
    0x6f, 0xe0, 0x6f, 0xe0, 0x6f, 0xe0,

    /* U+006A "j" */
    0x0, 0x2e, 0xd1, 0x0, 0x7f, 0xf4, 0x0, 0x1b,
    0xa0, 0x0, 0x0, 0x0, 0x0, 0x3f, 0xf1, 0x0,
    0x3f, 0xf1, 0x0, 0x3f, 0xf1, 0x0, 0x3f, 0xf1,
    0x0, 0x3f, 0xf1, 0x0, 0x3f, 0xf1, 0x0, 0x3f,
    0xf1, 0x0, 0x3f, 0xf1, 0x0, 0x3f, 0xf1, 0x0,
    0x3f, 0xf1, 0x0, 0x3f, 0xf1, 0x0, 0x4f, 0xf0,
    0x0, 0xaf, 0xd0, 0xdf, 0xff, 0x60, 0xdf, 0xe7,
    0x0,

    /* U+006B "k" */
    0x7f, 0xc0, 0x0, 0x0, 0x0, 0x7f, 0xc0, 0x0,
    0x0, 0x0, 0x7f, 0xc0, 0x0, 0x0, 0x0, 0x7f,
    0xc0, 0x0, 0x0, 0x0, 0x7f, 0xc0, 0x0, 0xaf,
    0xe2, 0x7f, 0xc0, 0x9, 0xff, 0x30, 0x7f, 0xc0,
    0x7f, 0xf4, 0x0, 0x7f, 0xc6, 0xff, 0x50, 0x0,
    0x7f, 0xff, 0xf6, 0x0, 0x0, 0x7f, 0xff, 0xf5,
    0x0, 0x0, 0x7f, 0xca, 0xff, 0x20, 0x0, 0x7f,
    0xc0, 0xdf, 0xd1, 0x0, 0x7f, 0xc0, 0x2e, 0xfb,
    0x0, 0x7f, 0xc0, 0x4, 0xff, 0x80, 0x7f, 0xc0,
    0x0, 0x7f, 0xf5,

    /* U+006C "l" */
    0x7f, 0xc7, 0xfc, 0x7f, 0xc7, 0xfc, 0x7f, 0xc7,
    0xfc, 0x7f, 0xc7, 0xfc, 0x7f, 0xc7, 0xfc, 0x7f,
    0xc7, 0xfc, 0x7f, 0xc7, 0xfc, 0x7f, 0xc0,

    /* U+006D "m" */
    0xbf, 0x94, 0xdf, 0xe7, 0x1, 0xae, 0xfa, 0x10,
    0xbf, 0xdf, 0xce, 0xff, 0x8e, 0xec, 0xff, 0xd0,
    0xbf, 0xf5, 0x0, 0xbf, 0xfc, 0x0, 0x4f, 0xf5,
    0xbf, 0xd0, 0x0, 0x4f, 0xf4, 0x0, 0xd, 0xf8,
    0xbf, 0xa0, 0x0, 0x3f, 0xf1, 0x0, 0xb, 0xf8,
    0xbf, 0x90, 0x0, 0x3f, 0xf1, 0x0, 0xb, 0xf9,
    0xbf, 0x90, 0x0, 0x3f, 0xf1, 0x0, 0xb, 0xf9,
    0xbf, 0x90, 0x0, 0x3f, 0xf1, 0x0, 0xb, 0xf9,
    0xbf, 0x90, 0x0, 0x3f, 0xf1, 0x0, 0xb, 0xf9,
    0xbf, 0x90, 0x0, 0x3f, 0xf1, 0x0, 0xb, 0xf9,
    0xbf, 0x90, 0x0, 0x3f, 0xf1, 0x0, 0xb, 0xf9,

    /* U+006E "n" */
    0xbf, 0x94, 0xcf, 0xe8, 0x0, 0xbf, 0xdf, 0xdd,
    0xff, 0x90, 0xbf, 0xf5, 0x0, 0x8f, 0xf1, 0xbf,
    0xc0, 0x0, 0x1f, 0xf3, 0xbf, 0xa0, 0x0, 0xf,
    0xf4, 0xbf, 0x90, 0x0, 0xf, 0xf4, 0xbf, 0x90,
    0x0, 0xf, 0xf4, 0xbf, 0x90, 0x0, 0xf, 0xf4,
    0xbf, 0x90, 0x0, 0xf, 0xf4, 0xbf, 0x90, 0x0,
    0xf, 0xf4, 0xbf, 0x90, 0x0, 0xf, 0xf4,

    /* U+006F "o" */
    0x0, 0x2a, 0xef, 0xd9, 0x20, 0x0, 0x4f, 0xff,
    0xff, 0xff, 0x40, 0x1e, 0xfb, 0x20, 0x2c, 0xfe,
    0x17, 0xfe, 0x0, 0x0, 0x1f, 0xf6, 0xbf, 0x90,
    0x0, 0x0, 0xaf, 0xad, 0xf7, 0x0, 0x0, 0x8,
    0xfc, 0xbf, 0x90, 0x0, 0x0, 0xaf, 0xa7, 0xfe,
    0x0, 0x0, 0x1f, 0xf6, 0x1e, 0xfb, 0x20, 0x2c,
    0xfe, 0x10, 0x4f, 0xff, 0xff, 0xff, 0x40, 0x0,
    0x2a, 0xef, 0xe9, 0x20, 0x0,

    /* U+0070 "p" */
    0x7f, 0xc1, 0xae, 0xfd, 0x60, 0x7, 0xfe, 0xef,
    0xcd, 0xff, 0x90, 0x7f, 0xfd, 0x10, 0x6, 0xff,
    0x47, 0xff, 0x30, 0x0, 0xb, 0xfa, 0x7f, 0xe0,
    0x0, 0x0, 0x6f, 0xe7, 0xfd, 0x0, 0x0, 0x5,
    0xff, 0x7f, 0xe0, 0x0, 0x0, 0x7f, 0xe7, 0xff,
    0x50, 0x0, 0xc, 0xfa, 0x7f, 0xfe, 0x40, 0x19,
    0xff, 0x47, 0xfd, 0xcf, 0xff, 0xff, 0x90, 0x7f,
    0xc1, 0x9e, 0xfd, 0x60, 0x7, 0xfc, 0x0, 0x0,
    0x0, 0x0, 0x7f, 0xc0, 0x0, 0x0, 0x0, 0x7,
    0xfc, 0x0, 0x0, 0x0, 0x0, 0x7f, 0xc0, 0x0,
    0x0, 0x0, 0x0,

    /* U+0071 "q" */
    0x0, 0x5c, 0xff, 0xa1, 0xaf, 0xa0, 0x7f, 0xff,
    0xff, 0xec, 0xfa, 0x2f, 0xfb, 0x10, 0x3d, 0xff,
    0xa8, 0xfe, 0x0, 0x0, 0x2f, 0xfa, 0xcf, 0x90,
    0x0, 0x0, 0xcf, 0xad, 0xf7, 0x0, 0x0, 0xa,
    0xfa, 0xcf, 0x90, 0x0, 0x0, 0xcf, 0xa8, 0xfe,
    0x0, 0x0, 0x2f, 0xfa, 0x2f, 0xfb, 0x10, 0x3d,
    0xff, 0xa0, 0x7f, 0xff, 0xff, 0xec, 0xfa, 0x0,
    0x5c, 0xff, 0xa1, 0xaf, 0xa0, 0x0, 0x0, 0x0,
    0xa, 0xfa, 0x0, 0x0, 0x0, 0x0, 0xaf, 0xa0,
    0x0, 0x0, 0x0, 0xa, 0xfa, 0x0, 0x0, 0x0,
    0x0, 0xaf, 0xa0,

    /* U+0072 "r" */
    0xbf, 0x96, 0xdf, 0x6b, 0xfe, 0xff, 0xf7, 0xbf,
    0xfb, 0x30, 0xb, 0xfe, 0x0, 0x0, 0xbf, 0xa0,
    0x0, 0xb, 0xf9, 0x0, 0x0, 0xbf, 0x90, 0x0,
    0xb, 0xf9, 0x0, 0x0, 0xbf, 0x90, 0x0, 0xb,
    0xf9, 0x0, 0x0, 0xbf, 0x90, 0x0, 0x0,

    /* U+0073 "s" */
    0x0, 0x4b, 0xef, 0xc5, 0x0, 0x4, 0xff, 0xed,
    0xff, 0x50, 0xb, 0xf9, 0x0, 0x6f, 0xe0, 0xc,
    0xf8, 0x0, 0x2, 0x20, 0x7, 0xff, 0xd9, 0x50,
    0x0, 0x0, 0x6d, 0xff, 0xfe, 0x50, 0x0, 0x0,
    0x36, 0xcf, 0xf2, 0x7, 0x72, 0x0, 0xd, 0xf5,
    0xb, 0xfb, 0x0, 0x2e, 0xf4, 0x2, 0xff, 0xfe,
    0xff, 0xc0, 0x0, 0x3b, 0xef, 0xe8, 0x0,

    /* U+0074 "t" */
    0x0, 0x38, 0x60, 0x0, 0x0, 0x7f, 0xc0, 0x0,
    0x0, 0x7f, 0xc0, 0x0, 0x5f, 0xff, 0xff, 0xf4,
    0x4e, 0xef, 0xfe, 0xe3, 0x0, 0x7f, 0xc0, 0x0,
    0x0, 0x7f, 0xc0, 0x0, 0x0, 0x7f, 0xc0, 0x0,
    0x0, 0x7f, 0xc0, 0x0, 0x0, 0x7f, 0xc0, 0x0,
    0x0, 0x7f, 0xd0, 0x0, 0x0, 0x5f, 0xf3, 0x0,
    0x0, 0x1e, 0xff, 0xf9, 0x0, 0x3, 0xcf, 0xf8,

    /* U+0075 "u" */
    0xbf, 0x90, 0x0, 0x2f, 0xf2, 0xbf, 0x90, 0x0,
    0x2f, 0xf2, 0xbf, 0x90, 0x0, 0x2f, 0xf2, 0xbf,
    0x90, 0x0, 0x2f, 0xf2, 0xbf, 0x90, 0x0, 0x2f,
    0xf2, 0xbf, 0x90, 0x0, 0x2f, 0xf2, 0xbf, 0x90,
    0x0, 0x3f, 0xf2, 0xaf, 0xa0, 0x0, 0x6f, 0xf2,
    0x7f, 0xf4, 0x3, 0xef, 0xf2, 0x1f, 0xff, 0xff,
    0xbf, 0xf2, 0x3, 0xcf, 0xe8, 0x2f, 0xf2,

    /* U+0076 "v" */
    0x3f, 0xf2, 0x0, 0x0, 0x8f, 0xd0, 0xd, 0xf7,
    0x0, 0x0, 0xdf, 0x70, 0x7, 0xfd, 0x0, 0x3,
    0xff, 0x10, 0x1, 0xff, 0x20, 0x8, 0xfb, 0x0,
    0x0, 0xcf, 0x80, 0xe, 0xf6, 0x0, 0x0, 0x6f,
    0xe0, 0x3f, 0xf0, 0x0, 0x0, 0xf, 0xf3, 0x9f,
    0xa0, 0x0, 0x0, 0xa, 0xf9, 0xef, 0x40, 0x0,
    0x0, 0x4, 0xff, 0xfe, 0x0, 0x0, 0x0, 0x0,
    0xef, 0xf8, 0x0, 0x0, 0x0, 0x0, 0x9f, 0xf3,
    0x0, 0x0,

    /* U+0077 "w" */
    0x3f, 0xf1, 0x0, 0x7, 0xfe, 0x0, 0x0, 0x9f,
    0xb0, 0xef, 0x50, 0x0, 0xcf, 0xf4, 0x0, 0xe,
    0xf6, 0x9, 0xfa, 0x0, 0x1f, 0xff, 0x80, 0x2,
    0xff, 0x10, 0x4f, 0xe0, 0x6, 0xfe, 0xfd, 0x0,
    0x7f, 0xc0, 0x0, 0xff, 0x30, 0xbf, 0x6e, 0xf2,
    0xc, 0xf7, 0x0, 0xb, 0xf8, 0xf, 0xf1, 0xaf,
    0x71, 0xff, 0x20, 0x0, 0x6f, 0xc5, 0xfc, 0x5,
    0xfc, 0x5f, 0xd0, 0x0, 0x1, 0xff, 0xbf, 0x80,
    0xf, 0xfb, 0xf8, 0x0, 0x0, 0xc, 0xff, 0xf3,
    0x0, 0xbf, 0xff, 0x40, 0x0, 0x0, 0x7f, 0xfe,
    0x0, 0x6, 0xff, 0xe0, 0x0, 0x0, 0x2, 0xff,
    0x90, 0x0, 0x1f, 0xfa, 0x0, 0x0,

    /* U+0078 "x" */
    0xd, 0xf8, 0x0, 0x1, 0xef, 0x60, 0x4f, 0xf2,
    0x0, 0xaf, 0xc0, 0x0, 0xaf, 0xb0, 0x4f, 0xf2,
    0x0, 0x1, 0xff, 0x6d, 0xf8, 0x0, 0x0, 0x6,
    0xff, 0xfd, 0x0, 0x0, 0x0, 0xe, 0xff, 0x60,
    0x0, 0x0, 0x6, 0xff, 0xfd, 0x0, 0x0, 0x1,
    0xef, 0x6d, 0xf7, 0x0, 0x0, 0xaf, 0xc0, 0x4f,
    0xf2, 0x0, 0x4f, 0xf2, 0x0, 0xaf, 0xb0, 0xd,
    0xf8, 0x0, 0x1, 0xff, 0x50,

    /* U+0079 "y" */
    0x1f, 0xf3, 0x0, 0x0, 0x6f, 0xe0, 0xb, 0xf9,
    0x0, 0x0, 0xbf, 0x90, 0x5, 0xfe, 0x0, 0x1,
    0xff, 0x30, 0x0, 0xff, 0x40, 0x6, 0xfd, 0x0,
    0x0, 0xaf, 0x90, 0xc, 0xf7, 0x0, 0x0, 0x4f,
    0xf0, 0x2f, 0xf1, 0x0, 0x0, 0xe, 0xf5, 0x7f,
    0xb0, 0x0, 0x0, 0x8, 0xfa, 0xdf, 0x50, 0x0,
    0x0, 0x2, 0xff, 0xff, 0x0, 0x0, 0x0, 0x0,
    0xdf, 0xfa, 0x0, 0x0, 0x0, 0x0, 0x7f, 0xf4,
    0x0, 0x0, 0x0, 0x0, 0x7f, 0xd0, 0x0, 0x0,
    0x0, 0x6, 0xff, 0x50, 0x0, 0x0, 0x4f, 0xff,
    0xf9, 0x0, 0x0, 0x0, 0x4f, 0xfc, 0x50, 0x0,
    0x0, 0x0,

    /* U+007A "z" */
    0xd, 0xff, 0xff, 0xff, 0xf8, 0xc, 0xee, 0xee,
    0xef, 0xf7, 0x0, 0x0, 0x0, 0xbf, 0xc0, 0x0,
    0x0, 0x8, 0xfe, 0x20, 0x0, 0x0, 0x4f, 0xf4,
    0x0, 0x0, 0x2, 0xef, 0x70, 0x0, 0x0, 0xd,
    0xfb, 0x0, 0x0, 0x0, 0xaf, 0xd0, 0x0, 0x0,
    0x7, 0xff, 0x20, 0x0, 0x0, 0x1f, 0xff, 0xee,
    0xee, 0xe7, 0x2f, 0xff, 0xff, 0xff, 0xf8,

    /* U+007B "{" */
    0x0, 0x0, 0x0, 0x0, 0x0, 0x0, 0x3b, 0xff,
    0xf1, 0x0, 0x1e, 0xff, 0xff, 0x10, 0x5, 0xff,
    0x30, 0x0, 0x0, 0x6f, 0xe0, 0x0, 0x0, 0x7,
    0xfe, 0x0, 0x0, 0x0, 0x7f, 0xe0, 0x0, 0x0,
    0x7, 0xfe, 0x0, 0x0, 0x0, 0x7f, 0xd0, 0x0,
    0x0, 0xa, 0xfc, 0x0, 0x0, 0x8f, 0xfe, 0x40,
    0x0, 0x9, 0xff, 0xe3, 0x0, 0x0, 0x0, 0xbf,
    0xb0, 0x0, 0x0, 0x7, 0xfd, 0x0, 0x0, 0x0,
    0x7f, 0xe0, 0x0, 0x0, 0x7, 0xfe, 0x0, 0x0,
    0x0, 0x7f, 0xe0, 0x0, 0x0, 0x7, 0xfe, 0x0,
    0x0, 0x0, 0x6f, 0xe0, 0x0, 0x0, 0x4, 0xff,
    0x30, 0x0, 0x0, 0xe, 0xff, 0xff, 0x10, 0x0,
    0x2b, 0xef, 0xf1,

    /* U+007C "|" */
    0xdf, 0x3d, 0xf3, 0xdf, 0x3d, 0xf3, 0xdf, 0x3d,
    0xf3, 0xdf, 0x3d, 0xf3, 0xdf, 0x3d, 0xf3, 0xdf,
    0x3d, 0xf3, 0xdf, 0x3d, 0xf3, 0xdf, 0x3d, 0xf3,
    0xdf, 0x3d, 0xf3, 0xdf, 0x3d, 0xf3, 0xdf, 0x3d,
    0xf3, 0xdf, 0x3d, 0xf3,

    /* U+007D "}" */
    0x0, 0x0, 0x0, 0x0, 0x3, 0xff, 0xeb, 0x20,
    0x0, 0x3f, 0xff, 0xfd, 0x0, 0x0, 0x0, 0x4f,
    0xf3, 0x0, 0x0, 0x0, 0xff, 0x40, 0x0, 0x0,
    0xf, 0xf5, 0x0, 0x0, 0x0, 0xff, 0x50, 0x0,
    0x0, 0xf, 0xf5, 0x0, 0x0, 0x0, 0xff, 0x50,
    0x0, 0x0, 0xe, 0xf9, 0x0, 0x0, 0x0, 0x6f,
    0xff, 0x60, 0x0, 0x5, 0xef, 0xf7, 0x0, 0x0,
    0xef, 0x90, 0x0, 0x0, 0xf, 0xf5, 0x0, 0x0,
    0x0, 0xff, 0x50, 0x0, 0x0, 0xf, 0xf5, 0x0,
    0x0, 0x0, 0xff, 0x50, 0x0, 0x0, 0xf, 0xf5,
    0x0, 0x0, 0x0, 0xff, 0x40, 0x0, 0x0, 0x5f,
    0xf2, 0x0, 0x3f, 0xff, 0xfc, 0x0, 0x3, 0xff,
    0xea, 0x10, 0x0,

    /* U+007E "~" */
    0xc, 0xe9, 0x4, 0xf1, 0x6f, 0x9f, 0xcc, 0xe0,
    0x9c, 0x3, 0xdf, 0x50,

    /* U+00A0 " " */

    /* U+00A1 "¡" */
    0x1d, 0xd1, 0x4f, 0xf4, 0xa, 0xa0, 0x0, 0x0,
    0xf, 0xf0, 0xf, 0xf0, 0xf, 0xf0, 0x1f, 0xf0,
    0x1f, 0xf0, 0x1f, 0xf1, 0x1f, 0xf1, 0x2f, 0xf1,
    0x2f, 0xf2, 0x2f, 0xf2, 0x2f, 0xf2,

    /* U+00A2 "¢" */
    0x0, 0x0, 0x37, 0x10, 0x0, 0x0, 0x0, 0x7,
    0xf3, 0x0, 0x0, 0x0, 0x7, 0xdf, 0xc7, 0x0,
    0x0, 0x2e, 0xff, 0xff, 0xfd, 0x10, 0xe, 0xfd,
    0xbf, 0x8e, 0xfa, 0x6, 0xfe, 0x17, 0xf3, 0x3f,
    0xf1, 0xbf, 0x90, 0x7f, 0x30, 0x22, 0xd, 0xf7,
    0x7, 0xf3, 0x0, 0x0, 0xcf, 0x70, 0x7f, 0x30,
    0x0, 0x9, 0xfb, 0x7, 0xf3, 0x9, 0x91, 0x3f,
    0xf5, 0x7f, 0x37, 0xfe, 0x0, 0x9f, 0xfe, 0xfd,
    0xff, 0x60, 0x0, 0x8f, 0xff, 0xff, 0x70, 0x0,
    0x0, 0x9, 0xf7, 0x0, 0x0, 0x0, 0x0, 0x7f,
    0x30, 0x0, 0x0,

    /* U+00A3 "£" */
    0x0, 0x6, 0xbe, 0xfe, 0xd8, 0x0, 0x1c, 0xff,
    0xff, 0xff, 0xc0, 0x9, 0xff, 0x93, 0x11, 0x34,
    0x0, 0xef, 0x80, 0x0, 0x0, 0x0, 0xf, 0xf4,
    0x0, 0x0, 0x0, 0x0, 0xcf, 0x80, 0x0, 0x0,
    0x0, 0x4, 0xff, 0x31, 0x11, 0x0, 0xd, 0xff,
    0xff, 0xff, 0xf8, 0x0, 0x34, 0x4f, 0xf5, 0x44,
    0x20, 0x0, 0x0, 0xdf, 0x30, 0x0, 0x0, 0x0,
    0xe, 0xf1, 0x0, 0x0, 0x0, 0x5, 0xfb, 0x0,
    0x0, 0x0, 0x17, 0xfd, 0x10, 0x0, 0x0, 0xb,
    0xff, 0xff, 0xff, 0xff, 0xf5, 0xbf, 0xff, 0xff,
    0xff, 0xff, 0x50,

    /* U+00A4 "¤" */
    0x35, 0x0, 0x0, 0x0, 0x17, 0xb, 0xf6, 0x9e,
    0xfc, 0x5d, 0xf2, 0xc, 0xff, 0xdc, 0xff, 0xf3,
    0x0, 0xaf, 0x60, 0x1, 0xdf, 0x10, 0xf, 0xb0,
    0x0, 0x4, 0xf7, 0x1, 0xf8, 0x0, 0x0, 0x1f,
    0x90, 0xf, 0xa0, 0x0, 0x4, 0xf7, 0x0, 0xaf,
    0x60, 0x1, 0xdf, 0x20, 0xb, 0xff, 0xdb, 0xff,
    0xf3, 0xa, 0xf6, 0x9e, 0xfc, 0x6e, 0xe1, 0x56,
    0x0, 0x0, 0x0, 0x29, 0x0,

    /* U+00A5 "¥" */
    0x4f, 0xf4, 0x0, 0x0, 0x0, 0xaf, 0xe0, 0xb,
    0xfc, 0x0, 0x0, 0x2, 0xff, 0x60, 0x3, 0xff,
    0x40, 0x0, 0xa, 0xfd, 0x0, 0x0, 0xbf, 0xc0,
    0x0, 0x2f, 0xf5, 0x0, 0x0, 0x2f, 0xf5, 0x0,
    0xaf, 0xd0, 0x0, 0x0, 0xa, 0xfd, 0x3, 0xff,
    0x40, 0x0, 0x0, 0x2, 0xff, 0x5b, 0xfc, 0x0,
    0x0, 0x3, 0xff, 0xff, 0xef, 0xff, 0xfd, 0x0,
    0x1, 0x88, 0x8e, 0xff, 0xc8, 0x86, 0x0, 0x1,
    0x88, 0x8c, 0xff, 0x98, 0x87, 0x0, 0x3, 0xff,
    0xff, 0xff, 0xff, 0xfd, 0x0, 0x0, 0x0, 0x5,
    0xff, 0x0, 0x0, 0x0, 0x0, 0x0, 0x5, 0xff,
    0x0, 0x0, 0x0, 0x0, 0x0, 0x5, 0xff, 0x0,
    0x0, 0x0, 0x0, 0x0, 0x5, 0xff, 0x0, 0x0,
    0x0,

    /* U+00A6 "¦" */
    0xdf, 0x3d, 0xf3, 0xdf, 0x3d, 0xf3, 0xdf, 0x3d,
    0xf3, 0xdf, 0x3d, 0xf3, 0xdf, 0x3d, 0xf3, 0xce,
    0x20, 0x0, 0x0, 0x0, 0x0, 0xbe, 0x2d, 0xf3,
    0xdf, 0x3d, 0xf3, 0xdf, 0x3d, 0xf3, 0xdf, 0x3d,
    0xf3, 0xdf, 0x3d, 0xf3,

    /* U+00A7 "§" */
    0x0, 0x0, 0x8c, 0xee, 0xc7, 0x0, 0x0, 0x0,
    0x2e, 0xff, 0xff, 0xff, 0xc0, 0x0, 0x0, 0xcf,
    0xd4, 0x1, 0x6f, 0xf9, 0x0, 0x1, 0xff, 0x30,
    0x0, 0x6, 0xff, 0x0, 0x3, 0xff, 0x10, 0x0,
    0x0, 0x88, 0x10, 0x1, 0xff, 0x90, 0x0, 0x0,
    0x0, 0x0, 0x0, 0x8f, 0xfd, 0x85, 0x10, 0x0,
    0x0, 0x0, 0x8, 0xff, 0xff, 0xfc, 0x70, 0x0,
    0x1, 0xaf, 0xd9, 0xbe, 0xff, 0xfe, 0x20, 0xa,
    0xfa, 0x0, 0x0, 0x28, 0xff, 0xc0, 0xf, 0xf5,
    0x0, 0x0, 0x0, 0x6f, 0xf0, 0xe, 0xfa, 0x0,
    0x0, 0x0, 0x4f, 0xf0, 0x9, 0xff, 0xc6, 0x20,
    0x1, 0xcf, 0x80, 0x0, 0xaf, 0xff, 0xff, 0xdf,
    0xe7, 0x0, 0x0, 0x3, 0x8d, 0xff, 0xff, 0xc3,
    0x0, 0x0, 0x0, 0x0, 0x14, 0x9f, 0xff, 0x10,
    0x0, 0x0, 0x0, 0x0, 0x2, 0xff, 0x70, 0x7,
    0xda, 0x0, 0x0, 0x0, 0xbf, 0x90, 0x4, 0xff,
    0x30, 0x0, 0x0, 0xef, 0x80, 0x0, 0xdf, 0xe5,
    0x0, 0x2b, 0xff, 0x20, 0x0, 0x2e, 0xff, 0xff,
    0xff, 0xf6, 0x0, 0x0, 0x1, 0x8c, 0xff, 0xea,
    0x30, 0x0,

    /* U+00A8 "¨" */
    0x9, 0xb1, 0x9, 0xb2, 0x3f, 0xf7, 0x2f, 0xf8,
    0xc, 0xe3, 0xc, 0xe3,

    /* U+00A9 "©" */
    0x0, 0x0, 0x15, 0x78, 0x62, 0x0, 0x0, 0x0,
    0x1, 0x9f, 0xff, 0xff, 0xfc, 0x30, 0x0, 0x1,
    0xdf, 0x93, 0x10, 0x27, 0xef, 0x40, 0x0, 0xbf,
    0x40, 0x16, 0x75, 0x1, 0xdf, 0x20, 0x4f, 0x70,
    0x5f, 0xff, 0xfe, 0x22, 0xfa, 0xa, 0xe0, 0x2f,
    0xd3, 0x5, 0xfb, 0x9, 0xf0, 0xeb, 0x8, 0xf4,
    0x0, 0x5, 0x80, 0x5f, 0x3f, 0x90, 0xaf, 0x0,
    0x0, 0x0, 0x3, 0xf5, 0xfa, 0xa, 0xf1, 0x0,
    0x0, 0x0, 0x4f, 0x4c, 0xd0, 0x5f, 0x80, 0x0,
    0xde, 0x7, 0xf2, 0x7f, 0x30, 0xcf, 0xb8, 0xcf,
    0x70, 0xdd, 0x1, 0xfd, 0x0, 0x8e, 0xfd, 0x70,
    0x8f, 0x60, 0x5, 0xfc, 0x20, 0x0, 0x0, 0x9f,
    0xb0, 0x0, 0x6, 0xff, 0xc9, 0x9b, 0xff, 0xa0,
    0x0, 0x0, 0x1, 0x8d, 0xff, 0xea, 0x40, 0x0,
    0x0,

    /* U+00AA "ª" */
    0x0, 0x1, 0x0, 0x0, 0xaf, 0xfe, 0x40, 0x6f,
    0xa6, 0xfe, 0x2, 0x31, 0x4d, 0xf2, 0x2c, 0xff,
    0xff, 0x2b, 0xf3, 0xc, 0xf2, 0xcf, 0x67, 0xff,
    0x23, 0xdf, 0xab, 0xf2,

    /* U+00AB "«" */
    0x0, 0x0, 0x6f, 0xe2, 0x4, 0xff, 0x40, 0x0,
    0x5f, 0xe2, 0x3, 0xff, 0x50, 0x0, 0x5f, 0xf3,
    0x3, 0xff, 0x50, 0x0, 0x5f, 0xf3, 0x3, 0xff,
    0x50, 0x0, 0xe, 0xf8, 0x0, 0xcf, 0xb0, 0x0,
    0x0, 0x3e, 0xf6, 0x1, 0xdf, 0x80, 0x0, 0x0,
    0x3e, 0xf6, 0x1, 0xdf, 0x80, 0x0, 0x0, 0x3e,
    0xf5, 0x1, 0xdf, 0x80, 0x0, 0x0, 0x3b, 0xb2,
    0x1, 0xbc, 0x40,

    /* U+00AC "¬" */
    0x6f, 0xff, 0xff, 0xff, 0xff, 0x85, 0xee, 0xee,
    0xee, 0xee, 0xf8, 0x0, 0x0, 0x0, 0x0, 0x5f,
    0x80, 0x0, 0x0, 0x0, 0x5, 0xf8, 0x0, 0x0,
    0x0, 0x0, 0x5f, 0x80, 0x0, 0x0, 0x0, 0x2,
    0x63,

    /* U+00AD "­" */
    0x9e, 0xee, 0xee, 0xeb, 0xaf, 0xff, 0xff, 0xfc,

    /* U+00AE "®" */
    0x0, 0x6c, 0xcb, 0x30, 0x7, 0x90, 0x2, 0xc2,
    0xc, 0x2e, 0xd8, 0x2a, 0x48, 0x2c, 0xe, 0xc,
    0x48, 0x2f, 0xd8, 0xc, 0x1d, 0x2c, 0x5a, 0x3b,
    0x8, 0xa3, 0x5, 0xd3, 0x0, 0x6c, 0xcb, 0x30,

    /* U+00AF "¯" */
    0x59, 0x99, 0x99, 0x59, 0xff, 0xff, 0xfa,

    /* U+00B0 "°" */
    0x3, 0xcf, 0xe7, 0x0, 0x3f, 0xfb, 0xef, 0xa0,
    0xaf, 0x30, 0xb, 0xf2, 0xdd, 0x0, 0x5, 0xf4,
    0xbf, 0x30, 0xb, 0xf2, 0x3f, 0xfb, 0xdf, 0xa0,
    0x3, 0xcf, 0xe8, 0x0,

    /* U+00B1 "±" */
    0x0, 0x6, 0xf7, 0x0, 0x0, 0x0, 0x6f, 0x70,
    0x0, 0x0, 0x6, 0xf7, 0x0, 0x5, 0xff, 0xff,
    0xff, 0xf6, 0x4e, 0xef, 0xff, 0xee, 0x60, 0x0,
    0x6f, 0x70, 0x0, 0x0, 0x6, 0xf7, 0x0, 0x0,
    0x0, 0x5e, 0x60, 0x0, 0x0, 0x0, 0x0, 0x0,
    0x4, 0x66, 0x66, 0x66, 0x64, 0xaf, 0xff, 0xff,
    0xff, 0xb0,

    /* U+00B2 "²" */
    0x5, 0xdf, 0xd5, 0x3, 0xff, 0xbf, 0xf3, 0x7e,
    0x40, 0x8f, 0x70, 0x0, 0xc, 0xf4, 0x0, 0x1b,
    0xf8, 0x0, 0x2d, 0xf6, 0x0, 0x4f, 0xfd, 0xaa,
    0x69, 0xff, 0xff, 0xf9,

    /* U+00B3 "³" */
    0x6, 0xdf, 0xd7, 0x4, 0xfd, 0xae, 0xf5, 0x25,
    0x22, 0xaf, 0x50, 0x8, 0xff, 0x90, 0x0, 0x25,
    0xcf, 0x47, 0xc3, 0x7, 0xf8, 0x4f, 0xe9, 0xef,
    0x50, 0x6d, 0xfd, 0x60,

    /* U+00B4 "´" */
    0x4, 0xb8, 0xc, 0xf5, 0x4f, 0xc0, 0xbf, 0x30,

    /* U+00B5 "µ" */
    0x1f, 0xf3, 0x0, 0x8, 0xfb, 0x0, 0x1f, 0xf3,
    0x0, 0x8, 0xfb, 0x0, 0x1f, 0xf3, 0x0, 0x8,
    0xfb, 0x0, 0x1f, 0xf3, 0x0, 0x8, 0xfb, 0x0,
    0x1f, 0xf3, 0x0, 0x8, 0xfb, 0x0, 0x1f, 0xf3,
    0x0, 0x8, 0xfb, 0x0, 0x1f, 0xf3, 0x0, 0xa,
    0xfb, 0x0, 0x1f, 0xf4, 0x0, 0xd, 0xfb, 0x0,
    0x1f, 0xfb, 0x10, 0x8f, 0xff, 0x20, 0x1f, 0xff,
    0xff, 0xf9, 0xff, 0xff, 0x1f, 0xda, 0xff, 0x90,
    0x4c, 0xfe, 0x1f, 0xf0, 0x0, 0x0, 0x0, 0x0,
    0x1f, 0xf2, 0x0, 0x0, 0x0, 0x0, 0x1f, 0xf3,
    0x0, 0x0, 0x0, 0x0, 0x1f, 0xf3, 0x0, 0x0,
    0x0, 0x0,

    /* U+00B6 "¶" */
    0x0, 0x0, 0x0, 0x0, 0x0, 0x4, 0xcf, 0xff,
    0xff, 0xf8, 0x3f, 0xff, 0xff, 0xff, 0xf8, 0xbf,
    0xff, 0xff, 0xb0, 0xe8, 0xef, 0xff, 0xff, 0xb0,
    0xe8, 0xdf, 0xff, 0xff, 0xb0, 0xe8, 0x8f, 0xff,
    0xff, 0xb0, 0xe8, 0xb, 0xff, 0xff, 0xb0, 0xe8,
    0x0, 0x36, 0x7d, 0xb0, 0xe8, 0x0, 0x0, 0xc,
    0xb0, 0xe8, 0x0, 0x0, 0xc, 0xb0, 0xe8, 0x0,
    0x0, 0xc, 0xb0, 0xe8, 0x0, 0x0, 0xc, 0xb0,
    0xe8, 0x0, 0x0, 0xc, 0xb0, 0xe8, 0x0, 0x0,
    0xc, 0xb0, 0xe8,

    /* U+00B7 "·" */
    0xb, 0xd3, 0x3f, 0xf9, 0xc, 0xe3,

    /* U+00B8 "¸" */
    0x0, 0x64, 0x0, 0x6, 0xf4, 0x0, 0xd, 0xff,
    0xc0, 0x2, 0x14, 0xf5, 0x2, 0x17, 0xf4, 0xf,
    0xff, 0xa0, 0x2, 0x32, 0x0,

    /* U+00B9 "¹" */
    0x0, 0x5f, 0x51, 0xdf, 0xf5, 0x18, 0xcf, 0x50,
    0x8, 0xf5, 0x0, 0x8f, 0x50, 0x8, 0xf5, 0x0,
    0x8f, 0x50, 0x8, 0xf5,

    /* U+00BA "º" */
    0x5, 0xdf, 0xd6, 0x4, 0xfe, 0x9d, 0xf6, 0xbf,
    0x30, 0x2f, 0xdd, 0xf0, 0x0, 0xef, 0xbf, 0x40,
    0x2f, 0xd4, 0xfe, 0x9e, 0xf5, 0x5, 0xdf, 0xd6,
    0x0,

    /* U+00BB "»" */
    0xb, 0xfb, 0x0, 0x9f, 0xd1, 0x0, 0x0, 0xb,
    0xfb, 0x0, 0x9f, 0xd1, 0x0, 0x0, 0xb, 0xfb,
    0x0, 0x9f, 0xd1, 0x0, 0x0, 0xc, 0xfa, 0x0,
    0xaf, 0xc1, 0x0, 0x0, 0x3f, 0xf5, 0x1, 0xff,
    0x80, 0x0, 0x2e, 0xf7, 0x1, 0xcf, 0xa0, 0x0,
    0x2e, 0xf7, 0x0, 0xcf, 0xa0, 0x0, 0x1d, 0xf8,
    0x0, 0xcf, 0xa0, 0x0, 0x9, 0xc7, 0x0, 0x8c,
    0x90, 0x0, 0x0,

    /* U+00BC "¼" */
    0x7, 0xf4, 0x0, 0x0, 0x0, 0x1f, 0xe0, 0x0,
    0xc, 0xff, 0x40, 0x0, 0x0, 0xa, 0xf5, 0x0,
    0x0, 0x28, 0xf4, 0x0, 0x0, 0x3, 0xfc, 0x0,
    0x0, 0x0, 0x6f, 0x40, 0x0, 0x0, 0xcf, 0x30,
    0x0, 0x0, 0x6, 0xf4, 0x0, 0x0, 0x5f, 0xa0,
    0x0, 0x0, 0x0, 0x6f, 0x40, 0x0, 0xe, 0xf1,
    0x0, 0x0, 0x0, 0x6, 0xf4, 0x0, 0x7, 0xf7,
    0x0, 0x0, 0x0, 0x0, 0x1, 0x0, 0x1, 0xfe,
    0x0, 0x0, 0x5b, 0x90, 0x0, 0x0, 0x0, 0x9f,
    0x50, 0x0, 0x1f, 0xfe, 0x0, 0x0, 0x0, 0x3f,
    0xc0, 0x0, 0xa, 0xee, 0xe0, 0x0, 0x0, 0xc,
    0xf3, 0x0, 0x4, 0xf5, 0xee, 0x0, 0x0, 0x5,
    0xfa, 0x0, 0x0, 0xdc, 0x2e, 0xe1, 0x0, 0x0,
    0xdf, 0x10, 0x0, 0x3f, 0xff, 0xff, 0xe0, 0x0,
    0x7f, 0x80, 0x0, 0x0, 0x44, 0x4e, 0xe4, 0x0,
    0xb, 0xb0, 0x0, 0x0, 0x0, 0x0, 0xbb, 0x0,

    /* U+00BD "½" */
    0x7, 0xf4, 0x0, 0x0, 0x0, 0x1f, 0xd0, 0x0,
    0x0, 0xcf, 0xf4, 0x0, 0x0, 0x0, 0xaf, 0x50,
    0x0, 0x0, 0x18, 0xf4, 0x0, 0x0, 0x4, 0xfb,
    0x0, 0x0, 0x0, 0x6, 0xf4, 0x0, 0x0, 0xd,
    0xf2, 0x0, 0x0, 0x0, 0x6, 0xf4, 0x0, 0x0,
    0x6f, 0x80, 0x0, 0x0, 0x0, 0x6, 0xf4, 0x0,
    0x1, 0xee, 0x0, 0x0, 0x0, 0x0, 0x6, 0xf4,
    0x0, 0x9, 0xf5, 0x0, 0x0, 0x0, 0x0, 0x0,
    0x0, 0x0, 0x3f, 0xc0, 0x0, 0x4d, 0xfb, 0x20,
    0x0, 0x0, 0x0, 0xcf, 0x30, 0x1, 0xfe, 0x9f,
    0xd0, 0x0, 0x0, 0x5, 0xf9, 0x0, 0x4, 0xc4,
    0xc, 0xf0, 0x0, 0x0, 0xe, 0xe1, 0x0, 0x0,
    0x0, 0x4f, 0xb0, 0x0, 0x0, 0x8f, 0x60, 0x0,
    0x0, 0x5, 0xfd, 0x10, 0x0, 0x2, 0xfd, 0x0,
    0x0, 0x0, 0x8f, 0xc3, 0x20, 0x0, 0xb, 0xf4,
    0x0, 0x0, 0x4, 0xff, 0xff, 0xf2, 0x0, 0x5,
    0x40, 0x0, 0x0, 0x1, 0x55, 0x55, 0x50,

    /* U+00BE "¾" */
    0x0, 0x1, 0x0, 0x0, 0x0, 0x0, 0x0, 0x0,
    0x0, 0x0, 0x4e, 0xfe, 0x50, 0x0, 0x0, 0x5,
    0xd8, 0x0, 0x0, 0xe, 0xd5, 0xdf, 0x0, 0x0,
    0x0, 0xef, 0x10, 0x0, 0x0, 0x42, 0x1b, 0xf0,
    0x0, 0x0, 0x7f, 0x70, 0x0, 0x0, 0x0, 0x5f,
    0xf5, 0x0, 0x0, 0x1f, 0xe0, 0x0, 0x0, 0x0,
    0x1, 0x4c, 0xe1, 0x0, 0xa, 0xf5, 0x0, 0x0,
    0x0, 0x2f, 0xa2, 0xbf, 0x20, 0x3, 0xfc, 0x0,
    0x0, 0x0, 0x0, 0x8f, 0xff, 0x90, 0x0, 0xcf,
    0x30, 0x0, 0x0, 0x0, 0x0, 0x24, 0x20, 0x0,
    0x5f, 0x90, 0x0, 0x8, 0xa5, 0x0, 0x0, 0x0,
    0x0, 0xe, 0xf1, 0x0, 0x6, 0xff, 0x80, 0x0,
    0x0, 0x0, 0x8, 0xf7, 0x0, 0x1, 0xed, 0xf8,
    0x0, 0x0, 0x0, 0x2, 0xfd, 0x0, 0x0, 0x9e,
    0x5f, 0x80, 0x0, 0x0, 0x0, 0xaf, 0x40, 0x0,
    0x3f, 0x85, 0xf9, 0x10, 0x0, 0x0, 0x3f, 0xb0,
    0x0, 0x8, 0xff, 0xff, 0xf8, 0x0, 0x0, 0xc,
    0xf2, 0x0, 0x0, 0x24, 0x47, 0xfa, 0x20, 0x0,
    0x4, 0xc8, 0x0, 0x0, 0x0, 0x0, 0x2c, 0x60,

    /* U+00BF "¿" */
    0x0, 0x1, 0xdd, 0x10, 0x0, 0x0, 0x4, 0xff,
    0x50, 0x0, 0x0, 0x0, 0xaa, 0x0, 0x0, 0x0,
    0x0, 0x0, 0x0, 0x0, 0x0, 0x1, 0xdd, 0x20,
    0x0, 0x0, 0x4, 0xff, 0x10, 0x0, 0x0, 0x2e,
    0xfb, 0x0, 0x0, 0x4, 0xef, 0xd1, 0x0, 0x0,
    0x2f, 0xfb, 0x0, 0x0, 0x0, 0xbf, 0xc0, 0x0,
    0x0, 0x0, 0xff, 0x60, 0x0, 0x5, 0xb7, 0xef,
    0x80, 0x0, 0xb, 0xf9, 0x9f, 0xf6, 0x1, 0x8f,
    0xf4, 0x1d, 0xff, 0xff, 0xff, 0x90, 0x1, 0x9e,
    0xff, 0xc5, 0x0, 0x0, 0x0, 0x0, 0x0, 0x0,

    /* U+00C0 "À" */
    0x0, 0x0, 0x2b, 0xa0, 0x0, 0x0, 0x0, 0x0,
    0x0, 0x0, 0xcf, 0x50, 0x0, 0x0, 0x0, 0x0,
    0x0, 0x3, 0xfc, 0x0, 0x0, 0x0, 0x0, 0x0,
    0x0, 0xa, 0xf3, 0x0, 0x0, 0x0, 0x0, 0x0,
    0x0, 0x0, 0x0, 0x0, 0x0, 0x0, 0x0, 0x0,
    0x0, 0x0, 0x0, 0x0, 0x0, 0x0, 0x0, 0x3,
    0xff, 0xf2, 0x0, 0x0, 0x0, 0x0, 0x0, 0x9f,
    0xff, 0x70, 0x0, 0x0, 0x0, 0x0, 0xe, 0xff,
    0xfd, 0x0, 0x0, 0x0, 0x0, 0x4, 0xff, 0x6f,
    0xf2, 0x0, 0x0, 0x0, 0x0, 0x9f, 0xd0, 0xef,
    0x80, 0x0, 0x0, 0x0, 0xe, 0xf8, 0x9, 0xfd,
    0x0, 0x0, 0x0, 0x4, 0xff, 0x30, 0x4f, 0xf3,
    0x0, 0x0, 0x0, 0xaf, 0xd0, 0x0, 0xef, 0x80,
    0x0, 0x0, 0xf, 0xf8, 0x0, 0x9, 0xfe, 0x0,
    0x0, 0x5, 0xff, 0x52, 0x22, 0x6f, 0xf3, 0x0,
    0x0, 0xaf, 0xff, 0xff, 0xff, 0xff, 0x90, 0x0,
    0xf, 0xff, 0xff, 0xff, 0xff, 0xfe, 0x0, 0x5,
    0xff, 0x30, 0x0, 0x0, 0x4f, 0xf4, 0x0, 0xbf,
    0xd0, 0x0, 0x0, 0x0, 0xef, 0x90, 0xf, 0xf7,
    0x0, 0x0, 0x0, 0x8, 0xff, 0x0,

    /* U+00C1 "Á" */
    0x0, 0x0, 0x0, 0x0, 0xab, 0x30, 0x0, 0x0,
    0x0, 0x0, 0x0, 0x4f, 0xc0, 0x0, 0x0, 0x0,
    0x0, 0x0, 0xc, 0xf3, 0x0, 0x0, 0x0, 0x0,
    0x0, 0x3, 0xfa, 0x0, 0x0, 0x0, 0x0, 0x0,
    0x0, 0x0, 0x0, 0x0, 0x0, 0x0, 0x0, 0x0,
    0x0, 0x0, 0x0, 0x0, 0x0, 0x0, 0x0, 0x3,
    0xff, 0xf2, 0x0, 0x0, 0x0, 0x0, 0x0, 0x9f,
    0xff, 0x70, 0x0, 0x0, 0x0, 0x0, 0xe, 0xff,
    0xfd, 0x0, 0x0, 0x0, 0x0, 0x4, 0xff, 0x6f,
    0xf2, 0x0, 0x0, 0x0, 0x0, 0x9f, 0xd0, 0xef,
    0x80, 0x0, 0x0, 0x0, 0xe, 0xf8, 0x9, 0xfd,
    0x0, 0x0, 0x0, 0x4, 0xff, 0x30, 0x4f, 0xf3,
    0x0, 0x0, 0x0, 0xaf, 0xd0, 0x0, 0xef, 0x80,
    0x0, 0x0, 0xf, 0xf8, 0x0, 0x9, 0xfe, 0x0,
    0x0, 0x5, 0xff, 0x52, 0x22, 0x6f, 0xf3, 0x0,
    0x0, 0xaf, 0xff, 0xff, 0xff, 0xff, 0x90, 0x0,
    0xf, 0xff, 0xff, 0xff, 0xff, 0xfe, 0x0, 0x5,
    0xff, 0x30, 0x0, 0x0, 0x4f, 0xf4, 0x0, 0xbf,
    0xd0, 0x0, 0x0, 0x0, 0xef, 0x90, 0xf, 0xf7,
    0x0, 0x0, 0x0, 0x8, 0xff, 0x0,

    /* U+00C2 "Â" */
    0x0, 0x0, 0x0, 0x58, 0x50, 0x0, 0x0, 0x0,
    0x0, 0x0, 0x4f, 0xef, 0x40, 0x0, 0x0, 0x0,
    0x0, 0x2f, 0xc1, 0xde, 0x20, 0x0, 0x0, 0x0,
    0x5, 0x81, 0x2, 0x85, 0x0, 0x0, 0x0, 0x0,
    0x0, 0x0, 0x0, 0x0, 0x0, 0x0, 0x0, 0x0,
    0x3f, 0xff, 0x20, 0x0, 0x0, 0x0, 0x0, 0x9,
    0xff, 0xf7, 0x0, 0x0, 0x0, 0x0, 0x0, 0xef,
    0xff, 0xd0, 0x0, 0x0, 0x0, 0x0, 0x4f, 0xf6,
    0xff, 0x20, 0x0, 0x0, 0x0, 0x9, 0xfd, 0xe,
    0xf8, 0x0, 0x0, 0x0, 0x0, 0xef, 0x80, 0x9f,
    0xd0, 0x0, 0x0, 0x0, 0x4f, 0xf3, 0x4, 0xff,
    0x30, 0x0, 0x0, 0xa, 0xfd, 0x0, 0xe, 0xf8,
    0x0, 0x0, 0x0, 0xff, 0x80, 0x0, 0x9f, 0xe0,
    0x0, 0x0, 0x5f, 0xf5, 0x22, 0x26, 0xff, 0x30,
    0x0, 0xa, 0xff, 0xff, 0xff, 0xff, 0xf9, 0x0,
    0x0, 0xff, 0xff, 0xff, 0xff, 0xff, 0xe0, 0x0,
    0x5f, 0xf3, 0x0, 0x0, 0x4, 0xff, 0x40, 0xb,
    0xfd, 0x0, 0x0, 0x0, 0xe, 0xf9, 0x0, 0xff,
    0x70, 0x0, 0x0, 0x0, 0x8f, 0xf0,

    /* U+00C3 "Ã" */
    0x0, 0x0, 0x6, 0x72, 0x6, 0x50, 0x0, 0x0,
    0x0, 0x6, 0xff, 0xfa, 0xf9, 0x0, 0x0, 0x0,
    0x0, 0xbc, 0x19, 0xed, 0x20, 0x0, 0x0, 0x0,
    0x0, 0x0, 0x0, 0x0, 0x0, 0x0, 0x0, 0x0,
    0x0, 0x0, 0x0, 0x0, 0x0, 0x0, 0x0, 0x0,
    0x3f, 0xff, 0x20, 0x0, 0x0, 0x0, 0x0, 0x9,
    0xff, 0xf7, 0x0, 0x0, 0x0, 0x0, 0x0, 0xef,
    0xff, 0xd0, 0x0, 0x0, 0x0, 0x0, 0x4f, 0xf6,
    0xff, 0x20, 0x0, 0x0, 0x0, 0x9, 0xfd, 0xe,
    0xf8, 0x0, 0x0, 0x0, 0x0, 0xef, 0x80, 0x9f,
    0xd0, 0x0, 0x0, 0x0, 0x4f, 0xf3, 0x4, 0xff,
    0x30, 0x0, 0x0, 0xa, 0xfd, 0x0, 0xe, 0xf8,
    0x0, 0x0, 0x0, 0xff, 0x80, 0x0, 0x9f, 0xe0,
    0x0, 0x0, 0x5f, 0xf5, 0x22, 0x26, 0xff, 0x30,
    0x0, 0xa, 0xff, 0xff, 0xff, 0xff, 0xf9, 0x0,
    0x0, 0xff, 0xff, 0xff, 0xff, 0xff, 0xe0, 0x0,
    0x5f, 0xf3, 0x0, 0x0, 0x4, 0xff, 0x40, 0xb,
    0xfd, 0x0, 0x0, 0x0, 0xe, 0xf9, 0x0, 0xff,
    0x70, 0x0, 0x0, 0x0, 0x8f, 0xf0,

    /* U+00C4 "Ä" */
    0x0, 0x0, 0x8f, 0x70, 0x8f, 0x70, 0x0, 0x0,
    0x0, 0xe, 0xfc, 0xd, 0xfd, 0x0, 0x0, 0x0,
    0x0, 0x5c, 0x40, 0x5c, 0x40, 0x0, 0x0, 0x0,
    0x0, 0x0, 0x0, 0x0, 0x0, 0x0, 0x0, 0x0,
    0x3, 0xff, 0xf2, 0x0, 0x0, 0x0, 0x0, 0x0,
    0x9f, 0xff, 0x70, 0x0, 0x0, 0x0, 0x0, 0xe,
    0xff, 0xfd, 0x0, 0x0, 0x0, 0x0, 0x4, 0xff,
    0x6f, 0xf2, 0x0, 0x0, 0x0, 0x0, 0x9f, 0xd0,
    0xef, 0x80, 0x0, 0x0, 0x0, 0xe, 0xf8, 0x9,
    0xfd, 0x0, 0x0, 0x0, 0x4, 0xff, 0x30, 0x4f,
    0xf3, 0x0, 0x0, 0x0, 0xaf, 0xd0, 0x0, 0xef,
    0x80, 0x0, 0x0, 0xf, 0xf8, 0x0, 0x9, 0xfe,
    0x0, 0x0, 0x5, 0xff, 0x52, 0x22, 0x6f, 0xf3,
    0x0, 0x0, 0xaf, 0xff, 0xff, 0xff, 0xff, 0x90,
    0x0, 0xf, 0xff, 0xff, 0xff, 0xff, 0xfe, 0x0,
    0x5, 0xff, 0x30, 0x0, 0x0, 0x4f, 0xf4, 0x0,
    0xbf, 0xd0, 0x0, 0x0, 0x0, 0xef, 0x90, 0xf,
    0xf7, 0x0, 0x0, 0x0, 0x8, 0xff, 0x0,

    /* U+00C5 "Å" */
    0x0, 0x0, 0x0, 0x1, 0x0, 0x0, 0x0, 0x0,
    0x0, 0x0, 0x3e, 0xfd, 0x20, 0x0, 0x0, 0x0,
    0x0, 0xd, 0xd6, 0xdc, 0x0, 0x0, 0x0, 0x0,
    0x1, 0xf5, 0x6, 0xf0, 0x0, 0x0, 0x0, 0x0,
    0xf, 0xa0, 0xae, 0x0, 0x0, 0x0, 0x0, 0x0,
    0x6f, 0xff, 0x50, 0x0, 0x0, 0x0, 0x0, 0x0,
    0x47, 0x30, 0x0, 0x0, 0x0, 0x0, 0x0, 0x0,
    0x0, 0x0, 0x0, 0x0, 0x0, 0x0, 0x3, 0xff,
    0xf2, 0x0, 0x0, 0x0, 0x0, 0x0, 0x9f, 0xff,
    0x70, 0x0, 0x0, 0x0, 0x0, 0xe, 0xff, 0xfd,
    0x0, 0x0, 0x0, 0x0, 0x4, 0xff, 0x6f, 0xf2,
    0x0, 0x0, 0x0, 0x0, 0x9f, 0xd0, 0xef, 0x80,
    0x0, 0x0, 0x0, 0xe, 0xf8, 0x9, 0xfd, 0x0,
    0x0, 0x0, 0x4, 0xff, 0x30, 0x4f, 0xf3, 0x0,
    0x0, 0x0, 0xaf, 0xd0, 0x0, 0xef, 0x80, 0x0,
    0x0, 0xf, 0xf8, 0x0, 0x9, 0xfe, 0x0, 0x0,
    0x5, 0xff, 0x52, 0x22, 0x6f, 0xf3, 0x0, 0x0,
    0xaf, 0xff, 0xff, 0xff, 0xff, 0x90, 0x0, 0xf,
    0xff, 0xff, 0xff, 0xff, 0xfe, 0x0, 0x5, 0xff,
    0x30, 0x0, 0x0, 0x4f, 0xf4, 0x0, 0xbf, 0xd0,
    0x0, 0x0, 0x0, 0xef, 0x90, 0xf, 0xf7, 0x0,
    0x0, 0x0, 0x8, 0xff, 0x0,

    /* U+00C6 "Æ" */
    0x0, 0x0, 0x0, 0x2, 0xff, 0xff, 0xff, 0xff,
    0xff, 0xf3, 0x0, 0x0, 0x0, 0x9, 0xff, 0xff,
    0xff, 0xff, 0xff, 0xf3, 0x0, 0x0, 0x0, 0x1f,
    0xfd, 0xfd, 0x11, 0x11, 0x11, 0x10, 0x0, 0x0,
    0x0, 0x9f, 0xe8, 0xfd, 0x0, 0x0, 0x0, 0x0,
    0x0, 0x0, 0x1, 0xff, 0x77, 0xfd, 0x0, 0x0,
    0x0, 0x0, 0x0, 0x0, 0x9, 0xff, 0x7, 0xfd,
    0x0, 0x0, 0x0, 0x0, 0x0, 0x0, 0x1f, 0xf8,
    0x7, 0xff, 0xff, 0xff, 0xff, 0x40, 0x0, 0x0,
    0x8f, 0xf1, 0x7, 0xff, 0xff, 0xff, 0xff, 0x40,
    0x0, 0x1, 0xff, 0x90, 0x7, 0xfd, 0x11, 0x11,
    0x11, 0x0, 0x0, 0x8, 0xff, 0x31, 0x18, 0xfd,
    0x0, 0x0, 0x0, 0x0, 0x0, 0x1f, 0xff, 0xff,
    0xff, 0xfd, 0x0, 0x0, 0x0, 0x0, 0x0, 0x7f,
    0xff, 0xff, 0xff, 0xfd, 0x0, 0x0, 0x0, 0x0,
    0x0, 0xef, 0xa0, 0x0, 0x7, 0xfd, 0x11, 0x11,
    0x11, 0x10, 0x7, 0xff, 0x10, 0x0, 0x7, 0xff,
    0xff, 0xff, 0xff, 0xf4, 0xe, 0xf8, 0x0, 0x0,
    0x7, 0xff, 0xff, 0xff, 0xff, 0xf4,

    /* U+00C7 "Ç" */
    0x0, 0x1, 0x8d, 0xff, 0xea, 0x30, 0x0, 0x0,
    0x5f, 0xff, 0xff, 0xff, 0xf8, 0x0, 0x4, 0xff,
    0xe7, 0x33, 0x5c, 0xff, 0x60, 0xe, 0xfd, 0x10,
    0x0, 0x0, 0xaf, 0xe0, 0x6f, 0xf2, 0x0, 0x0,
    0x0, 0x1f, 0xf5, 0xbf, 0xb0, 0x0, 0x0, 0x0,
    0x2, 0x31, 0xef, 0x80, 0x0, 0x0, 0x0, 0x0,
    0x0, 0xff, 0x60, 0x0, 0x0, 0x0, 0x0, 0x0,
    0xef, 0x70, 0x0, 0x0, 0x0, 0x0, 0x0, 0xcf,
    0xb0, 0x0, 0x0, 0x0, 0x1, 0x21, 0x7f, 0xf2,
    0x0, 0x0, 0x0, 0xf, 0xf6, 0x1e, 0xfc, 0x10,
    0x0, 0x0, 0x9f, 0xf1, 0x5, 0xff, 0xe6, 0x22,
    0x4b, 0xff, 0x70, 0x0, 0x6f, 0xff, 0xff, 0xff,
    0xf9, 0x0, 0x0, 0x2, 0x9d, 0xff, 0xeb, 0x50,
    0x0, 0x0, 0x0, 0x2, 0xf5, 0x0, 0x0, 0x0,
    0x0, 0x0, 0x9, 0xff, 0xc2, 0x0, 0x0, 0x0,
    0x0, 0x0, 0x21, 0xe9, 0x0, 0x0, 0x0, 0x0,
    0x1, 0x13, 0xf8, 0x0, 0x0, 0x0, 0x0, 0xb,
    0xff, 0xc1, 0x0, 0x0, 0x0, 0x0, 0x1, 0x32,
    0x0, 0x0, 0x0,

    /* U+00C8 "È" */
    0x0, 0xa, 0xa1, 0x0, 0x0, 0x0, 0x0, 0x9f,
    0x80, 0x0, 0x0, 0x0, 0x1, 0xee, 0x0, 0x0,
    0x0, 0x0, 0x7, 0xf6, 0x0, 0x0, 0x0, 0x0,
    0x0, 0x0, 0x0, 0x0, 0x0, 0x0, 0x0, 0x0,
    0x0, 0x5f, 0xff, 0xff, 0xff, 0xff, 0x55, 0xff,
    0xff, 0xff, 0xff, 0xf5, 0x5f, 0xf1, 0x11, 0x11,
    0x11, 0x5, 0xff, 0x0, 0x0, 0x0, 0x0, 0x5f,
    0xf0, 0x0, 0x0, 0x0, 0x5, 0xff, 0x0, 0x0,
    0x0, 0x0, 0x5f, 0xff, 0xff, 0xff, 0xf6, 0x5,
    0xff, 0xff, 0xff, 0xff, 0x60, 0x5f, 0xf1, 0x11,
    0x11, 0x10, 0x5, 0xff, 0x0, 0x0, 0x0, 0x0,
    0x5f, 0xf0, 0x0, 0x0, 0x0, 0x5, 0xff, 0x0,
    0x0, 0x0, 0x0, 0x5f, 0xf1, 0x11, 0x11, 0x11,
    0x5, 0xff, 0xff, 0xff, 0xff, 0xf7, 0x5f, 0xff,
    0xff, 0xff, 0xff, 0x70,

    /* U+00C9 "É" */
    0x0, 0x0, 0x0, 0x7b, 0x50, 0x0, 0x0, 0x0,
    0x1f, 0xe1, 0x0, 0x0, 0x0, 0x8, 0xf6, 0x0,
    0x0, 0x0, 0x0, 0xfd, 0x0, 0x0, 0x0, 0x0,
    0x0, 0x0, 0x0, 0x0, 0x0, 0x0, 0x0, 0x0,
    0x0, 0x5f, 0xff, 0xff, 0xff, 0xff, 0x55, 0xff,
    0xff, 0xff, 0xff, 0xf5, 0x5f, 0xf1, 0x11, 0x11,
    0x11, 0x5, 0xff, 0x0, 0x0, 0x0, 0x0, 0x5f,
    0xf0, 0x0, 0x0, 0x0, 0x5, 0xff, 0x0, 0x0,
    0x0, 0x0, 0x5f, 0xff, 0xff, 0xff, 0xf6, 0x5,
    0xff, 0xff, 0xff, 0xff, 0x60, 0x5f, 0xf1, 0x11,
    0x11, 0x10, 0x5, 0xff, 0x0, 0x0, 0x0, 0x0,
    0x5f, 0xf0, 0x0, 0x0, 0x0, 0x5, 0xff, 0x0,
    0x0, 0x0, 0x0, 0x5f, 0xf1, 0x11, 0x11, 0x11,
    0x5, 0xff, 0xff, 0xff, 0xff, 0xf7, 0x5f, 0xff,
    0xff, 0xff, 0xff, 0x70,

    /* U+00CA "Ê" */
    0x0, 0x0, 0x38, 0x60, 0x0, 0x0, 0x0, 0x2e,
    0xef, 0x70, 0x0, 0x0, 0x1d, 0xe1, 0xaf, 0x40,
    0x0, 0x4, 0x83, 0x0, 0x77, 0x0, 0x0, 0x0,
    0x0, 0x0, 0x0, 0x5, 0xff, 0xff, 0xff, 0xff,
    0xf5, 0x5f, 0xff, 0xff, 0xff, 0xff, 0x55, 0xff,
    0x11, 0x11, 0x11, 0x10, 0x5f, 0xf0, 0x0, 0x0,
    0x0, 0x5, 0xff, 0x0, 0x0, 0x0, 0x0, 0x5f,
    0xf0, 0x0, 0x0, 0x0, 0x5, 0xff, 0xff, 0xff,
    0xff, 0x60, 0x5f, 0xff, 0xff, 0xff, 0xf6, 0x5,
    0xff, 0x11, 0x11, 0x11, 0x0, 0x5f, 0xf0, 0x0,
    0x0, 0x0, 0x5, 0xff, 0x0, 0x0, 0x0, 0x0,
    0x5f, 0xf0, 0x0, 0x0, 0x0, 0x5, 0xff, 0x11,
    0x11, 0x11, 0x10, 0x5f, 0xff, 0xff, 0xff, 0xff,
    0x75, 0xff, 0xff, 0xff, 0xff, 0xf7,

    /* U+00CB "Ë" */
    0x0, 0x5f, 0x90, 0x5f, 0xa0, 0x0, 0xb, 0xff,
    0xa, 0xff, 0x0, 0x0, 0x3b, 0x60, 0x3b, 0x70,
    0x0, 0x0, 0x0, 0x0, 0x0, 0x0, 0x5f, 0xff,
    0xff, 0xff, 0xff, 0x55, 0xff, 0xff, 0xff, 0xff,
    0xf5, 0x5f, 0xf1, 0x11, 0x11, 0x11, 0x5, 0xff,
    0x0, 0x0, 0x0, 0x0, 0x5f, 0xf0, 0x0, 0x0,
    0x0, 0x5, 0xff, 0x0, 0x0, 0x0, 0x0, 0x5f,
    0xff, 0xff, 0xff, 0xf6, 0x5, 0xff, 0xff, 0xff,
    0xff, 0x60, 0x5f, 0xf1, 0x11, 0x11, 0x10, 0x5,
    0xff, 0x0, 0x0, 0x0, 0x0, 0x5f, 0xf0, 0x0,
    0x0, 0x0, 0x5, 0xff, 0x0, 0x0, 0x0, 0x0,
    0x5f, 0xf1, 0x11, 0x11, 0x11, 0x5, 0xff, 0xff,
    0xff, 0xff, 0xf7, 0x5f, 0xff, 0xff, 0xff, 0xff,
    0x70,

    /* U+00CC "Ì" */
    0x9, 0xb3, 0x0, 0x6, 0xfb, 0x0, 0x0, 0xdf,
    0x20, 0x0, 0x4f, 0x90, 0x0, 0x0, 0x0, 0x0,
    0x0, 0x0, 0x0, 0x5f, 0xf0, 0x0, 0x5f, 0xf0,
    0x0, 0x5f, 0xf0, 0x0, 0x5f, 0xf0, 0x0, 0x5f,
    0xf0, 0x0, 0x5f, 0xf0, 0x0, 0x5f, 0xf0, 0x0,
    0x5f, 0xf0, 0x0, 0x5f, 0xf0, 0x0, 0x5f, 0xf0,
    0x0, 0x5f, 0xf0, 0x0, 0x5f, 0xf0, 0x0, 0x5f,
    0xf0, 0x0, 0x5f, 0xf0, 0x0, 0x5f, 0xf0,

    /* U+00CD "Í" */
    0x0, 0x5b, 0x70, 0xe, 0xf3, 0x6, 0xf9, 0x0,
    0xdf, 0x10, 0x0, 0x0, 0x0, 0x0, 0x0, 0x5f,
    0xf0, 0x5, 0xff, 0x0, 0x5f, 0xf0, 0x5, 0xff,
    0x0, 0x5f, 0xf0, 0x5, 0xff, 0x0, 0x5f, 0xf0,
    0x5, 0xff, 0x0, 0x5f, 0xf0, 0x5, 0xff, 0x0,
    0x5f, 0xf0, 0x5, 0xff, 0x0, 0x5f, 0xf0, 0x5,
    0xff, 0x0, 0x5f, 0xf0, 0x0,

    /* U+00CE "Î" */
    0x0, 0x6f, 0xf2, 0x0, 0x2, 0xfc, 0xed, 0x0,
    0xd, 0xf1, 0x5f, 0x90, 0x38, 0x40, 0x6, 0x70,
    0x0, 0x0, 0x0, 0x0, 0x0, 0x5f, 0xf0, 0x0,
    0x0, 0x5f, 0xf0, 0x0, 0x0, 0x5f, 0xf0, 0x0,
    0x0, 0x5f, 0xf0, 0x0, 0x0, 0x5f, 0xf0, 0x0,
    0x0, 0x5f, 0xf0, 0x0, 0x0, 0x5f, 0xf0, 0x0,
    0x0, 0x5f, 0xf0, 0x0, 0x0, 0x5f, 0xf0, 0x0,
    0x0, 0x5f, 0xf0, 0x0, 0x0, 0x5f, 0xf0, 0x0,
    0x0, 0x5f, 0xf0, 0x0, 0x0, 0x5f, 0xf0, 0x0,
    0x0, 0x5f, 0xf0, 0x0, 0x0, 0x5f, 0xf0, 0x0,

    /* U+00CF "Ï" */
    0x3e, 0xc0, 0x3e, 0xc0, 0x8f, 0xf2, 0x7f, 0xf3,
    0x2b, 0x80, 0x1b, 0x90, 0x0, 0x0, 0x0, 0x0,
    0x0, 0x5f, 0xf0, 0x0, 0x0, 0x5f, 0xf0, 0x0,
    0x0, 0x5f, 0xf0, 0x0, 0x0, 0x5f, 0xf0, 0x0,
    0x0, 0x5f, 0xf0, 0x0, 0x0, 0x5f, 0xf0, 0x0,
    0x0, 0x5f, 0xf0, 0x0, 0x0, 0x5f, 0xf0, 0x0,
    0x0, 0x5f, 0xf0, 0x0, 0x0, 0x5f, 0xf0, 0x0,
    0x0, 0x5f, 0xf0, 0x0, 0x0, 0x5f, 0xf0, 0x0,
    0x0, 0x5f, 0xf0, 0x0, 0x0, 0x5f, 0xf0, 0x0,
    0x0, 0x5f, 0xf0, 0x0,

    /* U+00D0 "Ð" */
    0x0, 0x7f, 0xff, 0xff, 0xec, 0x60, 0x0, 0x0,
    0x7, 0xff, 0xff, 0xff, 0xff, 0xd2, 0x0, 0x0,
    0x7f, 0xe1, 0x11, 0x38, 0xff, 0xe1, 0x0, 0x7,
    0xfe, 0x0, 0x0, 0x2, 0xef, 0xb0, 0x0, 0x7f,
    0xe0, 0x0, 0x0, 0x5, 0xff, 0x20, 0x7, 0xfe,
    0x0, 0x0, 0x0, 0xe, 0xf7, 0x5f, 0xff, 0xff,
    0xfe, 0x0, 0x0, 0xbf, 0xa5, 0xff, 0xff, 0xff,
    0xe0, 0x0, 0x9, 0xfb, 0x0, 0x7f, 0xe0, 0x0,
    0x0, 0x0, 0xbf, 0xa0, 0x7, 0xfe, 0x0, 0x0,
    0x0, 0xe, 0xf7, 0x0, 0x7f, 0xe0, 0x0, 0x0,
    0x5, 0xff, 0x20, 0x7, 0xfe, 0x0, 0x0, 0x2,
    0xef, 0xb0, 0x0, 0x7f, 0xe1, 0x11, 0x38, 0xff,
    0xe1, 0x0, 0x7, 0xff, 0xff, 0xff, 0xff, 0xd2,
    0x0, 0x0, 0x7f, 0xff, 0xff, 0xec, 0x60, 0x0,
    0x0,

    /* U+00D1 "Ñ" */
    0x0, 0x0, 0x67, 0x20, 0x66, 0x0, 0x0, 0x0,
    0x6f, 0xff, 0xaf, 0x90, 0x0, 0x0, 0xa, 0xc1,
    0x9e, 0xd2, 0x0, 0x0, 0x0, 0x0, 0x0, 0x0,
    0x0, 0x0, 0x0, 0x0, 0x0, 0x0, 0x0, 0x0,
    0x5, 0xff, 0x20, 0x0, 0x0, 0xf, 0xf6, 0x5f,
    0xfc, 0x0, 0x0, 0x0, 0xff, 0x65, 0xff, 0xf7,
    0x0, 0x0, 0xf, 0xf6, 0x5f, 0xff, 0xf2, 0x0,
    0x0, 0xff, 0x65, 0xff, 0xdf, 0xc0, 0x0, 0xf,
    0xf6, 0x5f, 0xf3, 0xff, 0x80, 0x0, 0xff, 0x65,
    0xff, 0x8, 0xff, 0x30, 0xf, 0xf6, 0x5f, 0xf0,
    0xd, 0xfd, 0x0, 0xff, 0x65, 0xff, 0x0, 0x2f,
    0xf8, 0xf, 0xf6, 0x5f, 0xf0, 0x0, 0x7f, 0xf3,
    0xff, 0x65, 0xff, 0x0, 0x0, 0xcf, 0xdf, 0xf6,
    0x5f, 0xf0, 0x0, 0x2, 0xff, 0xff, 0x65, 0xff,
    0x0, 0x0, 0x7, 0xff, 0xf6, 0x5f, 0xf0, 0x0,
    0x0, 0xb, 0xff, 0x65, 0xff, 0x0, 0x0, 0x0,
    0x2f, 0xf6,

    /* U+00D2 "Ò" */
    0x0, 0x0, 0x5b, 0x80, 0x0, 0x0, 0x0, 0x0,
    0x0, 0x1, 0xef, 0x20, 0x0, 0x0, 0x0, 0x0,
    0x0, 0x6, 0xf9, 0x0, 0x0, 0x0, 0x0, 0x0,
    0x0, 0xd, 0xf1, 0x0, 0x0, 0x0, 0x0, 0x0,
    0x0, 0x0, 0x0, 0x0, 0x0, 0x0, 0x0, 0x0,
    0x0, 0x0, 0x0, 0x0, 0x0, 0x0, 0x1, 0x7c,
    0xef, 0xea, 0x40, 0x0, 0x0, 0x4, 0xef, 0xff,
    0xff, 0xff, 0xb0, 0x0, 0x4, 0xff, 0xe8, 0x43,
    0x5b, 0xff, 0xc0, 0x0, 0xef, 0xd1, 0x0, 0x0,
    0x6, 0xff, 0x70, 0x6f, 0xf3, 0x0, 0x0, 0x0,
    0xa, 0xfe, 0xb, 0xfc, 0x0, 0x0, 0x0, 0x0,
    0x3f, 0xf4, 0xef, 0x80, 0x0, 0x0, 0x0, 0x0,
    0xff, 0x7f, 0xf6, 0x0, 0x0, 0x0, 0x0, 0xe,
    0xf8, 0xef, 0x80, 0x0, 0x0, 0x0, 0x0, 0xff,
    0x7b, 0xfc, 0x0, 0x0, 0x0, 0x0, 0x3f, 0xf4,
    0x6f, 0xf3, 0x0, 0x0, 0x0, 0xb, 0xfe, 0x0,
    0xef, 0xd2, 0x0, 0x0, 0x7, 0xff, 0x70, 0x4,
    0xff, 0xe8, 0x43, 0x5b, 0xff, 0xc0, 0x0, 0x4,
    0xef, 0xff, 0xff, 0xff, 0xb0, 0x0, 0x0, 0x1,
    0x7c, 0xef, 0xea, 0x40, 0x0, 0x0,

    /* U+00D3 "Ó" */
    0x0, 0x0, 0x0, 0x1, 0xaa, 0x10, 0x0, 0x0,
    0x0, 0x0, 0x0, 0x7f, 0x90, 0x0, 0x0, 0x0,
    0x0, 0x0, 0xe, 0xf1, 0x0, 0x0, 0x0, 0x0,
    0x0, 0x6, 0xf7, 0x0, 0x0, 0x0, 0x0, 0x0,
    0x0, 0x0, 0x0, 0x0, 0x0, 0x0, 0x0, 0x0,
    0x0, 0x0, 0x0, 0x0, 0x0, 0x0, 0x1, 0x7c,
    0xef, 0xea, 0x40, 0x0, 0x0, 0x4, 0xef, 0xff,
    0xff, 0xff, 0xb0, 0x0, 0x4, 0xff, 0xe8, 0x43,
    0x5b, 0xff, 0xc0, 0x0, 0xef, 0xd1, 0x0, 0x0,
    0x6, 0xff, 0x70, 0x6f, 0xf3, 0x0, 0x0, 0x0,
    0xa, 0xfe, 0xb, 0xfc, 0x0, 0x0, 0x0, 0x0,
    0x3f, 0xf4, 0xef, 0x80, 0x0, 0x0, 0x0, 0x0,
    0xff, 0x7f, 0xf6, 0x0, 0x0, 0x0, 0x0, 0xe,
    0xf8, 0xef, 0x80, 0x0, 0x0, 0x0, 0x0, 0xff,
    0x7b, 0xfc, 0x0, 0x0, 0x0, 0x0, 0x3f, 0xf4,
    0x6f, 0xf3, 0x0, 0x0, 0x0, 0xb, 0xfe, 0x0,
    0xef, 0xd2, 0x0, 0x0, 0x7, 0xff, 0x70, 0x4,
    0xff, 0xe8, 0x43, 0x5b, 0xff, 0xc0, 0x0, 0x4,
    0xef, 0xff, 0xff, 0xff, 0xb0, 0x0, 0x0, 0x1,
    0x7c, 0xef, 0xea, 0x40, 0x0, 0x0,

    /* U+00D4 "Ô" */
    0x0, 0x0, 0x2, 0xef, 0xa0, 0x0, 0x0, 0x0,
    0x0, 0x0, 0xde, 0x9f, 0x70, 0x0, 0x0, 0x0,
    0x0, 0xbf, 0x30, 0xaf, 0x40, 0x0, 0x0, 0x0,
    0x0, 0x0, 0x0, 0x0, 0x0, 0x0, 0x0, 0x0,
    0x0, 0x0, 0x0, 0x0, 0x0, 0x0, 0x0, 0x17,
    0xce, 0xfe, 0xa4, 0x0, 0x0, 0x0, 0x4e, 0xff,
    0xff, 0xff, 0xfb, 0x0, 0x0, 0x4f, 0xfe, 0x84,
    0x35, 0xbf, 0xfc, 0x0, 0xe, 0xfd, 0x10, 0x0,
    0x0, 0x6f, 0xf7, 0x6, 0xff, 0x30, 0x0, 0x0,
    0x0, 0xaf, 0xe0, 0xbf, 0xc0, 0x0, 0x0, 0x0,
    0x3, 0xff, 0x4e, 0xf8, 0x0, 0x0, 0x0, 0x0,
    0xf, 0xf7, 0xff, 0x60, 0x0, 0x0, 0x0, 0x0,
    0xef, 0x8e, 0xf8, 0x0, 0x0, 0x0, 0x0, 0xf,
    0xf7, 0xbf, 0xc0, 0x0, 0x0, 0x0, 0x3, 0xff,
    0x46, 0xff, 0x30, 0x0, 0x0, 0x0, 0xbf, 0xe0,
    0xe, 0xfd, 0x20, 0x0, 0x0, 0x7f, 0xf7, 0x0,
    0x4f, 0xfe, 0x84, 0x35, 0xbf, 0xfc, 0x0, 0x0,
    0x4e, 0xff, 0xff, 0xff, 0xfb, 0x0, 0x0, 0x0,
    0x17, 0xce, 0xfe, 0xa4, 0x0, 0x0,

    /* U+00D5 "Õ" */
    0x0, 0x0, 0x4e, 0xe7, 0x1f, 0x70, 0x0, 0x0,
    0x0, 0xc, 0xdb, 0xff, 0xf3, 0x0, 0x0, 0x0,
    0x0, 0x84, 0x4, 0x85, 0x0, 0x0, 0x0, 0x0,
    0x0, 0x0, 0x0, 0x0, 0x0, 0x0, 0x0, 0x0,
    0x0, 0x0, 0x0, 0x0, 0x0, 0x0, 0x0, 0x17,
    0xce, 0xfe, 0xa4, 0x0, 0x0, 0x0, 0x4e, 0xff,
    0xff, 0xff, 0xfb, 0x0, 0x0, 0x4f, 0xfe, 0x84,
    0x35, 0xbf, 0xfc, 0x0, 0xe, 0xfd, 0x10, 0x0,
    0x0, 0x6f, 0xf7, 0x6, 0xff, 0x30, 0x0, 0x0,
    0x0, 0xaf, 0xe0, 0xbf, 0xc0, 0x0, 0x0, 0x0,
    0x3, 0xff, 0x4e, 0xf8, 0x0, 0x0, 0x0, 0x0,
    0xf, 0xf7, 0xff, 0x60, 0x0, 0x0, 0x0, 0x0,
    0xef, 0x8e, 0xf8, 0x0, 0x0, 0x0, 0x0, 0xf,
    0xf7, 0xbf, 0xc0, 0x0, 0x0, 0x0, 0x3, 0xff,
    0x46, 0xff, 0x30, 0x0, 0x0, 0x0, 0xbf, 0xe0,
    0xe, 0xfd, 0x20, 0x0, 0x0, 0x7f, 0xf7, 0x0,
    0x4f, 0xfe, 0x84, 0x35, 0xbf, 0xfc, 0x0, 0x0,
    0x4e, 0xff, 0xff, 0xff, 0xfb, 0x0, 0x0, 0x0,
    0x17, 0xce, 0xfe, 0xa4, 0x0, 0x0,

    /* U+00D6 "Ö" */
    0x0, 0x0, 0x8b, 0x20, 0x7b, 0x30, 0x0, 0x0,
    0x0, 0x1f, 0xf9, 0x1f, 0xfa, 0x0, 0x0, 0x0,
    0x0, 0xbe, 0x40, 0xbf, 0x40, 0x0, 0x0, 0x0,
    0x0, 0x0, 0x0, 0x0, 0x0, 0x0, 0x0, 0x0,
    0x0, 0x0, 0x0, 0x0, 0x0, 0x0, 0x0, 0x17,
    0xce, 0xfe, 0xa4, 0x0, 0x0, 0x0, 0x4e, 0xff,
    0xff, 0xff, 0xfb, 0x0, 0x0, 0x4f, 0xfe, 0x84,
    0x35, 0xbf, 0xfc, 0x0, 0xe, 0xfd, 0x10, 0x0,
    0x0, 0x6f, 0xf7, 0x6, 0xff, 0x30, 0x0, 0x0,
    0x0, 0xaf, 0xe0, 0xbf, 0xc0, 0x0, 0x0, 0x0,
    0x3, 0xff, 0x4e, 0xf8, 0x0, 0x0, 0x0, 0x0,
    0xf, 0xf7, 0xff, 0x60, 0x0, 0x0, 0x0, 0x0,
    0xef, 0x8e, 0xf8, 0x0, 0x0, 0x0, 0x0, 0xf,
    0xf7, 0xbf, 0xc0, 0x0, 0x0, 0x0, 0x3, 0xff,
    0x46, 0xff, 0x30, 0x0, 0x0, 0x0, 0xbf, 0xe0,
    0xe, 0xfd, 0x20, 0x0, 0x0, 0x7f, 0xf7, 0x0,
    0x4f, 0xfe, 0x84, 0x35, 0xbf, 0xfc, 0x0, 0x0,
    0x4e, 0xff, 0xff, 0xff, 0xfb, 0x0, 0x0, 0x0,
    0x17, 0xce, 0xfe, 0xa4, 0x0, 0x0,

    /* U+00D7 "×" */
    0x0, 0x0, 0x0, 0x0, 0xb, 0x50, 0x6, 0xa0,
    0x6f, 0xf4, 0x5f, 0xf4, 0x9, 0xff, 0xff, 0x70,
    0x0, 0xbf, 0xf9, 0x0, 0x4, 0xff, 0xff, 0x40,
    0x4f, 0xf8, 0xaf, 0xf3, 0x2e, 0x80, 0xa, 0xd1,
    0x1, 0x0, 0x0, 0x10,

    /* U+00D8 "Ø" */
    0x0, 0x1, 0x7c, 0xef, 0xda, 0x7f, 0xf2, 0x0,
    0x4, 0xef, 0xff, 0xff, 0xff, 0xf6, 0x0, 0x4,
    0xff, 0xe8, 0x43, 0x5e, 0xff, 0xb0, 0x0, 0xef,
    0xd1, 0x0, 0x4, 0xff, 0xff, 0x70, 0x6f, 0xf3,
    0x0, 0x1, 0xef, 0x6a, 0xfe, 0xb, 0xfc, 0x0,
    0x0, 0x9f, 0xc0, 0x3f, 0xf4, 0xef, 0x80, 0x0,
    0x4f, 0xf2, 0x0, 0xff, 0x7f, 0xf6, 0x0, 0xe,
    0xf7, 0x0, 0xe, 0xf8, 0xef, 0x80, 0x9, 0xfc,
    0x0, 0x0, 0xff, 0x7b, 0xfc, 0x3, 0xff, 0x20,
    0x0, 0x3f, 0xf4, 0x6f, 0xf4, 0xdf, 0x70, 0x0,
    0xb, 0xfe, 0x0, 0xdf, 0xff, 0xd0, 0x0, 0x7,
    0xff, 0x70, 0x3, 0xff, 0xfa, 0x33, 0x5b, 0xff,
    0xc0, 0x0, 0xd, 0xff, 0xff, 0xff, 0xff, 0xb0,
    0x0, 0x9, 0xfd, 0x7c, 0xef, 0xea, 0x40, 0x0,
    0x0,

    /* U+00D9 "Ù" */
    0x0, 0x4, 0xb9, 0x0, 0x0, 0x0, 0x0, 0x0,
    0xd, 0xf3, 0x0, 0x0, 0x0, 0x0, 0x0, 0x5f,
    0xa0, 0x0, 0x0, 0x0, 0x0, 0x0, 0xbf, 0x20,
    0x0, 0x0, 0x0, 0x0, 0x0, 0x0, 0x0, 0x0,
    0x0, 0x0, 0x0, 0x0, 0x0, 0x0, 0x0, 0x5f,
    0xf0, 0x0, 0x0, 0x2, 0xff, 0x35, 0xff, 0x0,
    0x0, 0x0, 0x2f, 0xf3, 0x5f, 0xf0, 0x0, 0x0,
    0x2, 0xff, 0x35, 0xff, 0x0, 0x0, 0x0, 0x2f,
    0xf3, 0x5f, 0xf0, 0x0, 0x0, 0x2, 0xff, 0x35,
    0xff, 0x0, 0x0, 0x0, 0x2f, 0xf3, 0x5f, 0xf0,
    0x0, 0x0, 0x2, 0xff, 0x35, 0xff, 0x0, 0x0,
    0x0, 0x2f, 0xf3, 0x5f, 0xf0, 0x0, 0x0, 0x2,
    0xff, 0x34, 0xff, 0x0, 0x0, 0x0, 0x2f, 0xf3,
    0x3f, 0xf3, 0x0, 0x0, 0x5, 0xff, 0x10, 0xef,
    0xb0, 0x0, 0x0, 0xcf, 0xd0, 0x8, 0xff, 0xc6,
    0x46, 0xdf, 0xf6, 0x0, 0xa, 0xff, 0xff, 0xff,
    0xf9, 0x0, 0x0, 0x5, 0xbe, 0xfe, 0xa4, 0x0,
    0x0,

    /* U+00DA "Ú" */
    0x0, 0x0, 0x0, 0xa, 0xb2, 0x0, 0x0, 0x0,
    0x0, 0x6, 0xfb, 0x0, 0x0, 0x0, 0x0, 0x0,
    0xdf, 0x20, 0x0, 0x0, 0x0, 0x0, 0x5f, 0x90,
    0x0, 0x0, 0x0, 0x0, 0x0, 0x0, 0x0, 0x0,
    0x0, 0x0, 0x0, 0x0, 0x0, 0x0, 0x0, 0x5f,
    0xf0, 0x0, 0x0, 0x2, 0xff, 0x35, 0xff, 0x0,
    0x0, 0x0, 0x2f, 0xf3, 0x5f, 0xf0, 0x0, 0x0,
    0x2, 0xff, 0x35, 0xff, 0x0, 0x0, 0x0, 0x2f,
    0xf3, 0x5f, 0xf0, 0x0, 0x0, 0x2, 0xff, 0x35,
    0xff, 0x0, 0x0, 0x0, 0x2f, 0xf3, 0x5f, 0xf0,
    0x0, 0x0, 0x2, 0xff, 0x35, 0xff, 0x0, 0x0,
    0x0, 0x2f, 0xf3, 0x5f, 0xf0, 0x0, 0x0, 0x2,
    0xff, 0x34, 0xff, 0x0, 0x0, 0x0, 0x2f, 0xf3,
    0x3f, 0xf3, 0x0, 0x0, 0x5, 0xff, 0x10, 0xef,
    0xb0, 0x0, 0x0, 0xcf, 0xd0, 0x8, 0xff, 0xc6,
    0x46, 0xdf, 0xf6, 0x0, 0xa, 0xff, 0xff, 0xff,
    0xf9, 0x0, 0x0, 0x5, 0xbe, 0xfe, 0xa4, 0x0,
    0x0,

    /* U+00DB "Û" */
    0x0, 0x0, 0x5, 0x84, 0x0, 0x0, 0x0, 0x0,
    0x4, 0xff, 0xe1, 0x0, 0x0, 0x0, 0x1, 0xee,
    0x3f, 0xb0, 0x0, 0x0, 0x0, 0xaf, 0x40, 0x7f,
    0x70, 0x0, 0x0, 0x0, 0x0, 0x0, 0x0, 0x0,
    0x0, 0x0, 0x0, 0x0, 0x0, 0x0, 0x0, 0x5f,
    0xf0, 0x0, 0x0, 0x2, 0xff, 0x35, 0xff, 0x0,
    0x0, 0x0, 0x2f, 0xf3, 0x5f, 0xf0, 0x0, 0x0,
    0x2, 0xff, 0x35, 0xff, 0x0, 0x0, 0x0, 0x2f,
    0xf3, 0x5f, 0xf0, 0x0, 0x0, 0x2, 0xff, 0x35,
    0xff, 0x0, 0x0, 0x0, 0x2f, 0xf3, 0x5f, 0xf0,
    0x0, 0x0, 0x2, 0xff, 0x35, 0xff, 0x0, 0x0,
    0x0, 0x2f, 0xf3, 0x5f, 0xf0, 0x0, 0x0, 0x2,
    0xff, 0x34, 0xff, 0x0, 0x0, 0x0, 0x2f, 0xf3,
    0x3f, 0xf3, 0x0, 0x0, 0x5, 0xff, 0x10, 0xef,
    0xb0, 0x0, 0x0, 0xcf, 0xd0, 0x8, 0xff, 0xc6,
    0x46, 0xdf, 0xf6, 0x0, 0xa, 0xff, 0xff, 0xff,
    0xf9, 0x0, 0x0, 0x5, 0xbe, 0xfe, 0xa4, 0x0,
    0x0,

    /* U+00DC "Ü" */
    0x0, 0x7, 0xb3, 0x6, 0xb4, 0x0, 0x0, 0x0,
    0xff, 0xb0, 0xff, 0xb0, 0x0, 0x0, 0xa, 0xf5,
    0x9, 0xf6, 0x0, 0x0, 0x0, 0x0, 0x0, 0x0,
    0x0, 0x0, 0x0, 0x0, 0x0, 0x0, 0x0, 0x0,
    0x5, 0xff, 0x0, 0x0, 0x0, 0x2f, 0xf3, 0x5f,
    0xf0, 0x0, 0x0, 0x2, 0xff, 0x35, 0xff, 0x0,
    0x0, 0x0, 0x2f, 0xf3, 0x5f, 0xf0, 0x0, 0x0,
    0x2, 0xff, 0x35, 0xff, 0x0, 0x0, 0x0, 0x2f,
    0xf3, 0x5f, 0xf0, 0x0, 0x0, 0x2, 0xff, 0x35,
    0xff, 0x0, 0x0, 0x0, 0x2f, 0xf3, 0x5f, 0xf0,
    0x0, 0x0, 0x2, 0xff, 0x35, 0xff, 0x0, 0x0,
    0x0, 0x2f, 0xf3, 0x4f, 0xf0, 0x0, 0x0, 0x2,
    0xff, 0x33, 0xff, 0x30, 0x0, 0x0, 0x5f, 0xf1,
    0xe, 0xfb, 0x0, 0x0, 0xc, 0xfd, 0x0, 0x8f,
    0xfc, 0x64, 0x6d, 0xff, 0x60, 0x0, 0xaf, 0xff,
    0xff, 0xff, 0x90, 0x0, 0x0, 0x5b, 0xef, 0xea,
    0x40, 0x0,

    /* U+00DD "Ý" */
    0x0, 0x0, 0x0, 0x9, 0xf9, 0x0, 0x0, 0x0,
    0x0, 0x0, 0x1f, 0xf1, 0x0, 0x0, 0x0, 0x0,
    0x0, 0x8f, 0x70, 0x0, 0x0, 0x0, 0x0, 0x0,
    0x9a, 0x0, 0x0, 0x0, 0x0, 0x0, 0x0, 0x0,
    0x0, 0x0, 0x0, 0x4f, 0xf4, 0x0, 0x0, 0x0,
    0xaf, 0xe0, 0xb, 0xfc, 0x0, 0x0, 0x2, 0xff,
    0x60, 0x3, 0xff, 0x50, 0x0, 0xa, 0xfd, 0x0,
    0x0, 0xaf, 0xd0, 0x0, 0x3f, 0xf5, 0x0, 0x0,
    0x2f, 0xf5, 0x0, 0xbf, 0xc0, 0x0, 0x0, 0x9,
    0xfd, 0x3, 0xff, 0x30, 0x0, 0x0, 0x1, 0xff,
    0x6c, 0xfb, 0x0, 0x0, 0x0, 0x0, 0x8f, 0xff,
    0xf2, 0x0, 0x0, 0x0, 0x0, 0x1e, 0xff, 0xa0,
    0x0, 0x0, 0x0, 0x0, 0x7, 0xff, 0x20, 0x0,
    0x0, 0x0, 0x0, 0x5, 0xff, 0x0, 0x0, 0x0,
    0x0, 0x0, 0x5, 0xff, 0x0, 0x0, 0x0, 0x0,
    0x0, 0x5, 0xff, 0x0, 0x0, 0x0, 0x0, 0x0,
    0x5, 0xff, 0x0, 0x0, 0x0, 0x0, 0x0, 0x5,
    0xff, 0x0, 0x0, 0x0,

    /* U+00DE "Þ" */
    0x7f, 0xd0, 0x0, 0x0, 0x0, 0x0, 0x7f, 0xd0,
    0x0, 0x0, 0x0, 0x0, 0x7f, 0xd1, 0x11, 0x10,
    0x0, 0x0, 0x7f, 0xff, 0xff, 0xff, 0x91, 0x0,
    0x7f, 0xff, 0xff, 0xff, 0xfe, 0x20, 0x7f, 0xd0,
    0x0, 0x5, 0xef, 0xc0, 0x7f, 0xd0, 0x0, 0x0,
    0x4f, 0xf2, 0x7f, 0xd0, 0x0, 0x0, 0x1f, 0xf4,
    0x7f, 0xd0, 0x0, 0x0, 0x5f, 0xf2, 0x7f, 0xd0,
    0x0, 0x5, 0xef, 0xc0, 0x7f, 0xff, 0xff, 0xff,
    0xfe, 0x20, 0x7f, 0xff, 0xff, 0xfe, 0x91, 0x0,
    0x7f, 0xd1, 0x11, 0x0, 0x0, 0x0, 0x7f, 0xd0,
    0x0, 0x0, 0x0, 0x0, 0x7f, 0xd0, 0x0, 0x0,
    0x0, 0x0,

    /* U+00DF "ß" */
    0x0, 0x18, 0xdf, 0xeb, 0x50, 0x0, 0x2, 0xef,
    0xff, 0xff, 0xfb, 0x0, 0xc, 0xfe, 0x40, 0x18,
    0xff, 0x60, 0x3f, 0xf3, 0x0, 0x0, 0xbf, 0xb0,
    0x6f, 0xe0, 0x0, 0x0, 0xaf, 0xa0, 0x7f, 0xd0,
    0x0, 0x4, 0xff, 0x40, 0x7f, 0xd0, 0x7e, 0xff,
    0xe5, 0x0, 0x7f, 0xd0, 0x9f, 0xff, 0xe6, 0x0,
    0x7f, 0xd0, 0x0, 0x4, 0xef, 0x80, 0x7f, 0xd0,
    0x0, 0x0, 0x4f, 0xf1, 0x7f, 0xd0, 0x0, 0x0,
    0x1f, 0xf4, 0x7f, 0xd0, 0x0, 0x0, 0x5f, 0xf2,
    0x7f, 0xd0, 0x10, 0x16, 0xff, 0xd0, 0x7f, 0xd0,
    0xef, 0xff, 0xfe, 0x20, 0x7f, 0xd0, 0xdf, 0xfc,
    0x70, 0x0,

    /* U+00E0 "à" */
    0x0, 0x1f, 0xf1, 0x0, 0x0, 0x0, 0x0, 0x8f,
    0x80, 0x0, 0x0, 0x0, 0x0, 0xef, 0x10, 0x0,
    0x0, 0x0, 0x5, 0xb4, 0x0, 0x0, 0x0, 0x0,
    0x0, 0x0, 0x0, 0x0, 0x4, 0xbf, 0xfb, 0x29,
    0xfb, 0x6, 0xff, 0xff, 0xfe, 0xbf, 0xb1, 0xff,
    0xc2, 0x2, 0xdf, 0xfb, 0x7f, 0xf1, 0x0, 0x2,
    0xff, 0xbb, 0xfa, 0x0, 0x0, 0xb, 0xfb, 0xcf,
    0x80, 0x0, 0x0, 0x9f, 0xbb, 0xf9, 0x0, 0x0,
    0xa, 0xfb, 0x7f, 0xe0, 0x0, 0x0, 0xff, 0xb1,
    0xff, 0xa0, 0x0, 0xaf, 0xfb, 0x6, 0xff, 0xec,
    0xef, 0xcf, 0xb0, 0x4, 0xcf, 0xfb, 0x39, 0xfb,

    /* U+00E1 "á" */
    0x0, 0x0, 0x0, 0xdf, 0x40, 0x0, 0x0, 0x0,
    0x5f, 0xb0, 0x0, 0x0, 0x0, 0xc, 0xf2, 0x0,
    0x0, 0x0, 0x2, 0xb7, 0x0, 0x0, 0x0, 0x0,
    0x0, 0x0, 0x0, 0x0, 0x4, 0xbf, 0xfb, 0x29,
    0xfb, 0x6, 0xff, 0xff, 0xfe, 0xbf, 0xb1, 0xff,
    0xc2, 0x2, 0xdf, 0xfb, 0x7f, 0xf1, 0x0, 0x2,
    0xff, 0xbb, 0xfa, 0x0, 0x0, 0xb, 0xfb, 0xcf,
    0x80, 0x0, 0x0, 0x9f, 0xbb, 0xf9, 0x0, 0x0,
    0xa, 0xfb, 0x7f, 0xe0, 0x0, 0x0, 0xff, 0xb1,
    0xff, 0xa0, 0x0, 0xaf, 0xfb, 0x6, 0xff, 0xec,
    0xef, 0xcf, 0xb0, 0x4, 0xcf, 0xfb, 0x39, 0xfb,

    /* U+00E2 "â" */
    0x0, 0x0, 0xcf, 0xd1, 0x0, 0x0, 0x0, 0xaf,
    0x6f, 0xc0, 0x0, 0x0, 0x6e, 0x60, 0x4e, 0x80,
    0x0, 0x0, 0x0, 0x0, 0x0, 0x0, 0x0, 0x4b,
    0xff, 0xb2, 0x9f, 0xb0, 0x6f, 0xff, 0xff, 0xeb,
    0xfb, 0x1f, 0xfc, 0x20, 0x2d, 0xff, 0xb7, 0xff,
    0x10, 0x0, 0x2f, 0xfb, 0xbf, 0xa0, 0x0, 0x0,
    0xbf, 0xbc, 0xf8, 0x0, 0x0, 0x9, 0xfb, 0xbf,
    0x90, 0x0, 0x0, 0xaf, 0xb7, 0xfe, 0x0, 0x0,
    0xf, 0xfb, 0x1f, 0xfa, 0x0, 0xa, 0xff, 0xb0,
    0x6f, 0xfe, 0xce, 0xfc, 0xfb, 0x0, 0x4c, 0xff,
    0xb3, 0x9f, 0xb0,

    /* U+00E3 "ã" */
    0x0, 0x1d, 0xfa, 0x1b, 0xb0, 0x0, 0x7, 0xfa,
    0xff, 0xf8, 0x0, 0x0, 0x57, 0x2, 0x77, 0x0,
    0x0, 0x0, 0x0, 0x0, 0x0, 0x0, 0x0, 0x4b,
    0xff, 0xb2, 0x9f, 0xb0, 0x6f, 0xff, 0xff, 0xeb,
    0xfb, 0x1f, 0xfc, 0x20, 0x2d, 0xff, 0xb7, 0xff,
    0x10, 0x0, 0x2f, 0xfb, 0xbf, 0xa0, 0x0, 0x0,
    0xbf, 0xbc, 0xf8, 0x0, 0x0, 0x9, 0xfb, 0xbf,
    0x90, 0x0, 0x0, 0xaf, 0xb7, 0xfe, 0x0, 0x0,
    0xf, 0xfb, 0x1f, 0xfa, 0x0, 0xa, 0xff, 0xb0,
    0x6f, 0xfe, 0xce, 0xfc, 0xfb, 0x0, 0x4c, 0xff,
    0xb3, 0x9f, 0xb0,

    /* U+00E4 "ä" */
    0x0, 0x7f, 0x80, 0x6f, 0x90, 0x0, 0xc, 0xfe,
    0xb, 0xff, 0x0, 0x0, 0x5c, 0x50, 0x4c, 0x60,
    0x0, 0x0, 0x0, 0x0, 0x0, 0x0, 0x0, 0x4b,
    0xff, 0xb2, 0x9f, 0xb0, 0x6f, 0xff, 0xff, 0xeb,
    0xfb, 0x1f, 0xfc, 0x20, 0x2d, 0xff, 0xb7, 0xff,
    0x10, 0x0, 0x2f, 0xfb, 0xbf, 0xa0, 0x0, 0x0,
    0xbf, 0xbc, 0xf8, 0x0, 0x0, 0x9, 0xfb, 0xbf,
    0x90, 0x0, 0x0, 0xaf, 0xb7, 0xfe, 0x0, 0x0,
    0xf, 0xfb, 0x1f, 0xfa, 0x0, 0xa, 0xff, 0xb0,
    0x6f, 0xfe, 0xce, 0xfc, 0xfb, 0x0, 0x4c, 0xff,
    0xb3, 0x9f, 0xb0,

    /* U+00E5 "å" */
    0x0, 0x0, 0x1, 0x0, 0x0, 0x0, 0x0, 0x3e,
    0xfe, 0x50, 0x0, 0x0, 0xe, 0xc6, 0xbf, 0x10,
    0x0, 0x0, 0xfa, 0x39, 0xf1, 0x0, 0x0, 0x6,
    0xff, 0xf8, 0x0, 0x0, 0x0, 0x1, 0x42, 0x0,
    0x0, 0x0, 0x0, 0x0, 0x0, 0x0, 0x0, 0x4,
    0xbf, 0xfb, 0x29, 0xfb, 0x6, 0xff, 0xff, 0xfe,
    0xbf, 0xb1, 0xff, 0xc2, 0x2, 0xdf, 0xfb, 0x7f,
    0xf1, 0x0, 0x2, 0xff, 0xbb, 0xfa, 0x0, 0x0,
    0xb, 0xfb, 0xcf, 0x80, 0x0, 0x0, 0x9f, 0xbb,
    0xf9, 0x0, 0x0, 0xa, 0xfb, 0x7f, 0xe0, 0x0,
    0x0, 0xff, 0xb1, 0xff, 0xa0, 0x0, 0xaf, 0xfb,
    0x6, 0xff, 0xec, 0xef, 0xcf, 0xb0, 0x4, 0xcf,
    0xfb, 0x39, 0xfb,

    /* U+00E6 "æ" */
    0x0, 0x8d, 0xfe, 0xa2, 0x3, 0xae, 0xfd, 0x70,
    0x0, 0xb, 0xff, 0xde, 0xff, 0x5f, 0xfe, 0xdf,
    0xfc, 0x0, 0x5f, 0xe2, 0x0, 0x7f, 0xff, 0x50,
    0x1, 0xdf, 0x70, 0x36, 0x30, 0x0, 0xf, 0xf9,
    0x0, 0x0, 0x4f, 0xd0, 0x0, 0x58, 0x99, 0x9f,
    0xfc, 0x99, 0x99, 0xaf, 0xf0, 0x2d, 0xff, 0xff,
    0xff, 0xff, 0xff, 0xff, 0xff, 0xf1, 0xaf, 0xc2,
    0x0, 0xf, 0xf7, 0x0, 0x0, 0x0, 0x0, 0xef,
    0x50, 0x0, 0x3f, 0xfc, 0x0, 0x0, 0x29, 0x80,
    0xcf, 0xa0, 0x1, 0xce, 0xef, 0x80, 0x1, 0xcf,
    0x90, 0x5f, 0xff, 0xdf, 0xf5, 0x4f, 0xff, 0xdf,
    0xfd, 0x0, 0x5, 0xcf, 0xfc, 0x40, 0x3, 0xae,
    0xfd, 0x81, 0x0,

    /* U+00E7 "ç" */
    0x0, 0x29, 0xef, 0xea, 0x20, 0x0, 0x3f, 0xff,
    0xff, 0xff, 0x30, 0xe, 0xfb, 0x20, 0x1b, 0xfd,
    0x6, 0xfe, 0x0, 0x0, 0x1f, 0xf2, 0xaf, 0x90,
    0x0, 0x0, 0x0, 0xc, 0xf8, 0x0, 0x0, 0x0,
    0x0, 0xbf, 0x90, 0x0, 0x0, 0x0, 0x7, 0xfe,
    0x0, 0x0, 0xc, 0xc2, 0x1f, 0xf9, 0x0, 0x9,
    0xfe, 0x0, 0x5f, 0xfe, 0xce, 0xff, 0x40, 0x0,
    0x4c, 0xff, 0xfd, 0x40, 0x0, 0x0, 0x9, 0xe1,
    0x0, 0x0, 0x0, 0x2, 0xff, 0xe6, 0x0, 0x0,
    0x0, 0x6, 0x4b, 0xf0, 0x0, 0x0, 0x0, 0x11,
    0xaf, 0x0, 0x0, 0x0, 0x3f, 0xff, 0x60, 0x0,
    0x0, 0x0, 0x33, 0x10, 0x0, 0x0,

    /* U+00E8 "è" */
    0x0, 0x6f, 0xc0, 0x0, 0x0, 0x0, 0x0, 0xcf,
    0x40, 0x0, 0x0, 0x0, 0x3, 0xfb, 0x0, 0x0,
    0x0, 0x0, 0x8, 0xa1, 0x0, 0x0, 0x0, 0x0,
    0x0, 0x0, 0x0, 0x0, 0x3, 0xbe, 0xfd, 0x70,
    0x0, 0x5, 0xff, 0xfe, 0xff, 0xb0, 0x1, 0xff,
    0x80, 0x3, 0xef, 0x60, 0x7f, 0xc0, 0x0, 0x6,
    0xfc, 0xb, 0xfd, 0xaa, 0xaa, 0xbf, 0xf0, 0xcf,
    0xff, 0xff, 0xff, 0xff, 0xb, 0xf9, 0x0, 0x0,
    0x0, 0x0, 0x7f, 0xe0, 0x0, 0x3, 0x97, 0x1,
    0xff, 0xa1, 0x2, 0xdf, 0x80, 0x5, 0xff, 0xfe,
    0xff, 0xd0, 0x0, 0x3, 0xae, 0xfe, 0x81, 0x0,

    /* U+00E9 "é" */
    0x0, 0x0, 0x2, 0xfe, 0x10, 0x0, 0x0, 0x0,
    0xaf, 0x60, 0x0, 0x0, 0x0, 0x1f, 0xd0, 0x0,
    0x0, 0x0, 0x5, 0xb4, 0x0, 0x0, 0x0, 0x0,
    0x0, 0x0, 0x0, 0x0, 0x3, 0xbe, 0xfd, 0x70,
    0x0, 0x5, 0xff, 0xfe, 0xff, 0xb0, 0x1, 0xff,
    0x80, 0x3, 0xef, 0x60, 0x7f, 0xc0, 0x0, 0x6,
    0xfc, 0xb, 0xfd, 0xaa, 0xaa, 0xbf, 0xf0, 0xcf,
    0xff, 0xff, 0xff, 0xff, 0xb, 0xf9, 0x0, 0x0,
    0x0, 0x0, 0x7f, 0xe0, 0x0, 0x3, 0x97, 0x1,
    0xff, 0xa1, 0x2, 0xdf, 0x80, 0x5, 0xff, 0xfe,
    0xff, 0xd0, 0x0, 0x3, 0xae, 0xfe, 0x81, 0x0,

    /* U+00EA "ê" */
    0x0, 0x2, 0xef, 0xa0, 0x0, 0x0, 0x1, 0xde,
    0x7f, 0x70, 0x0, 0x0, 0xae, 0x30, 0x9e, 0x40,
    0x0, 0x0, 0x0, 0x0, 0x0, 0x0, 0x0, 0x3b,
    0xef, 0xd7, 0x0, 0x0, 0x5f, 0xff, 0xef, 0xfb,
    0x0, 0x1f, 0xf8, 0x0, 0x3e, 0xf6, 0x7, 0xfc,
    0x0, 0x0, 0x6f, 0xc0, 0xbf, 0xda, 0xaa, 0xab,
    0xff, 0xc, 0xff, 0xff, 0xff, 0xff, 0xf0, 0xbf,
    0x90, 0x0, 0x0, 0x0, 0x7, 0xfe, 0x0, 0x0,
    0x39, 0x70, 0x1f, 0xfa, 0x10, 0x2d, 0xf8, 0x0,
    0x5f, 0xff, 0xef, 0xfd, 0x0, 0x0, 0x3a, 0xef,
    0xe8, 0x10, 0x0,

    /* U+00EB "ë" */
    0x0, 0xbe, 0x40, 0xae, 0x40, 0x0, 0x1f, 0xf9,
    0xf, 0xfa, 0x0, 0x0, 0x8b, 0x20, 0x7b, 0x30,
    0x0, 0x0, 0x0, 0x0, 0x0, 0x0, 0x0, 0x3b,
    0xef, 0xd7, 0x0, 0x0, 0x5f, 0xff, 0xef, 0xfb,
    0x0, 0x1f, 0xf8, 0x0, 0x3e, 0xf6, 0x7, 0xfc,
    0x0, 0x0, 0x6f, 0xc0, 0xbf, 0xda, 0xaa, 0xab,
    0xff, 0xc, 0xff, 0xff, 0xff, 0xff, 0xf0, 0xbf,
    0x90, 0x0, 0x0, 0x0, 0x7, 0xfe, 0x0, 0x0,
    0x39, 0x70, 0x1f, 0xfa, 0x10, 0x2d, 0xf8, 0x0,
    0x5f, 0xff, 0xef, 0xfd, 0x0, 0x0, 0x3a, 0xef,
    0xe8, 0x10, 0x0,

    /* U+00EC "ì" */
    0xc, 0xf6, 0x0, 0x3f, 0xd0, 0x0, 0xaf, 0x40,
    0x2, 0xa7, 0x0, 0x0, 0x0, 0x4, 0xff, 0x0,
    0x4f, 0xf0, 0x4, 0xff, 0x0, 0x4f, 0xf0, 0x4,
    0xff, 0x0, 0x4f, 0xf0, 0x4, 0xff, 0x0, 0x4f,
    0xf0, 0x4, 0xff, 0x0, 0x4f, 0xf0, 0x4, 0xff,

    /* U+00ED "í" */
    0x0, 0x9f, 0x90, 0x1f, 0xe1, 0x8, 0xf7, 0x0,
    0x9a, 0x0, 0x0, 0x0, 0x4, 0xff, 0x0, 0x4f,
    0xf0, 0x4, 0xff, 0x0, 0x4f, 0xf0, 0x4, 0xff,
    0x0, 0x4f, 0xf0, 0x4, 0xff, 0x0, 0x4f, 0xf0,
    0x4, 0xff, 0x0, 0x4f, 0xf0, 0x4, 0xff, 0x0,

    /* U+00EE "î" */
    0x0, 0x8f, 0xf4, 0x0, 0x6, 0xf8, 0xbf, 0x20,
    0x2c, 0x90, 0x1b, 0xb0, 0x0, 0x0, 0x0, 0x0,
    0x0, 0x4f, 0xf0, 0x0, 0x0, 0x4f, 0xf0, 0x0,
    0x0, 0x4f, 0xf0, 0x0, 0x0, 0x4f, 0xf0, 0x0,
    0x0, 0x4f, 0xf0, 0x0, 0x0, 0x4f, 0xf0, 0x0,
    0x0, 0x4f, 0xf0, 0x0, 0x0, 0x4f, 0xf0, 0x0,
    0x0, 0x4f, 0xf0, 0x0, 0x0, 0x4f, 0xf0, 0x0,
    0x0, 0x4f, 0xf0, 0x0,

    /* U+00EF "ï" */
    0x3e, 0xc0, 0x3e, 0xc0, 0x8f, 0xf2, 0x7f, 0xf3,
    0x2b, 0x90, 0x1b, 0x90, 0x0, 0x0, 0x0, 0x0,
    0x0, 0x4f, 0xf0, 0x0, 0x0, 0x4f, 0xf0, 0x0,
    0x0, 0x4f, 0xf0, 0x0, 0x0, 0x4f, 0xf0, 0x0,
    0x0, 0x4f, 0xf0, 0x0, 0x0, 0x4f, 0xf0, 0x0,
    0x0, 0x4f, 0xf0, 0x0, 0x0, 0x4f, 0xf0, 0x0,
    0x0, 0x4f, 0xf0, 0x0, 0x0, 0x4f, 0xf0, 0x0,
    0x0, 0x4f, 0xf0, 0x0,

    /* U+00F0 "ð" */
    0x0, 0x0, 0x0, 0x0, 0x0, 0x0, 0xac, 0x40,
    0x2c, 0x50, 0x0, 0xd, 0xff, 0xcf, 0xf8, 0x0,
    0x0, 0xb, 0xff, 0xf8, 0x0, 0x0, 0x8, 0xfe,
    0xcf, 0xf6, 0x0, 0x0, 0x29, 0x10, 0x9f, 0xf5,
    0x0, 0x0, 0x0, 0x0, 0xaf, 0xf2, 0x0, 0x5,
    0xcf, 0xea, 0xef, 0xa0, 0x7, 0xff, 0xec, 0xef,
    0xff, 0x22, 0xff, 0x90, 0x0, 0xaf, 0xf7, 0x9f,
    0xd0, 0x0, 0x0, 0xef, 0xac, 0xf8, 0x0, 0x0,
    0xa, 0xfb, 0xdf, 0x70, 0x0, 0x0, 0x9f, 0xbc,
    0xf9, 0x0, 0x0, 0xb, 0xf9, 0x8f, 0xe0, 0x0,
    0x1, 0xff, 0x51, 0xff, 0xb2, 0x2, 0xcf, 0xd0,
    0x5, 0xff, 0xff, 0xff, 0xe3, 0x0, 0x2, 0xae,
    0xfd, 0x91, 0x0,

    /* U+00F1 "ñ" */
    0x0, 0x6f, 0xd6, 0x3f, 0x40, 0x0, 0xfc, 0xcf,
    0xff, 0x10, 0x0, 0x92, 0x5, 0x83, 0x0, 0x0,
    0x0, 0x0, 0x0, 0x0, 0x6f, 0xd2, 0xbf, 0xea,
    0x10, 0x6f, 0xee, 0xed, 0xff, 0xc0, 0x6f, 0xf9,
    0x0, 0x4f, 0xf4, 0x6f, 0xf1, 0x0, 0xd, 0xf8,
    0x6f, 0xe0, 0x0, 0xb, 0xf8, 0x6f, 0xd0, 0x0,
    0xb, 0xf9, 0x6f, 0xd0, 0x0, 0xb, 0xf9, 0x6f,
    0xd0, 0x0, 0xb, 0xf9, 0x6f, 0xd0, 0x0, 0xb,
    0xf9, 0x6f, 0xd0, 0x0, 0xb, 0xf9, 0x6f, 0xd0,
    0x0, 0xb, 0xf9,

    /* U+00F2 "ò" */
    0x0, 0x2f, 0xf1, 0x0, 0x0, 0x0, 0x0, 0x8f,
    0x80, 0x0, 0x0, 0x0, 0x1, 0xee, 0x0, 0x0,
    0x0, 0x0, 0x5, 0xa3, 0x0, 0x0, 0x0, 0x0,
    0x0, 0x0, 0x0, 0x0, 0x2, 0x9d, 0xfe, 0xa2,
    0x0, 0x3, 0xff, 0xff, 0xff, 0xf4, 0x1, 0xef,
    0xc3, 0x2, 0xbf, 0xe1, 0x6f, 0xf1, 0x0, 0x0,
    0xef, 0x7a, 0xfa, 0x0, 0x0, 0x9, 0xfc, 0xcf,
    0x80, 0x0, 0x0, 0x7f, 0xda, 0xfa, 0x0, 0x0,
    0x9, 0xfc, 0x6f, 0xf1, 0x0, 0x0, 0xef, 0x71,
    0xef, 0xc2, 0x2, 0xbf, 0xe1, 0x3, 0xff, 0xff,
    0xff, 0xf4, 0x0, 0x2, 0x9d, 0xfe, 0xa2, 0x0,

    /* U+00F3 "ó" */
    0x0, 0x0, 0x0, 0xef, 0x40, 0x0, 0x0, 0x0,
    0x6f, 0xa0, 0x0, 0x0, 0x0, 0xd, 0xf2, 0x0,
    0x0, 0x0, 0x2, 0xa6, 0x0, 0x0, 0x0, 0x0,
    0x0, 0x0, 0x0, 0x0, 0x2, 0x9d, 0xfe, 0xa2,
    0x0, 0x3, 0xff, 0xff, 0xff, 0xf4, 0x1, 0xef,
    0xc3, 0x2, 0xbf, 0xe1, 0x6f, 0xf1, 0x0, 0x0,
    0xef, 0x7a, 0xfa, 0x0, 0x0, 0x9, 0xfc, 0xcf,
    0x80, 0x0, 0x0, 0x7f, 0xda, 0xfa, 0x0, 0x0,
    0x9, 0xfc, 0x6f, 0xf1, 0x0, 0x0, 0xef, 0x71,
    0xef, 0xc2, 0x2, 0xbf, 0xe1, 0x3, 0xff, 0xff,
    0xff, 0xf4, 0x0, 0x2, 0x9d, 0xfe, 0xa2, 0x0,

    /* U+00F4 "ô" */
    0x0, 0x0, 0xcf, 0xd0, 0x0, 0x0, 0x0, 0xaf,
    0x6f, 0xb0, 0x0, 0x0, 0x7f, 0x60, 0x5e, 0x80,
    0x0, 0x0, 0x0, 0x0, 0x0, 0x0, 0x0, 0x29,
    0xdf, 0xea, 0x20, 0x0, 0x3f, 0xff, 0xff, 0xff,
    0x40, 0x1e, 0xfc, 0x30, 0x2b, 0xfe, 0x16, 0xff,
    0x10, 0x0, 0xe, 0xf7, 0xaf, 0xa0, 0x0, 0x0,
    0x9f, 0xcc, 0xf8, 0x0, 0x0, 0x7, 0xfd, 0xaf,
    0xa0, 0x0, 0x0, 0x9f, 0xc6, 0xff, 0x10, 0x0,
    0xe, 0xf7, 0x1e, 0xfc, 0x20, 0x2b, 0xfe, 0x10,
    0x3f, 0xff, 0xff, 0xff, 0x40, 0x0, 0x29, 0xdf,
    0xea, 0x20, 0x0,

    /* U+00F5 "õ" */
    0x0, 0x2e, 0xfd, 0x9e, 0xb0, 0x0, 0xa, 0xe9,
    0xdf, 0xe4, 0x0, 0x0, 0x0, 0x0, 0x0, 0x0,
    0x0, 0x0, 0x0, 0x0, 0x0, 0x0, 0x0, 0x29,
    0xdf, 0xea, 0x20, 0x0, 0x3f, 0xff, 0xff, 0xff,
    0x40, 0x1e, 0xfc, 0x30, 0x2b, 0xfe, 0x16, 0xff,
    0x10, 0x0, 0xe, 0xf7, 0xaf, 0xa0, 0x0, 0x0,
    0x9f, 0xcc, 0xf8, 0x0, 0x0, 0x7, 0xfd, 0xaf,
    0xa0, 0x0, 0x0, 0x9f, 0xc6, 0xff, 0x10, 0x0,
    0xe, 0xf7, 0x1e, 0xfc, 0x20, 0x2b, 0xfe, 0x10,
    0x3f, 0xff, 0xff, 0xff, 0x40, 0x0, 0x29, 0xdf,
    0xea, 0x20, 0x0,

    /* U+00F6 "ö" */
    0x0, 0x7f, 0x70, 0x7f, 0x80, 0x0, 0xd, 0xfd,
    0xc, 0xfe, 0x0, 0x0, 0x5c, 0x50, 0x5c, 0x50,
    0x0, 0x0, 0x0, 0x0, 0x0, 0x0, 0x0, 0x29,
    0xdf, 0xea, 0x20, 0x0, 0x3f, 0xff, 0xff, 0xff,
    0x40, 0x1e, 0xfc, 0x30, 0x2b, 0xfe, 0x16, 0xff,
    0x10, 0x0, 0xe, 0xf7, 0xaf, 0xa0, 0x0, 0x0,
    0x9f, 0xcc, 0xf8, 0x0, 0x0, 0x7, 0xfd, 0xaf,
    0xa0, 0x0, 0x0, 0x9f, 0xc6, 0xff, 0x10, 0x0,
    0xe, 0xf7, 0x1e, 0xfc, 0x20, 0x2b, 0xfe, 0x10,
    0x3f, 0xff, 0xff, 0xff, 0x40, 0x0, 0x29, 0xdf,
    0xea, 0x20, 0x0,

    /* U+00F7 "÷" */
    0x0, 0x2, 0xdd, 0x10, 0x0, 0x0, 0x6, 0xff,
    0x50, 0x0, 0x0, 0x1, 0xcc, 0x10, 0x0, 0x0,
    0x0, 0x0, 0x0, 0x0, 0x8c, 0xcc, 0xcc, 0xcc,
    0xc3, 0xaf, 0xff, 0xff, 0xff, 0xf4, 0x0, 0x0,
    0x0, 0x0, 0x0, 0x0, 0x1, 0xcb, 0x10, 0x0,
    0x0, 0x6, 0xff, 0x50, 0x0, 0x0, 0x2, 0xed,
    0x10, 0x0,

    /* U+00F8 "ø" */
    0x0, 0x0, 0x0, 0x2, 0xf8, 0x0, 0x2, 0xae,
    0xfe, 0xdf, 0x10, 0x4, 0xff, 0xff, 0xff, 0xf3,
    0x1, 0xef, 0xb2, 0xb, 0xff, 0xe0, 0x7f, 0xe0,
    0x4, 0xf8, 0xff, 0x6b, 0xf9, 0x0, 0xcd, 0xa,
    0xfa, 0xdf, 0x70, 0x6f, 0x40, 0x8f, 0xcc, 0xf9,
    0xe, 0xb0, 0xa, 0xfa, 0x8f, 0xe9, 0xf2, 0x1,
    0xff, 0x61, 0xff, 0xfa, 0x2, 0xcf, 0xe1, 0x4,
    0xff, 0xff, 0xff, 0xf4, 0x0, 0x3f, 0xce, 0xfe,
    0x92, 0x0, 0x5, 0x70, 0x0, 0x0, 0x0, 0x0,

    /* U+00F9 "ù" */
    0x0, 0xbf, 0x70, 0x0, 0x0, 0x0, 0x2f, 0xe0,
    0x0, 0x0, 0x0, 0x8, 0xf6, 0x0, 0x0, 0x0,
    0x1, 0xa8, 0x0, 0x0, 0x0, 0x0, 0x0, 0x0,
    0x0, 0x6f, 0xd0, 0x0, 0xe, 0xf6, 0x6f, 0xd0,
    0x0, 0xe, 0xf6, 0x6f, 0xd0, 0x0, 0xe, 0xf6,
    0x6f, 0xd0, 0x0, 0xe, 0xf6, 0x6f, 0xd0, 0x0,
    0xe, 0xf6, 0x6f, 0xd0, 0x0, 0xe, 0xf6, 0x6f,
    0xd0, 0x0, 0xf, 0xf6, 0x6f, 0xe0, 0x0, 0x2f,
    0xf6, 0x3f, 0xf7, 0x1, 0xcf, 0xf6, 0xc, 0xff,
    0xff, 0xce, 0xf6, 0x1, 0xbf, 0xfa, 0x1e, 0xf6,

    /* U+00FA "ú" */
    0x0, 0x0, 0x8, 0xfb, 0x0, 0x0, 0x0, 0xe,
    0xf2, 0x0, 0x0, 0x0, 0x6f, 0x80, 0x0, 0x0,
    0x0, 0x8a, 0x10, 0x0, 0x0, 0x0, 0x0, 0x0,
    0x0, 0x6f, 0xd0, 0x0, 0xe, 0xf6, 0x6f, 0xd0,
    0x0, 0xe, 0xf6, 0x6f, 0xd0, 0x0, 0xe, 0xf6,
    0x6f, 0xd0, 0x0, 0xe, 0xf6, 0x6f, 0xd0, 0x0,
    0xe, 0xf6, 0x6f, 0xd0, 0x0, 0xe, 0xf6, 0x6f,
    0xd0, 0x0, 0xf, 0xf6, 0x6f, 0xe0, 0x0, 0x2f,
    0xf6, 0x3f, 0xf7, 0x1, 0xcf, 0xf6, 0xc, 0xff,
    0xff, 0xce, 0xf6, 0x1, 0xbf, 0xfa, 0x1e, 0xf6,

    /* U+00FB "û" */
    0x0, 0x6, 0xff, 0x50, 0x0, 0x0, 0x4f, 0x9a,
    0xf4, 0x0, 0x1, 0xca, 0x0, 0xbb, 0x10, 0x0,
    0x0, 0x0, 0x0, 0x0, 0x6f, 0xd0, 0x0, 0xe,
    0xf6, 0x6f, 0xd0, 0x0, 0xe, 0xf6, 0x6f, 0xd0,
    0x0, 0xe, 0xf6, 0x6f, 0xd0, 0x0, 0xe, 0xf6,
    0x6f, 0xd0, 0x0, 0xe, 0xf6, 0x6f, 0xd0, 0x0,
    0xe, 0xf6, 0x6f, 0xd0, 0x0, 0xf, 0xf6, 0x6f,
    0xe0, 0x0, 0x2f, 0xf6, 0x3f, 0xf7, 0x1, 0xcf,
    0xf6, 0xc, 0xff, 0xff, 0xce, 0xf6, 0x1, 0xbf,
    0xfa, 0x1e, 0xf6,

    /* U+00FC "ü" */
    0x2, 0xed, 0x11, 0xdd, 0x10, 0x6, 0xff, 0x46,
    0xff, 0x50, 0x1, 0xba, 0x1, 0xaa, 0x0, 0x0,
    0x0, 0x0, 0x0, 0x0, 0x6f, 0xd0, 0x0, 0xe,
    0xf6, 0x6f, 0xd0, 0x0, 0xe, 0xf6, 0x6f, 0xd0,
    0x0, 0xe, 0xf6, 0x6f, 0xd0, 0x0, 0xe, 0xf6,
    0x6f, 0xd0, 0x0, 0xe, 0xf6, 0x6f, 0xd0, 0x0,
    0xe, 0xf6, 0x6f, 0xd0, 0x0, 0xf, 0xf6, 0x6f,
    0xe0, 0x0, 0x2f, 0xf6, 0x3f, 0xf7, 0x1, 0xcf,
    0xf6, 0xc, 0xff, 0xff, 0xce, 0xf6, 0x1, 0xbf,
    0xfa, 0x1e, 0xf6,

    /* U+00FD "ý" */
    0x0, 0x0, 0x0, 0xaf, 0x80, 0x0, 0x0, 0x0,
    0x2, 0xfe, 0x0, 0x0, 0x0, 0x0, 0x9, 0xf6,
    0x0, 0x0, 0x0, 0x0, 0xa, 0x90, 0x0, 0x0,
    0x0, 0x0, 0x0, 0x0, 0x0, 0x0, 0x1f, 0xf3,
    0x0, 0x0, 0x6f, 0xe0, 0xb, 0xf9, 0x0, 0x0,
    0xbf, 0x90, 0x5, 0xfe, 0x0, 0x1, 0xff, 0x30,
    0x0, 0xff, 0x40, 0x6, 0xfd, 0x0, 0x0, 0xaf,
    0x90, 0xc, 0xf7, 0x0, 0x0, 0x4f, 0xf0, 0x2f,
    0xf1, 0x0, 0x0, 0xe, 0xf5, 0x7f, 0xb0, 0x0,
    0x0, 0x8, 0xfa, 0xdf, 0x50, 0x0, 0x0, 0x2,
    0xff, 0xff, 0x0, 0x0, 0x0, 0x0, 0xdf, 0xfa,
    0x0, 0x0, 0x0, 0x0, 0x7f, 0xf4, 0x0, 0x0,
    0x0, 0x0, 0x7f, 0xd0, 0x0, 0x0, 0x0, 0x6,
    0xff, 0x50, 0x0, 0x0, 0x4f, 0xff, 0xf9, 0x0,
    0x0, 0x0, 0x4f, 0xfc, 0x50, 0x0, 0x0, 0x0,

    /* U+00FE "þ" */
    0x7f, 0xc0, 0x0, 0x0, 0x0, 0x7, 0xfc, 0x0,
    0x0, 0x0, 0x0, 0x7f, 0xc0, 0x0, 0x0, 0x0,
    0x7, 0xfc, 0x0, 0x0, 0x0, 0x0, 0x7f, 0xc1,
    0x9e, 0xfd, 0x60, 0x7, 0xfd, 0xcf, 0xff, 0xff,
    0x90, 0x7f, 0xfe, 0x40, 0x19, 0xff, 0x47, 0xff,
    0x40, 0x0, 0xc, 0xfa, 0x7f, 0xe0, 0x0, 0x0,
    0x6f, 0xe7, 0xfd, 0x0, 0x0, 0x5, 0xff, 0x7f,
    0xe0, 0x0, 0x0, 0x6f, 0xe7, 0xff, 0x40, 0x0,
    0xc, 0xfa, 0x7f, 0xfe, 0x40, 0x19, 0xff, 0x47,
    0xfd, 0xcf, 0xff, 0xff, 0x90, 0x7f, 0xc1, 0x9e,
    0xfd, 0x60, 0x7, 0xfc, 0x0, 0x0, 0x0, 0x0,
    0x7f, 0xc0, 0x0, 0x0, 0x0, 0x7, 0xfc, 0x0,
    0x0, 0x0, 0x0, 0x7f, 0xc0, 0x0, 0x0, 0x0,
    0x0,

    /* U+00FF "ÿ" */
    0x0, 0x4e, 0xb0, 0x3e, 0xb0, 0x0, 0x0, 0x9f,
    0xf1, 0x8f, 0xf2, 0x0, 0x0, 0x2b, 0x80, 0x2b,
    0x80, 0x0, 0x0, 0x0, 0x0, 0x0, 0x0, 0x0,
    0x1f, 0xf3, 0x0, 0x0, 0x6f, 0xe0, 0xb, 0xf9,
    0x0, 0x0, 0xbf, 0x90, 0x5, 0xfe, 0x0, 0x1,
    0xff, 0x30, 0x0, 0xff, 0x40, 0x6, 0xfd, 0x0,
    0x0, 0xaf, 0x90, 0xc, 0xf7, 0x0, 0x0, 0x4f,
    0xf0, 0x2f, 0xf1, 0x0, 0x0, 0xe, 0xf5, 0x7f,
    0xb0, 0x0, 0x0, 0x8, 0xfa, 0xdf, 0x50, 0x0,
    0x0, 0x2, 0xff, 0xff, 0x0, 0x0, 0x0, 0x0,
    0xdf, 0xfa, 0x0, 0x0, 0x0, 0x0, 0x7f, 0xf4,
    0x0, 0x0, 0x0, 0x0, 0x7f, 0xd0, 0x0, 0x0,
    0x0, 0x6, 0xff, 0x50, 0x0, 0x0, 0x4f, 0xff,
    0xf9, 0x0, 0x0, 0x0, 0x4f, 0xfc, 0x50, 0x0,
    0x0, 0x0,

    /* U+0102 "Ă" */
    0x0, 0x0, 0x66, 0x0, 0x6, 0x60, 0x0, 0x0,
    0x0, 0x9, 0xf6, 0x27, 0xf8, 0x0, 0x0, 0x0,
    0x0, 0x1c, 0xff, 0xfc, 0x0, 0x0, 0x0, 0x0,
    0x0, 0x3, 0x43, 0x0, 0x0, 0x0, 0x0, 0x0,
    0x0, 0x0, 0x0, 0x0, 0x0, 0x0, 0x0, 0x0,
    0x3f, 0xff, 0x20, 0x0, 0x0, 0x0, 0x0, 0x9,
    0xff, 0xf7, 0x0, 0x0, 0x0, 0x0, 0x0, 0xef,
    0xff, 0xd0, 0x0, 0x0, 0x0, 0x0, 0x4f, 0xf6,
    0xff, 0x20, 0x0, 0x0, 0x0, 0x9, 0xfd, 0xe,
    0xf8, 0x0, 0x0, 0x0, 0x0, 0xef, 0x80, 0x9f,
    0xd0, 0x0, 0x0, 0x0, 0x4f, 0xf3, 0x4, 0xff,
    0x30, 0x0, 0x0, 0xa, 0xfd, 0x0, 0xe, 0xf8,
    0x0, 0x0, 0x0, 0xff, 0x80, 0x0, 0x9f, 0xe0,
    0x0, 0x0, 0x5f, 0xf5, 0x22, 0x26, 0xff, 0x30,
    0x0, 0xa, 0xff, 0xff, 0xff, 0xff, 0xf9, 0x0,
    0x0, 0xff, 0xff, 0xff, 0xff, 0xff, 0xe0, 0x0,
    0x5f, 0xf3, 0x0, 0x0, 0x4, 0xff, 0x40, 0xb,
    0xfd, 0x0, 0x0, 0x0, 0xe, 0xf9, 0x0, 0xff,
    0x70, 0x0, 0x0, 0x0, 0x8f, 0xf0,

    /* U+0103 "ă" */
    0x0, 0xaf, 0x52, 0x4e, 0xc0, 0x0, 0x2, 0xdf,
    0xff, 0xe3, 0x0, 0x0, 0x0, 0x35, 0x30, 0x0,
    0x0, 0x0, 0x0, 0x0, 0x0, 0x0, 0x0, 0x4b,
    0xff, 0xb2, 0x9f, 0xb0, 0x6f, 0xff, 0xff, 0xeb,
    0xfb, 0x1f, 0xfc, 0x20, 0x2d, 0xff, 0xb7, 0xff,
    0x10, 0x0, 0x2f, 0xfb, 0xbf, 0xa0, 0x0, 0x0,
    0xbf, 0xbc, 0xf8, 0x0, 0x0, 0x9, 0xfb, 0xbf,
    0x90, 0x0, 0x0, 0xaf, 0xb7, 0xfe, 0x0, 0x0,
    0xf, 0xfb, 0x1f, 0xfa, 0x0, 0xa, 0xff, 0xb0,
    0x6f, 0xfe, 0xce, 0xfc, 0xfb, 0x0, 0x4c, 0xff,
    0xb3, 0x9f, 0xb0,

    /* U+0110 "Đ" */
    0x0, 0x7f, 0xff, 0xff, 0xec, 0x60, 0x0, 0x0,
    0x7, 0xff, 0xff, 0xff, 0xff, 0xd2, 0x0, 0x0,
    0x7f, 0xe1, 0x11, 0x38, 0xff, 0xe1, 0x0, 0x7,
    0xfe, 0x0, 0x0, 0x2, 0xef, 0xb0, 0x0, 0x7f,
    0xe0, 0x0, 0x0, 0x5, 0xff, 0x20, 0x7, 0xfe,
    0x0, 0x0, 0x0, 0xe, 0xf7, 0x5f, 0xff, 0xff,
    0xfe, 0x0, 0x0, 0xbf, 0xa5, 0xff, 0xff, 0xff,
    0xe0, 0x0, 0x9, 0xfb, 0x0, 0x7f, 0xe0, 0x0,
    0x0, 0x0, 0xbf, 0xa0, 0x7, 0xfe, 0x0, 0x0,
    0x0, 0xe, 0xf7, 0x0, 0x7f, 0xe0, 0x0, 0x0,
    0x5, 0xff, 0x20, 0x7, 0xfe, 0x0, 0x0, 0x2,
    0xef, 0xb0, 0x0, 0x7f, 0xe1, 0x11, 0x38, 0xff,
    0xe1, 0x0, 0x7, 0xff, 0xff, 0xff, 0xff, 0xd2,
    0x0, 0x0, 0x7f, 0xff, 0xff, 0xec, 0x60, 0x0,
    0x0,

    /* U+0111 "đ" */
    0x0, 0x0, 0x0, 0x0, 0xaf, 0xa0, 0x0, 0x0,
    0x0, 0x4b, 0xbe, 0xfe, 0xb4, 0x0, 0x0, 0x6,
    0xff, 0xff, 0xff, 0x60, 0x0, 0x0, 0x0, 0xa,
    0xfa, 0x0, 0x0, 0x5c, 0xff, 0xa1, 0xaf, 0xa0,
    0x0, 0x7f, 0xff, 0xff, 0xec, 0xfa, 0x0, 0x2f,
    0xfb, 0x10, 0x3d, 0xff, 0xa0, 0x8, 0xfe, 0x0,
    0x0, 0x2f, 0xfa, 0x0, 0xcf, 0x90, 0x0, 0x0,
    0xcf, 0xa0, 0xd, 0xf7, 0x0, 0x0, 0xa, 0xfa,
    0x0, 0xcf, 0x90, 0x0, 0x0, 0xcf, 0xa0, 0x8,
    0xfe, 0x0, 0x0, 0x2f, 0xfa, 0x0, 0x2f, 0xfb,
    0x10, 0x3d, 0xff, 0xa0, 0x0, 0x7f, 0xff, 0xff,
    0xec, 0xfa, 0x0, 0x0, 0x5c, 0xff, 0xa1, 0xaf,
    0xa0, 0x0,

    /* U+0128 "Ĩ" */
    0x3, 0x85, 0x3, 0x80, 0x1f, 0xff, 0xcd, 0xf0,
    0x4f, 0x26, 0xdf, 0x60, 0x0, 0x0, 0x0, 0x0,
    0x0, 0x0, 0x0, 0x0, 0x0, 0x5f, 0xf0, 0x0,
    0x0, 0x5f, 0xf0, 0x0, 0x0, 0x5f, 0xf0, 0x0,
    0x0, 0x5f, 0xf0, 0x0, 0x0, 0x5f, 0xf0, 0x0,
    0x0, 0x5f, 0xf0, 0x0, 0x0, 0x5f, 0xf0, 0x0,
    0x0, 0x5f, 0xf0, 0x0, 0x0, 0x5f, 0xf0, 0x0,
    0x0, 0x5f, 0xf0, 0x0, 0x0, 0x5f, 0xf0, 0x0,
    0x0, 0x5f, 0xf0, 0x0, 0x0, 0x5f, 0xf0, 0x0,
    0x0, 0x5f, 0xf0, 0x0, 0x0, 0x5f, 0xf0, 0x0,

    /* U+0129 "ĩ" */
    0xa, 0xfc, 0x37, 0xf0, 0x3f, 0xae, 0xff, 0xc0,
    0x39, 0x0, 0x68, 0x20, 0x0, 0x0, 0x0, 0x0,
    0x0, 0x4f, 0xf0, 0x0, 0x0, 0x4f, 0xf0, 0x0,
    0x0, 0x4f, 0xf0, 0x0, 0x0, 0x4f, 0xf0, 0x0,
    0x0, 0x4f, 0xf0, 0x0, 0x0, 0x4f, 0xf0, 0x0,
    0x0, 0x4f, 0xf0, 0x0, 0x0, 0x4f, 0xf0, 0x0,
    0x0, 0x4f, 0xf0, 0x0, 0x0, 0x4f, 0xf0, 0x0,
    0x0, 0x4f, 0xf0, 0x0,

    /* U+0168 "Ũ" */
    0x0, 0x2, 0xee, 0x50, 0xc9, 0x0, 0x0, 0x0,
    0xae, 0xbf, 0xbf, 0x60, 0x0, 0x0, 0xc, 0x90,
    0x7e, 0xc0, 0x0, 0x0, 0x0, 0x0, 0x0, 0x0,
    0x0, 0x0, 0x0, 0x0, 0x0, 0x0, 0x0, 0x0,
    0x5, 0xff, 0x0, 0x0, 0x0, 0x2f, 0xf3, 0x5f,
    0xf0, 0x0, 0x0, 0x2, 0xff, 0x35, 0xff, 0x0,
    0x0, 0x0, 0x2f, 0xf3, 0x5f, 0xf0, 0x0, 0x0,
    0x2, 0xff, 0x35, 0xff, 0x0, 0x0, 0x0, 0x2f,
    0xf3, 0x5f, 0xf0, 0x0, 0x0, 0x2, 0xff, 0x35,
    0xff, 0x0, 0x0, 0x0, 0x2f, 0xf3, 0x5f, 0xf0,
    0x0, 0x0, 0x2, 0xff, 0x35, 0xff, 0x0, 0x0,
    0x0, 0x2f, 0xf3, 0x4f, 0xf0, 0x0, 0x0, 0x2,
    0xff, 0x33, 0xff, 0x30, 0x0, 0x0, 0x5f, 0xf1,
    0xe, 0xfb, 0x0, 0x0, 0xc, 0xfd, 0x0, 0x8f,
    0xfc, 0x64, 0x6d, 0xff, 0x60, 0x0, 0xaf, 0xff,
    0xff, 0xff, 0x90, 0x0, 0x0, 0x5b, 0xef, 0xea,
    0x40, 0x0,

    /* U+0169 "ũ" */
    0x0, 0x9f, 0xeb, 0xbf, 0x20, 0x2, 0xfa, 0xbe,
    0xf9, 0x0, 0x0, 0x0, 0x0, 0x0, 0x0, 0x0,
    0x0, 0x0, 0x0, 0x0, 0x6f, 0xd0, 0x0, 0xe,
    0xf6, 0x6f, 0xd0, 0x0, 0xe, 0xf6, 0x6f, 0xd0,
    0x0, 0xe, 0xf6, 0x6f, 0xd0, 0x0, 0xe, 0xf6,
    0x6f, 0xd0, 0x0, 0xe, 0xf6, 0x6f, 0xd0, 0x0,
    0xe, 0xf6, 0x6f, 0xd0, 0x0, 0xf, 0xf6, 0x6f,
    0xe0, 0x0, 0x2f, 0xf6, 0x3f, 0xf7, 0x1, 0xcf,
    0xf6, 0xc, 0xff, 0xff, 0xce, 0xf6, 0x1, 0xbf,
    0xfa, 0x1e, 0xf6,

    /* U+01A0 "Ơ" */
    0x0, 0x0, 0x0, 0x0, 0x0, 0x3, 0x85, 0x0,
    0x0, 0x0, 0x0, 0x0, 0x0, 0x6f, 0xa0, 0x0,
    0x0, 0x0, 0x0, 0x0, 0x9, 0xf9, 0x0, 0x0,
    0x17, 0xce, 0xff, 0xff, 0xff, 0x40, 0x0, 0x4e,
    0xff, 0xff, 0xff, 0xff, 0x40, 0x0, 0x4f, 0xfe,
    0x84, 0x35, 0xbf, 0xfb, 0x0, 0xe, 0xfd, 0x10,
    0x0, 0x0, 0x6f, 0xf6, 0x6, 0xff, 0x30, 0x0,
    0x0, 0x0, 0xaf, 0xe0, 0xbf, 0xc0, 0x0, 0x0,
    0x0, 0x3, 0xff, 0x4e, 0xf8, 0x0, 0x0, 0x0,
    0x0, 0xf, 0xf7, 0xff, 0x60, 0x0, 0x0, 0x0,
    0x0, 0xef, 0x8e, 0xf8, 0x0, 0x0, 0x0, 0x0,
    0xf, 0xf7, 0xbf, 0xc0, 0x0, 0x0, 0x0, 0x3,
    0xff, 0x46, 0xff, 0x30, 0x0, 0x0, 0x0, 0xbf,
    0xe0, 0xe, 0xfd, 0x20, 0x0, 0x0, 0x7f, 0xf7,
    0x0, 0x4f, 0xfe, 0x84, 0x35, 0xbf, 0xfc, 0x0,
    0x0, 0x4e, 0xff, 0xff, 0xff, 0xfb, 0x0, 0x0,
    0x0, 0x17, 0xce, 0xfe, 0xa4, 0x0, 0x0,

    /* U+01A1 "ơ" */
    0x0, 0x0, 0x0, 0x0, 0x8, 0x60, 0x0, 0x0,
    0x0, 0x1, 0xfd, 0x0, 0x0, 0x0, 0x0, 0x4f,
    0xc0, 0x2, 0xae, 0xff, 0xff, 0xf6, 0x4, 0xff,
    0xff, 0xff, 0xf7, 0x1, 0xef, 0xb2, 0x2, 0xcf,
    0xe0, 0x7f, 0xe0, 0x0, 0x1, 0xff, 0x6b, 0xf9,
    0x0, 0x0, 0xa, 0xfb, 0xdf, 0x70, 0x0, 0x0,
    0x8f, 0xcb, 0xf9, 0x0, 0x0, 0xa, 0xfa, 0x7f,
    0xe0, 0x0, 0x1, 0xff, 0x61, 0xef, 0xb2, 0x2,
    0xcf, 0xe1, 0x4, 0xff, 0xff, 0xff, 0xf4, 0x0,
    0x2, 0xae, 0xfe, 0x92, 0x0,

    /* U+01AF "Ư" */
    0x0, 0x0, 0x0, 0x0, 0x0, 0x0, 0x38, 0x40,
    0x0, 0x0, 0x0, 0x0, 0x0, 0x7, 0xf9, 0x0,
    0x0, 0x0, 0x0, 0x0, 0x0, 0xaf, 0x85, 0xff,
    0x0, 0x0, 0x0, 0x2f, 0xff, 0xf2, 0x5f, 0xf0,
    0x0, 0x0, 0x2, 0xff, 0x82, 0x5, 0xff, 0x0,
    0x0, 0x0, 0x2f, 0xf3, 0x0, 0x5f, 0xf0, 0x0,
    0x0, 0x2, 0xff, 0x30, 0x5, 0xff, 0x0, 0x0,
    0x0, 0x2f, 0xf3, 0x0, 0x5f, 0xf0, 0x0, 0x0,
    0x2, 0xff, 0x30, 0x5, 0xff, 0x0, 0x0, 0x0,
    0x2f, 0xf3, 0x0, 0x5f, 0xf0, 0x0, 0x0, 0x2,
    0xff, 0x30, 0x5, 0xff, 0x0, 0x0, 0x0, 0x2f,
    0xf3, 0x0, 0x4f, 0xf0, 0x0, 0x0, 0x2, 0xff,
    0x30, 0x3, 0xff, 0x30, 0x0, 0x0, 0x5f, 0xf1,
    0x0, 0xe, 0xfb, 0x0, 0x0, 0xc, 0xfd, 0x0,
    0x0, 0x8f, 0xfc, 0x64, 0x6d, 0xff, 0x60, 0x0,
    0x0, 0xaf, 0xff, 0xff, 0xff, 0x90, 0x0, 0x0,
    0x0, 0x5b, 0xef, 0xea, 0x40, 0x0, 0x0,

    /* U+01B0 "ư" */
    0x0, 0x0, 0x0, 0x0, 0x9, 0xf5, 0x0, 0x0,
    0x0, 0x0, 0xb, 0xf5, 0xbf, 0x90, 0x0, 0x2f,
    0xff, 0xe1, 0xbf, 0x90, 0x0, 0x2f, 0xf6, 0x10,
    0xbf, 0x90, 0x0, 0x2f, 0xf2, 0x0, 0xbf, 0x90,
    0x0, 0x2f, 0xf2, 0x0, 0xbf, 0x90, 0x0, 0x2f,
    0xf2, 0x0, 0xbf, 0x90, 0x0, 0x2f, 0xf2, 0x0,
    0xbf, 0x90, 0x0, 0x3f, 0xf2, 0x0, 0xaf, 0xa0,
    0x0, 0x6f, 0xf2, 0x0, 0x7f, 0xf4, 0x3, 0xef,
    0xf2, 0x0, 0x1f, 0xff, 0xff, 0xbf, 0xf2, 0x0,
    0x3, 0xcf, 0xe8, 0x2f, 0xf2, 0x0,

    /* U+1EA0 "Ạ" */
    0x0, 0x0, 0x3, 0xff, 0xf2, 0x0, 0x0, 0x0,
    0x0, 0x0, 0x9f, 0xff, 0x70, 0x0, 0x0, 0x0,
    0x0, 0xe, 0xff, 0xfd, 0x0, 0x0, 0x0, 0x0,
    0x4, 0xff, 0x6f, 0xf2, 0x0, 0x0, 0x0, 0x0,
    0x9f, 0xd0, 0xef, 0x80, 0x0, 0x0, 0x0, 0xe,
    0xf8, 0x9, 0xfd, 0x0, 0x0, 0x0, 0x4, 0xff,
    0x30, 0x4f, 0xf3, 0x0, 0x0, 0x0, 0xaf, 0xd0,
    0x0, 0xef, 0x80, 0x0, 0x0, 0xf, 0xf8, 0x0,
    0x9, 0xfe, 0x0, 0x0, 0x5, 0xff, 0x52, 0x22,
    0x6f, 0xf3, 0x0, 0x0, 0xaf, 0xff, 0xff, 0xff,
    0xff, 0x90, 0x0, 0xf, 0xff, 0xff, 0xff, 0xff,
    0xfe, 0x0, 0x5, 0xff, 0x30, 0x0, 0x0, 0x4f,
    0xf4, 0x0, 0xbf, 0xd0, 0x0, 0x0, 0x0, 0xef,
    0x90, 0xf, 0xf7, 0x0, 0x0, 0x0, 0x8, 0xff,
    0x0, 0x0, 0x0, 0x0, 0x0, 0x0, 0x0, 0x0,
    0x0, 0x0, 0x0, 0x0, 0x0, 0x0, 0x0, 0x0,
    0x0, 0x0, 0x8, 0xf7, 0x0, 0x0, 0x0, 0x0,
    0x0, 0x0, 0xef, 0xc0, 0x0, 0x0, 0x0, 0x0,
    0x0, 0x6, 0xc5, 0x0, 0x0, 0x0,

    /* U+1EA1 "ạ" */
    0x0, 0x4b, 0xff, 0xb2, 0x9f, 0xb0, 0x6f, 0xff,
    0xff, 0xeb, 0xfb, 0x1f, 0xfc, 0x20, 0x2d, 0xff,
    0xb7, 0xff, 0x10, 0x0, 0x2f, 0xfb, 0xbf, 0xa0,
    0x0, 0x0, 0xbf, 0xbc, 0xf8, 0x0, 0x0, 0x9,
    0xfb, 0xbf, 0x90, 0x0, 0x0, 0xaf, 0xb7, 0xfe,
    0x0, 0x0, 0xf, 0xfb, 0x1f, 0xfa, 0x0, 0xa,
    0xff, 0xb0, 0x6f, 0xfe, 0xce, 0xfc, 0xfb, 0x0,
    0x4c, 0xff, 0xb3, 0x9f, 0xb0, 0x0, 0x0, 0x0,
    0x0, 0x0, 0x0, 0x0, 0x0, 0x0, 0x0, 0x0,
    0x0, 0x6, 0xf8, 0x0, 0x0, 0x0, 0x0, 0xcf,
    0xe0, 0x0, 0x0, 0x0, 0x4, 0xc6, 0x0, 0x0,

    /* U+1EA2 "Ả" */
    0x0, 0x0, 0x0, 0x0, 0x0, 0x0, 0x0, 0x0,
    0x0, 0x0, 0x2d, 0xfd, 0x30, 0x0, 0x0, 0x0,
    0x0, 0xa, 0xe5, 0xdd, 0x0, 0x0, 0x0, 0x0,
    0x0, 0x0, 0x1d, 0xc0, 0x0, 0x0, 0x0, 0x0,
    0x0, 0x1f, 0xd2, 0x0, 0x0, 0x0, 0x0, 0x0,
    0x2, 0x91, 0x0, 0x0, 0x0, 0x0, 0x0, 0x0,
    0x0, 0x0, 0x0, 0x0, 0x0, 0x0, 0x0, 0x3f,
    0xff, 0x20, 0x0, 0x0, 0x0, 0x0, 0x9, 0xff,
    0xf7, 0x0, 0x0, 0x0, 0x0, 0x0, 0xef, 0xff,
    0xd0, 0x0, 0x0, 0x0, 0x0, 0x4f, 0xf6, 0xff,
    0x20, 0x0, 0x0, 0x0, 0x9, 0xfd, 0xe, 0xf8,
    0x0, 0x0, 0x0, 0x0, 0xef, 0x80, 0x9f, 0xd0,
    0x0, 0x0, 0x0, 0x4f, 0xf3, 0x4, 0xff, 0x30,
    0x0, 0x0, 0xa, 0xfd, 0x0, 0xe, 0xf8, 0x0,
    0x0, 0x0, 0xff, 0x80, 0x0, 0x9f, 0xe0, 0x0,
    0x0, 0x5f, 0xf5, 0x22, 0x26, 0xff, 0x30, 0x0,
    0xa, 0xff, 0xff, 0xff, 0xff, 0xf9, 0x0, 0x0,
    0xff, 0xff, 0xff, 0xff, 0xff, 0xe0, 0x0, 0x5f,
    0xf3, 0x0, 0x0, 0x4, 0xff, 0x40, 0xb, 0xfd,
    0x0, 0x0, 0x0, 0xe, 0xf9, 0x0, 0xff, 0x70,
    0x0, 0x0, 0x0, 0x8f, 0xf0,

    /* U+1EA3 "ả" */
    0x0, 0x0, 0x0, 0x0, 0x0, 0x0, 0x0, 0x1c,
    0xfe, 0x40, 0x0, 0x0, 0x8, 0xf5, 0xce, 0x0,
    0x0, 0x0, 0x11, 0xc, 0xe0, 0x0, 0x0, 0x0,
    0xd, 0xe4, 0x0, 0x0, 0x0, 0x1, 0xb3, 0x0,
    0x0, 0x0, 0x0, 0x0, 0x0, 0x0, 0x0, 0x4,
    0xbf, 0xfb, 0x29, 0xfb, 0x6, 0xff, 0xff, 0xfe,
    0xbf, 0xb1, 0xff, 0xc2, 0x2, 0xdf, 0xfb, 0x7f,
    0xf1, 0x0, 0x2, 0xff, 0xbb, 0xfa, 0x0, 0x0,
    0xb, 0xfb, 0xcf, 0x80, 0x0, 0x0, 0x9f, 0xbb,
    0xf9, 0x0, 0x0, 0xa, 0xfb, 0x7f, 0xe0, 0x0,
    0x0, 0xff, 0xb1, 0xff, 0xa0, 0x0, 0xaf, 0xfb,
    0x6, 0xff, 0xec, 0xef, 0xcf, 0xb0, 0x4, 0xcf,
    0xfb, 0x39, 0xfb,

    /* U+1EA4 "Ấ" */
    0x0, 0x0, 0x0, 0x0, 0x0, 0xb, 0xf7, 0x0,
    0x0, 0x0, 0x0, 0x0, 0x3, 0xfd, 0x0, 0x0,
    0x0, 0x0, 0x0, 0x0, 0xaf, 0x50, 0x0, 0x0,
    0x0, 0x8, 0xc8, 0xa, 0x90, 0x0, 0x0, 0x0,
    0x6, 0xfd, 0xf6, 0x0, 0x0, 0x0, 0x0, 0x3,
    0xfb, 0xc, 0xf3, 0x0, 0x0, 0x0, 0x0, 0x57,
    0x10, 0x17, 0x50, 0x0, 0x0, 0x0, 0x0, 0x0,
    0x0, 0x0, 0x0, 0x0, 0x0, 0x0, 0x3, 0xff,
    0xf2, 0x0, 0x0, 0x0, 0x0, 0x0, 0x9f, 0xff,
    0x70, 0x0, 0x0, 0x0, 0x0, 0xe, 0xff, 0xfd,
    0x0, 0x0, 0x0, 0x0, 0x4, 0xff, 0x6f, 0xf2,
    0x0, 0x0, 0x0, 0x0, 0x9f, 0xd0, 0xef, 0x80,
    0x0, 0x0, 0x0, 0xe, 0xf8, 0x9, 0xfd, 0x0,
    0x0, 0x0, 0x4, 0xff, 0x30, 0x4f, 0xf3, 0x0,
    0x0, 0x0, 0xaf, 0xd0, 0x0, 0xef, 0x80, 0x0,
    0x0, 0xf, 0xf8, 0x0, 0x9, 0xfe, 0x0, 0x0,
    0x5, 0xff, 0x52, 0x22, 0x6f, 0xf3, 0x0, 0x0,
    0xaf, 0xff, 0xff, 0xff, 0xff, 0x90, 0x0, 0xf,
    0xff, 0xff, 0xff, 0xff, 0xfe, 0x0, 0x5, 0xff,
    0x30, 0x0, 0x0, 0x4f, 0xf4, 0x0, 0xbf, 0xd0,
    0x0, 0x0, 0x0, 0xef, 0x90, 0xf, 0xf7, 0x0,
    0x0, 0x0, 0x8, 0xff, 0x0,

    /* U+1EA5 "ấ" */
    0x0, 0x0, 0x0, 0x0, 0x6, 0xb7, 0x0, 0x0,
    0x0, 0x0, 0xe, 0xf2, 0x0, 0x0, 0x0, 0x0,
    0x6f, 0x90, 0x0, 0x0, 0x0, 0x0, 0xdf, 0x10,
    0x0, 0x0, 0xcf, 0xd1, 0x0, 0x0, 0x0, 0xb,
    0xe2, 0xdd, 0x10, 0x0, 0x0, 0x5b, 0x40, 0x2a,
    0x70, 0x0, 0x0, 0x0, 0x0, 0x0, 0x0, 0x0,
    0x0, 0x4b, 0xff, 0xb2, 0x9f, 0xb0, 0x6, 0xff,
    0xff, 0xfe, 0xbf, 0xb0, 0x1f, 0xfc, 0x20, 0x2d,
    0xff, 0xb0, 0x7f, 0xf1, 0x0, 0x2, 0xff, 0xb0,
    0xbf, 0xa0, 0x0, 0x0, 0xbf, 0xb0, 0xcf, 0x80,
    0x0, 0x0, 0x9f, 0xb0, 0xbf, 0x90, 0x0, 0x0,
    0xaf, 0xb0, 0x7f, 0xe0, 0x0, 0x0, 0xff, 0xb0,
    0x1f, 0xfa, 0x0, 0xa, 0xff, 0xb0, 0x6, 0xff,
    0xec, 0xef, 0xcf, 0xb0, 0x0, 0x4c, 0xff, 0xb3,
    0x9f, 0xb0,

    /* U+1EA6 "Ầ" */
    0x0, 0x0, 0x0, 0x0, 0x8f, 0xa0, 0x0, 0x0,
    0x0, 0x0, 0x0, 0x0, 0xef, 0x20, 0x0, 0x0,
    0x0, 0x0, 0x0, 0x6, 0xf9, 0x0, 0x0, 0x0,
    0x0, 0x8, 0xc8, 0x9, 0xa0, 0x0, 0x0, 0x0,
    0x6, 0xfd, 0xf6, 0x0, 0x0, 0x0, 0x0, 0x3,
    0xfb, 0xc, 0xf3, 0x0, 0x0, 0x0, 0x0, 0x57,
    0x10, 0x17, 0x50, 0x0, 0x0, 0x0, 0x0, 0x0,
    0x0, 0x0, 0x0, 0x0, 0x0, 0x0, 0x3, 0xff,
    0xf2, 0x0, 0x0, 0x0, 0x0, 0x0, 0x9f, 0xff,
    0x70, 0x0, 0x0, 0x0, 0x0, 0xe, 0xff, 0xfd,
    0x0, 0x0, 0x0, 0x0, 0x4, 0xff, 0x6f, 0xf2,
    0x0, 0x0, 0x0, 0x0, 0x9f, 0xd0, 0xef, 0x80,
    0x0, 0x0, 0x0, 0xe, 0xf8, 0x9, 0xfd, 0x0,
    0x0, 0x0, 0x4, 0xff, 0x30, 0x4f, 0xf3, 0x0,
    0x0, 0x0, 0xaf, 0xd0, 0x0, 0xef, 0x80, 0x0,
    0x0, 0xf, 0xf8, 0x0, 0x9, 0xfe, 0x0, 0x0,
    0x5, 0xff, 0x52, 0x22, 0x6f, 0xf3, 0x0, 0x0,
    0xaf, 0xff, 0xff, 0xff, 0xff, 0x90, 0x0, 0xf,
    0xff, 0xff, 0xff, 0xff, 0xfe, 0x0, 0x5, 0xff,
    0x30, 0x0, 0x0, 0x4f, 0xf4, 0x0, 0xbf, 0xd0,
    0x0, 0x0, 0x0, 0xef, 0x90, 0xf, 0xf7, 0x0,
    0x0, 0x0, 0x8, 0xff, 0x0,

    /* U+1EA7 "ầ" */
    0x0, 0x0, 0x0, 0x5b, 0x70, 0x0, 0x0, 0x0,
    0x1, 0xff, 0x10, 0x0, 0x0, 0x0, 0x7, 0xf8,
    0x0, 0x0, 0x0, 0x0, 0xd, 0xf0, 0x0, 0x0,
    0xcf, 0xd1, 0x0, 0x0, 0x0, 0xbe, 0x2d, 0xd1,
    0x0, 0x0, 0x5b, 0x40, 0x2a, 0x70, 0x0, 0x0,
    0x0, 0x0, 0x0, 0x0, 0x0, 0x4b, 0xff, 0xb2,
    0x9f, 0xb0, 0x6f, 0xff, 0xff, 0xeb, 0xfb, 0x1f,
    0xfc, 0x20, 0x2d, 0xff, 0xb7, 0xff, 0x10, 0x0,
    0x2f, 0xfb, 0xbf, 0xa0, 0x0, 0x0, 0xbf, 0xbc,
    0xf8, 0x0, 0x0, 0x9, 0xfb, 0xbf, 0x90, 0x0,
    0x0, 0xaf, 0xb7, 0xfe, 0x0, 0x0, 0xf, 0xfb,
    0x1f, 0xfa, 0x0, 0xa, 0xff, 0xb0, 0x6f, 0xfe,
    0xce, 0xfc, 0xfb, 0x0, 0x4c, 0xff, 0xb3, 0x9f,
    0xb0,

    /* U+1EA8 "Ẩ" */
    0x0, 0x0, 0x0, 0x0, 0x0, 0x0, 0x0, 0x0,
    0x0, 0x0, 0x0, 0x0, 0xaf, 0xe6, 0x0, 0x0,
    0x0, 0x0, 0x0, 0x5f, 0x7a, 0xf1, 0x0, 0x0,
    0x0, 0x0, 0x0, 0x20, 0x9f, 0x20, 0x0, 0x0,
    0x0, 0x0, 0x0, 0x9f, 0x70, 0x0, 0x0, 0x0,
    0xb, 0xea, 0xb, 0x70, 0x0, 0x0, 0x0, 0x8,
    0xfc, 0xf7, 0x0, 0x0, 0x0, 0x0, 0x4, 0xfa,
    0xb, 0xf3, 0x0, 0x0, 0x0, 0x0, 0x56, 0x0,
    0x16, 0x40, 0x0, 0x0, 0x0, 0x0, 0x0, 0x0,
    0x0, 0x0, 0x0, 0x0, 0x0, 0x3, 0xff, 0xf2,
    0x0, 0x0, 0x0, 0x0, 0x0, 0x9f, 0xff, 0x70,
    0x0, 0x0, 0x0, 0x0, 0xe, 0xff, 0xfd, 0x0,
    0x0, 0x0, 0x0, 0x4, 0xff, 0x6f, 0xf2, 0x0,
    0x0, 0x0, 0x0, 0x9f, 0xd0, 0xef, 0x80, 0x0,
    0x0, 0x0, 0xe, 0xf8, 0x9, 0xfd, 0x0, 0x0,
    0x0, 0x4, 0xff, 0x30, 0x4f, 0xf3, 0x0, 0x0,
    0x0, 0xaf, 0xd0, 0x0, 0xef, 0x80, 0x0, 0x0,
    0xf, 0xf8, 0x0, 0x9, 0xfe, 0x0, 0x0, 0x5,
    0xff, 0x52, 0x22, 0x6f, 0xf3, 0x0, 0x0, 0xaf,
    0xff, 0xff, 0xff, 0xff, 0x90, 0x0, 0xf, 0xff,
    0xff, 0xff, 0xff, 0xfe, 0x0, 0x5, 0xff, 0x30,
    0x0, 0x0, 0x4f, 0xf4, 0x0, 0xbf, 0xd0, 0x0,
    0x0, 0x0, 0xef, 0x90, 0xf, 0xf7, 0x0, 0x0,
    0x0, 0x8, 0xff, 0x0,

    /* U+1EA9 "ẩ" */
    0x0, 0x0, 0x0, 0x0, 0x0, 0x0, 0x0, 0x0,
    0x0, 0x9, 0xff, 0x80, 0x0, 0x0, 0x0, 0x3f,
    0x79, 0xf3, 0x0, 0x0, 0x0, 0x1, 0x8, 0xf3,
    0x0, 0x0, 0x0, 0x0, 0xaf, 0x60, 0x0, 0x0,
    0xcf, 0xd1, 0x75, 0x0, 0x0, 0xb, 0xf6, 0xfc,
    0x0, 0x0, 0x0, 0x6d, 0x50, 0x4c, 0x80, 0x0,
    0x0, 0x0, 0x0, 0x0, 0x0, 0x0, 0x0, 0x4b,
    0xff, 0xb2, 0x9f, 0xb0, 0x6, 0xff, 0xff, 0xfe,
    0xbf, 0xb0, 0x1f, 0xfc, 0x20, 0x2d, 0xff, 0xb0,
    0x7f, 0xf1, 0x0, 0x2, 0xff, 0xb0, 0xbf, 0xa0,
    0x0, 0x0, 0xbf, 0xb0, 0xcf, 0x80, 0x0, 0x0,
    0x9f, 0xb0, 0xbf, 0x90, 0x0, 0x0, 0xaf, 0xb0,
    0x7f, 0xe0, 0x0, 0x0, 0xff, 0xb0, 0x1f, 0xfa,
    0x0, 0xa, 0xff, 0xb0, 0x6, 0xff, 0xec, 0xef,
    0xcf, 0xb0, 0x0, 0x4c, 0xff, 0xb3, 0x9f, 0xb0,

    /* U+1EAA "Ẫ" */
    0x0, 0x0, 0x2d, 0xe9, 0x1d, 0xa0, 0x0, 0x0,
    0x0, 0x9, 0xea, 0xff, 0xf6, 0x0, 0x0, 0x0,
    0x0, 0x66, 0x2, 0x76, 0x0, 0x0, 0x0, 0x0,
    0x0, 0x7, 0xa6, 0x0, 0x0, 0x0, 0x0, 0x0,
    0x6, 0xfe, 0xf5, 0x0, 0x0, 0x0, 0x0, 0x3,
    0xfb, 0xc, 0xf2, 0x0, 0x0, 0x0, 0x0, 0x57,
    0x10, 0x17, 0x50, 0x0, 0x0, 0x0, 0x0, 0x0,
    0x0, 0x0, 0x0, 0x0, 0x0, 0x0, 0x3, 0xff,
    0xf2, 0x0, 0x0, 0x0, 0x0, 0x0, 0x9f, 0xff,
    0x70, 0x0, 0x0, 0x0, 0x0, 0xe, 0xff, 0xfd,
    0x0, 0x0, 0x0, 0x0, 0x4, 0xff, 0x6f, 0xf2,
    0x0, 0x0, 0x0, 0x0, 0x9f, 0xd0, 0xef, 0x80,
    0x0, 0x0, 0x0, 0xe, 0xf8, 0x9, 0xfd, 0x0,
    0x0, 0x0, 0x4, 0xff, 0x30, 0x4f, 0xf3, 0x0,
    0x0, 0x0, 0xaf, 0xd0, 0x0, 0xef, 0x80, 0x0,
    0x0, 0xf, 0xf8, 0x0, 0x9, 0xfe, 0x0, 0x0,
    0x5, 0xff, 0x52, 0x22, 0x6f, 0xf3, 0x0, 0x0,
    0xaf, 0xff, 0xff, 0xff, 0xff, 0x90, 0x0, 0xf,
    0xff, 0xff, 0xff, 0xff, 0xfe, 0x0, 0x5, 0xff,
    0x30, 0x0, 0x0, 0x4f, 0xf4, 0x0, 0xbf, 0xd0,
    0x0, 0x0, 0x0, 0xef, 0x90, 0xf, 0xf7, 0x0,
    0x0, 0x0, 0x8, 0xff, 0x0,

    /* U+1EAB "ẫ" */
    0x0, 0xc, 0xe7, 0xa, 0xc0, 0x0, 0x7, 0xfa,
    0xfb, 0xe9, 0x0, 0x0, 0xac, 0x5, 0xed, 0x20,
    0x0, 0x0, 0x0, 0x0, 0x0, 0x0, 0x0, 0x0,
    0xcf, 0xd1, 0x0, 0x0, 0x0, 0xbf, 0x6f, 0xc0,
    0x0, 0x0, 0x6d, 0x50, 0x4c, 0x80, 0x0, 0x0,
    0x0, 0x0, 0x0, 0x0, 0x0, 0x4b, 0xff, 0xb2,
    0x9f, 0xb0, 0x6f, 0xff, 0xff, 0xeb, 0xfb, 0x1f,
    0xfc, 0x20, 0x2d, 0xff, 0xb7, 0xff, 0x10, 0x0,
    0x2f, 0xfb, 0xbf, 0xa0, 0x0, 0x0, 0xbf, 0xbc,
    0xf8, 0x0, 0x0, 0x9, 0xfb, 0xbf, 0x90, 0x0,
    0x0, 0xaf, 0xb7, 0xfe, 0x0, 0x0, 0xf, 0xfb,
    0x1f, 0xfa, 0x0, 0xa, 0xff, 0xb0, 0x6f, 0xfe,
    0xce, 0xfc, 0xfb, 0x0, 0x4c, 0xff, 0xb3, 0x9f,
    0xb0,

    /* U+1EAC "Ậ" */
    0x0, 0x0, 0x0, 0x58, 0x50, 0x0, 0x0, 0x0,
    0x0, 0x0, 0x4f, 0xef, 0x40, 0x0, 0x0, 0x0,
    0x0, 0x2f, 0xc1, 0xde, 0x20, 0x0, 0x0, 0x0,
    0x5, 0x81, 0x2, 0x85, 0x0, 0x0, 0x0, 0x0,
    0x0, 0x0, 0x0, 0x0, 0x0, 0x0, 0x0, 0x0,
    0x3f, 0xff, 0x20, 0x0, 0x0, 0x0, 0x0, 0x9,
    0xff, 0xf7, 0x0, 0x0, 0x0, 0x0, 0x0, 0xef,
    0xff, 0xd0, 0x0, 0x0, 0x0, 0x0, 0x4f, 0xf6,
    0xff, 0x20, 0x0, 0x0, 0x0, 0x9, 0xfd, 0xe,
    0xf8, 0x0, 0x0, 0x0, 0x0, 0xef, 0x80, 0x9f,
    0xd0, 0x0, 0x0, 0x0, 0x4f, 0xf3, 0x4, 0xff,
    0x30, 0x0, 0x0, 0xa, 0xfd, 0x0, 0xe, 0xf8,
    0x0, 0x0, 0x0, 0xff, 0x80, 0x0, 0x9f, 0xe0,
    0x0, 0x0, 0x5f, 0xf5, 0x22, 0x26, 0xff, 0x30,
    0x0, 0xa, 0xff, 0xff, 0xff, 0xff, 0xf9, 0x0,
    0x0, 0xff, 0xff, 0xff, 0xff, 0xff, 0xe0, 0x0,
    0x5f, 0xf3, 0x0, 0x0, 0x4, 0xff, 0x40, 0xb,
    0xfd, 0x0, 0x0, 0x0, 0xe, 0xf9, 0x0, 0xff,
    0x70, 0x0, 0x0, 0x0, 0x8f, 0xf0, 0x0, 0x0,
    0x0, 0x0, 0x0, 0x0, 0x0, 0x0, 0x0, 0x0,
    0x0, 0x0, 0x0, 0x0, 0x0, 0x0, 0x0, 0x0,
    0x8f, 0x70, 0x0, 0x0, 0x0, 0x0, 0x0, 0xe,
    0xfc, 0x0, 0x0, 0x0, 0x0, 0x0, 0x0, 0x6c,
    0x50, 0x0, 0x0, 0x0,

    /* U+1EAD "ậ" */
    0x0, 0x0, 0xcf, 0xd1, 0x0, 0x0, 0x0, 0xaf,
    0x6f, 0xc0, 0x0, 0x0, 0x6e, 0x60, 0x4e, 0x80,
    0x0, 0x0, 0x0, 0x0, 0x0, 0x0, 0x0, 0x4b,
    0xff, 0xb2, 0x9f, 0xb0, 0x6f, 0xff, 0xff, 0xeb,
    0xfb, 0x1f, 0xfc, 0x20, 0x2d, 0xff, 0xb7, 0xff,
    0x10, 0x0, 0x2f, 0xfb, 0xbf, 0xa0, 0x0, 0x0,
    0xbf, 0xbc, 0xf8, 0x0, 0x0, 0x9, 0xfb, 0xbf,
    0x90, 0x0, 0x0, 0xaf, 0xb7, 0xfe, 0x0, 0x0,
    0xf, 0xfb, 0x1f, 0xfa, 0x0, 0xa, 0xff, 0xb0,
    0x6f, 0xfe, 0xce, 0xfc, 0xfb, 0x0, 0x4c, 0xff,
    0xb3, 0x9f, 0xb0, 0x0, 0x0, 0x0, 0x0, 0x0,
    0x0, 0x0, 0x0, 0x0, 0x0, 0x0, 0x0, 0x6,
    0xf8, 0x0, 0x0, 0x0, 0x0, 0xcf, 0xe0, 0x0,
    0x0, 0x0, 0x4, 0xc6, 0x0, 0x0,

    /* U+1EAE "Ắ" */
    0x0, 0x0, 0x0, 0x0, 0xab, 0x30, 0x0, 0x0,
    0x0, 0x0, 0x0, 0x4f, 0xc0, 0x0, 0x0, 0x0,
    0x0, 0x0, 0xc, 0xf3, 0x0, 0x0, 0x0, 0x0,
    0x0, 0x3, 0xfa, 0x0, 0x0, 0x0, 0x0, 0x0,
    0x66, 0x0, 0x6, 0x50, 0x0, 0x0, 0x0, 0x9,
    0xf6, 0x27, 0xf8, 0x0, 0x0, 0x0, 0x0, 0x1c,
    0xff, 0xfc, 0x0, 0x0, 0x0, 0x0, 0x0, 0x3,
    0x43, 0x0, 0x0, 0x0, 0x0, 0x0, 0x0, 0x0,
    0x0, 0x0, 0x0, 0x0, 0x0, 0x0, 0x3f, 0xff,
    0x20, 0x0, 0x0, 0x0, 0x0, 0x9, 0xff, 0xf7,
    0x0, 0x0, 0x0, 0x0, 0x0, 0xef, 0xff, 0xd0,
    0x0, 0x0, 0x0, 0x0, 0x4f, 0xf6, 0xff, 0x20,
    0x0, 0x0, 0x0, 0x9, 0xfd, 0xe, 0xf8, 0x0,
    0x0, 0x0, 0x0, 0xef, 0x80, 0x9f, 0xd0, 0x0,
    0x0, 0x0, 0x4f, 0xf3, 0x4, 0xff, 0x30, 0x0,
    0x0, 0xa, 0xfd, 0x0, 0xe, 0xf8, 0x0, 0x0,
    0x0, 0xff, 0x80, 0x0, 0x9f, 0xe0, 0x0, 0x0,
    0x5f, 0xf5, 0x22, 0x26, 0xff, 0x30, 0x0, 0xa,
    0xff, 0xff, 0xff, 0xff, 0xf9, 0x0, 0x0, 0xff,
    0xff, 0xff, 0xff, 0xff, 0xe0, 0x0, 0x5f, 0xf3,
    0x0, 0x0, 0x4, 0xff, 0x40, 0xb, 0xfd, 0x0,
    0x0, 0x0, 0xe, 0xf9, 0x0, 0xff, 0x70, 0x0,
    0x0, 0x0, 0x8f, 0xf0,

    /* U+1EAF "ắ" */
    0x0, 0x0, 0x0, 0x8b, 0x40, 0x0, 0x0, 0x0,
    0x3f, 0xd0, 0x0, 0x0, 0x0, 0xa, 0xf5, 0x0,
    0x0, 0x0, 0x2, 0xfc, 0x0, 0x0, 0x0, 0x0,
    0x0, 0x0, 0x0, 0x0, 0xa, 0xf5, 0x24, 0xec,
    0x0, 0x0, 0x1d, 0xff, 0xfe, 0x30, 0x0, 0x0,
    0x3, 0x43, 0x0, 0x0, 0x0, 0x0, 0x0, 0x0,
    0x0, 0x0, 0x4, 0xbf, 0xfb, 0x29, 0xfb, 0x6,
    0xff, 0xff, 0xfe, 0xbf, 0xb1, 0xff, 0xc2, 0x2,
    0xdf, 0xfb, 0x7f, 0xf1, 0x0, 0x2, 0xff, 0xbb,
    0xfa, 0x0, 0x0, 0xb, 0xfb, 0xcf, 0x80, 0x0,
    0x0, 0x9f, 0xbb, 0xf9, 0x0, 0x0, 0xa, 0xfb,
    0x7f, 0xe0, 0x0, 0x0, 0xff, 0xb1, 0xff, 0xa0,
    0x0, 0xaf, 0xfb, 0x6, 0xff, 0xec, 0xef, 0xcf,
    0xb0, 0x4, 0xcf, 0xfb, 0x39, 0xfb,

    /* U+1EB0 "Ằ" */
    0x0, 0x0, 0x3b, 0x90, 0x0, 0x0, 0x0, 0x0,
    0x0, 0x0, 0xdf, 0x40, 0x0, 0x0, 0x0, 0x0,
    0x0, 0x4, 0xfb, 0x0, 0x0, 0x0, 0x0, 0x0,
    0x0, 0xb, 0xf3, 0x0, 0x0, 0x0, 0x0, 0x0,
    0x66, 0x0, 0x7, 0x50, 0x0, 0x0, 0x0, 0xa,
    0xf5, 0x27, 0xf7, 0x0, 0x0, 0x0, 0x0, 0x1d,
    0xff, 0xfc, 0x0, 0x0, 0x0, 0x0, 0x0, 0x3,
    0x42, 0x0, 0x0, 0x0, 0x0, 0x0, 0x0, 0x0,
    0x0, 0x0, 0x0, 0x0, 0x0, 0x0, 0x3f, 0xff,
    0x20, 0x0, 0x0, 0x0, 0x0, 0x9, 0xff, 0xf7,
    0x0, 0x0, 0x0, 0x0, 0x0, 0xef, 0xff, 0xd0,
    0x0, 0x0, 0x0, 0x0, 0x4f, 0xf6, 0xff, 0x20,
    0x0, 0x0, 0x0, 0x9, 0xfd, 0xe, 0xf8, 0x0,
    0x0, 0x0, 0x0, 0xef, 0x80, 0x9f, 0xd0, 0x0,
    0x0, 0x0, 0x4f, 0xf3, 0x4, 0xff, 0x30, 0x0,
    0x0, 0xa, 0xfd, 0x0, 0xe, 0xf8, 0x0, 0x0,
    0x0, 0xff, 0x80, 0x0, 0x9f, 0xe0, 0x0, 0x0,
    0x5f, 0xf5, 0x22, 0x26, 0xff, 0x30, 0x0, 0xa,
    0xff, 0xff, 0xff, 0xff, 0xf9, 0x0, 0x0, 0xff,
    0xff, 0xff, 0xff, 0xff, 0xe0, 0x0, 0x5f, 0xf3,
    0x0, 0x0, 0x4, 0xff, 0x40, 0xb, 0xfd, 0x0,
    0x0, 0x0, 0xe, 0xf9, 0x0, 0xff, 0x70, 0x0,
    0x0, 0x0, 0x8f, 0xf0,

    /* U+1EB1 "ằ" */
    0x0, 0x2b, 0xa0, 0x0, 0x0, 0x0, 0x0, 0xbf,
    0x60, 0x0, 0x0, 0x0, 0x2, 0xfd, 0x0, 0x0,
    0x0, 0x0, 0x9, 0xf5, 0x0, 0x0, 0x0, 0x0,
    0x0, 0x0, 0x0, 0x0, 0xa, 0xf5, 0x24, 0xeb,
    0x0, 0x0, 0x2d, 0xff, 0xfe, 0x20, 0x0, 0x0,
    0x3, 0x43, 0x0, 0x0, 0x0, 0x0, 0x0, 0x0,
    0x0, 0x0, 0x4, 0xbf, 0xfb, 0x29, 0xfb, 0x6,
    0xff, 0xff, 0xfe, 0xbf, 0xb1, 0xff, 0xc2, 0x2,
    0xdf, 0xfb, 0x7f, 0xf1, 0x0, 0x2, 0xff, 0xbb,
    0xfa, 0x0, 0x0, 0xb, 0xfb, 0xcf, 0x80, 0x0,
    0x0, 0x9f, 0xbb, 0xf9, 0x0, 0x0, 0xa, 0xfb,
    0x7f, 0xe0, 0x0, 0x0, 0xff, 0xb1, 0xff, 0xa0,
    0x0, 0xaf, 0xfb, 0x6, 0xff, 0xec, 0xef, 0xcf,
    0xb0, 0x4, 0xcf, 0xfb, 0x39, 0xfb,

    /* U+1EB2 "Ẳ" */
    0x0, 0x0, 0x0, 0x0, 0x0, 0x0, 0x0, 0x0,
    0x0, 0x0, 0x2d, 0xfd, 0x30, 0x0, 0x0, 0x0,
    0x0, 0xa, 0xe5, 0xdc, 0x0, 0x0, 0x0, 0x0,
    0x0, 0x11, 0x1d, 0xc0, 0x0, 0x0, 0x0, 0x0,
    0x0, 0x1e, 0xe3, 0x0, 0x0, 0x0, 0x0, 0x0,
    0x3, 0xc2, 0x0, 0x0, 0x0, 0x0, 0x0, 0xa9,
    0x0, 0xb, 0x80, 0x0, 0x0, 0x0, 0x8, 0xf6,
    0x28, 0xf6, 0x0, 0x0, 0x0, 0x0, 0x1c, 0xff,
    0xfb, 0x0, 0x0, 0x0, 0x0, 0x0, 0x3, 0x42,
    0x0, 0x0, 0x0, 0x0, 0x0, 0x0, 0x0, 0x0,
    0x0, 0x0, 0x0, 0x0, 0x0, 0x3f, 0xff, 0x20,
    0x0, 0x0, 0x0, 0x0, 0x9, 0xff, 0xf7, 0x0,
    0x0, 0x0, 0x0, 0x0, 0xef, 0xff, 0xd0, 0x0,
    0x0, 0x0, 0x0, 0x4f, 0xf6, 0xff, 0x20, 0x0,
    0x0, 0x0, 0x9, 0xfd, 0xe, 0xf8, 0x0, 0x0,
    0x0, 0x0, 0xef, 0x80, 0x9f, 0xd0, 0x0, 0x0,
    0x0, 0x4f, 0xf3, 0x4, 0xff, 0x30, 0x0, 0x0,
    0xa, 0xfd, 0x0, 0xe, 0xf8, 0x0, 0x0, 0x0,
    0xff, 0x80, 0x0, 0x9f, 0xe0, 0x0, 0x0, 0x5f,
    0xf5, 0x22, 0x26, 0xff, 0x30, 0x0, 0xa, 0xff,
    0xff, 0xff, 0xff, 0xf9, 0x0, 0x0, 0xff, 0xff,
    0xff, 0xff, 0xff, 0xe0, 0x0, 0x5f, 0xf3, 0x0,
    0x0, 0x4, 0xff, 0x40, 0xb, 0xfd, 0x0, 0x0,
    0x0, 0xe, 0xf9, 0x0, 0xff, 0x70, 0x0, 0x0,
    0x0, 0x8f, 0xf0,

    /* U+1EB3 "ẳ" */
    0x0, 0x0, 0x0, 0x0, 0x0, 0x0, 0x0, 0x1c,
    0xfe, 0x40, 0x0, 0x0, 0x9, 0xe5, 0xce, 0x0,
    0x0, 0x0, 0x0, 0x1d, 0xd0, 0x0, 0x0, 0x0,
    0x1e, 0xd2, 0x0, 0x0, 0x0, 0x1, 0x92, 0x0,
    0x0, 0x0, 0xaf, 0x52, 0x4e, 0xb0, 0x0, 0x2,
    0xdf, 0xff, 0xe2, 0x0, 0x0, 0x0, 0x34, 0x30,
    0x0, 0x0, 0x0, 0x0, 0x0, 0x0, 0x0, 0x0,
    0x4b, 0xff, 0xb2, 0x9f, 0xb0, 0x6f, 0xff, 0xff,
    0xeb, 0xfb, 0x1f, 0xfc, 0x20, 0x2d, 0xff, 0xb7,
    0xff, 0x10, 0x0, 0x2f, 0xfb, 0xbf, 0xa0, 0x0,
    0x0, 0xbf, 0xbc, 0xf8, 0x0, 0x0, 0x9, 0xfb,
    0xbf, 0x90, 0x0, 0x0, 0xaf, 0xb7, 0xfe, 0x0,
    0x0, 0xf, 0xfb, 0x1f, 0xfa, 0x0, 0xa, 0xff,
    0xb0, 0x6f, 0xfe, 0xce, 0xfc, 0xfb, 0x0, 0x4c,
    0xff, 0xb3, 0x9f, 0xb0,

    /* U+1EB4 "Ẵ" */
    0x0, 0x0, 0x6, 0x71, 0x6, 0x60, 0x0, 0x0,
    0x0, 0x6, 0xff, 0xd2, 0xd9, 0x0, 0x0, 0x0,
    0x0, 0xac, 0x2d, 0xff, 0x50, 0x0, 0x0, 0x0,
    0x6, 0x50, 0x17, 0x60, 0x0, 0x0, 0x0, 0x0,
    0x77, 0x0, 0x7, 0x60, 0x0, 0x0, 0x0, 0x9,
    0xf6, 0x27, 0xf8, 0x0, 0x0, 0x0, 0x0, 0x1c,
    0xff, 0xfc, 0x0, 0x0, 0x0, 0x0, 0x0, 0x3,
    0x43, 0x0, 0x0, 0x0, 0x0, 0x0, 0x0, 0x0,
    0x0, 0x0, 0x0, 0x0, 0x0, 0x0, 0x3f, 0xff,
    0x20, 0x0, 0x0, 0x0, 0x0, 0x9, 0xff, 0xf7,
    0x0, 0x0, 0x0, 0x0, 0x0, 0xef, 0xff, 0xd0,
    0x0, 0x0, 0x0, 0x0, 0x4f, 0xf6, 0xff, 0x20,
    0x0, 0x0, 0x0, 0x9, 0xfd, 0xe, 0xf8, 0x0,
    0x0, 0x0, 0x0, 0xef, 0x80, 0x9f, 0xd0, 0x0,
    0x0, 0x0, 0x4f, 0xf3, 0x4, 0xff, 0x30, 0x0,
    0x0, 0xa, 0xfd, 0x0, 0xe, 0xf8, 0x0, 0x0,
    0x0, 0xff, 0x80, 0x0, 0x9f, 0xe0, 0x0, 0x0,
    0x5f, 0xf5, 0x22, 0x26, 0xff, 0x30, 0x0, 0xa,
    0xff, 0xff, 0xff, 0xff, 0xf9, 0x0, 0x0, 0xff,
    0xff, 0xff, 0xff, 0xff, 0xe0, 0x0, 0x5f, 0xf3,
    0x0, 0x0, 0x4, 0xff, 0x40, 0xb, 0xfd, 0x0,
    0x0, 0x0, 0xe, 0xf9, 0x0, 0xff, 0x70, 0x0,
    0x0, 0x0, 0x8f, 0xf0,

    /* U+1EB5 "ẵ" */
    0x0, 0xc, 0xe7, 0x9, 0xc0, 0x0, 0x6, 0xfb,
    0xfb, 0xe9, 0x0, 0x0, 0x9c, 0x5, 0xed, 0x20,
    0x0, 0x0, 0x0, 0x0, 0x0, 0x0, 0x0, 0xaf,
    0x52, 0x4e, 0xc0, 0x0, 0x1, 0xdf, 0xff, 0xe3,
    0x0, 0x0, 0x0, 0x34, 0x30, 0x0, 0x0, 0x0,
    0x0, 0x0, 0x0, 0x0, 0x0, 0x4b, 0xff, 0xb2,
    0x9f, 0xb0, 0x6f, 0xff, 0xff, 0xeb, 0xfb, 0x1f,
    0xfc, 0x20, 0x2d, 0xff, 0xb7, 0xff, 0x10, 0x0,
    0x2f, 0xfb, 0xbf, 0xa0, 0x0, 0x0, 0xbf, 0xbc,
    0xf8, 0x0, 0x0, 0x9, 0xfb, 0xbf, 0x90, 0x0,
    0x0, 0xaf, 0xb7, 0xfe, 0x0, 0x0, 0xf, 0xfb,
    0x1f, 0xfa, 0x0, 0xa, 0xff, 0xb0, 0x6f, 0xfe,
    0xce, 0xfc, 0xfb, 0x0, 0x4c, 0xff, 0xb3, 0x9f,
    0xb0,

    /* U+1EB6 "Ặ" */
    0x0, 0x0, 0x66, 0x0, 0x6, 0x60, 0x0, 0x0,
    0x0, 0x9, 0xf6, 0x27, 0xf8, 0x0, 0x0, 0x0,
    0x0, 0x1c, 0xff, 0xfc, 0x0, 0x0, 0x0, 0x0,
    0x0, 0x3, 0x43, 0x0, 0x0, 0x0, 0x0, 0x0,
    0x0, 0x0, 0x0, 0x0, 0x0, 0x0, 0x0, 0x0,
    0x3f, 0xff, 0x20, 0x0, 0x0, 0x0, 0x0, 0x9,
    0xff, 0xf7, 0x0, 0x0, 0x0, 0x0, 0x0, 0xef,
    0xff, 0xd0, 0x0, 0x0, 0x0, 0x0, 0x4f, 0xf6,
    0xff, 0x20, 0x0, 0x0, 0x0, 0x9, 0xfd, 0xe,
    0xf8, 0x0, 0x0, 0x0, 0x0, 0xef, 0x80, 0x9f,
    0xd0, 0x0, 0x0, 0x0, 0x4f, 0xf3, 0x4, 0xff,
    0x30, 0x0, 0x0, 0xa, 0xfd, 0x0, 0xe, 0xf8,
    0x0, 0x0, 0x0, 0xff, 0x80, 0x0, 0x9f, 0xe0,
    0x0, 0x0, 0x5f, 0xf5, 0x22, 0x26, 0xff, 0x30,
    0x0, 0xa, 0xff, 0xff, 0xff, 0xff, 0xf9, 0x0,
    0x0, 0xff, 0xff, 0xff, 0xff, 0xff, 0xe0, 0x0,
    0x5f, 0xf3, 0x0, 0x0, 0x4, 0xff, 0x40, 0xb,
    0xfd, 0x0, 0x0, 0x0, 0xe, 0xf9, 0x0, 0xff,
    0x70, 0x0, 0x0, 0x0, 0x8f, 0xf0, 0x0, 0x0,
    0x0, 0x0, 0x0, 0x0, 0x0, 0x0, 0x0, 0x0,
    0x0, 0x0, 0x0, 0x0, 0x0, 0x0, 0x0, 0x0,
    0x8f, 0x70, 0x0, 0x0, 0x0, 0x0, 0x0, 0xe,
    0xfc, 0x0, 0x0, 0x0, 0x0, 0x0, 0x0, 0x6c,
    0x50, 0x0, 0x0, 0x0,

    /* U+1EB7 "ặ" */
    0x0, 0xaf, 0x52, 0x4e, 0xc0, 0x0, 0x2, 0xdf,
    0xff, 0xe3, 0x0, 0x0, 0x0, 0x35, 0x30, 0x0,
    0x0, 0x0, 0x0, 0x0, 0x0, 0x0, 0x0, 0x4b,
    0xff, 0xb2, 0x9f, 0xb0, 0x6f, 0xff, 0xff, 0xeb,
    0xfb, 0x1f, 0xfc, 0x20, 0x2d, 0xff, 0xb7, 0xff,
    0x10, 0x0, 0x2f, 0xfb, 0xbf, 0xa0, 0x0, 0x0,
    0xbf, 0xbc, 0xf8, 0x0, 0x0, 0x9, 0xfb, 0xbf,
    0x90, 0x0, 0x0, 0xaf, 0xb7, 0xfe, 0x0, 0x0,
    0xf, 0xfb, 0x1f, 0xfa, 0x0, 0xa, 0xff, 0xb0,
    0x6f, 0xfe, 0xce, 0xfc, 0xfb, 0x0, 0x4c, 0xff,
    0xb3, 0x9f, 0xb0, 0x0, 0x0, 0x0, 0x0, 0x0,
    0x0, 0x0, 0x0, 0x0, 0x0, 0x0, 0x0, 0x6,
    0xf8, 0x0, 0x0, 0x0, 0x0, 0xcf, 0xe0, 0x0,
    0x0, 0x0, 0x4, 0xc6, 0x0, 0x0,

    /* U+1EB8 "Ẹ" */
    0x5f, 0xff, 0xff, 0xff, 0xff, 0x55, 0xff, 0xff,
    0xff, 0xff, 0xf5, 0x5f, 0xf1, 0x11, 0x11, 0x11,
    0x5, 0xff, 0x0, 0x0, 0x0, 0x0, 0x5f, 0xf0,
    0x0, 0x0, 0x0, 0x5, 0xff, 0x0, 0x0, 0x0,
    0x0, 0x5f, 0xff, 0xff, 0xff, 0xf6, 0x5, 0xff,
    0xff, 0xff, 0xff, 0x60, 0x5f, 0xf1, 0x11, 0x11,
    0x10, 0x5, 0xff, 0x0, 0x0, 0x0, 0x0, 0x5f,
    0xf0, 0x0, 0x0, 0x0, 0x5, 0xff, 0x0, 0x0,
    0x0, 0x0, 0x5f, 0xf1, 0x11, 0x11, 0x11, 0x5,
    0xff, 0xff, 0xff, 0xff, 0xf7, 0x5f, 0xff, 0xff,
    0xff, 0xff, 0x70, 0x0, 0x0, 0x0, 0x0, 0x0,
    0x0, 0x0, 0x0, 0x0, 0x0, 0x0, 0x0, 0x7,
    0xf7, 0x0, 0x0, 0x0, 0x0, 0xdf, 0xd0, 0x0,
    0x0, 0x0, 0x5, 0xc5, 0x0, 0x0,

    /* U+1EB9 "ẹ" */
    0x0, 0x3b, 0xef, 0xd7, 0x0, 0x0, 0x5f, 0xff,
    0xef, 0xfb, 0x0, 0x1f, 0xf8, 0x0, 0x3e, 0xf6,
    0x7, 0xfc, 0x0, 0x0, 0x6f, 0xc0, 0xbf, 0xda,
    0xaa, 0xab, 0xff, 0xc, 0xff, 0xff, 0xff, 0xff,
    0xf0, 0xbf, 0x90, 0x0, 0x0, 0x0, 0x7, 0xfe,
    0x0, 0x0, 0x39, 0x70, 0x1f, 0xfa, 0x10, 0x2d,
    0xf8, 0x0, 0x5f, 0xff, 0xef, 0xfd, 0x0, 0x0,
    0x3a, 0xef, 0xe8, 0x10, 0x0, 0x0, 0x0, 0x0,
    0x0, 0x0, 0x0, 0x0, 0x0, 0x0, 0x0, 0x0,
    0x0, 0xb, 0xe4, 0x0, 0x0, 0x0, 0x1, 0xff,
    0x90, 0x0, 0x0, 0x0, 0x8, 0xc2, 0x0, 0x0,

    /* U+1EBA "Ẻ" */
    0x0, 0x0, 0x0, 0x0, 0x0, 0x0, 0x0, 0x1b,
    0xfe, 0x50, 0x0, 0x0, 0x7, 0xf5, 0xbf, 0x0,
    0x0, 0x0, 0x0, 0xb, 0xf0, 0x0, 0x0, 0x0,
    0xd, 0xe4, 0x0, 0x0, 0x0, 0x0, 0x93, 0x0,
    0x0, 0x0, 0x0, 0x0, 0x0, 0x0, 0x5, 0xff,
    0xff, 0xff, 0xff, 0xf5, 0x5f, 0xff, 0xff, 0xff,
    0xff, 0x55, 0xff, 0x11, 0x11, 0x11, 0x10, 0x5f,
    0xf0, 0x0, 0x0, 0x0, 0x5, 0xff, 0x0, 0x0,
    0x0, 0x0, 0x5f, 0xf0, 0x0, 0x0, 0x0, 0x5,
    0xff, 0xff, 0xff, 0xff, 0x60, 0x5f, 0xff, 0xff,
    0xff, 0xf6, 0x5, 0xff, 0x11, 0x11, 0x11, 0x0,
    0x5f, 0xf0, 0x0, 0x0, 0x0, 0x5, 0xff, 0x0,
    0x0, 0x0, 0x0, 0x5f, 0xf0, 0x0, 0x0, 0x0,
    0x5, 0xff, 0x11, 0x11, 0x11, 0x10, 0x5f, 0xff,
    0xff, 0xff, 0xff, 0x75, 0xff, 0xff, 0xff, 0xff,
    0xf7,

    /* U+1EBB "ẻ" */
    0x0, 0x0, 0x0, 0x0, 0x0, 0x0, 0x0, 0x4e,
    0xfc, 0x10, 0x0, 0x0, 0xd, 0xc5, 0xf9, 0x0,
    0x0, 0x0, 0x10, 0x2f, 0x90, 0x0, 0x0, 0x0,
    0x3f, 0xc1, 0x0, 0x0, 0x0, 0x5, 0xb0, 0x0,
    0x0, 0x0, 0x0, 0x0, 0x0, 0x0, 0x0, 0x3,
    0xbe, 0xfd, 0x70, 0x0, 0x5, 0xff, 0xfe, 0xff,
    0xb0, 0x1, 0xff, 0x80, 0x3, 0xef, 0x60, 0x7f,
    0xc0, 0x0, 0x6, 0xfc, 0xb, 0xfd, 0xaa, 0xaa,
    0xbf, 0xf0, 0xcf, 0xff, 0xff, 0xff, 0xff, 0xb,
    0xf9, 0x0, 0x0, 0x0, 0x0, 0x7f, 0xe0, 0x0,
    0x3, 0x97, 0x1, 0xff, 0xa1, 0x2, 0xdf, 0x80,
    0x5, 0xff, 0xfe, 0xff, 0xd0, 0x0, 0x3, 0xae,
    0xfe, 0x81, 0x0,

    /* U+1EBC "Ẽ" */
    0x0, 0x5, 0x73, 0x4, 0x70, 0x0, 0x3, 0xff,
    0xfb, 0xec, 0x0, 0x0, 0x7f, 0x17, 0xee, 0x40,
    0x0, 0x0, 0x0, 0x0, 0x0, 0x0, 0x0, 0x0,
    0x0, 0x0, 0x0, 0x5, 0xff, 0xff, 0xff, 0xff,
    0xf5, 0x5f, 0xff, 0xff, 0xff, 0xff, 0x55, 0xff,
    0x11, 0x11, 0x11, 0x10, 0x5f, 0xf0, 0x0, 0x0,
    0x0, 0x5, 0xff, 0x0, 0x0, 0x0, 0x0, 0x5f,
    0xf0, 0x0, 0x0, 0x0, 0x5, 0xff, 0xff, 0xff,
    0xff, 0x60, 0x5f, 0xff, 0xff, 0xff, 0xf6, 0x5,
    0xff, 0x11, 0x11, 0x11, 0x0, 0x5f, 0xf0, 0x0,
    0x0, 0x0, 0x5, 0xff, 0x0, 0x0, 0x0, 0x0,
    0x5f, 0xf0, 0x0, 0x0, 0x0, 0x5, 0xff, 0x11,
    0x11, 0x11, 0x10, 0x5f, 0xff, 0xff, 0xff, 0xff,
    0x75, 0xff, 0xff, 0xff, 0xff, 0xf7,

    /* U+1EBD "ẽ" */
    0x0, 0x5f, 0xfc, 0xaf, 0x60, 0x0, 0xd, 0xda,
    0xdf, 0xc1, 0x0, 0x0, 0x0, 0x0, 0x0, 0x0,
    0x0, 0x0, 0x0, 0x0, 0x0, 0x0, 0x0, 0x3b,
    0xef, 0xd7, 0x0, 0x0, 0x5f, 0xff, 0xef, 0xfb,
    0x0, 0x1f, 0xf8, 0x0, 0x3e, 0xf6, 0x7, 0xfc,
    0x0, 0x0, 0x6f, 0xc0, 0xbf, 0xda, 0xaa, 0xab,
    0xff, 0xc, 0xff, 0xff, 0xff, 0xff, 0xf0, 0xbf,
    0x90, 0x0, 0x0, 0x0, 0x7, 0xfe, 0x0, 0x0,
    0x39, 0x70, 0x1f, 0xfa, 0x10, 0x2d, 0xf8, 0x0,
    0x5f, 0xff, 0xef, 0xfd, 0x0, 0x0, 0x3a, 0xef,
    0xe8, 0x10, 0x0,

    /* U+1EBE "Ế" */
    0x0, 0x0, 0x0, 0x0, 0x8, 0xfa, 0x0, 0x0,
    0x0, 0x0, 0xe, 0xf1, 0x0, 0x0, 0x0, 0x0,
    0x7f, 0x80, 0x0, 0x0, 0x6c, 0xa0, 0x9a, 0x0,
    0x0, 0x3, 0xfd, 0xf9, 0x0, 0x0, 0x0, 0x1e,
    0xd1, 0x9f, 0x50, 0x0, 0x0, 0x37, 0x20, 0x6,
    0x60, 0x0, 0x0, 0x0, 0x0, 0x0, 0x0, 0x0,
    0x5f, 0xff, 0xff, 0xff, 0xff, 0x50, 0x5f, 0xff,
    0xff, 0xff, 0xff, 0x50, 0x5f, 0xf1, 0x11, 0x11,
    0x11, 0x0, 0x5f, 0xf0, 0x0, 0x0, 0x0, 0x0,
    0x5f, 0xf0, 0x0, 0x0, 0x0, 0x0, 0x5f, 0xf0,
    0x0, 0x0, 0x0, 0x0, 0x5f, 0xff, 0xff, 0xff,
    0xf6, 0x0, 0x5f, 0xff, 0xff, 0xff, 0xf6, 0x0,
    0x5f, 0xf1, 0x11, 0x11, 0x10, 0x0, 0x5f, 0xf0,
    0x0, 0x0, 0x0, 0x0, 0x5f, 0xf0, 0x0, 0x0,
    0x0, 0x0, 0x5f, 0xf0, 0x0, 0x0, 0x0, 0x0,
    0x5f, 0xf1, 0x11, 0x11, 0x11, 0x0, 0x5f, 0xff,
    0xff, 0xff, 0xff, 0x70, 0x5f, 0xff, 0xff, 0xff,
    0xff, 0x70,

    /* U+1EBF "ế" */
    0x0, 0x0, 0x0, 0x0, 0x9, 0xb3, 0x0, 0x0,
    0x0, 0x0, 0x3f, 0xd0, 0x0, 0x0, 0x0, 0x0,
    0xbf, 0x40, 0x0, 0x0, 0x0, 0x2, 0xfb, 0x0,
    0x0, 0x2, 0xef, 0xa0, 0x0, 0x0, 0x0, 0x2e,
    0xb3, 0xf9, 0x0, 0x0, 0x0, 0x8a, 0x10, 0x5b,
    0x40, 0x0, 0x0, 0x0, 0x0, 0x0, 0x0, 0x0,
    0x0, 0x3b, 0xef, 0xd7, 0x0, 0x0, 0x5, 0xff,
    0xfe, 0xff, 0xb0, 0x0, 0x1f, 0xf8, 0x0, 0x3e,
    0xf6, 0x0, 0x7f, 0xc0, 0x0, 0x6, 0xfc, 0x0,
    0xbf, 0xda, 0xaa, 0xab, 0xff, 0x0, 0xcf, 0xff,
    0xff, 0xff, 0xff, 0x0, 0xbf, 0x90, 0x0, 0x0,
    0x0, 0x0, 0x7f, 0xe0, 0x0, 0x3, 0x97, 0x0,
    0x1f, 0xfa, 0x10, 0x2d, 0xf8, 0x0, 0x5, 0xff,
    0xfe, 0xff, 0xd0, 0x0, 0x0, 0x3a, 0xef, 0xe8,
    0x10, 0x0,

    /* U+1EC0 "Ề" */
    0x0, 0x0, 0x0, 0x5f, 0xd0, 0x0, 0x0, 0x0,
    0x0, 0xbf, 0x50, 0x0, 0x0, 0x0, 0x2, 0xfc,
    0x0, 0x0, 0x6, 0xca, 0x7, 0xb1, 0x0, 0x3,
    0xfd, 0xf9, 0x0, 0x0, 0x1, 0xed, 0x19, 0xf5,
    0x0, 0x0, 0x37, 0x20, 0x6, 0x60, 0x0, 0x0,
    0x0, 0x0, 0x0, 0x0, 0x5f, 0xff, 0xff, 0xff,
    0xff, 0x55, 0xff, 0xff, 0xff, 0xff, 0xf5, 0x5f,
    0xf1, 0x11, 0x11, 0x11, 0x5, 0xff, 0x0, 0x0,
    0x0, 0x0, 0x5f, 0xf0, 0x0, 0x0, 0x0, 0x5,
    0xff, 0x0, 0x0, 0x0, 0x0, 0x5f, 0xff, 0xff,
    0xff, 0xf6, 0x5, 0xff, 0xff, 0xff, 0xff, 0x60,
    0x5f, 0xf1, 0x11, 0x11, 0x10, 0x5, 0xff, 0x0,
    0x0, 0x0, 0x0, 0x5f, 0xf0, 0x0, 0x0, 0x0,
    0x5, 0xff, 0x0, 0x0, 0x0, 0x0, 0x5f, 0xf1,
    0x11, 0x11, 0x11, 0x5, 0xff, 0xff, 0xff, 0xff,
    0xf7, 0x5f, 0xff, 0xff, 0xff, 0xff, 0x70,

    /* U+1EC1 "ề" */
    0x0, 0x0, 0x0, 0x8b, 0x40, 0x0, 0x0, 0x0,
    0x5, 0xfc, 0x0, 0x0, 0x0, 0x0, 0xc, 0xf3,
    0x0, 0x0, 0x0, 0x0, 0x3f, 0xb0, 0x0, 0x2,
    0xef, 0xa0, 0x0, 0x0, 0x2, 0xeb, 0x3f, 0x90,
    0x0, 0x0, 0x8a, 0x10, 0x5b, 0x40, 0x0, 0x0,
    0x0, 0x0, 0x0, 0x0, 0x0, 0x3b, 0xef, 0xd7,
    0x0, 0x0, 0x5f, 0xff, 0xef, 0xfb, 0x0, 0x1f,
    0xf8, 0x0, 0x3e, 0xf6, 0x7, 0xfc, 0x0, 0x0,
    0x6f, 0xc0, 0xbf, 0xda, 0xaa, 0xab, 0xff, 0xc,
    0xff, 0xff, 0xff, 0xff, 0xf0, 0xbf, 0x90, 0x0,
    0x0, 0x0, 0x7, 0xfe, 0x0, 0x0, 0x39, 0x70,
    0x1f, 0xfa, 0x10, 0x2d, 0xf8, 0x0, 0x5f, 0xff,
    0xef, 0xfd, 0x0, 0x0, 0x3a, 0xef, 0xe8, 0x10,
    0x0,

    /* U+1EC2 "Ể" */
    0x0, 0x0, 0x0, 0x0, 0x0, 0x0, 0x0, 0x0,
    0x0, 0x7, 0xff, 0x90, 0x0, 0x0, 0x0, 0x1f,
    0x98, 0xf5, 0x0, 0x0, 0x0, 0x2, 0x5, 0xf5,
    0x0, 0x0, 0x0, 0x0, 0x6f, 0xa0, 0x0, 0x0,
    0x8e, 0xc0, 0x99, 0x0, 0x0, 0x5, 0xfc, 0xfa,
    0x0, 0x0, 0x0, 0x2f, 0xd0, 0x8f, 0x60, 0x0,
    0x0, 0x36, 0x20, 0x6, 0x50, 0x0, 0x0, 0x0,
    0x0, 0x0, 0x0, 0x0, 0x5f, 0xff, 0xff, 0xff,
    0xff, 0x50, 0x5f, 0xff, 0xff, 0xff, 0xff, 0x50,
    0x5f, 0xf1, 0x11, 0x11, 0x11, 0x0, 0x5f, 0xf0,
    0x0, 0x0, 0x0, 0x0, 0x5f, 0xf0, 0x0, 0x0,
    0x0, 0x0, 0x5f, 0xf0, 0x0, 0x0, 0x0, 0x0,
    0x5f, 0xff, 0xff, 0xff, 0xf6, 0x0, 0x5f, 0xff,
    0xff, 0xff, 0xf6, 0x0, 0x5f, 0xf1, 0x11, 0x11,
    0x10, 0x0, 0x5f, 0xf0, 0x0, 0x0, 0x0, 0x0,
    0x5f, 0xf0, 0x0, 0x0, 0x0, 0x0, 0x5f, 0xf0,
    0x0, 0x0, 0x0, 0x0, 0x5f, 0xf1, 0x11, 0x11,
    0x11, 0x0, 0x5f, 0xff, 0xff, 0xff, 0xff, 0x70,
    0x5f, 0xff, 0xff, 0xff, 0xff, 0x70,

    /* U+1EC3 "ể" */
    0x0, 0x0, 0x0, 0x0, 0x0, 0x0, 0x0, 0x0,
    0x0, 0x1c, 0xfe, 0x40, 0x0, 0x0, 0x0, 0x8f,
    0x5c, 0xe0, 0x0, 0x0, 0x0, 0x1, 0x1c, 0xe0,
    0x0, 0x0, 0x0, 0x0, 0xed, 0x30, 0x0, 0x2,
    0xff, 0xa1, 0x92, 0x0, 0x0, 0x1e, 0xd7, 0xf8,
    0x0, 0x0, 0x0, 0xac, 0x20, 0x8d, 0x40, 0x0,
    0x0, 0x0, 0x0, 0x0, 0x0, 0x0, 0x0, 0x3b,
    0xef, 0xd7, 0x0, 0x0, 0x5, 0xff, 0xfe, 0xff,
    0xb0, 0x0, 0x1f, 0xf8, 0x0, 0x3e, 0xf6, 0x0,
    0x7f, 0xc0, 0x0, 0x6, 0xfc, 0x0, 0xbf, 0xda,
    0xaa, 0xab, 0xff, 0x0, 0xcf, 0xff, 0xff, 0xff,
    0xff, 0x0, 0xbf, 0x90, 0x0, 0x0, 0x0, 0x0,
    0x7f, 0xe0, 0x0, 0x3, 0x97, 0x0, 0x1f, 0xfa,
    0x10, 0x2d, 0xf8, 0x0, 0x5, 0xff, 0xfe, 0xff,
    0xd0, 0x0, 0x0, 0x3a, 0xef, 0xe8, 0x10, 0x0,

    /* U+1EC4 "Ễ" */
    0x0, 0xc, 0xfb, 0x29, 0xd0, 0x0, 0x6, 0xfa,
    0xff, 0xf9, 0x0, 0x0, 0x47, 0x1, 0x77, 0x0,
    0x0, 0x0, 0x5, 0xa8, 0x0, 0x0, 0x0, 0x3,
    0xfe, 0xf8, 0x0, 0x0, 0x1, 0xee, 0x1a, 0xf4,
    0x0, 0x0, 0x47, 0x20, 0x7, 0x60, 0x0, 0x0,
    0x0, 0x0, 0x0, 0x0, 0x5f, 0xff, 0xff, 0xff,
    0xff, 0x55, 0xff, 0xff, 0xff, 0xff, 0xf5, 0x5f,
    0xf1, 0x11, 0x11, 0x11, 0x5, 0xff, 0x0, 0x0,
    0x0, 0x0, 0x5f, 0xf0, 0x0, 0x0, 0x0, 0x5,
    0xff, 0x0, 0x0, 0x0, 0x0, 0x5f, 0xff, 0xff,
    0xff, 0xf6, 0x5, 0xff, 0xff, 0xff, 0xff, 0x60,
    0x5f, 0xf1, 0x11, 0x11, 0x10, 0x5, 0xff, 0x0,
    0x0, 0x0, 0x0, 0x5f, 0xf0, 0x0, 0x0, 0x0,
    0x5, 0xff, 0x0, 0x0, 0x0, 0x0, 0x5f, 0xf1,
    0x11, 0x11, 0x11, 0x5, 0xff, 0xff, 0xff, 0xff,
    0xf7, 0x5f, 0xff, 0xff, 0xff, 0xff, 0x70,

    /* U+1EC5 "ễ" */
    0x0, 0x4e, 0xe7, 0x1f, 0x70, 0x0, 0xc, 0xdb,
    0xff, 0xf2, 0x0, 0x0, 0x84, 0x4, 0x85, 0x0,
    0x0, 0x0, 0x0, 0x0, 0x0, 0x0, 0x0, 0x2,
    0xff, 0xa0, 0x0, 0x0, 0x1, 0xed, 0x7f, 0x80,
    0x0, 0x0, 0xac, 0x20, 0x8d, 0x40, 0x0, 0x0,
    0x0, 0x0, 0x0, 0x0, 0x0, 0x3b, 0xef, 0xd7,
    0x0, 0x0, 0x5f, 0xff, 0xef, 0xfb, 0x0, 0x1f,
    0xf8, 0x0, 0x3e, 0xf6, 0x7, 0xfc, 0x0, 0x0,
    0x6f, 0xc0, 0xbf, 0xda, 0xaa, 0xab, 0xff, 0xc,
    0xff, 0xff, 0xff, 0xff, 0xf0, 0xbf, 0x90, 0x0,
    0x0, 0x0, 0x7, 0xfe, 0x0, 0x0, 0x39, 0x70,
    0x1f, 0xfa, 0x10, 0x2d, 0xf8, 0x0, 0x5f, 0xff,
    0xef, 0xfd, 0x0, 0x0, 0x3a, 0xef, 0xe8, 0x10,
    0x0,

    /* U+1EC6 "Ệ" */
    0x0, 0x0, 0x38, 0x60, 0x0, 0x0, 0x0, 0x2e,
    0xef, 0x70, 0x0, 0x0, 0x1d, 0xe1, 0xaf, 0x40,
    0x0, 0x4, 0x83, 0x0, 0x77, 0x0, 0x0, 0x0,
    0x0, 0x0, 0x0, 0x5, 0xff, 0xff, 0xff, 0xff,
    0xf5, 0x5f, 0xff, 0xff, 0xff, 0xff, 0x55, 0xff,
    0x11, 0x11, 0x11, 0x10, 0x5f, 0xf0, 0x0, 0x0,
    0x0, 0x5, 0xff, 0x0, 0x0, 0x0, 0x0, 0x5f,
    0xf0, 0x0, 0x0, 0x0, 0x5, 0xff, 0xff, 0xff,
    0xff, 0x60, 0x5f, 0xff, 0xff, 0xff, 0xf6, 0x5,
    0xff, 0x11, 0x11, 0x11, 0x0, 0x5f, 0xf0, 0x0,
    0x0, 0x0, 0x5, 0xff, 0x0, 0x0, 0x0, 0x0,
    0x5f, 0xf0, 0x0, 0x0, 0x0, 0x5, 0xff, 0x11,
    0x11, 0x11, 0x10, 0x5f, 0xff, 0xff, 0xff, 0xff,
    0x75, 0xff, 0xff, 0xff, 0xff, 0xf7, 0x0, 0x0,
    0x0, 0x0, 0x0, 0x0, 0x0, 0x0, 0x0, 0x0,
    0x0, 0x0, 0x0, 0x7f, 0x70, 0x0, 0x0, 0x0,
    0xd, 0xfd, 0x0, 0x0, 0x0, 0x0, 0x5c, 0x50,
    0x0, 0x0,

    /* U+1EC7 "ệ" */
    0x0, 0x2, 0xef, 0xa0, 0x0, 0x0, 0x1, 0xde,
    0x7f, 0x70, 0x0, 0x0, 0xae, 0x30, 0x9e, 0x40,
    0x0, 0x0, 0x0, 0x0, 0x0, 0x0, 0x0, 0x3b,
    0xef, 0xd7, 0x0, 0x0, 0x5f, 0xff, 0xef, 0xfb,
    0x0, 0x1f, 0xf8, 0x0, 0x3e, 0xf6, 0x7, 0xfc,
    0x0, 0x0, 0x6f, 0xc0, 0xbf, 0xda, 0xaa, 0xab,
    0xff, 0xc, 0xff, 0xff, 0xff, 0xff, 0xf0, 0xbf,
    0x90, 0x0, 0x0, 0x0, 0x7, 0xfe, 0x0, 0x0,
    0x39, 0x70, 0x1f, 0xfa, 0x10, 0x2d, 0xf8, 0x0,
    0x5f, 0xff, 0xef, 0xfd, 0x0, 0x0, 0x3a, 0xef,
    0xe8, 0x10, 0x0, 0x0, 0x0, 0x0, 0x0, 0x0,
    0x0, 0x0, 0x0, 0x0, 0x0, 0x0, 0x0, 0xb,
    0xe4, 0x0, 0x0, 0x0, 0x1, 0xff, 0x90, 0x0,
    0x0, 0x0, 0x8, 0xc2, 0x0, 0x0,

    /* U+1EC8 "Ỉ" */
    0x0, 0x0, 0x0, 0x9, 0xff, 0x80, 0x4f, 0x79,
    0xf3, 0x1, 0x9, 0xf2, 0x0, 0xaf, 0x60, 0x0,
    0x75, 0x0, 0x0, 0x0, 0x0, 0x5, 0xff, 0x0,
    0x5, 0xff, 0x0, 0x5, 0xff, 0x0, 0x5, 0xff,
    0x0, 0x5, 0xff, 0x0, 0x5, 0xff, 0x0, 0x5,
    0xff, 0x0, 0x5, 0xff, 0x0, 0x5, 0xff, 0x0,
    0x5, 0xff, 0x0, 0x5, 0xff, 0x0, 0x5, 0xff,
    0x0, 0x5, 0xff, 0x0, 0x5, 0xff, 0x0, 0x5,
    0xff, 0x0,

    /* U+1EC9 "ỉ" */
    0x0, 0x0, 0x0, 0x9, 0xff, 0x80, 0x4f, 0x79,
    0xf3, 0x0, 0x9, 0xf2, 0x0, 0xaf, 0x50, 0x0,
    0x75, 0x0, 0x0, 0x0, 0x0, 0x4, 0xff, 0x0,
    0x4, 0xff, 0x0, 0x4, 0xff, 0x0, 0x4, 0xff,
    0x0, 0x4, 0xff, 0x0, 0x4, 0xff, 0x0, 0x4,
    0xff, 0x0, 0x4, 0xff, 0x0, 0x4, 0xff, 0x0,
    0x4, 0xff, 0x0, 0x4, 0xff, 0x0,

    /* U+1ECA "Ị" */
    0x5f, 0xf0, 0x5f, 0xf0, 0x5f, 0xf0, 0x5f, 0xf0,
    0x5f, 0xf0, 0x5f, 0xf0, 0x5f, 0xf0, 0x5f, 0xf0,
    0x5f, 0xf0, 0x5f, 0xf0, 0x5f, 0xf0, 0x5f, 0xf0,
    0x5f, 0xf0, 0x5f, 0xf0, 0x5f, 0xf0, 0x0, 0x0,
    0x0, 0x0, 0x3e, 0xc0, 0x8f, 0xf2, 0x2c, 0x90,

    /* U+1ECB "ị" */
    0x3e, 0xc0, 0x8f, 0xf3, 0x2c, 0xa0, 0x0, 0x0,
    0x4f, 0xf0, 0x4f, 0xf0, 0x4f, 0xf0, 0x4f, 0xf0,
    0x4f, 0xf0, 0x4f, 0xf0, 0x4f, 0xf0, 0x4f, 0xf0,
    0x4f, 0xf0, 0x4f, 0xf0, 0x4f, 0xf0, 0x0, 0x0,
    0x0, 0x0, 0x3e, 0xc0, 0x8f, 0xf2, 0x2c, 0x90,

    /* U+1ECC "Ọ" */
    0x0, 0x1, 0x7c, 0xef, 0xea, 0x40, 0x0, 0x0,
    0x4, 0xef, 0xff, 0xff, 0xff, 0xb0, 0x0, 0x4,
    0xff, 0xe8, 0x43, 0x5b, 0xff, 0xc0, 0x0, 0xef,
    0xd1, 0x0, 0x0, 0x6, 0xff, 0x70, 0x6f, 0xf3,
    0x0, 0x0, 0x0, 0xa, 0xfe, 0xb, 0xfc, 0x0,
    0x0, 0x0, 0x0, 0x3f, 0xf4, 0xef, 0x80, 0x0,
    0x0, 0x0, 0x0, 0xff, 0x7f, 0xf6, 0x0, 0x0,
    0x0, 0x0, 0xe, 0xf8, 0xef, 0x80, 0x0, 0x0,
    0x0, 0x0, 0xff, 0x7b, 0xfc, 0x0, 0x0, 0x0,
    0x0, 0x3f, 0xf4, 0x6f, 0xf3, 0x0, 0x0, 0x0,
    0xb, 0xfe, 0x0, 0xef, 0xd2, 0x0, 0x0, 0x7,
    0xff, 0x70, 0x4, 0xff, 0xe8, 0x43, 0x5b, 0xff,
    0xc0, 0x0, 0x4, 0xef, 0xff, 0xff, 0xff, 0xb0,
    0x0, 0x0, 0x1, 0x7c, 0xef, 0xea, 0x40, 0x0,
    0x0, 0x0, 0x0, 0x0, 0x0, 0x0, 0x0, 0x0,
    0x0, 0x0, 0x0, 0x0, 0x0, 0x0, 0x0, 0x0,
    0x0, 0x0, 0xb, 0xe4, 0x0, 0x0, 0x0, 0x0,
    0x0, 0x1, 0xff, 0x90, 0x0, 0x0, 0x0, 0x0,
    0x0, 0x8, 0xc3, 0x0, 0x0, 0x0,

    /* U+1ECD "ọ" */
    0x0, 0x29, 0xdf, 0xea, 0x20, 0x0, 0x3f, 0xff,
    0xff, 0xff, 0x40, 0x1e, 0xfc, 0x30, 0x2b, 0xfe,
    0x16, 0xff, 0x10, 0x0, 0xe, 0xf7, 0xaf, 0xa0,
    0x0, 0x0, 0x9f, 0xcc, 0xf8, 0x0, 0x0, 0x7,
    0xfd, 0xaf, 0xa0, 0x0, 0x0, 0x9f, 0xc6, 0xff,
    0x10, 0x0, 0xe, 0xf7, 0x1e, 0xfc, 0x20, 0x2b,
    0xfe, 0x10, 0x3f, 0xff, 0xff, 0xff, 0x40, 0x0,
    0x29, 0xdf, 0xea, 0x20, 0x0, 0x0, 0x0, 0x0,
    0x0, 0x0, 0x0, 0x0, 0x0, 0x0, 0x0, 0x0,
    0x0, 0x7, 0xf8, 0x0, 0x0, 0x0, 0x0, 0xdf,
    0xe0, 0x0, 0x0, 0x0, 0x5, 0xc6, 0x0, 0x0,

    /* U+1ECE "Ỏ" */
    0x0, 0x0, 0x0, 0x0, 0x0, 0x0, 0x0, 0x0,
    0x0, 0x0, 0x4e, 0xfc, 0x10, 0x0, 0x0, 0x0,
    0x0, 0xd, 0xc5, 0xf9, 0x0, 0x0, 0x0, 0x0,
    0x0, 0x0, 0x3f, 0x90, 0x0, 0x0, 0x0, 0x0,
    0x0, 0x4f, 0xb0, 0x0, 0x0, 0x0, 0x0, 0x0,
    0x4, 0x90, 0x0, 0x0, 0x0, 0x0, 0x0, 0x0,
    0x0, 0x0, 0x0, 0x0, 0x0, 0x0, 0x17, 0xce,
    0xfe, 0xa4, 0x0, 0x0, 0x0, 0x4e, 0xff, 0xff,
    0xff, 0xfb, 0x0, 0x0, 0x4f, 0xfe, 0x84, 0x35,
    0xbf, 0xfc, 0x0, 0xe, 0xfd, 0x10, 0x0, 0x0,
    0x6f, 0xf7, 0x6, 0xff, 0x30, 0x0, 0x0, 0x0,
    0xaf, 0xe0, 0xbf, 0xc0, 0x0, 0x0, 0x0, 0x3,
    0xff, 0x4e, 0xf8, 0x0, 0x0, 0x0, 0x0, 0xf,
    0xf7, 0xff, 0x60, 0x0, 0x0, 0x0, 0x0, 0xef,
    0x8e, 0xf8, 0x0, 0x0, 0x0, 0x0, 0xf, 0xf7,
    0xbf, 0xc0, 0x0, 0x0, 0x0, 0x3, 0xff, 0x46,
    0xff, 0x30, 0x0, 0x0, 0x0, 0xbf, 0xe0, 0xe,
    0xfd, 0x20, 0x0, 0x0, 0x7f, 0xf7, 0x0, 0x4f,
    0xfe, 0x84, 0x35, 0xbf, 0xfc, 0x0, 0x0, 0x4e,
    0xff, 0xff, 0xff, 0xfb, 0x0, 0x0, 0x0, 0x17,
    0xce, 0xfe, 0xa4, 0x0, 0x0,

    /* U+1ECF "ỏ" */
    0x0, 0x0, 0x0, 0x0, 0x0, 0x0, 0x0, 0x2d,
    0xfd, 0x30, 0x0, 0x0, 0x9, 0xe5, 0xdd, 0x0,
    0x0, 0x0, 0x0, 0xc, 0xd0, 0x0, 0x0, 0x0,
    0x1e, 0xe3, 0x0, 0x0, 0x0, 0x2, 0xb3, 0x0,
    0x0, 0x0, 0x0, 0x0, 0x0, 0x0, 0x0, 0x2,
    0x9d, 0xfe, 0xa2, 0x0, 0x3, 0xff, 0xff, 0xff,
    0xf4, 0x1, 0xef, 0xc3, 0x2, 0xbf, 0xe1, 0x6f,
    0xf1, 0x0, 0x0, 0xef, 0x7a, 0xfa, 0x0, 0x0,
    0x9, 0xfc, 0xcf, 0x80, 0x0, 0x0, 0x7f, 0xda,
    0xfa, 0x0, 0x0, 0x9, 0xfc, 0x6f, 0xf1, 0x0,
    0x0, 0xef, 0x71, 0xef, 0xc2, 0x2, 0xbf, 0xe1,
    0x3, 0xff, 0xff, 0xff, 0xf4, 0x0, 0x2, 0x9d,
    0xfe, 0xa2, 0x0,

    /* U+1ED0 "Ố" */
    0x0, 0x0, 0x0, 0x0, 0x0, 0xe, 0xf4, 0x0,
    0x0, 0x0, 0x0, 0x0, 0x6, 0xfb, 0x0, 0x0,
    0x0, 0x0, 0x0, 0x0, 0xdf, 0x20, 0x0, 0x0,
    0x0, 0xa, 0xc6, 0x2b, 0x60, 0x0, 0x0, 0x0,
    0xa, 0xfd, 0xf3, 0x0, 0x0, 0x0, 0x0, 0x6,
    0xf8, 0x1e, 0xe1, 0x0, 0x0, 0x0, 0x0, 0x66,
    0x0, 0x27, 0x30, 0x0, 0x0, 0x0, 0x0, 0x0,
    0x0, 0x0, 0x0, 0x0, 0x0, 0x1, 0x7c, 0xef,
    0xea, 0x40, 0x0, 0x0, 0x4, 0xef, 0xff, 0xff,
    0xff, 0xb0, 0x0, 0x4, 0xff, 0xe8, 0x43, 0x5b,
    0xff, 0xc0, 0x0, 0xef, 0xd1, 0x0, 0x0, 0x6,
    0xff, 0x70, 0x6f, 0xf3, 0x0, 0x0, 0x0, 0xa,
    0xfe, 0xb, 0xfc, 0x0, 0x0, 0x0, 0x0, 0x3f,
    0xf4, 0xef, 0x80, 0x0, 0x0, 0x0, 0x0, 0xff,
    0x7f, 0xf6, 0x0, 0x0, 0x0, 0x0, 0xe, 0xf8,
    0xef, 0x80, 0x0, 0x0, 0x0, 0x0, 0xff, 0x7b,
    0xfc, 0x0, 0x0, 0x0, 0x0, 0x3f, 0xf4, 0x6f,
    0xf3, 0x0, 0x0, 0x0, 0xb, 0xfe, 0x0, 0xef,
    0xd2, 0x0, 0x0, 0x7, 0xff, 0x70, 0x4, 0xff,
    0xe8, 0x43, 0x5b, 0xff, 0xc0, 0x0, 0x4, 0xef,
    0xff, 0xff, 0xff, 0xb0, 0x0, 0x0, 0x1, 0x7c,
    0xef, 0xea, 0x40, 0x0, 0x0,

    /* U+1ED1 "ố" */
    0x0, 0x0, 0x0, 0x0, 0x6, 0xb6, 0x0, 0x0,
    0x0, 0x0, 0xe, 0xf2, 0x0, 0x0, 0x0, 0x0,
    0x7f, 0x80, 0x0, 0x0, 0x0, 0x0, 0xee, 0x10,
    0x0, 0x0, 0xdf, 0xd1, 0x0, 0x0, 0x0, 0xc,
    0xe2, 0xdc, 0x0, 0x0, 0x0, 0x6b, 0x30, 0x3b,
    0x60, 0x0, 0x0, 0x0, 0x0, 0x0, 0x0, 0x0,
    0x0, 0x29, 0xdf, 0xea, 0x20, 0x0, 0x3, 0xff,
    0xff, 0xff, 0xf4, 0x0, 0x1e, 0xfc, 0x30, 0x2b,
    0xfe, 0x10, 0x6f, 0xf1, 0x0, 0x0, 0xef, 0x70,
    0xaf, 0xa0, 0x0, 0x0, 0x9f, 0xc0, 0xcf, 0x80,
    0x0, 0x0, 0x7f, 0xd0, 0xaf, 0xa0, 0x0, 0x0,
    0x9f, 0xc0, 0x6f, 0xf1, 0x0, 0x0, 0xef, 0x70,
    0x1e, 0xfc, 0x20, 0x2b, 0xfe, 0x10, 0x3, 0xff,
    0xff, 0xff, 0xf4, 0x0, 0x0, 0x29, 0xdf, 0xea,
    0x20, 0x0,

    /* U+1ED2 "Ồ" */
    0x0, 0x0, 0x0, 0x0, 0xbf, 0x70, 0x0, 0x0,
    0x0, 0x0, 0x0, 0x2, 0xfe, 0x0, 0x0, 0x0,
    0x0, 0x0, 0x0, 0x9, 0xf6, 0x0, 0x0, 0x0,
    0x0, 0xa, 0xc6, 0x1a, 0x80, 0x0, 0x0, 0x0,
    0xa, 0xfd, 0xf3, 0x0, 0x0, 0x0, 0x0, 0x6,
    0xf8, 0x1e, 0xe1, 0x0, 0x0, 0x0, 0x0, 0x66,
    0x0, 0x27, 0x30, 0x0, 0x0, 0x0, 0x0, 0x0,
    0x0, 0x0, 0x0, 0x0, 0x0, 0x1, 0x7c, 0xef,
    0xea, 0x40, 0x0, 0x0, 0x4, 0xef, 0xff, 0xff,
    0xff, 0xb0, 0x0, 0x4, 0xff, 0xe8, 0x43, 0x5b,
    0xff, 0xc0, 0x0, 0xef, 0xd1, 0x0, 0x0, 0x6,
    0xff, 0x70, 0x6f, 0xf3, 0x0, 0x0, 0x0, 0xa,
    0xfe, 0xb, 0xfc, 0x0, 0x0, 0x0, 0x0, 0x3f,
    0xf4, 0xef, 0x80, 0x0, 0x0, 0x0, 0x0, 0xff,
    0x7f, 0xf6, 0x0, 0x0, 0x0, 0x0, 0xe, 0xf8,
    0xef, 0x80, 0x0, 0x0, 0x0, 0x0, 0xff, 0x7b,
    0xfc, 0x0, 0x0, 0x0, 0x0, 0x3f, 0xf4, 0x6f,
    0xf3, 0x0, 0x0, 0x0, 0xb, 0xfe, 0x0, 0xef,
    0xd2, 0x0, 0x0, 0x7, 0xff, 0x70, 0x4, 0xff,
    0xe8, 0x43, 0x5b, 0xff, 0xc0, 0x0, 0x4, 0xef,
    0xff, 0xff, 0xff, 0xb0, 0x0, 0x0, 0x1, 0x7c,
    0xef, 0xea, 0x40, 0x0, 0x0,

    /* U+1ED3 "ồ" */
    0x0, 0x0, 0x0, 0x6b, 0x70, 0x0, 0x0, 0x0,
    0x1, 0xff, 0x10, 0x0, 0x0, 0x0, 0x8, 0xf7,
    0x0, 0x0, 0x0, 0x0, 0xe, 0xe0, 0x0, 0x0,
    0xcf, 0xd1, 0x0, 0x0, 0x0, 0xce, 0x2d, 0xc0,
    0x0, 0x0, 0x6b, 0x30, 0x2a, 0x70, 0x0, 0x0,
    0x0, 0x0, 0x0, 0x0, 0x0, 0x29, 0xdf, 0xea,
    0x20, 0x0, 0x3f, 0xff, 0xff, 0xff, 0x40, 0x1e,
    0xfc, 0x30, 0x2b, 0xfe, 0x16, 0xff, 0x10, 0x0,
    0xe, 0xf7, 0xaf, 0xa0, 0x0, 0x0, 0x9f, 0xcc,
    0xf8, 0x0, 0x0, 0x7, 0xfd, 0xaf, 0xa0, 0x0,
    0x0, 0x9f, 0xc6, 0xff, 0x10, 0x0, 0xe, 0xf7,
    0x1e, 0xfc, 0x20, 0x2b, 0xfe, 0x10, 0x3f, 0xff,
    0xff, 0xff, 0x40, 0x0, 0x29, 0xdf, 0xea, 0x20,
    0x0,

    /* U+1ED4 "Ổ" */
    0x0, 0x0, 0x0, 0x0, 0x0, 0x0, 0x0, 0x0,
    0x0, 0x0, 0x0, 0x1, 0xcf, 0xe4, 0x0, 0x0,
    0x0, 0x0, 0x0, 0x8f, 0x5c, 0xe0, 0x0, 0x0,
    0x0, 0x0, 0x1, 0x10, 0xbe, 0x0, 0x0, 0x0,
    0x0, 0x0, 0x0, 0xcf, 0x50, 0x0, 0x0, 0x0,
    0x1c, 0xe7, 0x1d, 0x40, 0x0, 0x0, 0x0, 0xb,
    0xfc, 0xf4, 0x0, 0x0, 0x0, 0x0, 0x7, 0xf7,
    0x1e, 0xe1, 0x0, 0x0, 0x0, 0x0, 0x65, 0x0,
    0x26, 0x30, 0x0, 0x0, 0x0, 0x0, 0x0, 0x0,
    0x0, 0x0, 0x0, 0x0, 0x1, 0x7c, 0xef, 0xea,
    0x40, 0x0, 0x0, 0x4, 0xef, 0xff, 0xff, 0xff,
    0xb0, 0x0, 0x4, 0xff, 0xe8, 0x43, 0x5b, 0xff,
    0xc0, 0x0, 0xef, 0xd1, 0x0, 0x0, 0x6, 0xff,
    0x70, 0x6f, 0xf3, 0x0, 0x0, 0x0, 0xa, 0xfe,
    0xb, 0xfc, 0x0, 0x0, 0x0, 0x0, 0x3f, 0xf4,
    0xef, 0x80, 0x0, 0x0, 0x0, 0x0, 0xff, 0x7f,
    0xf6, 0x0, 0x0, 0x0, 0x0, 0xe, 0xf8, 0xef,
    0x80, 0x0, 0x0, 0x0, 0x0, 0xff, 0x7b, 0xfc,
    0x0, 0x0, 0x0, 0x0, 0x3f, 0xf4, 0x6f, 0xf3,
    0x0, 0x0, 0x0, 0xb, 0xfe, 0x0, 0xef, 0xd2,
    0x0, 0x0, 0x7, 0xff, 0x70, 0x4, 0xff, 0xe8,
    0x43, 0x5b, 0xff, 0xc0, 0x0, 0x4, 0xef, 0xff,
    0xff, 0xff, 0xb0, 0x0, 0x0, 0x1, 0x7c, 0xef,
    0xea, 0x40, 0x0, 0x0,

    /* U+1ED5 "ổ" */
    0x0, 0x0, 0x0, 0x0, 0x0, 0x0, 0x0, 0x0,
    0x0, 0x9, 0xff, 0x80, 0x0, 0x0, 0x0, 0x4f,
    0x79, 0xf2, 0x0, 0x0, 0x0, 0x1, 0x8, 0xf2,
    0x0, 0x0, 0x0, 0x0, 0xaf, 0x60, 0x0, 0x0,
    0xdf, 0xd0, 0x75, 0x0, 0x0, 0xb, 0xf6, 0xfb,
    0x0, 0x0, 0x0, 0x7d, 0x50, 0x4d, 0x70, 0x0,
    0x0, 0x0, 0x0, 0x0, 0x0, 0x0, 0x0, 0x29,
    0xdf, 0xea, 0x20, 0x0, 0x3, 0xff, 0xff, 0xff,
    0xf4, 0x0, 0x1e, 0xfc, 0x30, 0x2b, 0xfe, 0x10,
    0x6f, 0xf1, 0x0, 0x0, 0xef, 0x70, 0xaf, 0xa0,
    0x0, 0x0, 0x9f, 0xc0, 0xcf, 0x80, 0x0, 0x0,
    0x7f, 0xd0, 0xaf, 0xa0, 0x0, 0x0, 0x9f, 0xc0,
    0x6f, 0xf1, 0x0, 0x0, 0xef, 0x70, 0x1e, 0xfc,
    0x20, 0x2b, 0xfe, 0x10, 0x3, 0xff, 0xff, 0xff,
    0xf4, 0x0, 0x0, 0x29, 0xdf, 0xea, 0x20, 0x0,

    /* U+1ED6 "Ỗ" */
    0x0, 0x0, 0x17, 0x61, 0x8, 0x40, 0x0, 0x0,
    0x0, 0xa, 0xff, 0xea, 0xf5, 0x0, 0x0, 0x0,
    0x0, 0xe8, 0x2b, 0xfc, 0x0, 0x0, 0x0, 0x0,
    0x0, 0x1, 0x20, 0x0, 0x0, 0x0, 0x0, 0x0,
    0x2, 0xff, 0xa0, 0x0, 0x0, 0x0, 0x0, 0x0,
    0xdf, 0xaf, 0x60, 0x0, 0x0, 0x0, 0x0, 0x9f,
    0x50, 0xdf, 0x20, 0x0, 0x0, 0x0, 0x4, 0x40,
    0x1, 0x52, 0x0, 0x0, 0x0, 0x0, 0x0, 0x0,
    0x0, 0x0, 0x0, 0x0, 0x0, 0x17, 0xce, 0xfe,
    0xa4, 0x0, 0x0, 0x0, 0x4e, 0xff, 0xff, 0xff,
    0xfb, 0x0, 0x0, 0x4f, 0xfe, 0x84, 0x35, 0xbf,
    0xfc, 0x0, 0xe, 0xfd, 0x10, 0x0, 0x0, 0x6f,
    0xf7, 0x6, 0xff, 0x30, 0x0, 0x0, 0x0, 0xaf,
    0xe0, 0xbf, 0xc0, 0x0, 0x0, 0x0, 0x3, 0xff,
    0x4e, 0xf8, 0x0, 0x0, 0x0, 0x0, 0xf, 0xf7,
    0xff, 0x60, 0x0, 0x0, 0x0, 0x0, 0xef, 0x8e,
    0xf8, 0x0, 0x0, 0x0, 0x0, 0xf, 0xf7, 0xbf,
    0xc0, 0x0, 0x0, 0x0, 0x3, 0xff, 0x46, 0xff,
    0x30, 0x0, 0x0, 0x0, 0xbf, 0xe0, 0xe, 0xfd,
    0x20, 0x0, 0x0, 0x7f, 0xf7, 0x0, 0x4f, 0xfe,
    0x84, 0x35, 0xbf, 0xfc, 0x0, 0x0, 0x4e, 0xff,
    0xff, 0xff, 0xfb, 0x0, 0x0, 0x0, 0x17, 0xce,
    0xfe, 0xa4, 0x0, 0x0,

    /* U+1ED7 "ỗ" */
    0x0, 0x1d, 0xe9, 0x1c, 0xb0, 0x0, 0x8, 0xfa,
    0xff, 0xf6, 0x0, 0x0, 0x66, 0x2, 0x87, 0x0,
    0x0, 0x0, 0x0, 0x0, 0x0, 0x0, 0x0, 0x0,
    0xcf, 0xd1, 0x0, 0x0, 0x0, 0xbf, 0x6f, 0xb0,
    0x0, 0x0, 0x7d, 0x50, 0x4d, 0x70, 0x0, 0x0,
    0x0, 0x0, 0x0, 0x0, 0x0, 0x29, 0xdf, 0xea,
    0x20, 0x0, 0x3f, 0xff, 0xff, 0xff, 0x40, 0x1e,
    0xfc, 0x30, 0x2b, 0xfe, 0x16, 0xff, 0x10, 0x0,
    0xe, 0xf7, 0xaf, 0xa0, 0x0, 0x0, 0x9f, 0xcc,
    0xf8, 0x0, 0x0, 0x7, 0xfd, 0xaf, 0xa0, 0x0,
    0x0, 0x9f, 0xc6, 0xff, 0x10, 0x0, 0xe, 0xf7,
    0x1e, 0xfc, 0x20, 0x2b, 0xfe, 0x10, 0x3f, 0xff,
    0xff, 0xff, 0x40, 0x0, 0x29, 0xdf, 0xea, 0x20,
    0x0,

    /* U+1ED8 "Ộ" */
    0x0, 0x0, 0x2, 0xef, 0xa0, 0x0, 0x0, 0x0,
    0x0, 0x0, 0xde, 0x9f, 0x70, 0x0, 0x0, 0x0,
    0x0, 0xbf, 0x30, 0xaf, 0x40, 0x0, 0x0, 0x0,
    0x0, 0x0, 0x0, 0x0, 0x0, 0x0, 0x0, 0x0,
    0x0, 0x0, 0x0, 0x0, 0x0, 0x0, 0x0, 0x17,
    0xce, 0xfe, 0xa4, 0x0, 0x0, 0x0, 0x4e, 0xff,
    0xff, 0xff, 0xfb, 0x0, 0x0, 0x4f, 0xfe, 0x84,
    0x35, 0xbf, 0xfc, 0x0, 0xe, 0xfd, 0x10, 0x0,
    0x0, 0x6f, 0xf7, 0x6, 0xff, 0x30, 0x0, 0x0,
    0x0, 0xaf, 0xe0, 0xbf, 0xc0, 0x0, 0x0, 0x0,
    0x3, 0xff, 0x4e, 0xf8, 0x0, 0x0, 0x0, 0x0,
    0xf, 0xf7, 0xff, 0x60, 0x0, 0x0, 0x0, 0x0,
    0xef, 0x8e, 0xf8, 0x0, 0x0, 0x0, 0x0, 0xf,
    0xf7, 0xbf, 0xc0, 0x0, 0x0, 0x0, 0x3, 0xff,
    0x46, 0xff, 0x30, 0x0, 0x0, 0x0, 0xbf, 0xe0,
    0xe, 0xfd, 0x20, 0x0, 0x0, 0x7f, 0xf7, 0x0,
    0x4f, 0xfe, 0x84, 0x35, 0xbf, 0xfc, 0x0, 0x0,
    0x4e, 0xff, 0xff, 0xff, 0xfb, 0x0, 0x0, 0x0,
    0x17, 0xce, 0xfe, 0xa4, 0x0, 0x0, 0x0, 0x0,
    0x0, 0x0, 0x0, 0x0, 0x0, 0x0, 0x0, 0x0,
    0x0, 0x0, 0x0, 0x0, 0x0, 0x0, 0x0, 0x0,
    0xbe, 0x40, 0x0, 0x0, 0x0, 0x0, 0x0, 0x1f,
    0xf9, 0x0, 0x0, 0x0, 0x0, 0x0, 0x0, 0x8c,
    0x30, 0x0, 0x0, 0x0,

    /* U+1ED9 "ộ" */
    0x0, 0x0, 0xcf, 0xd0, 0x0, 0x0, 0x0, 0xaf,
    0x6f, 0xb0, 0x0, 0x0, 0x7f, 0x60, 0x5e, 0x80,
    0x0, 0x0, 0x0, 0x0, 0x0, 0x0, 0x0, 0x29,
    0xdf, 0xea, 0x20, 0x0, 0x3f, 0xff, 0xff, 0xff,
    0x40, 0x1e, 0xfc, 0x30, 0x2b, 0xfe, 0x16, 0xff,
    0x10, 0x0, 0xe, 0xf7, 0xaf, 0xa0, 0x0, 0x0,
    0x9f, 0xcc, 0xf8, 0x0, 0x0, 0x7, 0xfd, 0xaf,
    0xa0, 0x0, 0x0, 0x9f, 0xc6, 0xff, 0x10, 0x0,
    0xe, 0xf7, 0x1e, 0xfc, 0x20, 0x2b, 0xfe, 0x10,
    0x3f, 0xff, 0xff, 0xff, 0x40, 0x0, 0x29, 0xdf,
    0xea, 0x20, 0x0, 0x0, 0x0, 0x0, 0x0, 0x0,
    0x0, 0x0, 0x0, 0x0, 0x0, 0x0, 0x0, 0x7,
    0xf8, 0x0, 0x0, 0x0, 0x0, 0xdf, 0xe0, 0x0,
    0x0, 0x0, 0x5, 0xc6, 0x0, 0x0,

    /* U+1EDA "Ớ" */
    0x0, 0x0, 0x0, 0x1, 0xba, 0x0, 0x0, 0x0,
    0x0, 0x0, 0x0, 0x8f, 0x80, 0x0, 0x0, 0x0,
    0x0, 0x0, 0xf, 0xe1, 0x0, 0x0, 0x0, 0x0,
    0x0, 0x7, 0xf6, 0x0, 0x4b, 0x70, 0x0, 0x0,
    0x0, 0x0, 0x0, 0x6, 0xfa, 0x0, 0x0, 0x0,
    0x0, 0x0, 0x0, 0x9f, 0x90, 0x0, 0x1, 0x7c,
    0xef, 0xff, 0xff, 0xf4, 0x0, 0x4, 0xef, 0xff,
    0xff, 0xff, 0xf4, 0x0, 0x4, 0xff, 0xe8, 0x43,
    0x5b, 0xff, 0xb0, 0x0, 0xef, 0xd1, 0x0, 0x0,
    0x6, 0xff, 0x60, 0x6f, 0xf3, 0x0, 0x0, 0x0,
    0xa, 0xfe, 0xb, 0xfc, 0x0, 0x0, 0x0, 0x0,
    0x3f, 0xf4, 0xef, 0x80, 0x0, 0x0, 0x0, 0x0,
    0xff, 0x7f, 0xf6, 0x0, 0x0, 0x0, 0x0, 0xe,
    0xf8, 0xef, 0x80, 0x0, 0x0, 0x0, 0x0, 0xff,
    0x7b, 0xfc, 0x0, 0x0, 0x0, 0x0, 0x3f, 0xf4,
    0x6f, 0xf3, 0x0, 0x0, 0x0, 0xb, 0xfe, 0x0,
    0xef, 0xd2, 0x0, 0x0, 0x7, 0xff, 0x70, 0x4,
    0xff, 0xe8, 0x43, 0x5b, 0xff, 0xc0, 0x0, 0x4,
    0xef, 0xff, 0xff, 0xff, 0xb0, 0x0, 0x0, 0x1,
    0x7c, 0xef, 0xea, 0x40, 0x0, 0x0,

    /* U+1EDB "ớ" */
    0x0, 0x0, 0x0, 0xef, 0x40, 0x0, 0x0, 0x0,
    0x6f, 0xb0, 0x0, 0x0, 0x0, 0xd, 0xf2, 0x0,
    0x0, 0x0, 0x2, 0xb7, 0x0, 0xfe, 0x0, 0x0,
    0x0, 0x0, 0x2f, 0xe0, 0x2, 0x9d, 0xff, 0xff,
    0xf8, 0x3, 0xff, 0xff, 0xff, 0xf8, 0x1, 0xef,
    0xc3, 0x2, 0xbf, 0xf1, 0x6f, 0xf1, 0x0, 0x0,
    0xef, 0x8a, 0xfa, 0x0, 0x0, 0x9, 0xfc, 0xcf,
    0x80, 0x0, 0x0, 0x7f, 0xda, 0xfa, 0x0, 0x0,
    0x9, 0xfc, 0x6f, 0xf1, 0x0, 0x0, 0xef, 0x71,
    0xef, 0xc2, 0x2, 0xbf, 0xe1, 0x3, 0xff, 0xff,
    0xff, 0xf4, 0x0, 0x2, 0x9d, 0xfe, 0xa2, 0x0,

    /* U+1EDC "Ờ" */
    0x0, 0x0, 0x5b, 0x70, 0x0, 0x0, 0x0, 0x0,
    0x0, 0x1, 0xff, 0x10, 0x0, 0x0, 0x0, 0x0,
    0x0, 0x7, 0xf8, 0x0, 0x0, 0x0, 0x0, 0x0,
    0x0, 0xd, 0xf0, 0x0, 0x4b, 0x70, 0x0, 0x0,
    0x0, 0x0, 0x0, 0x6, 0xfa, 0x0, 0x0, 0x0,
    0x0, 0x0, 0x0, 0x9f, 0x90, 0x0, 0x1, 0x7c,
    0xef, 0xff, 0xff, 0xf4, 0x0, 0x4, 0xef, 0xff,
    0xff, 0xff, 0xf4, 0x0, 0x4, 0xff, 0xe8, 0x43,
    0x5b, 0xff, 0xb0, 0x0, 0xef, 0xd1, 0x0, 0x0,
    0x6, 0xff, 0x60, 0x6f, 0xf3, 0x0, 0x0, 0x0,
    0xa, 0xfe, 0xb, 0xfc, 0x0, 0x0, 0x0, 0x0,
    0x3f, 0xf4, 0xef, 0x80, 0x0, 0x0, 0x0, 0x0,
    0xff, 0x7f, 0xf6, 0x0, 0x0, 0x0, 0x0, 0xe,
    0xf8, 0xef, 0x80, 0x0, 0x0, 0x0, 0x0, 0xff,
    0x7b, 0xfc, 0x0, 0x0, 0x0, 0x0, 0x3f, 0xf4,
    0x6f, 0xf3, 0x0, 0x0, 0x0, 0xb, 0xfe, 0x0,
    0xef, 0xd2, 0x0, 0x0, 0x7, 0xff, 0x70, 0x4,
    0xff, 0xe8, 0x43, 0x5b, 0xff, 0xc0, 0x0, 0x4,
    0xef, 0xff, 0xff, 0xff, 0xb0, 0x0, 0x0, 0x1,
    0x7c, 0xef, 0xea, 0x40, 0x0, 0x0,

    /* U+1EDD "ờ" */
    0x0, 0x2f, 0xf1, 0x0, 0x0, 0x0, 0x0, 0x8f,
    0x80, 0x0, 0x0, 0x0, 0x0, 0xef, 0x0, 0x0,
    0x0, 0x0, 0x5, 0xb4, 0x0, 0xfe, 0x0, 0x0,
    0x0, 0x0, 0x2f, 0xe0, 0x2, 0x9d, 0xff, 0xff,
    0xf8, 0x3, 0xff, 0xff, 0xff, 0xf8, 0x1, 0xef,
    0xc3, 0x2, 0xbf, 0xf1, 0x6f, 0xf1, 0x0, 0x0,
    0xef, 0x8a, 0xfa, 0x0, 0x0, 0x9, 0xfc, 0xcf,
    0x80, 0x0, 0x0, 0x7f, 0xda, 0xfa, 0x0, 0x0,
    0x9, 0xfc, 0x6f, 0xf1, 0x0, 0x0, 0xef, 0x71,
    0xef, 0xc2, 0x2, 0xbf, 0xe1, 0x3, 0xff, 0xff,
    0xff, 0xf4, 0x0, 0x2, 0x9d, 0xfe, 0xa2, 0x0,

    /* U+1EDE "Ở" */
    0x0, 0x0, 0x0, 0x0, 0x0, 0x0, 0x0, 0x0,
    0x0, 0x0, 0x5e, 0xfb, 0x10, 0x0, 0x0, 0x0,
    0x0, 0xe, 0xc5, 0xf9, 0x0, 0x0, 0x0, 0x0,
    0x0, 0x10, 0x2f, 0x90, 0x0, 0x0, 0x0, 0x0,
    0x0, 0x4f, 0xc1, 0x1, 0x32, 0x0, 0x0, 0x0,
    0x5, 0xb0, 0x0, 0x6f, 0xa0, 0x0, 0x0, 0x0,
    0x0, 0x0, 0x9, 0xf9, 0x0, 0x0, 0x17, 0xce,
    0xff, 0xff, 0xff, 0x50, 0x0, 0x4e, 0xff, 0xff,
    0xff, 0xff, 0x40, 0x0, 0x4f, 0xfe, 0x84, 0x35,
    0xbf, 0xfb, 0x0, 0xe, 0xfd, 0x10, 0x0, 0x0,
    0x6f, 0xf6, 0x6, 0xff, 0x30, 0x0, 0x0, 0x0,
    0xaf, 0xe0, 0xbf, 0xc0, 0x0, 0x0, 0x0, 0x3,
    0xff, 0x4e, 0xf8, 0x0, 0x0, 0x0, 0x0, 0xf,
    0xf7, 0xff, 0x60, 0x0, 0x0, 0x0, 0x0, 0xef,
    0x8e, 0xf8, 0x0, 0x0, 0x0, 0x0, 0xf, 0xf7,
    0xbf, 0xc0, 0x0, 0x0, 0x0, 0x3, 0xff, 0x46,
    0xff, 0x30, 0x0, 0x0, 0x0, 0xbf, 0xe0, 0xe,
    0xfd, 0x20, 0x0, 0x0, 0x7f, 0xf7, 0x0, 0x4f,
    0xfe, 0x84, 0x35, 0xbf, 0xfc, 0x0, 0x0, 0x4e,
    0xff, 0xff, 0xff, 0xfb, 0x0, 0x0, 0x0, 0x17,
    0xce, 0xfe, 0xa4, 0x0, 0x0,

    /* U+1EDF "ở" */
    0x0, 0x0, 0x0, 0x0, 0x0, 0x0, 0x0, 0x1d,
    0xfd, 0x30, 0x0, 0x0, 0xa, 0xe5, 0xdc, 0x0,
    0x0, 0x0, 0x11, 0x1d, 0xc0, 0x0, 0x0, 0x0,
    0x1e, 0xe3, 0x3, 0x30, 0x0, 0x2, 0xb2, 0x0,
    0xfe, 0x0, 0x0, 0x0, 0x0, 0x3f, 0xd0, 0x2,
    0x9d, 0xff, 0xff, 0xf8, 0x3, 0xff, 0xff, 0xff,
    0xf8, 0x1, 0xef, 0xc3, 0x2, 0xbf, 0xf1, 0x6f,
    0xf1, 0x0, 0x0, 0xef, 0x8a, 0xfa, 0x0, 0x0,
    0x9, 0xfc, 0xcf, 0x80, 0x0, 0x0, 0x7f, 0xda,
    0xfa, 0x0, 0x0, 0x9, 0xfc, 0x6f, 0xf1, 0x0,
    0x0, 0xef, 0x71, 0xef, 0xc2, 0x2, 0xbf, 0xe1,
    0x3, 0xff, 0xff, 0xff, 0xf4, 0x0, 0x2, 0x9d,
    0xfe, 0xa2, 0x0,

    /* U+1EE0 "Ỡ" */
    0x0, 0x0, 0x4e, 0xd3, 0xf, 0x60, 0x0, 0x0,
    0x0, 0xc, 0xdc, 0xfb, 0xf4, 0x0, 0x0, 0x0,
    0x0, 0xf7, 0x9, 0xfb, 0x4, 0xa6, 0x0, 0x0,
    0x0, 0x0, 0x0, 0x0, 0x6f, 0xa0, 0x0, 0x0,
    0x0, 0x0, 0x0, 0x9, 0xf9, 0x0, 0x0, 0x17,
    0xce, 0xff, 0xff, 0xff, 0x40, 0x0, 0x4e, 0xff,
    0xff, 0xff, 0xff, 0x40, 0x0, 0x4f, 0xfe, 0x84,
    0x35, 0xbf, 0xfb, 0x0, 0xe, 0xfd, 0x10, 0x0,
    0x0, 0x6f, 0xf6, 0x6, 0xff, 0x30, 0x0, 0x0,
    0x0, 0xaf, 0xe0, 0xbf, 0xc0, 0x0, 0x0, 0x0,
    0x3, 0xff, 0x4e, 0xf8, 0x0, 0x0, 0x0, 0x0,
    0xf, 0xf7, 0xff, 0x60, 0x0, 0x0, 0x0, 0x0,
    0xef, 0x8e, 0xf8, 0x0, 0x0, 0x0, 0x0, 0xf,
    0xf7, 0xbf, 0xc0, 0x0, 0x0, 0x0, 0x3, 0xff,
    0x46, 0xff, 0x30, 0x0, 0x0, 0x0, 0xbf, 0xe0,
    0xe, 0xfd, 0x20, 0x0, 0x0, 0x7f, 0xf7, 0x0,
    0x4f, 0xfe, 0x84, 0x35, 0xbf, 0xfc, 0x0, 0x0,
    0x4e, 0xff, 0xff, 0xff, 0xfb, 0x0, 0x0, 0x0,
    0x17, 0xce, 0xfe, 0xa4, 0x0, 0x0,

    /* U+1EE1 "ỡ" */
    0x0, 0x2d, 0xfa, 0x3d, 0x80, 0x0, 0x8, 0xe9,
    0xff, 0xf3, 0x0, 0x0, 0x33, 0x1, 0x42, 0xf,
    0xe0, 0x0, 0x0, 0x0, 0x2, 0xfe, 0x0, 0x29,
    0xdf, 0xff, 0xff, 0x80, 0x3f, 0xff, 0xff, 0xff,
    0x80, 0x1e, 0xfc, 0x30, 0x2b, 0xff, 0x16, 0xff,
    0x10, 0x0, 0xe, 0xf8, 0xaf, 0xa0, 0x0, 0x0,
    0x9f, 0xcc, 0xf8, 0x0, 0x0, 0x7, 0xfd, 0xaf,
    0xa0, 0x0, 0x0, 0x9f, 0xc6, 0xff, 0x10, 0x0,
    0xe, 0xf7, 0x1e, 0xfc, 0x20, 0x2b, 0xfe, 0x10,
    0x3f, 0xff, 0xff, 0xff, 0x40, 0x0, 0x29, 0xdf,
    0xea, 0x20, 0x0,

    /* U+1EE2 "Ợ" */
    0x0, 0x0, 0x0, 0x0, 0x0, 0x3, 0x85, 0x0,
    0x0, 0x0, 0x0, 0x0, 0x0, 0x6f, 0xa0, 0x0,
    0x0, 0x0, 0x0, 0x0, 0x9, 0xf9, 0x0, 0x0,
    0x17, 0xce, 0xff, 0xff, 0xff, 0x40, 0x0, 0x4e,
    0xff, 0xff, 0xff, 0xff, 0x40, 0x0, 0x4f, 0xfe,
    0x84, 0x35, 0xbf, 0xfb, 0x0, 0xe, 0xfd, 0x10,
    0x0, 0x0, 0x6f, 0xf6, 0x6, 0xff, 0x30, 0x0,
    0x0, 0x0, 0xaf, 0xe0, 0xbf, 0xc0, 0x0, 0x0,
    0x0, 0x3, 0xff, 0x4e, 0xf8, 0x0, 0x0, 0x0,
    0x0, 0xf, 0xf7, 0xff, 0x60, 0x0, 0x0, 0x0,
    0x0, 0xef, 0x8e, 0xf8, 0x0, 0x0, 0x0, 0x0,
    0xf, 0xf7, 0xbf, 0xc0, 0x0, 0x0, 0x0, 0x3,
    0xff, 0x46, 0xff, 0x30, 0x0, 0x0, 0x0, 0xbf,
    0xe0, 0xe, 0xfd, 0x20, 0x0, 0x0, 0x7f, 0xf7,
    0x0, 0x4f, 0xfe, 0x84, 0x35, 0xbf, 0xfc, 0x0,
    0x0, 0x4e, 0xff, 0xff, 0xff, 0xfb, 0x0, 0x0,
    0x0, 0x17, 0xce, 0xfe, 0xa4, 0x0, 0x0, 0x0,
    0x0, 0x0, 0x0, 0x0, 0x0, 0x0, 0x0, 0x0,
    0x0, 0x0, 0x0, 0x0, 0x0, 0x0, 0x0, 0x0,
    0x0, 0xbe, 0x40, 0x0, 0x0, 0x0, 0x0, 0x0,
    0x1f, 0xf9, 0x0, 0x0, 0x0, 0x0, 0x0, 0x0,
    0x8c, 0x20, 0x0, 0x0, 0x0,

    /* U+1EE3 "ợ" */
    0x0, 0x0, 0x0, 0x0, 0x8, 0x70, 0x0, 0x0,
    0x0, 0x0, 0xfe, 0x0, 0x0, 0x0, 0x0, 0x3f,
    0xd0, 0x2, 0x9d, 0xff, 0xff, 0xf7, 0x3, 0xff,
    0xff, 0xff, 0xf8, 0x1, 0xef, 0xc3, 0x2, 0xbf,
    0xf1, 0x6f, 0xf1, 0x0, 0x0, 0xef, 0x8a, 0xfa,
    0x0, 0x0, 0x9, 0xfc, 0xcf, 0x80, 0x0, 0x0,
    0x7f, 0xda, 0xfa, 0x0, 0x0, 0x9, 0xfc, 0x6f,
    0xf1, 0x0, 0x0, 0xef, 0x71, 0xef, 0xc2, 0x2,
    0xbf, 0xe1, 0x3, 0xff, 0xff, 0xff, 0xf4, 0x0,
    0x2, 0x9d, 0xfe, 0xa2, 0x0, 0x0, 0x0, 0x0,
    0x0, 0x0, 0x0, 0x0, 0x0, 0x0, 0x0, 0x0,
    0x0, 0x0, 0x4e, 0xb0, 0x0, 0x0, 0x0, 0x9,
    0xff, 0x10, 0x0, 0x0, 0x0, 0x2c, 0x80, 0x0,
    0x0,

    /* U+1EE4 "Ụ" */
    0x5f, 0xf0, 0x0, 0x0, 0x2, 0xff, 0x35, 0xff,
    0x0, 0x0, 0x0, 0x2f, 0xf3, 0x5f, 0xf0, 0x0,
    0x0, 0x2, 0xff, 0x35, 0xff, 0x0, 0x0, 0x0,
    0x2f, 0xf3, 0x5f, 0xf0, 0x0, 0x0, 0x2, 0xff,
    0x35, 0xff, 0x0, 0x0, 0x0, 0x2f, 0xf3, 0x5f,
    0xf0, 0x0, 0x0, 0x2, 0xff, 0x35, 0xff, 0x0,
    0x0, 0x0, 0x2f, 0xf3, 0x5f, 0xf0, 0x0, 0x0,
    0x2, 0xff, 0x34, 0xff, 0x0, 0x0, 0x0, 0x2f,
    0xf3, 0x3f, 0xf3, 0x0, 0x0, 0x5, 0xff, 0x10,
    0xef, 0xb0, 0x0, 0x0, 0xcf, 0xd0, 0x8, 0xff,
    0xc6, 0x46, 0xdf, 0xf6, 0x0, 0xa, 0xff, 0xff,
    0xff, 0xf9, 0x0, 0x0, 0x5, 0xbe, 0xfe, 0xa4,
    0x0, 0x0, 0x0, 0x0, 0x0, 0x0, 0x0, 0x0,
    0x0, 0x0, 0x0, 0x0, 0x0, 0x0, 0x0, 0x0,
    0x0, 0x9f, 0x50, 0x0, 0x0, 0x0, 0x0, 0xf,
    0xfa, 0x0, 0x0, 0x0, 0x0, 0x0, 0x7c, 0x30,
    0x0, 0x0,

    /* U+1EE5 "ụ" */
    0x6f, 0xd0, 0x0, 0xe, 0xf6, 0x6f, 0xd0, 0x0,
    0xe, 0xf6, 0x6f, 0xd0, 0x0, 0xe, 0xf6, 0x6f,
    0xd0, 0x0, 0xe, 0xf6, 0x6f, 0xd0, 0x0, 0xe,
    0xf6, 0x6f, 0xd0, 0x0, 0xe, 0xf6, 0x6f, 0xd0,
    0x0, 0xf, 0xf6, 0x6f, 0xe0, 0x0, 0x2f, 0xf6,
    0x3f, 0xf7, 0x1, 0xcf, 0xf6, 0xc, 0xff, 0xff,
    0xce, 0xf6, 0x1, 0xbf, 0xfa, 0x1e, 0xf6, 0x0,
    0x0, 0x0, 0x0, 0x0, 0x0, 0x0, 0x0, 0x0,
    0x0, 0x0, 0x2, 0xdd, 0x10, 0x0, 0x0, 0x6,
    0xff, 0x40, 0x0, 0x0, 0x1, 0xba, 0x0, 0x0,

    /* U+1EE6 "Ủ" */
    0x0, 0x0, 0x0, 0x0, 0x0, 0x0, 0x0, 0x0,
    0x3, 0xdf, 0xd2, 0x0, 0x0, 0x0, 0x0, 0xbd,
    0x5e, 0xb0, 0x0, 0x0, 0x0, 0x0, 0x2, 0xea,
    0x0, 0x0, 0x0, 0x0, 0x3, 0xfc, 0x10, 0x0,
    0x0, 0x0, 0x0, 0x39, 0x10, 0x0, 0x0, 0x0,
    0x0, 0x0, 0x0, 0x0, 0x0, 0x5, 0xff, 0x0,
    0x0, 0x0, 0x2f, 0xf3, 0x5f, 0xf0, 0x0, 0x0,
    0x2, 0xff, 0x35, 0xff, 0x0, 0x0, 0x0, 0x2f,
    0xf3, 0x5f, 0xf0, 0x0, 0x0, 0x2, 0xff, 0x35,
    0xff, 0x0, 0x0, 0x0, 0x2f, 0xf3, 0x5f, 0xf0,
    0x0, 0x0, 0x2, 0xff, 0x35, 0xff, 0x0, 0x0,
    0x0, 0x2f, 0xf3, 0x5f, 0xf0, 0x0, 0x0, 0x2,
    0xff, 0x35, 0xff, 0x0, 0x0, 0x0, 0x2f, 0xf3,
    0x4f, 0xf0, 0x0, 0x0, 0x2, 0xff, 0x33, 0xff,
    0x30, 0x0, 0x0, 0x5f, 0xf1, 0xe, 0xfb, 0x0,
    0x0, 0xc, 0xfd, 0x0, 0x8f, 0xfc, 0x64, 0x6d,
    0xff, 0x60, 0x0, 0xaf, 0xff, 0xff, 0xff, 0x90,
    0x0, 0x0, 0x5b, 0xef, 0xea, 0x40, 0x0,

    /* U+1EE7 "ủ" */
    0x0, 0x0, 0x0, 0x0, 0x0, 0x0, 0x7, 0xff,
    0x90, 0x0, 0x0, 0x2f, 0x88, 0xf4, 0x0, 0x0,
    0x0, 0x7, 0xf4, 0x0, 0x0, 0x0, 0x9f, 0x70,
    0x0, 0x0, 0x0, 0x76, 0x0, 0x0, 0x0, 0x0,
    0x0, 0x0, 0x0, 0x6f, 0xd0, 0x0, 0xe, 0xf6,
    0x6f, 0xd0, 0x0, 0xe, 0xf6, 0x6f, 0xd0, 0x0,
    0xe, 0xf6, 0x6f, 0xd0, 0x0, 0xe, 0xf6, 0x6f,
    0xd0, 0x0, 0xe, 0xf6, 0x6f, 0xd0, 0x0, 0xe,
    0xf6, 0x6f, 0xd0, 0x0, 0xf, 0xf6, 0x6f, 0xe0,
    0x0, 0x2f, 0xf6, 0x3f, 0xf7, 0x1, 0xcf, 0xf6,
    0xc, 0xff, 0xff, 0xce, 0xf6, 0x1, 0xbf, 0xfa,
    0x1e, 0xf6,

    /* U+1EE8 "Ứ" */
    0x0, 0x0, 0x0, 0x8, 0xb4, 0x0, 0x0, 0x0,
    0x0, 0x0, 0x2, 0xfe, 0x0, 0x0, 0x0, 0x0,
    0x0, 0x0, 0x9f, 0x60, 0x0, 0x0, 0x0, 0x0,
    0x0, 0x1f, 0xd0, 0x0, 0x3, 0x84, 0x0, 0x0,
    0x0, 0x0, 0x0, 0x0, 0x7f, 0x90, 0x0, 0x0,
    0x0, 0x0, 0x0, 0xa, 0xf8, 0x5f, 0xf0, 0x0,
    0x0, 0x2, 0xff, 0xff, 0x25, 0xff, 0x0, 0x0,
    0x0, 0x2f, 0xf8, 0x20, 0x5f, 0xf0, 0x0, 0x0,
    0x2, 0xff, 0x30, 0x5, 0xff, 0x0, 0x0, 0x0,
    0x2f, 0xf3, 0x0, 0x5f, 0xf0, 0x0, 0x0, 0x2,
    0xff, 0x30, 0x5, 0xff, 0x0, 0x0, 0x0, 0x2f,
    0xf3, 0x0, 0x5f, 0xf0, 0x0, 0x0, 0x2, 0xff,
    0x30, 0x5, 0xff, 0x0, 0x0, 0x0, 0x2f, 0xf3,
    0x0, 0x5f, 0xf0, 0x0, 0x0, 0x2, 0xff, 0x30,
    0x4, 0xff, 0x0, 0x0, 0x0, 0x2f, 0xf3, 0x0,
    0x3f, 0xf3, 0x0, 0x0, 0x5, 0xff, 0x10, 0x0,
    0xef, 0xb0, 0x0, 0x0, 0xcf, 0xd0, 0x0, 0x8,
    0xff, 0xc6, 0x46, 0xdf, 0xf6, 0x0, 0x0, 0xa,
    0xff, 0xff, 0xff, 0xf9, 0x0, 0x0, 0x0, 0x5,
    0xbe, 0xfe, 0xa4, 0x0, 0x0, 0x0,

    /* U+1EE9 "ứ" */
    0x0, 0x0, 0xa, 0xf8, 0x0, 0x0, 0x0, 0x0,
    0x1f, 0xe1, 0x0, 0x0, 0x0, 0x0, 0x8f, 0x60,
    0x0, 0x0, 0x0, 0x0, 0xaa, 0x0, 0x4, 0xd8,
    0x0, 0x0, 0x0, 0x0, 0x7, 0xf9, 0x6f, 0xd0,
    0x0, 0xe, 0xff, 0xf4, 0x6f, 0xd0, 0x0, 0xe,
    0xf9, 0x20, 0x6f, 0xd0, 0x0, 0xe, 0xf6, 0x0,
    0x6f, 0xd0, 0x0, 0xe, 0xf6, 0x0, 0x6f, 0xd0,
    0x0, 0xe, 0xf6, 0x0, 0x6f, 0xd0, 0x0, 0xe,
    0xf6, 0x0, 0x6f, 0xd0, 0x0, 0xf, 0xf6, 0x0,
    0x6f, 0xe0, 0x0, 0x2f, 0xf6, 0x0, 0x3f, 0xf7,
    0x1, 0xcf, 0xf6, 0x0, 0xc, 0xff, 0xff, 0xce,
    0xf6, 0x0, 0x1, 0xbf, 0xfa, 0x1e, 0xf6, 0x0,

    /* U+1EEA "Ừ" */
    0x0, 0x1, 0xaa, 0x0, 0x0, 0x0, 0x0, 0x0,
    0x0, 0xa, 0xf7, 0x0, 0x0, 0x0, 0x0, 0x0,
    0x0, 0x1f, 0xe0, 0x0, 0x0, 0x0, 0x0, 0x0,
    0x0, 0x8f, 0x60, 0x0, 0x3, 0x84, 0x0, 0x0,
    0x0, 0x0, 0x0, 0x0, 0x7f, 0x90, 0x0, 0x0,
    0x0, 0x0, 0x0, 0xa, 0xf8, 0x5f, 0xf0, 0x0,
    0x0, 0x2, 0xff, 0xff, 0x25, 0xff, 0x0, 0x0,
    0x0, 0x2f, 0xf8, 0x20, 0x5f, 0xf0, 0x0, 0x0,
    0x2, 0xff, 0x30, 0x5, 0xff, 0x0, 0x0, 0x0,
    0x2f, 0xf3, 0x0, 0x5f, 0xf0, 0x0, 0x0, 0x2,
    0xff, 0x30, 0x5, 0xff, 0x0, 0x0, 0x0, 0x2f,
    0xf3, 0x0, 0x5f, 0xf0, 0x0, 0x0, 0x2, 0xff,
    0x30, 0x5, 0xff, 0x0, 0x0, 0x0, 0x2f, 0xf3,
    0x0, 0x5f, 0xf0, 0x0, 0x0, 0x2, 0xff, 0x30,
    0x4, 0xff, 0x0, 0x0, 0x0, 0x2f, 0xf3, 0x0,
    0x3f, 0xf3, 0x0, 0x0, 0x5, 0xff, 0x10, 0x0,
    0xef, 0xb0, 0x0, 0x0, 0xcf, 0xd0, 0x0, 0x8,
    0xff, 0xc6, 0x46, 0xdf, 0xf6, 0x0, 0x0, 0xa,
    0xff, 0xff, 0xff, 0xf9, 0x0, 0x0, 0x0, 0x5,
    0xbe, 0xfe, 0xa4, 0x0, 0x0, 0x0,

    /* U+1EEB "ừ" */
    0x0, 0xdf, 0x50, 0x0, 0x0, 0x0, 0x0, 0x4f,
    0xc0, 0x0, 0x0, 0x0, 0x0, 0xb, 0xf4, 0x0,
    0x0, 0x0, 0x0, 0x2, 0xb7, 0x0, 0x4, 0xd8,
    0x0, 0x0, 0x0, 0x0, 0x7, 0xf9, 0x6f, 0xd0,
    0x0, 0xe, 0xff, 0xf4, 0x6f, 0xd0, 0x0, 0xe,
    0xf9, 0x20, 0x6f, 0xd0, 0x0, 0xe, 0xf6, 0x0,
    0x6f, 0xd0, 0x0, 0xe, 0xf6, 0x0, 0x6f, 0xd0,
    0x0, 0xe, 0xf6, 0x0, 0x6f, 0xd0, 0x0, 0xe,
    0xf6, 0x0, 0x6f, 0xd0, 0x0, 0xf, 0xf6, 0x0,
    0x6f, 0xe0, 0x0, 0x2f, 0xf6, 0x0, 0x3f, 0xf7,
    0x1, 0xcf, 0xf6, 0x0, 0xc, 0xff, 0xff, 0xce,
    0xf6, 0x0, 0x1, 0xbf, 0xfa, 0x1e, 0xf6, 0x0,

    /* U+1EEC "Ử" */
    0x0, 0x0, 0x0, 0x0, 0x0, 0x0, 0x0, 0x0,
    0x0, 0x0, 0xbf, 0xe5, 0x0, 0x0, 0x0, 0x0,
    0x0, 0x7f, 0x5c, 0xf0, 0x0, 0x0, 0x0, 0x0,
    0x0, 0x0, 0xce, 0x0, 0x0, 0x0, 0x0, 0x0,
    0x0, 0xed, 0x30, 0x0, 0x12, 0x10, 0x0, 0x0,
    0x9, 0x30, 0x0, 0x7, 0xf9, 0x0, 0x0, 0x0,
    0x0, 0x0, 0x0, 0x9f, 0x85, 0xff, 0x0, 0x0,
    0x0, 0x2f, 0xff, 0xf3, 0x5f, 0xf0, 0x0, 0x0,
    0x2, 0xff, 0x82, 0x5, 0xff, 0x0, 0x0, 0x0,
    0x2f, 0xf3, 0x0, 0x5f, 0xf0, 0x0, 0x0, 0x2,
    0xff, 0x30, 0x5, 0xff, 0x0, 0x0, 0x0, 0x2f,
    0xf3, 0x0, 0x5f, 0xf0, 0x0, 0x0, 0x2, 0xff,
    0x30, 0x5, 0xff, 0x0, 0x0, 0x0, 0x2f, 0xf3,
    0x0, 0x5f, 0xf0, 0x0, 0x0, 0x2, 0xff, 0x30,
    0x5, 0xff, 0x0, 0x0, 0x0, 0x2f, 0xf3, 0x0,
    0x4f, 0xf0, 0x0, 0x0, 0x2, 0xff, 0x30, 0x3,
    0xff, 0x30, 0x0, 0x0, 0x5f, 0xf1, 0x0, 0xe,
    0xfb, 0x0, 0x0, 0xc, 0xfd, 0x0, 0x0, 0x8f,
    0xfc, 0x64, 0x6d, 0xff, 0x60, 0x0, 0x0, 0xaf,
    0xff, 0xff, 0xff, 0x90, 0x0, 0x0, 0x0, 0x5b,
    0xef, 0xea, 0x40, 0x0, 0x0,

    /* U+1EED "ử" */
    0x0, 0x0, 0x0, 0x0, 0x0, 0x0, 0x0, 0x9,
    0xff, 0x70, 0x0, 0x0, 0x0, 0x4f, 0x79, 0xf2,
    0x0, 0x0, 0x0, 0x0, 0x9, 0xf2, 0x0, 0x0,
    0x0, 0x0, 0xbe, 0x50, 0x0, 0x21, 0x0, 0x0,
    0x85, 0x0, 0x4, 0xfa, 0x0, 0x0, 0x0, 0x0,
    0x7, 0xf9, 0x6f, 0xd0, 0x0, 0xe, 0xff, 0xf4,
    0x6f, 0xd0, 0x0, 0xe, 0xf9, 0x20, 0x6f, 0xd0,
    0x0, 0xe, 0xf6, 0x0, 0x6f, 0xd0, 0x0, 0xe,
    0xf6, 0x0, 0x6f, 0xd0, 0x0, 0xe, 0xf6, 0x0,
    0x6f, 0xd0, 0x0, 0xe, 0xf6, 0x0, 0x6f, 0xd0,
    0x0, 0xf, 0xf6, 0x0, 0x6f, 0xe0, 0x0, 0x2f,
    0xf6, 0x0, 0x3f, 0xf7, 0x1, 0xcf, 0xf6, 0x0,
    0xc, 0xff, 0xff, 0xce, 0xf6, 0x0, 0x1, 0xbf,
    0xfa, 0x1e, 0xf6, 0x0,

    /* U+1EEE "Ữ" */
    0x0, 0x0, 0xce, 0x80, 0x8d, 0x0, 0x0, 0x0,
    0x0, 0x6f, 0xaf, 0xce, 0xa0, 0x0, 0x0, 0x0,
    0x8, 0xd0, 0x5e, 0xe2, 0x0, 0x26, 0x30, 0x0,
    0x0, 0x0, 0x0, 0x0, 0x7, 0xf9, 0x0, 0x0,
    0x0, 0x0, 0x0, 0x0, 0xaf, 0x85, 0xff, 0x0,
    0x0, 0x0, 0x2f, 0xff, 0xf2, 0x5f, 0xf0, 0x0,
    0x0, 0x2, 0xff, 0x82, 0x5, 0xff, 0x0, 0x0,
    0x0, 0x2f, 0xf3, 0x0, 0x5f, 0xf0, 0x0, 0x0,
    0x2, 0xff, 0x30, 0x5, 0xff, 0x0, 0x0, 0x0,
    0x2f, 0xf3, 0x0, 0x5f, 0xf0, 0x0, 0x0, 0x2,
    0xff, 0x30, 0x5, 0xff, 0x0, 0x0, 0x0, 0x2f,
    0xf3, 0x0, 0x5f, 0xf0, 0x0, 0x0, 0x2, 0xff,
    0x30, 0x5, 0xff, 0x0, 0x0, 0x0, 0x2f, 0xf3,
    0x0, 0x4f, 0xf0, 0x0, 0x0, 0x2, 0xff, 0x30,
    0x3, 0xff, 0x30, 0x0, 0x0, 0x5f, 0xf1, 0x0,
    0xe, 0xfb, 0x0, 0x0, 0xc, 0xfd, 0x0, 0x0,
    0x8f, 0xfc, 0x64, 0x6d, 0xff, 0x60, 0x0, 0x0,
    0xaf, 0xff, 0xff, 0xff, 0x90, 0x0, 0x0, 0x0,
    0x5b, 0xef, 0xea, 0x40, 0x0, 0x0,

    /* U+1EEF "ữ" */
    0x0, 0xbf, 0xea, 0xcf, 0x0, 0x0, 0x5, 0xf9,
    0xbf, 0xf7, 0x0, 0x21, 0x0, 0x0, 0x0, 0x0,
    0x4, 0xfa, 0x0, 0x0, 0x0, 0x0, 0x7, 0xf9,
    0x6f, 0xd0, 0x0, 0xe, 0xff, 0xf4, 0x6f, 0xd0,
    0x0, 0xe, 0xf9, 0x20, 0x6f, 0xd0, 0x0, 0xe,
    0xf6, 0x0, 0x6f, 0xd0, 0x0, 0xe, 0xf6, 0x0,
    0x6f, 0xd0, 0x0, 0xe, 0xf6, 0x0, 0x6f, 0xd0,
    0x0, 0xe, 0xf6, 0x0, 0x6f, 0xd0, 0x0, 0xf,
    0xf6, 0x0, 0x6f, 0xe0, 0x0, 0x2f, 0xf6, 0x0,
    0x3f, 0xf7, 0x1, 0xcf, 0xf6, 0x0, 0xc, 0xff,
    0xff, 0xce, 0xf6, 0x0, 0x1, 0xbf, 0xfa, 0x1e,
    0xf6, 0x0,

    /* U+1EF0 "Ự" */
    0x0, 0x0, 0x0, 0x0, 0x0, 0x0, 0x38, 0x40,
    0x0, 0x0, 0x0, 0x0, 0x0, 0x7, 0xf9, 0x0,
    0x0, 0x0, 0x0, 0x0, 0x0, 0xaf, 0x85, 0xff,
    0x0, 0x0, 0x0, 0x2f, 0xff, 0xf2, 0x5f, 0xf0,
    0x0, 0x0, 0x2, 0xff, 0x82, 0x5, 0xff, 0x0,
    0x0, 0x0, 0x2f, 0xf3, 0x0, 0x5f, 0xf0, 0x0,
    0x0, 0x2, 0xff, 0x30, 0x5, 0xff, 0x0, 0x0,
    0x0, 0x2f, 0xf3, 0x0, 0x5f, 0xf0, 0x0, 0x0,
    0x2, 0xff, 0x30, 0x5, 0xff, 0x0, 0x0, 0x0,
    0x2f, 0xf3, 0x0, 0x5f, 0xf0, 0x0, 0x0, 0x2,
    0xff, 0x30, 0x5, 0xff, 0x0, 0x0, 0x0, 0x2f,
    0xf3, 0x0, 0x4f, 0xf0, 0x0, 0x0, 0x2, 0xff,
    0x30, 0x3, 0xff, 0x30, 0x0, 0x0, 0x5f, 0xf1,
    0x0, 0xe, 0xfb, 0x0, 0x0, 0xc, 0xfd, 0x0,
    0x0, 0x8f, 0xfc, 0x64, 0x6d, 0xff, 0x60, 0x0,
    0x0, 0xaf, 0xff, 0xff, 0xff, 0x90, 0x0, 0x0,
    0x0, 0x5b, 0xef, 0xea, 0x40, 0x0, 0x0, 0x0,
    0x0, 0x0, 0x0, 0x0, 0x0, 0x0, 0x0, 0x0,
    0x0, 0x0, 0x0, 0x0, 0x0, 0x0, 0x0, 0x0,
    0x6, 0xf9, 0x0, 0x0, 0x0, 0x0, 0x0, 0x0,
    0xbf, 0xf0, 0x0, 0x0, 0x0, 0x0, 0x0, 0x4,
    0xc7, 0x0, 0x0, 0x0, 0x0,

    /* U+1EF1 "ự" */
    0x0, 0x0, 0x0, 0x0, 0x4, 0xfa, 0x0, 0x0,
    0x0, 0x0, 0x7, 0xf9, 0x6f, 0xd0, 0x0, 0xe,
    0xff, 0xf4, 0x6f, 0xd0, 0x0, 0xe, 0xf9, 0x20,
    0x6f, 0xd0, 0x0, 0xe, 0xf6, 0x0, 0x6f, 0xd0,
    0x0, 0xe, 0xf6, 0x0, 0x6f, 0xd0, 0x0, 0xe,
    0xf6, 0x0, 0x6f, 0xd0, 0x0, 0xe, 0xf6, 0x0,
    0x6f, 0xd0, 0x0, 0xf, 0xf6, 0x0, 0x6f, 0xe0,
    0x0, 0x2f, 0xf6, 0x0, 0x3f, 0xf7, 0x1, 0xcf,
    0xf6, 0x0, 0xc, 0xff, 0xff, 0xce, 0xf6, 0x0,
    0x1, 0xbf, 0xfa, 0x1e, 0xf6, 0x0, 0x0, 0x0,
    0x0, 0x0, 0x0, 0x0, 0x0, 0x0, 0x0, 0x0,
    0x0, 0x0, 0x0, 0x3, 0xec, 0x0, 0x0, 0x0,
    0x0, 0x8, 0xff, 0x20, 0x0, 0x0, 0x0, 0x2,
    0xc9, 0x0, 0x0, 0x0,

    /* U+1EF2 "Ỳ" */
    0x0, 0x0, 0xcf, 0x60, 0x0, 0x0, 0x0, 0x0,
    0x0, 0x3f, 0xd0, 0x0, 0x0, 0x0, 0x0, 0x0,
    0xa, 0xf5, 0x0, 0x0, 0x0, 0x0, 0x0, 0x1,
    0xa7, 0x0, 0x0, 0x0, 0x0, 0x0, 0x0, 0x0,
    0x0, 0x0, 0x0, 0x4f, 0xf4, 0x0, 0x0, 0x0,
    0xaf, 0xe0, 0xb, 0xfc, 0x0, 0x0, 0x2, 0xff,
    0x60, 0x3, 0xff, 0x50, 0x0, 0xa, 0xfd, 0x0,
    0x0, 0xaf, 0xd0, 0x0, 0x3f, 0xf5, 0x0, 0x0,
    0x2f, 0xf5, 0x0, 0xbf, 0xc0, 0x0, 0x0, 0x9,
    0xfd, 0x3, 0xff, 0x30, 0x0, 0x0, 0x1, 0xff,
    0x6c, 0xfb, 0x0, 0x0, 0x0, 0x0, 0x8f, 0xff,
    0xf2, 0x0, 0x0, 0x0, 0x0, 0x1e, 0xff, 0xa0,
    0x0, 0x0, 0x0, 0x0, 0x7, 0xff, 0x20, 0x0,
    0x0, 0x0, 0x0, 0x5, 0xff, 0x0, 0x0, 0x0,
    0x0, 0x0, 0x5, 0xff, 0x0, 0x0, 0x0, 0x0,
    0x0, 0x5, 0xff, 0x0, 0x0, 0x0, 0x0, 0x0,
    0x5, 0xff, 0x0, 0x0, 0x0, 0x0, 0x0, 0x5,
    0xff, 0x0, 0x0, 0x0,

    /* U+1EF3 "ỳ" */
    0x0, 0xd, 0xf5, 0x0, 0x0, 0x0, 0x0, 0x4,
    0xfc, 0x0, 0x0, 0x0, 0x0, 0x0, 0xbf, 0x30,
    0x0, 0x0, 0x0, 0x0, 0x2b, 0x60, 0x0, 0x0,
    0x0, 0x0, 0x0, 0x0, 0x0, 0x0, 0x1f, 0xf3,
    0x0, 0x0, 0x6f, 0xe0, 0xb, 0xf9, 0x0, 0x0,
    0xbf, 0x90, 0x5, 0xfe, 0x0, 0x1, 0xff, 0x30,
    0x0, 0xff, 0x40, 0x6, 0xfd, 0x0, 0x0, 0xaf,
    0x90, 0xc, 0xf7, 0x0, 0x0, 0x4f, 0xf0, 0x2f,
    0xf1, 0x0, 0x0, 0xe, 0xf5, 0x7f, 0xb0, 0x0,
    0x0, 0x8, 0xfa, 0xdf, 0x50, 0x0, 0x0, 0x2,
    0xff, 0xff, 0x0, 0x0, 0x0, 0x0, 0xdf, 0xfa,
    0x0, 0x0, 0x0, 0x0, 0x7f, 0xf4, 0x0, 0x0,
    0x0, 0x0, 0x7f, 0xd0, 0x0, 0x0, 0x0, 0x6,
    0xff, 0x50, 0x0, 0x0, 0x4f, 0xff, 0xf9, 0x0,
    0x0, 0x0, 0x4f, 0xfc, 0x50, 0x0, 0x0, 0x0,

    /* U+1EF4 "Ỵ" */
    0x4f, 0xf4, 0x0, 0x0, 0x0, 0xaf, 0xe0, 0xb,
    0xfc, 0x0, 0x0, 0x2, 0xff, 0x60, 0x3, 0xff,
    0x50, 0x0, 0xa, 0xfd, 0x0, 0x0, 0xaf, 0xd0,
    0x0, 0x3f, 0xf5, 0x0, 0x0, 0x2f, 0xf5, 0x0,
    0xbf, 0xc0, 0x0, 0x0, 0x9, 0xfd, 0x3, 0xff,
    0x30, 0x0, 0x0, 0x1, 0xff, 0x6c, 0xfb, 0x0,
    0x0, 0x0, 0x0, 0x8f, 0xff, 0xf2, 0x0, 0x0,
    0x0, 0x0, 0x1e, 0xff, 0xa0, 0x0, 0x0, 0x0,
    0x0, 0x7, 0xff, 0x20, 0x0, 0x0, 0x0, 0x0,
    0x5, 0xff, 0x0, 0x0, 0x0, 0x0, 0x0, 0x5,
    0xff, 0x0, 0x0, 0x0, 0x0, 0x0, 0x5, 0xff,
    0x0, 0x0, 0x0, 0x0, 0x0, 0x5, 0xff, 0x0,
    0x0, 0x0, 0x0, 0x0, 0x5, 0xff, 0x0, 0x0,
    0x0, 0x0, 0x0, 0x0, 0x0, 0x0, 0x0, 0x0,
    0x0, 0x0, 0x0, 0x0, 0x0, 0x0, 0x0, 0x0,
    0x0, 0x2, 0xec, 0x0, 0x0, 0x0, 0x0, 0x0,
    0x7, 0xff, 0x30, 0x0, 0x0, 0x0, 0x0, 0x1,
    0xba, 0x0, 0x0, 0x0,

    /* U+1EF5 "ỵ" */
    0x1f, 0xf3, 0x0, 0x0, 0x6f, 0xe0, 0xb, 0xf9,
    0x0, 0x0, 0xbf, 0x90, 0x5, 0xfe, 0x0, 0x1,
    0xff, 0x30, 0x0, 0xff, 0x40, 0x6, 0xfd, 0x0,
    0x0, 0xaf, 0x90, 0xc, 0xf7, 0x0, 0x0, 0x4f,
    0xf0, 0x2f, 0xf1, 0x0, 0x0, 0xe, 0xf5, 0x7f,
    0xb0, 0x0, 0x0, 0x8, 0xfa, 0xdf, 0x50, 0x0,
    0x0, 0x2, 0xff, 0xff, 0x0, 0x0, 0x0, 0x0,
    0xdf, 0xfa, 0x0, 0x0, 0x0, 0x0, 0x7f, 0xf4,
    0x0, 0x0, 0x0, 0x0, 0x7f, 0xd0, 0x0, 0x0,
    0x0, 0x6, 0xff, 0x50, 0x0, 0x0, 0x4f, 0xff,
    0xf9, 0x3, 0xdb, 0x0, 0x4f, 0xfc, 0x50, 0x7,
    0xff, 0x30, 0x0, 0x0, 0x0, 0x1, 0xb9, 0x0,

    /* U+1EF6 "Ỷ" */
    0x0, 0x0, 0x0, 0x0, 0x0, 0x0, 0x0, 0x0,
    0x0, 0x9, 0xff, 0x80, 0x0, 0x0, 0x0, 0x0,
    0x3f, 0x79, 0xf3, 0x0, 0x0, 0x0, 0x0, 0x1,
    0x8, 0xf2, 0x0, 0x0, 0x0, 0x0, 0x0, 0x9f,
    0x60, 0x0, 0x0, 0x0, 0x0, 0x0, 0x86, 0x0,
    0x0, 0x0, 0x0, 0x0, 0x0, 0x0, 0x0, 0x0,
    0x0, 0x4f, 0xf4, 0x0, 0x0, 0x0, 0xaf, 0xe0,
    0xb, 0xfc, 0x0, 0x0, 0x2, 0xff, 0x60, 0x3,
    0xff, 0x50, 0x0, 0xa, 0xfd, 0x0, 0x0, 0xaf,
    0xd0, 0x0, 0x3f, 0xf5, 0x0, 0x0, 0x2f, 0xf5,
    0x0, 0xbf, 0xc0, 0x0, 0x0, 0x9, 0xfd, 0x3,
    0xff, 0x30, 0x0, 0x0, 0x1, 0xff, 0x6c, 0xfb,
    0x0, 0x0, 0x0, 0x0, 0x8f, 0xff, 0xf2, 0x0,
    0x0, 0x0, 0x0, 0x1e, 0xff, 0xa0, 0x0, 0x0,
    0x0, 0x0, 0x7, 0xff, 0x20, 0x0, 0x0, 0x0,
    0x0, 0x5, 0xff, 0x0, 0x0, 0x0, 0x0, 0x0,
    0x5, 0xff, 0x0, 0x0, 0x0, 0x0, 0x0, 0x5,
    0xff, 0x0, 0x0, 0x0, 0x0, 0x0, 0x5, 0xff,
    0x0, 0x0, 0x0, 0x0, 0x0, 0x5, 0xff, 0x0,
    0x0, 0x0,

    /* U+1EF7 "ỷ" */
    0x0, 0x0, 0x0, 0x0, 0x0, 0x0, 0x0, 0x0,
    0xaf, 0xf7, 0x0, 0x0, 0x0, 0x5, 0xf6, 0xaf,
    0x20, 0x0, 0x0, 0x0, 0x0, 0xaf, 0x10, 0x0,
    0x0, 0x0, 0xb, 0xe5, 0x0, 0x0, 0x0, 0x0,
    0x8, 0x40, 0x0, 0x0, 0x0, 0x0, 0x0, 0x0,
    0x0, 0x0, 0x1f, 0xf3, 0x0, 0x0, 0x6f, 0xe0,
    0xb, 0xf9, 0x0, 0x0, 0xbf, 0x90, 0x5, 0xfe,
    0x0, 0x1, 0xff, 0x30, 0x0, 0xff, 0x40, 0x6,
    0xfd, 0x0, 0x0, 0xaf, 0x90, 0xc, 0xf7, 0x0,
    0x0, 0x4f, 0xf0, 0x2f, 0xf1, 0x0, 0x0, 0xe,
    0xf5, 0x7f, 0xb0, 0x0, 0x0, 0x8, 0xfa, 0xdf,
    0x50, 0x0, 0x0, 0x2, 0xff, 0xff, 0x0, 0x0,
    0x0, 0x0, 0xdf, 0xfa, 0x0, 0x0, 0x0, 0x0,
    0x7f, 0xf4, 0x0, 0x0, 0x0, 0x0, 0x7f, 0xd0,
    0x0, 0x0, 0x0, 0x6, 0xff, 0x50, 0x0, 0x0,
    0x4f, 0xff, 0xf9, 0x0, 0x0, 0x0, 0x4f, 0xfc,
    0x50, 0x0, 0x0, 0x0,

    /* U+1EF8 "Ỹ" */
    0x0, 0x0, 0x38, 0x50, 0x29, 0x0, 0x0, 0x0,
    0x1, 0xff, 0xfc, 0xcf, 0x0, 0x0, 0x0, 0x4,
    0xf3, 0x5d, 0xf7, 0x0, 0x0, 0x0, 0x0, 0x0,
    0x0, 0x0, 0x0, 0x0, 0x0, 0x0, 0x0, 0x0,
    0x0, 0x0, 0x0, 0x4f, 0xf4, 0x0, 0x0, 0x0,
    0xaf, 0xe0, 0xb, 0xfc, 0x0, 0x0, 0x2, 0xff,
    0x60, 0x3, 0xff, 0x50, 0x0, 0xa, 0xfd, 0x0,
    0x0, 0xaf, 0xd0, 0x0, 0x3f, 0xf5, 0x0, 0x0,
    0x2f, 0xf5, 0x0, 0xbf, 0xc0, 0x0, 0x0, 0x9,
    0xfd, 0x3, 0xff, 0x30, 0x0, 0x0, 0x1, 0xff,
    0x6c, 0xfb, 0x0, 0x0, 0x0, 0x0, 0x8f, 0xff,
    0xf2, 0x0, 0x0, 0x0, 0x0, 0x1e, 0xff, 0xa0,
    0x0, 0x0, 0x0, 0x0, 0x7, 0xff, 0x20, 0x0,
    0x0, 0x0, 0x0, 0x5, 0xff, 0x0, 0x0, 0x0,
    0x0, 0x0, 0x5, 0xff, 0x0, 0x0, 0x0, 0x0,
    0x0, 0x5, 0xff, 0x0, 0x0, 0x0, 0x0, 0x0,
    0x5, 0xff, 0x0, 0x0, 0x0, 0x0, 0x0, 0x5,
    0xff, 0x0, 0x0, 0x0,

    /* U+1EF9 "ỹ" */
    0x0, 0xa, 0xfb, 0x37, 0xf0, 0x0, 0x0, 0x4f,
    0xae, 0xff, 0xb0, 0x0, 0x0, 0x39, 0x1, 0x78,
    0x10, 0x0, 0x0, 0x0, 0x0, 0x0, 0x0, 0x0,
    0x1f, 0xf3, 0x0, 0x0, 0x6f, 0xe0, 0xb, 0xf9,
    0x0, 0x0, 0xbf, 0x90, 0x5, 0xfe, 0x0, 0x1,
    0xff, 0x30, 0x0, 0xff, 0x40, 0x6, 0xfd, 0x0,
    0x0, 0xaf, 0x90, 0xc, 0xf7, 0x0, 0x0, 0x4f,
    0xf0, 0x2f, 0xf1, 0x0, 0x0, 0xe, 0xf5, 0x7f,
    0xb0, 0x0, 0x0, 0x8, 0xfa, 0xdf, 0x50, 0x0,
    0x0, 0x2, 0xff, 0xff, 0x0, 0x0, 0x0, 0x0,
    0xdf, 0xfa, 0x0, 0x0, 0x0, 0x0, 0x7f, 0xf4,
    0x0, 0x0, 0x0, 0x0, 0x7f, 0xd0, 0x0, 0x0,
    0x0, 0x6, 0xff, 0x50, 0x0, 0x0, 0x4f, 0xff,
    0xf9, 0x0, 0x0, 0x0, 0x4f, 0xfc, 0x50, 0x0,
    0x0, 0x0,

    /* U+2013 "–" */
    0x9e, 0xee, 0xee, 0xee, 0xe6, 0xaf, 0xff, 0xff,
    0xff, 0xf7,

    /* U+2014 "—" */
    0x9e, 0xee, 0xee, 0xee, 0xee, 0xee, 0xe0, 0xaf,
    0xff, 0xff, 0xff, 0xff, 0xff, 0xf0,

    /* U+2018 "‘" */
    0x3, 0xd0, 0xd, 0x50, 0x7e, 0x20, 0xdf, 0xd0,
    0xdf, 0xd0, 0x27, 0x20,

    /* U+2019 "’" */
    0x7, 0xf9, 0x0, 0xdf, 0xf0, 0x6, 0xfc, 0x0,
    0xe, 0x40, 0x8, 0xa0, 0x0, 0x71, 0x0,

    /* U+201A "‚" */
    0x3, 0x70, 0x1f, 0xf9, 0x1f, 0xfa, 0x4, 0xf4,
    0x8, 0xa0, 0x2e, 0x10,

    /* U+201C "“" */
    0x0, 0x88, 0x0, 0xb6, 0x3, 0xe0, 0x6, 0xc0,
    0xd, 0xa0, 0x1e, 0x70, 0x3f, 0xf7, 0x6f, 0xf4,
    0x2f, 0xf8, 0x5f, 0xf5, 0x4, 0x60, 0x5, 0x50,

    /* U+201D "”" */
    0x3e, 0xd1, 0x5f, 0xb0, 0x8f, 0xf5, 0xbf, 0xf2,
    0x2d, 0xf1, 0x4e, 0xe0, 0x9, 0x90, 0xc, 0x60,
    0x3e, 0x0, 0x5c, 0x0, 0x53, 0x0, 0x62, 0x0,

    /* U+2026 "…" */
    0x2d, 0xc0, 0x2, 0xdb, 0x0, 0x2d, 0xb0, 0x7f,
    0xf5, 0x8, 0xff, 0x40, 0x8f, 0xf4, 0x2e, 0xd1,
    0x2, 0xec, 0x0, 0x2e, 0xd1
};


/*---------------------
 *  GLYPH DESCRIPTION
 *--------------------*/

static const lv_font_fmt_txt_glyph_dsc_t glyph_dsc[] = {
    {.bitmap_index = 0, .adv_w = 0, .box_w = 0, .box_h = 0, .ofs_x = 0, .ofs_y = 0} /* id = 0 reserved */,
    {.bitmap_index = 0, .adv_w = 74, .box_w = 0, .box_h = 0, .ofs_x = 0, .ofs_y = 0},
    {.bitmap_index = 0, .adv_w = 96, .box_w = 4, .box_h = 15, .ofs_x = 1, .ofs_y = 0},
    {.bitmap_index = 30, .adv_w = 109, .box_w = 6, .box_h = 5, .ofs_x = 1, .ofs_y = 10},
    {.bitmap_index = 45, .adv_w = 262, .box_w = 16, .box_h = 15, .ofs_x = 0, .ofs_y = 0},
    {.bitmap_index = 165, .adv_w = 207, .box_w = 13, .box_h = 20, .ofs_x = 0, .ofs_y = -2},
    {.bitmap_index = 295, .adv_w = 274, .box_w = 15, .box_h = 15, .ofs_x = 1, .ofs_y = 0},
    {.bitmap_index = 408, .adv_w = 239, .box_w = 14, .box_h = 15, .ofs_x = 1, .ofs_y = 0},
    {.bitmap_index = 513, .adv_w = 62, .box_w = 3, .box_h = 5, .ofs_x = 1, .ofs_y = 10},
    {.bitmap_index = 521, .adv_w = 142, .box_w = 8, .box_h = 22, .ofs_x = 1, .ofs_y = -5},
    {.bitmap_index = 609, .adv_w = 142, .box_w = 8, .box_h = 22, .ofs_x = 0, .ofs_y = -5},
    {.bitmap_index = 697, .adv_w = 161, .box_w = 10, .box_h = 9, .ofs_x = 0, .ofs_y = 6},
    {.bitmap_index = 742, .adv_w = 199, .box_w = 9, .box_h = 8, .ofs_x = 2, .ofs_y = 3},
    {.bitmap_index = 778, .adv_w = 101, .box_w = 4, .box_h = 6, .ofs_x = 1, .ofs_y = -3},
    {.bitmap_index = 790, .adv_w = 195, .box_w = 8, .box_h = 2, .ofs_x = 2, .ofs_y = 5},
    {.bitmap_index = 798, .adv_w = 97, .box_w = 4, .box_h = 3, .ofs_x = 1, .ofs_y = 0},
    {.bitmap_index = 804, .adv_w = 165, .box_w = 10, .box_h = 20, .ofs_x = 0, .ofs_y = -3},
    {.bitmap_index = 904, .adv_w = 219, .box_w = 12, .box_h = 15, .ofs_x = 1, .ofs_y = 0},
    {.bitmap_index = 994, .adv_w = 128, .box_w = 6, .box_h = 15, .ofs_x = 0, .ofs_y = 0},
    {.bitmap_index = 1039, .adv_w = 210, .box_w = 11, .box_h = 15, .ofs_x = 1, .ofs_y = 0},
    {.bitmap_index = 1122, .adv_w = 213, .box_w = 11, .box_h = 15, .ofs_x = 1, .ofs_y = 0},
    {.bitmap_index = 1205, .adv_w = 228, .box_w = 13, .box_h = 15, .ofs_x = 1, .ofs_y = 0},
    {.bitmap_index = 1303, .adv_w = 213, .box_w = 12, .box_h = 15, .ofs_x = 1, .ofs_y = 0},
    {.bitmap_index = 1393, .adv_w = 220, .box_w = 12, .box_h = 15, .ofs_x = 1, .ofs_y = 0},
    {.bitmap_index = 1483, .adv_w = 190, .box_w = 12, .box_h = 15, .ofs_x = 0, .ofs_y = 0},
    {.bitmap_index = 1573, .adv_w = 206, .box_w = 11, .box_h = 15, .ofs_x = 1, .ofs_y = 0},
    {.bitmap_index = 1656, .adv_w = 220, .box_w = 12, .box_h = 15, .ofs_x = 1, .ofs_y = 0},
    {.bitmap_index = 1746, .adv_w = 97, .box_w = 4, .box_h = 11, .ofs_x = 1, .ofs_y = 0},
    {.bitmap_index = 1768, .adv_w = 101, .box_w = 4, .box_h = 14, .ofs_x = 1, .ofs_y = -3},
    {.bitmap_index = 1796, .adv_w = 180, .box_w = 9, .box_h = 10, .ofs_x = 1, .ofs_y = 2},
    {.bitmap_index = 1841, .adv_w = 235, .box_w = 11, .box_h = 7, .ofs_x = 2, .ofs_y = 3},
    {.bitmap_index = 1880, .adv_w = 180, .box_w = 9, .box_h = 10, .ofs_x = 1, .ofs_y = 2},
    {.bitmap_index = 1925, .adv_w = 188, .box_w = 10, .box_h = 15, .ofs_x = 1, .ofs_y = 0},
    {.bitmap_index = 2000, .adv_w = 323, .box_w = 19, .box_h = 18, .ofs_x = 1, .ofs_y = -3},
    {.bitmap_index = 2171, .adv_w = 239, .box_w = 15, .box_h = 15, .ofs_x = 0, .ofs_y = 0},
    {.bitmap_index = 2284, .adv_w = 220, .box_w = 12, .box_h = 15, .ofs_x = 1, .ofs_y = 0},
    {.bitmap_index = 2374, .adv_w = 249, .box_w = 14, .box_h = 15, .ofs_x = 1, .ofs_y = 0},
    {.bitmap_index = 2479, .adv_w = 236, .box_w = 13, .box_h = 15, .ofs_x = 1, .ofs_y = 0},
    {.bitmap_index = 2577, .adv_w = 201, .box_w = 11, .box_h = 15, .ofs_x = 1, .ofs_y = 0},
    {.bitmap_index = 2660, .adv_w = 204, .box_w = 11, .box_h = 15, .ofs_x = 1, .ofs_y = 0},
    {.bitmap_index = 2743, .adv_w = 251, .box_w = 14, .box_h = 15, .ofs_x = 1, .ofs_y = 0},
    {.bitmap_index = 2848, .adv_w = 229, .box_w = 12, .box_h = 15, .ofs_x = 1, .ofs_y = 0},
    {.bitmap_index = 2938, .adv_w = 86, .box_w = 3, .box_h = 15, .ofs_x = 1, .ofs_y = 0},
    {.bitmap_index = 2961, .adv_w = 152, .box_w = 8, .box_h = 15, .ofs_x = 0, .ofs_y = 0},
    {.bitmap_index = 3021, .adv_w = 221, .box_w = 13, .box_h = 15, .ofs_x = 1, .ofs_y = 0},
    {.bitmap_index = 3119, .adv_w = 202, .box_w = 11, .box_h = 15, .ofs_x = 1, .ofs_y = 0},
    {.bitmap_index = 3202, .adv_w = 277, .box_w = 15, .box_h = 15, .ofs_x = 1, .ofs_y = 0},
    {.bitmap_index = 3315, .adv_w = 236, .box_w = 13, .box_h = 15, .ofs_x = 1, .ofs_y = 0},
    {.bitmap_index = 3413, .adv_w = 265, .box_w = 15, .box_h = 15, .ofs_x = 1, .ofs_y = 0},
    {.bitmap_index = 3526, .adv_w = 210, .box_w = 12, .box_h = 15, .ofs_x = 1, .ofs_y = 0},
    {.bitmap_index = 3616, .adv_w = 263, .box_w = 15, .box_h = 15, .ofs_x = 1, .ofs_y = 0},
    {.bitmap_index = 3729, .adv_w = 219, .box_w = 12, .box_h = 15, .ofs_x = 1, .ofs_y = 0},
    {.bitmap_index = 3819, .adv_w = 206, .box_w = 13, .box_h = 15, .ofs_x = 0, .ofs_y = 0},
    {.bitmap_index = 3917, .adv_w = 212, .box_w = 13, .box_h = 15, .ofs_x = 0, .ofs_y = 0},
    {.bitmap_index = 4015, .adv_w = 233, .box_w = 13, .box_h = 15, .ofs_x = 1, .ofs_y = 0},
    {.bitmap_index = 4113, .adv_w = 230, .box_w = 14, .box_h = 15, .ofs_x = 0, .ofs_y = 0},
    {.bitmap_index = 4218, .adv_w = 327, .box_w = 20, .box_h = 15, .ofs_x = 0, .ofs_y = 0},
    {.bitmap_index = 4368, .adv_w = 236, .box_w = 13, .box_h = 15, .ofs_x = 1, .ofs_y = 0},
    {.bitmap_index = 4466, .adv_w = 219, .box_w = 14, .box_h = 15, .ofs_x = 0, .ofs_y = 0},
    {.bitmap_index = 4571, .adv_w = 212, .box_w = 12, .box_h = 15, .ofs_x = 1, .ofs_y = 0},
    {.bitmap_index = 4661, .adv_w = 152, .box_w = 7, .box_h = 22, .ofs_x = 1, .ofs_y = -4},
    {.bitmap_index = 4738, .adv_w = 160, .box_w = 10, .box_h = 20, .ofs_x = 0, .ofs_y = -3},
    {.bitmap_index = 4838, .adv_w = 152, .box_w = 7, .box_h = 22, .ofs_x = 1, .ofs_y = -4},
    {.bitmap_index = 4915, .adv_w = 185, .box_w = 8, .box_h = 4, .ofs_x = 2, .ofs_y = 12},
    {.bitmap_index = 4931, .adv_w = 228, .box_w = 10, .box_h = 2, .ofs_x = 2, .ofs_y = -2},
    {.bitmap_index = 4941, .adv_w = 74, .box_w = 5, .box_h = 4, .ofs_x = 0, .ofs_y = 12},
    {.bitmap_index = 4951, .adv_w = 207, .box_w = 11, .box_h = 11, .ofs_x = 1, .ofs_y = 0},
    {.bitmap_index = 5012, .adv_w = 210, .box_w = 11, .box_h = 15, .ofs_x = 1, .ofs_y = 0},
    {.bitmap_index = 5095, .adv_w = 198, .box_w = 11, .box_h = 11, .ofs_x = 1, .ofs_y = 0},
    {.bitmap_index = 5156, .adv_w = 210, .box_w = 11, .box_h = 15, .ofs_x = 1, .ofs_y = 0},
    {.bitmap_index = 5239, .adv_w = 194, .box_w = 10, .box_h = 11, .ofs_x = 1, .ofs_y = 0},
    {.bitmap_index = 5294, .adv_w = 126, .box_w = 8, .box_h = 15, .ofs_x = 0, .ofs_y = 0},
    {.bitmap_index = 5354, .adv_w = 207, .box_w = 11, .box_h = 15, .ofs_x = 1, .ofs_y = -4},
    {.bitmap_index = 5437, .adv_w = 189, .box_w = 10, .box_h = 15, .ofs_x = 1, .ofs_y = 0},
    {.bitmap_index = 5512, .adv_w = 88, .box_w = 4, .box_h = 15, .ofs_x = 1, .ofs_y = 0},
    {.bitmap_index = 5542, .adv_w = 91, .box_w = 6, .box_h = 19, .ofs_x = -1, .ofs_y = -4},
    {.bitmap_index = 5599, .adv_w = 182, .box_w = 10, .box_h = 15, .ofs_x = 1, .ofs_y = 0},
    {.bitmap_index = 5674, .adv_w = 85, .box_w = 3, .box_h = 15, .ofs_x = 1, .ofs_y = 0},
    {.bitmap_index = 5697, .adv_w = 286, .box_w = 16, .box_h = 11, .ofs_x = 1, .ofs_y = 0},
    {.bitmap_index = 5785, .adv_w = 186, .box_w = 10, .box_h = 11, .ofs_x = 1, .ofs_y = 0},
    {.bitmap_index = 5840, .adv_w = 207, .box_w = 11, .box_h = 11, .ofs_x = 1, .ofs_y = 0},
    {.bitmap_index = 5901, .adv_w = 210, .box_w = 11, .box_h = 15, .ofs_x = 1, .ofs_y = -4},
    {.bitmap_index = 5984, .adv_w = 210, .box_w = 11, .box_h = 15, .ofs_x = 1, .ofs_y = -4},
    {.bitmap_index = 6067, .adv_w = 129, .box_w = 7, .box_h = 11, .ofs_x = 1, .ofs_y = 0},
    {.bitmap_index = 6106, .adv_w = 166, .box_w = 10, .box_h = 11, .ofs_x = 0, .ofs_y = 0},
    {.bitmap_index = 6161, .adv_w = 138, .box_w = 8, .box_h = 14, .ofs_x = 0, .ofs_y = 0},
    {.bitmap_index = 6217, .adv_w = 183, .box_w = 10, .box_h = 11, .ofs_x = 1, .ofs_y = 0},
    {.bitmap_index = 6272, .adv_w = 186, .box_w = 12, .box_h = 11, .ofs_x = 0, .ofs_y = 0},
    {.bitmap_index = 6338, .adv_w = 280, .box_w = 17, .box_h = 11, .ofs_x = 0, .ofs_y = 0},
    {.bitmap_index = 6432, .adv_w = 184, .box_w = 11, .box_h = 11, .ofs_x = 0, .ofs_y = 0},
    {.bitmap_index = 6493, .adv_w = 188, .box_w = 12, .box_h = 15, .ofs_x = 0, .ofs_y = -4},
    {.bitmap_index = 6583, .adv_w = 163, .box_w = 10, .box_h = 11, .ofs_x = 0, .ofs_y = 0},
    {.bitmap_index = 6638, .adv_w = 142, .box_w = 9, .box_h = 22, .ofs_x = 0, .ofs_y = -4},
    {.bitmap_index = 6737, .adv_w = 133, .box_w = 3, .box_h = 24, .ofs_x = 3, .ofs_y = -5},
    {.bitmap_index = 6773, .adv_w = 142, .box_w = 9, .box_h = 22, .ofs_x = 0, .ofs_y = -4},
    {.bitmap_index = 6872, .adv_w = 152, .box_w = 8, .box_h = 3, .ofs_x = 1, .ofs_y = 6},
    {.bitmap_index = 6884, .adv_w = 74, .box_w = 0, .box_h = 0, .ofs_x = 0, .ofs_y = 0},
    {.bitmap_index = 6884, .adv_w = 96, .box_w = 4, .box_h = 15, .ofs_x = 1, .ofs_y = -4},
    {.bitmap_index = 6914, .adv_w = 198, .box_w = 11, .box_h = 15, .ofs_x = 1, .ofs_y = -2},
    {.bitmap_index = 6997, .adv_w = 201, .box_w = 11, .box_h = 15, .ofs_x = 1, .ofs_y = 0},
    {.bitmap_index = 7080, .adv_w = 198, .box_w = 11, .box_h = 11, .ofs_x = 1, .ofs_y = 2},
    {.bitmap_index = 7141, .adv_w = 219, .box_w = 14, .box_h = 15, .ofs_x = 0, .ofs_y = 0},
    {.bitmap_index = 7246, .adv_w = 133, .box_w = 3, .box_h = 24, .ofs_x = 3, .ofs_y = -5},
    {.bitmap_index = 7282, .adv_w = 223, .box_w = 14, .box_h = 22, .ofs_x = 0, .ofs_y = -5},
    {.bitmap_index = 7436, .adv_w = 104, .box_w = 8, .box_h = 3, .ofs_x = 0, .ofs_y = 12},
    {.bitmap_index = 7448, .adv_w = 262, .box_w = 15, .box_h = 15, .ofs_x = 1, .ofs_y = 0},
    {.bitmap_index = 7561, .adv_w = 136, .box_w = 7, .box_h = 8, .ofs_x = 1, .ofs_y = 8},
    {.bitmap_index = 7589, .adv_w = 216, .box_w = 13, .box_h = 9, .ofs_x = 0, .ofs_y = 2},
    {.bitmap_index = 7648, .adv_w = 210, .box_w = 11, .box_h = 6, .ofs_x = 1, .ofs_y = 5},
    {.bitmap_index = 7681, .adv_w = 192, .box_w = 8, .box_h = 2, .ofs_x = 2, .ofs_y = 5},
    {.bitmap_index = 7689, .adv_w = 139, .box_w = 8, .box_h = 8, .ofs_x = 0, .ofs_y = 8},
    {.bitmap_index = 7721, .adv_w = 113, .box_w = 7, .box_h = 2, .ofs_x = 0, .ofs_y = 13},
    {.bitmap_index = 7728, .adv_w = 152, .box_w = 8, .box_h = 7, .ofs_x = 1, .ofs_y = 8},
    {.bitmap_index = 7756, .adv_w = 209, .box_w = 9, .box_h = 11, .ofs_x = 2, .ofs_y = 0},
    {.bitmap_index = 7806, .adv_w = 141, .box_w = 7, .box_h = 8, .ofs_x = 1, .ofs_y = 8},
    {.bitmap_index = 7834, .adv_w = 145, .box_w = 7, .box_h = 8, .ofs_x = 1, .ofs_y = 8},
    {.bitmap_index = 7862, .adv_w = 74, .box_w = 4, .box_h = 4, .ofs_x = 0, .ofs_y = 12},
    {.bitmap_index = 7870, .adv_w = 197, .box_w = 12, .box_h = 15, .ofs_x = 0, .ofs_y = -4},
    {.bitmap_index = 7960, .adv_w = 168, .box_w = 10, .box_h = 15, .ofs_x = 0, .ofs_y = 0},
    {.bitmap_index = 8035, .adv_w = 87, .box_w = 4, .box_h = 3, .ofs_x = 1, .ofs_y = 6},
    {.bitmap_index = 8041, .adv_w = 77, .box_w = 6, .box_h = 7, .ofs_x = -1, .ofs_y = -6},
    {.bitmap_index = 8062, .adv_w = 103, .box_w = 5, .box_h = 8, .ofs_x = 0, .ofs_y = 8},
    {.bitmap_index = 8082, .adv_w = 146, .box_w = 7, .box_h = 7, .ofs_x = 1, .ofs_y = 8},
    {.bitmap_index = 8107, .adv_w = 216, .box_w = 13, .box_h = 9, .ofs_x = 0, .ofs_y = 2},
    {.bitmap_index = 8166, .adv_w = 253, .box_w = 17, .box_h = 15, .ofs_x = 0, .ofs_y = 0},
    {.bitmap_index = 8294, .adv_w = 256, .box_w = 18, .box_h = 15, .ofs_x = 0, .ofs_y = -1},
    {.bitmap_index = 8429, .adv_w = 258, .box_w = 19, .box_h = 16, .ofs_x = 0, .ofs_y = 0},
    {.bitmap_index = 8581, .adv_w = 188, .box_w = 10, .box_h = 16, .ofs_x = 1, .ofs_y = -5},
    {.bitmap_index = 8661, .adv_w = 239, .box_w = 15, .box_h = 21, .ofs_x = 0, .ofs_y = 0},
    {.bitmap_index = 8819, .adv_w = 239, .box_w = 15, .box_h = 21, .ofs_x = 0, .ofs_y = 0},
    {.bitmap_index = 8977, .adv_w = 239, .box_w = 15, .box_h = 20, .ofs_x = 0, .ofs_y = 0},
    {.bitmap_index = 9127, .adv_w = 239, .box_w = 15, .box_h = 20, .ofs_x = 0, .ofs_y = 0},
    {.bitmap_index = 9277, .adv_w = 239, .box_w = 15, .box_h = 19, .ofs_x = 0, .ofs_y = 0},
    {.bitmap_index = 9420, .adv_w = 239, .box_w = 15, .box_h = 23, .ofs_x = 0, .ofs_y = 0},
    {.bitmap_index = 9593, .adv_w = 329, .box_w = 20, .box_h = 15, .ofs_x = 0, .ofs_y = 0},
    {.bitmap_index = 9743, .adv_w = 249, .box_w = 14, .box_h = 21, .ofs_x = 1, .ofs_y = -6},
    {.bitmap_index = 9890, .adv_w = 203, .box_w = 11, .box_h = 21, .ofs_x = 1, .ofs_y = 0},
    {.bitmap_index = 10006, .adv_w = 203, .box_w = 11, .box_h = 21, .ofs_x = 1, .ofs_y = 0},
    {.bitmap_index = 10122, .adv_w = 203, .box_w = 11, .box_h = 20, .ofs_x = 1, .ofs_y = 0},
    {.bitmap_index = 10232, .adv_w = 203, .box_w = 11, .box_h = 19, .ofs_x = 1, .ofs_y = 0},
    {.bitmap_index = 10337, .adv_w = 91, .box_w = 6, .box_h = 21, .ofs_x = -1, .ofs_y = 0},
    {.bitmap_index = 10400, .adv_w = 91, .box_w = 5, .box_h = 21, .ofs_x = 1, .ofs_y = 0},
    {.bitmap_index = 10453, .adv_w = 91, .box_w = 8, .box_h = 20, .ofs_x = -1, .ofs_y = 0},
    {.bitmap_index = 10533, .adv_w = 91, .box_w = 8, .box_h = 19, .ofs_x = -1, .ofs_y = 0},
    {.bitmap_index = 10609, .adv_w = 252, .box_w = 15, .box_h = 15, .ofs_x = 0, .ofs_y = 0},
    {.bitmap_index = 10722, .adv_w = 241, .box_w = 13, .box_h = 20, .ofs_x = 1, .ofs_y = 0},
    {.bitmap_index = 10852, .adv_w = 265, .box_w = 15, .box_h = 21, .ofs_x = 1, .ofs_y = 0},
    {.bitmap_index = 11010, .adv_w = 265, .box_w = 15, .box_h = 21, .ofs_x = 1, .ofs_y = 0},
    {.bitmap_index = 11168, .adv_w = 265, .box_w = 15, .box_h = 20, .ofs_x = 1, .ofs_y = 0},
    {.bitmap_index = 11318, .adv_w = 265, .box_w = 15, .box_h = 20, .ofs_x = 1, .ofs_y = 0},
    {.bitmap_index = 11468, .adv_w = 265, .box_w = 15, .box_h = 20, .ofs_x = 1, .ofs_y = 0},
    {.bitmap_index = 11618, .adv_w = 190, .box_w = 8, .box_h = 9, .ofs_x = 2, .ofs_y = 2},
    {.bitmap_index = 11654, .adv_w = 265, .box_w = 15, .box_h = 15, .ofs_x = 1, .ofs_y = 0},
    {.bitmap_index = 11767, .adv_w = 238, .box_w = 13, .box_h = 21, .ofs_x = 1, .ofs_y = 0},
    {.bitmap_index = 11904, .adv_w = 238, .box_w = 13, .box_h = 21, .ofs_x = 1, .ofs_y = 0},
    {.bitmap_index = 12041, .adv_w = 238, .box_w = 13, .box_h = 21, .ofs_x = 1, .ofs_y = 0},
    {.bitmap_index = 12178, .adv_w = 238, .box_w = 13, .box_h = 20, .ofs_x = 1, .ofs_y = 0},
    {.bitmap_index = 12308, .adv_w = 219, .box_w = 14, .box_h = 20, .ofs_x = 0, .ofs_y = 0},
    {.bitmap_index = 12448, .adv_w = 210, .box_w = 12, .box_h = 15, .ofs_x = 1, .ofs_y = 0},
    {.bitmap_index = 12538, .adv_w = 220, .box_w = 12, .box_h = 15, .ofs_x = 1, .ofs_y = 0},
    {.bitmap_index = 12628, .adv_w = 210, .box_w = 11, .box_h = 16, .ofs_x = 1, .ofs_y = 0},
    {.bitmap_index = 12716, .adv_w = 210, .box_w = 11, .box_h = 16, .ofs_x = 1, .ofs_y = 0},
    {.bitmap_index = 12804, .adv_w = 210, .box_w = 11, .box_h = 15, .ofs_x = 1, .ofs_y = 0},
    {.bitmap_index = 12887, .adv_w = 210, .box_w = 11, .box_h = 15, .ofs_x = 1, .ofs_y = 0},
    {.bitmap_index = 12970, .adv_w = 210, .box_w = 11, .box_h = 15, .ofs_x = 1, .ofs_y = 0},
    {.bitmap_index = 13053, .adv_w = 210, .box_w = 11, .box_h = 18, .ofs_x = 1, .ofs_y = 0},
    {.bitmap_index = 13152, .adv_w = 308, .box_w = 18, .box_h = 11, .ofs_x = 1, .ofs_y = 0},
    {.bitmap_index = 13251, .adv_w = 200, .box_w = 11, .box_h = 17, .ofs_x = 1, .ofs_y = -6},
    {.bitmap_index = 13345, .adv_w = 196, .box_w = 11, .box_h = 16, .ofs_x = 1, .ofs_y = 0},
    {.bitmap_index = 13433, .adv_w = 196, .box_w = 11, .box_h = 16, .ofs_x = 1, .ofs_y = 0},
    {.bitmap_index = 13521, .adv_w = 196, .box_w = 11, .box_h = 15, .ofs_x = 1, .ofs_y = 0},
    {.bitmap_index = 13604, .adv_w = 196, .box_w = 11, .box_h = 15, .ofs_x = 1, .ofs_y = 0},
    {.bitmap_index = 13687, .adv_w = 91, .box_w = 5, .box_h = 16, .ofs_x = -1, .ofs_y = 0},
    {.bitmap_index = 13727, .adv_w = 91, .box_w = 5, .box_h = 16, .ofs_x = 1, .ofs_y = 0},
    {.bitmap_index = 13767, .adv_w = 91, .box_w = 8, .box_h = 15, .ofs_x = -1, .ofs_y = 0},
    {.bitmap_index = 13827, .adv_w = 91, .box_w = 8, .box_h = 15, .ofs_x = -1, .ofs_y = 0},
    {.bitmap_index = 13887, .adv_w = 207, .box_w = 11, .box_h = 18, .ofs_x = 1, .ofs_y = 0},
    {.bitmap_index = 13986, .adv_w = 193, .box_w = 10, .box_h = 15, .ofs_x = 1, .ofs_y = 0},
    {.bitmap_index = 14061, .adv_w = 209, .box_w = 11, .box_h = 16, .ofs_x = 1, .ofs_y = 0},
    {.bitmap_index = 14149, .adv_w = 209, .box_w = 11, .box_h = 16, .ofs_x = 1, .ofs_y = 0},
    {.bitmap_index = 14237, .adv_w = 209, .box_w = 11, .box_h = 15, .ofs_x = 1, .ofs_y = 0},
    {.bitmap_index = 14320, .adv_w = 209, .box_w = 11, .box_h = 15, .ofs_x = 1, .ofs_y = 0},
    {.bitmap_index = 14403, .adv_w = 209, .box_w = 11, .box_h = 15, .ofs_x = 1, .ofs_y = 0},
    {.bitmap_index = 14486, .adv_w = 218, .box_w = 10, .box_h = 10, .ofs_x = 2, .ofs_y = 1},
    {.bitmap_index = 14536, .adv_w = 207, .box_w = 11, .box_h = 13, .ofs_x = 1, .ofs_y = -1},
    {.bitmap_index = 14608, .adv_w = 190, .box_w = 10, .box_h = 16, .ofs_x = 1, .ofs_y = 0},
    {.bitmap_index = 14688, .adv_w = 190, .box_w = 10, .box_h = 16, .ofs_x = 1, .ofs_y = 0},
    {.bitmap_index = 14768, .adv_w = 190, .box_w = 10, .box_h = 15, .ofs_x = 1, .ofs_y = 0},
    {.bitmap_index = 14843, .adv_w = 190, .box_w = 10, .box_h = 15, .ofs_x = 1, .ofs_y = 0},
    {.bitmap_index = 14918, .adv_w = 188, .box_w = 12, .box_h = 20, .ofs_x = 0, .ofs_y = -4},
    {.bitmap_index = 15038, .adv_w = 210, .box_w = 11, .box_h = 19, .ofs_x = 1, .ofs_y = -4},
    {.bitmap_index = 15143, .adv_w = 188, .box_w = 12, .box_h = 19, .ofs_x = 0, .ofs_y = -4},
    {.bitmap_index = 15257, .adv_w = 239, .box_w = 15, .box_h = 20, .ofs_x = 0, .ofs_y = 0},
    {.bitmap_index = 15407, .adv_w = 210, .box_w = 11, .box_h = 15, .ofs_x = 1, .ofs_y = 0},
    {.bitmap_index = 15490, .adv_w = 252, .box_w = 15, .box_h = 15, .ofs_x = 0, .ofs_y = 0},
    {.bitmap_index = 15603, .adv_w = 214, .box_w = 13, .box_h = 15, .ofs_x = 1, .ofs_y = 0},
    {.bitmap_index = 15701, .adv_w = 91, .box_w = 8, .box_h = 20, .ofs_x = -1, .ofs_y = 0},
    {.bitmap_index = 15781, .adv_w = 91, .box_w = 8, .box_h = 15, .ofs_x = -1, .ofs_y = 0},
    {.bitmap_index = 15841, .adv_w = 238, .box_w = 13, .box_h = 20, .ofs_x = 1, .ofs_y = 0},
    {.bitmap_index = 15971, .adv_w = 190, .box_w = 10, .box_h = 15, .ofs_x = 1, .ofs_y = 0},
    {.bitmap_index = 16046, .adv_w = 265, .box_w = 15, .box_h = 18, .ofs_x = 1, .ofs_y = 0},
    {.bitmap_index = 16181, .adv_w = 208, .box_w = 11, .box_h = 14, .ofs_x = 1, .ofs_y = 0},
    {.bitmap_index = 16258, .adv_w = 238, .box_w = 15, .box_h = 18, .ofs_x = 1, .ofs_y = 0},
    {.bitmap_index = 16393, .adv_w = 186, .box_w = 12, .box_h = 13, .ofs_x = 1, .ofs_y = 0},
    {.bitmap_index = 16471, .adv_w = 239, .box_w = 15, .box_h = 20, .ofs_x = 0, .ofs_y = -5},
    {.bitmap_index = 16621, .adv_w = 210, .box_w = 11, .box_h = 16, .ofs_x = 1, .ofs_y = -5},
    {.bitmap_index = 16709, .adv_w = 239, .box_w = 15, .box_h = 22, .ofs_x = 0, .ofs_y = 0},
    {.bitmap_index = 16874, .adv_w = 210, .box_w = 11, .box_h = 18, .ofs_x = 1, .ofs_y = 0},
    {.bitmap_index = 16973, .adv_w = 239, .box_w = 15, .box_h = 23, .ofs_x = 0, .ofs_y = 0},
    {.bitmap_index = 17146, .adv_w = 210, .box_w = 12, .box_h = 19, .ofs_x = 1, .ofs_y = 0},
    {.bitmap_index = 17260, .adv_w = 239, .box_w = 15, .box_h = 23, .ofs_x = 0, .ofs_y = 0},
    {.bitmap_index = 17433, .adv_w = 210, .box_w = 11, .box_h = 19, .ofs_x = 1, .ofs_y = 0},
    {.bitmap_index = 17538, .adv_w = 239, .box_w = 15, .box_h = 25, .ofs_x = 0, .ofs_y = 0},
    {.bitmap_index = 17726, .adv_w = 210, .box_w = 12, .box_h = 20, .ofs_x = 1, .ofs_y = 0},
    {.bitmap_index = 17846, .adv_w = 239, .box_w = 15, .box_h = 23, .ofs_x = 0, .ofs_y = 0},
    {.bitmap_index = 18019, .adv_w = 210, .box_w = 11, .box_h = 19, .ofs_x = 1, .ofs_y = 0},
    {.bitmap_index = 18124, .adv_w = 239, .box_w = 15, .box_h = 25, .ofs_x = 0, .ofs_y = -5},
    {.bitmap_index = 18312, .adv_w = 210, .box_w = 11, .box_h = 20, .ofs_x = 1, .ofs_y = -5},
    {.bitmap_index = 18422, .adv_w = 239, .box_w = 15, .box_h = 24, .ofs_x = 0, .ofs_y = 0},
    {.bitmap_index = 18602, .adv_w = 210, .box_w = 11, .box_h = 20, .ofs_x = 1, .ofs_y = 0},
    {.bitmap_index = 18712, .adv_w = 239, .box_w = 15, .box_h = 24, .ofs_x = 0, .ofs_y = 0},
    {.bitmap_index = 18892, .adv_w = 210, .box_w = 11, .box_h = 20, .ofs_x = 1, .ofs_y = 0},
    {.bitmap_index = 19002, .adv_w = 239, .box_w = 15, .box_h = 26, .ofs_x = 0, .ofs_y = 0},
    {.bitmap_index = 19197, .adv_w = 210, .box_w = 11, .box_h = 21, .ofs_x = 1, .ofs_y = 0},
    {.bitmap_index = 19313, .adv_w = 239, .box_w = 15, .box_h = 24, .ofs_x = 0, .ofs_y = 0},
    {.bitmap_index = 19493, .adv_w = 210, .box_w = 11, .box_h = 19, .ofs_x = 1, .ofs_y = 0},
    {.bitmap_index = 19598, .adv_w = 239, .box_w = 15, .box_h = 25, .ofs_x = 0, .ofs_y = -5},
    {.bitmap_index = 19786, .adv_w = 210, .box_w = 11, .box_h = 20, .ofs_x = 1, .ofs_y = -5},
    {.bitmap_index = 19896, .adv_w = 203, .box_w = 11, .box_h = 20, .ofs_x = 1, .ofs_y = -5},
    {.bitmap_index = 20006, .adv_w = 196, .box_w = 11, .box_h = 16, .ofs_x = 1, .ofs_y = -5},
    {.bitmap_index = 20094, .adv_w = 203, .box_w = 11, .box_h = 22, .ofs_x = 1, .ofs_y = 0},
    {.bitmap_index = 20215, .adv_w = 196, .box_w = 11, .box_h = 18, .ofs_x = 1, .ofs_y = 0},
    {.bitmap_index = 20314, .adv_w = 203, .box_w = 11, .box_h = 20, .ofs_x = 1, .ofs_y = 0},
    {.bitmap_index = 20424, .adv_w = 196, .box_w = 11, .box_h = 15, .ofs_x = 1, .ofs_y = 0},
    {.bitmap_index = 20507, .adv_w = 203, .box_w = 12, .box_h = 23, .ofs_x = 1, .ofs_y = 0},
    {.bitmap_index = 20645, .adv_w = 196, .box_w = 12, .box_h = 19, .ofs_x = 1, .ofs_y = 0},
    {.bitmap_index = 20759, .adv_w = 203, .box_w = 11, .box_h = 23, .ofs_x = 1, .ofs_y = 0},
    {.bitmap_index = 20886, .adv_w = 196, .box_w = 11, .box_h = 19, .ofs_x = 1, .ofs_y = 0},
    {.bitmap_index = 20991, .adv_w = 203, .box_w = 12, .box_h = 25, .ofs_x = 1, .ofs_y = 0},
    {.bitmap_index = 21141, .adv_w = 196, .box_w = 12, .box_h = 20, .ofs_x = 1, .ofs_y = 0},
    {.bitmap_index = 21261, .adv_w = 203, .box_w = 11, .box_h = 23, .ofs_x = 1, .ofs_y = 0},
    {.bitmap_index = 21388, .adv_w = 196, .box_w = 11, .box_h = 19, .ofs_x = 1, .ofs_y = 0},
    {.bitmap_index = 21493, .adv_w = 203, .box_w = 11, .box_h = 25, .ofs_x = 1, .ofs_y = -5},
    {.bitmap_index = 21631, .adv_w = 196, .box_w = 11, .box_h = 20, .ofs_x = 1, .ofs_y = -5},
    {.bitmap_index = 21741, .adv_w = 91, .box_w = 6, .box_h = 22, .ofs_x = 0, .ofs_y = 0},
    {.bitmap_index = 21807, .adv_w = 91, .box_w = 6, .box_h = 18, .ofs_x = 0, .ofs_y = 0},
    {.bitmap_index = 21861, .adv_w = 91, .box_w = 4, .box_h = 20, .ofs_x = 1, .ofs_y = -5},
    {.bitmap_index = 21901, .adv_w = 91, .box_w = 4, .box_h = 20, .ofs_x = 1, .ofs_y = -5},
    {.bitmap_index = 21941, .adv_w = 265, .box_w = 15, .box_h = 20, .ofs_x = 1, .ofs_y = -5},
    {.bitmap_index = 22091, .adv_w = 209, .box_w = 11, .box_h = 16, .ofs_x = 1, .ofs_y = -5},
    {.bitmap_index = 22179, .adv_w = 265, .box_w = 15, .box_h = 22, .ofs_x = 1, .ofs_y = 0},
    {.bitmap_index = 22344, .adv_w = 209, .box_w = 11, .box_h = 18, .ofs_x = 1, .ofs_y = 0},
    {.bitmap_index = 22443, .adv_w = 265, .box_w = 15, .box_h = 23, .ofs_x = 1, .ofs_y = 0},
    {.bitmap_index = 22616, .adv_w = 209, .box_w = 12, .box_h = 19, .ofs_x = 1, .ofs_y = 0},
    {.bitmap_index = 22730, .adv_w = 265, .box_w = 15, .box_h = 23, .ofs_x = 1, .ofs_y = 0},
    {.bitmap_index = 22903, .adv_w = 209, .box_w = 11, .box_h = 19, .ofs_x = 1, .ofs_y = 0},
    {.bitmap_index = 23008, .adv_w = 265, .box_w = 15, .box_h = 25, .ofs_x = 1, .ofs_y = 0},
    {.bitmap_index = 23196, .adv_w = 209, .box_w = 12, .box_h = 20, .ofs_x = 1, .ofs_y = 0},
    {.bitmap_index = 23316, .adv_w = 265, .box_w = 15, .box_h = 24, .ofs_x = 1, .ofs_y = 0},
    {.bitmap_index = 23496, .adv_w = 209, .box_w = 11, .box_h = 19, .ofs_x = 1, .ofs_y = 0},
    {.bitmap_index = 23601, .adv_w = 265, .box_w = 15, .box_h = 25, .ofs_x = 1, .ofs_y = -5},
    {.bitmap_index = 23789, .adv_w = 209, .box_w = 11, .box_h = 20, .ofs_x = 1, .ofs_y = -5},
    {.bitmap_index = 23899, .adv_w = 265, .box_w = 15, .box_h = 21, .ofs_x = 1, .ofs_y = 0},
    {.bitmap_index = 24057, .adv_w = 209, .box_w = 11, .box_h = 16, .ofs_x = 1, .ofs_y = 0},
    {.bitmap_index = 24145, .adv_w = 265, .box_w = 15, .box_h = 21, .ofs_x = 1, .ofs_y = 0},
    {.bitmap_index = 24303, .adv_w = 209, .box_w = 11, .box_h = 16, .ofs_x = 1, .ofs_y = 0},
    {.bitmap_index = 24391, .adv_w = 265, .box_w = 15, .box_h = 22, .ofs_x = 1, .ofs_y = 0},
    {.bitmap_index = 24556, .adv_w = 209, .box_w = 11, .box_h = 18, .ofs_x = 1, .ofs_y = 0},
    {.bitmap_index = 24655, .adv_w = 265, .box_w = 15, .box_h = 20, .ofs_x = 1, .ofs_y = 0},
    {.bitmap_index = 24805, .adv_w = 209, .box_w = 11, .box_h = 15, .ofs_x = 1, .ofs_y = 0},
    {.bitmap_index = 24888, .adv_w = 265, .box_w = 15, .box_h = 23, .ofs_x = 1, .ofs_y = -5},
    {.bitmap_index = 25061, .adv_w = 209, .box_w = 11, .box_h = 19, .ofs_x = 1, .ofs_y = -5},
    {.bitmap_index = 25166, .adv_w = 238, .box_w = 13, .box_h = 20, .ofs_x = 1, .ofs_y = -5},
    {.bitmap_index = 25296, .adv_w = 190, .box_w = 10, .box_h = 16, .ofs_x = 1, .ofs_y = -5},
    {.bitmap_index = 25376, .adv_w = 238, .box_w = 13, .box_h = 22, .ofs_x = 1, .ofs_y = 0},
    {.bitmap_index = 25519, .adv_w = 190, .box_w = 10, .box_h = 18, .ofs_x = 1, .ofs_y = 0},
    {.bitmap_index = 25609, .adv_w = 238, .box_w = 15, .box_h = 21, .ofs_x = 1, .ofs_y = 0},
    {.bitmap_index = 25767, .adv_w = 190, .box_w = 12, .box_h = 16, .ofs_x = 1, .ofs_y = 0},
    {.bitmap_index = 25863, .adv_w = 238, .box_w = 15, .box_h = 21, .ofs_x = 1, .ofs_y = 0},
    {.bitmap_index = 26021, .adv_w = 190, .box_w = 12, .box_h = 16, .ofs_x = 1, .ofs_y = 0},
    {.bitmap_index = 26117, .adv_w = 238, .box_w = 15, .box_h = 22, .ofs_x = 1, .ofs_y = 0},
    {.bitmap_index = 26282, .adv_w = 190, .box_w = 12, .box_h = 18, .ofs_x = 1, .ofs_y = 0},
    {.bitmap_index = 26390, .adv_w = 238, .box_w = 15, .box_h = 20, .ofs_x = 1, .ofs_y = 0},
    {.bitmap_index = 26540, .adv_w = 190, .box_w = 12, .box_h = 15, .ofs_x = 1, .ofs_y = 0},
    {.bitmap_index = 26630, .adv_w = 238, .box_w = 15, .box_h = 23, .ofs_x = 1, .ofs_y = -5},
    {.bitmap_index = 26803, .adv_w = 190, .box_w = 12, .box_h = 18, .ofs_x = 1, .ofs_y = -5},
    {.bitmap_index = 26911, .adv_w = 219, .box_w = 14, .box_h = 20, .ofs_x = 0, .ofs_y = 0},
    {.bitmap_index = 27051, .adv_w = 188, .box_w = 12, .box_h = 20, .ofs_x = 0, .ofs_y = -4},
    {.bitmap_index = 27171, .adv_w = 219, .box_w = 14, .box_h = 20, .ofs_x = 0, .ofs_y = -5},
    {.bitmap_index = 27311, .adv_w = 188, .box_w = 12, .box_h = 16, .ofs_x = 0, .ofs_y = -5},
    {.bitmap_index = 27407, .adv_w = 219, .box_w = 14, .box_h = 22, .ofs_x = 0, .ofs_y = 0},
    {.bitmap_index = 27561, .adv_w = 188, .box_w = 12, .box_h = 22, .ofs_x = 0, .ofs_y = -4},
    {.bitmap_index = 27693, .adv_w = 219, .box_w = 14, .box_h = 20, .ofs_x = 0, .ofs_y = 0},
    {.bitmap_index = 27833, .adv_w = 188, .box_w = 12, .box_h = 19, .ofs_x = 0, .ofs_y = -4},
    {.bitmap_index = 27947, .adv_w = 220, .box_w = 10, .box_h = 2, .ofs_x = 2, .ofs_y = 5},
    {.bitmap_index = 27957, .adv_w = 278, .box_w = 14, .box_h = 2, .ofs_x = 2, .ofs_y = 5},
    {.bitmap_index = 27971, .adv_w = 89, .box_w = 4, .box_h = 6, .ofs_x = 1, .ofs_y = 9},
    {.bitmap_index = 27983, .adv_w = 71, .box_w = 5, .box_h = 6, .ofs_x = 0, .ofs_y = 9},
    {.bitmap_index = 27998, .adv_w = 95, .box_w = 4, .box_h = 6, .ofs_x = 1, .ofs_y = -3},
    {.bitmap_index = 28010, .adv_w = 126, .box_w = 8, .box_h = 6, .ofs_x = -1, .ofs_y = 9},
    {.bitmap_index = 28034, .adv_w = 135, .box_w = 8, .box_h = 6, .ofs_x = 1, .ofs_y = 9},
    {.bitmap_index = 28058, .adv_w = 247, .box_w = 14, .box_h = 3, .ofs_x = 1, .ofs_y = 0}
};

/*---------------------
 *  CHARACTER MAPPING
 *--------------------*/

static const uint16_t unicode_list_2[] = {
    0x0, 0x1, 0xe, 0xf, 0x26, 0x27, 0x66, 0x67,
    0x9e, 0x9f, 0xad, 0xae
};

static const uint16_t unicode_list_4[] = {
    0x0, 0x1, 0x5, 0x6, 0x7, 0x9, 0xa, 0x13
};

/*Collect the unicode lists and glyph_id offsets*/
static const lv_font_fmt_txt_cmap_t cmaps[] =
{
    {
        .range_start = 32, .range_length = 95, .glyph_id_start = 1,
        .unicode_list = NULL, .glyph_id_ofs_list = NULL, .list_length = 0, .type = LV_FONT_FMT_TXT_CMAP_FORMAT0_TINY
    },
    {
        .range_start = 160, .range_length = 96, .glyph_id_start = 96,
        .unicode_list = NULL, .glyph_id_ofs_list = NULL, .list_length = 0, .type = LV_FONT_FMT_TXT_CMAP_FORMAT0_TINY
    },
    {
        .range_start = 258, .range_length = 175, .glyph_id_start = 192,
        .unicode_list = unicode_list_2, .glyph_id_ofs_list = NULL, .list_length = 12, .type = LV_FONT_FMT_TXT_CMAP_SPARSE_TINY
    },
    {
        .range_start = 7840, .range_length = 90, .glyph_id_start = 204,
        .unicode_list = NULL, .glyph_id_ofs_list = NULL, .list_length = 0, .type = LV_FONT_FMT_TXT_CMAP_FORMAT0_TINY
    },
    {
        .range_start = 8211, .range_length = 20, .glyph_id_start = 294,
        .unicode_list = unicode_list_4, .glyph_id_ofs_list = NULL, .list_length = 8, .type = LV_FONT_FMT_TXT_CMAP_SPARSE_TINY
    }
};

/*-----------------
 *    KERNING
 *----------------*/


/*Map glyph_ids to kern left classes*/
static const uint8_t kern_left_class_mapping[] =
{
    0, 0, 0, 1, 2, 3, 4, 0,
    1, 0, 4, 0, 0, 5, 0, 5,
    6, 7, 0, 8, 9, 10, 11, 12,
    13, 14, 15, 0, 0, 0, 0, 16,
    0, 0, 17, 9, 18, 4, 19, 20,
    0, 21, 21, 22, 23, 24, 21, 21,
    4, 25, 0, 26, 3, 27, 22, 28,
    28, 29, 30, 31, 0, 32, 0, 0,
    0, 0, 33, 34, 35, 21, 34, 36,
    37, 38, 39, 40, 41, 21, 38, 38,
    34, 34, 42, 43, 44, 45, 46, 47,
    47, 48, 49, 50, 0, 0, 0, 0,
    0, 0, 0, 3, 0, 30, 0, 3,
    0, 0, 0, 0, 0, 0, 0, 0,
    0, 0, 0, 0, 0, 51, 0, 0,
    0, 0, 0, 0, 0, 0, 0, 0,
    17, 17, 17, 17, 17, 17, 19, 4,
    19, 19, 19, 19, 21, 21, 21, 21,
    4, 21, 4, 4, 4, 4, 4, 0,
    4, 22, 22, 22, 22, 30, 0, 9,
    33, 33, 33, 33, 33, 33, 34, 52,
    34, 34, 34, 34, 39, 39, 39, 39,
    53, 38, 34, 34, 34, 34, 34, 0,
    0, 46, 46, 46, 46, 49, 34, 49,
    17, 33, 4, 53, 21, 39, 22, 46,
    4, 54, 55, 56, 17, 33, 17, 33,
    17, 33, 17, 33, 17, 33, 17, 33,
    17, 33, 17, 33, 17, 33, 17, 33,
    17, 33, 17, 33, 19, 34, 19, 34,
    19, 34, 19, 34, 19, 34, 19, 34,
    19, 34, 19, 34, 21, 39, 21, 39,
    4, 34, 4, 34, 4, 34, 4, 34,
    4, 34, 4, 34, 4, 34, 4, 54,
    4, 54, 4, 54, 4, 54, 4, 54,
    22, 46, 22, 46, 55, 56, 55, 56,
    55, 56, 55, 56, 55, 56, 30, 49,
    30, 49, 30, 49, 30, 49, 0, 0,
    0, 57, 0, 0, 0, 0
};

/*Map glyph_ids to kern right classes*/
static const uint8_t kern_right_class_mapping[] =
{
    0, 0, 1, 2, 3, 4, 5, 0,
    6, 5, 7, 8, 0, 9, 0, 9,
    10, 11, 12, 13, 14, 15, 16, 17,
    18, 19, 20, 0, 0, 0, 0, 21,
    22, 0, 23, 24, 5, 25, 24, 24,
    5, 24, 24, 26, 24, 24, 24, 24,
    5, 24, 5, 24, 4, 27, 28, 29,
    29, 30, 31, 32, 0, 33, 0, 0,
    0, 0, 17, 24, 17, 17, 17, 34,
    17, 24, 35, 36, 24, 24, 37, 37,
    17, 37, 17, 38, 39, 40, 41, 42,
    42, 43, 44, 45, 0, 0, 46, 0,
    0, 0, 0, 4, 0, 31, 0, 4,
    0, 0, 0, 0, 0, 0, 0, 0,
    0, 0, 0, 0, 0, 41, 0, 0,
    0, 0, 0, 0, 0, 0, 0, 0,
    23, 23, 23, 23, 23, 23, 23, 5,
    24, 24, 24, 24, 24, 24, 24, 24,
    0, 24, 5, 5, 5, 5, 5, 0,
    5, 28, 28, 28, 28, 31, 24, 24,
    17, 17, 17, 17, 17, 17, 47, 17,
    17, 17, 17, 17, 48, 35, 35, 35,
    17, 35, 17, 17, 17, 17, 17, 0,
    0, 41, 41, 41, 41, 44, 24, 44,
    23, 17, 0, 17, 24, 49, 28, 41,
    5, 17, 28, 41, 23, 17, 23, 17,
    23, 17, 23, 17, 23, 17, 23, 17,
    23, 17, 23, 17, 23, 17, 23, 17,
    23, 17, 23, 17, 24, 17, 24, 17,
    24, 17, 24, 17, 24, 17, 24, 17,
    24, 17, 24, 17, 24, 35, 24, 35,
    5, 17, 5, 17, 5, 17, 5, 17,
    5, 17, 5, 17, 5, 17, 5, 17,
    5, 17, 5, 17, 5, 17, 5, 17,
    28, 41, 28, 41, 28, 41, 28, 41,
    28, 41, 28, 41, 28, 41, 31, 44,
    31, 44, 31, 44, 31, 44, 0, 0,
    0, 0, 0, 0, 0, 0
};

/*Kern values between classes*/
static const int8_t kern_class_values[] =
{
    0, 0, 0, 0, 0, 0, 0, 0,
    0, 0, 0, 0, 0, 0, 0, 0,
    0, 10, 0, 0, 0, 0, -13, 0,
    0, 0, 0, 0, 0, 0, 14, 0,
    0, 0, 0, 0, 0, 0, 0, 0,
    0, 0, 0, 0, 0, 0, 0, 0,
    0, 0, 0, 0, 0, 0, 0, 0,
    0, 0, 0, 0, 0, 0, 0, 0,
    0, 0, 0, 0, 0, 0, 0, -19,
    0, 0, 0, 0, 0, 0, 0, 0,
    0, 0, 0, 0, 0, 0, 0, 0,
    0, 0, 0, 0, 0, 0, 0, 0,
    0, 0, 0, 0, 0, 1, 4, 0,
    0, 0, 0, 0, 4, 0, 0, 0,
    0, 0, 0, 1, 1, 0, 0, 0,
    -7, 0, 1, 0, -6, 0, -4, 0,
    -8, 0, 0, 0, 0, 0, 0, 0,
    0, 0, 0, 0, -2, -2, 0, 0,
    0, 0, 0, 0, 0, 0, 0, 0,
    0, 0, 0, 0, 0, 0, 0, 0,
    0, 0, 0, 0, -3, 0, 0, 0,
    0, -13, 0, 0, -14, -20, 0, -6,
    -11, -15, 0, 0, 0, 0, -13, 0,
    0, 0, 0, 0, 0, 0, 0, 0,
    0, 0, 0, 0, 0, 0, 0, 0,
    0, 0, 0, 0, -8, 0, 0, 0,
    0, 0, 0, 0, 0, 0, 0, 0,
    9, 0, 0, 0, 0, 0, -31, 0,
    0, 0, 0, 0, 0, 0, 0, 0,
    0, 0, 0, 0, 0, 0, 0, 0,
    0, 0, 0, 0, 0, 0, 0, 0,
    0, 0, 0, 0, 0, 0, -43, 0,
    0, -13, -13, -15, 0, -15, 24, -10,
    0, 0, 0, 0, 0, 0, 0, 13,
    0, 16, 0, 18, 0, 0, 0, 0,
    0, 0, 0, 0, 0, 0, 0, 0,
    0, 0, 0, 0, 0, 0, 0, 0,
    0, 0, 0, 0, 0, 0, 0, 0,
    0, 0, 0, 0, 0, 0, 0, -3,
    0, 0, 0, 0, -13, 0, 0, -14,
    -19, 0, -6, -11, -15, 0, 0, 0,
    0, -13, 0, 0, 0, 0, 0, 0,
    0, 0, 0, 0, 0, 0, 0, 0,
    0, 0, 0, 0, 0, 0, 0, 0,
    0, 0, 0, 0, 0, -8, 0, 0,
    -2, 0, 0, 0, 0, 0, 0, 0,
    0, 0, 0, 0, 0, 0, 0, 0,
    0, 0, 0, 0, 0, 0, 0, 0,
    0, 0, 0, 0, 0, 0, 0, 0,
    0, 0, 0, 0, -4, 0, 0, 0,
    0, -5, -4, 0, 0, 0, 0, 0,
    0, 0, 0, 0, 0, 0, -1, 0,
    0, 0, -12, 0, -10, -8, -14, 0,
    0, 0, 0, -17, 0, 0, 0, 0,
    0, 0, -5, -4, 0, 0, 0, 0,
    0, 0, 0, 0, 0, 0, 0, 0,
    0, 0, 0, 0, 0, -5, 0, 0,
    0, 0, -12, 5, 0, 0, 0, -5,
    6, 0, 0, -24, 0, -17, -14, -17,
    0, 0, 0, 0, 0, 0, 0, 0,
    0, 0, 0, 0, 0, 0, 0, 0,
    0, 0, 0, 0, 0, 0, 0, 0,
    0, 0, 0, 0, 0, 0, 0, 0,
    0, 0, 0, 0, 0, -5, 0, 0,
    0, 0, 0, 0, 0, 0, 0, 0,
    0, 0, 0, 0, 0, 0, 0, 0,
    0, 0, 0, 0, 0, 0, 0, 0,
    0, 0, 0, 0, 0, 0, 0, 0,
    0, 0, 0, 0, 0, 0, 0, 0,
    0, 0, 0, 0, -8, 0, -6, 0,
    0, 0, 0, 0, 0, 0, 0, 0,
    0, 0, 0, 0, 0, 0, 0, 0,
    0, 0, 0, 0, 0, 0, 0, 0,
    0, 0, 0, 0, 0, 0, 0, 0,
    -13, 0, 0, 0, 0, -14, -13, 5,
    -5, -8, -25, 0, -17, 5, 0, 4,
    0, 0, -22, 0, 8, -32, 6, 0,
    0, 0, 9, 0, 0, 0, -13, 0,
    0, -16, -16, 0, -16, -13, -13, -16,
    -13, 0, -17, -13, -13, 0, 0, 0,
    0, 0, 0, 0, 0, 0, 0, 0,
    0, 0, 0, 0, 0, 0, -2, 0,
    0, 0, 0, 0, 0, 0, 0, 0,
    0, 0, 0, 0, 0, 0, 0, 0,
    0, 0, 0, 0, 0, 0, 0, 0,
    0, 0, 0, 0, 0, 0, 0, 0,
    0, 0, 0, 0, 0, 0, 0, 0,
    0, 0, 0, 0, 0, 0, 0, 6,
    0, 0, 0, 0, -13, 0, 6, 0,
    0, 0, 0, 0, 0, 0, 0, 0,
    0, 0, 0, 1, 0, 3, 0, 0,
    0, 0, 0, 0, 0, 0, 0, 0,
    0, 0, 0, 0, 0, 0, 0, -13,
    0, 0, 0, 0, 0, 0, 0, 0,
    0, 0, 0, 0, 0, 0, 0, 0,
    -28, 0, 0, 0, 0, 0, 0, 0,
    0, 0, 0, 0, 0, 0, 0, 0,
    0, 0, 0, 0, 0, 0, 0, 0,
    0, -13, -5, -7, -12, -13, 0, 0,
    0, 0, -12, 0, 0, 0, 0, 0,
    -6, 0, 0, -1, 0, 0, 0, 0,
    0, 0, -30, 0, -28, 0, -28, 0,
    0, -13, 0, 0, 0, 0, 0, -3,
    -6, -19, 0, -20, 0, 0, -3, 0,
    0, 0, 0, 0, 0, 0, 0, 0,
    0, 0, 0, 0, 0, 0, 0, 0,
    0, 0, -3, 0, 0, 0, 0, -13,
    0, 0, -14, -20, 0, 1, -11, -15,
    0, 0, 0, 0, -13, 0, 0, 0,
    0, 0, 0, 0, 0, 0, 0, 0,
    0, 0, 0, 0, 0, -3, -1, 0,
    0, 0, 0, 0, -1, 0, 0, 0,
    0, 0, -3, 0, 0, 0, 0, 0,
    0, 0, 0, 0, 0, 0, 0, 0,
    0, 0, 0, 0, 0, 0, 0, 0,
    0, 0, 0, 0, 0, 0, 0, 0,
    0, 0, 0, 0, 0, 0, 0, -8,
    0, 0, 0, 0, 0, -8, 0, -12,
    0, -19, 0, -17, 0, 0, 0, 0,
    0, -26, 0, 0, -36, 0, 0, 0,
    0, 3, 0, 0, 0, 0, 0, 0,
    -15, 0, 0, 0, 0, 0, 0, -16,
    0, -16, 0, 0, 0, 0, 0, 0,
    0, 0, 0, 0, 0, 0, 0, 0,
    3, 10, 10, 0, -1, 0, 5, 8,
    0, 0, 0, 0, 0, 0, 0, 0,
    0, 0, 0, 0, 0, 0, 0, -5,
    0, 0, 0, 0, 0, 0, 0, 0,
    0, 0, 0, 0, 0, 0, 0, 0,
    0, 0, 0, 0, 0, 0, 0, 0,
    0, 0, 0, 0, 0, 0, 0, 0,
    0, 0, 0, -6, 0, 1, 0, 0,
    0, 5, 0, 8, 0, 0, 0, 0,
    0, 0, 0, 0, 0, 0, 0, 0,
    0, 0, 0, 0, 0, 0, 0, 0,
    0, -10, -19, 0, 0, 0, 0, 0,
    -19, 0, 0, 0, -19, 0, -15, 0,
    0, 0, 0, 0, 0, 0, 0, 0,
    0, 0, 0, 0, 0, 0, 0, 0,
    0, 0, 0, 0, 0, -13, -16, -18,
    0, -22, 0, 0, -11, 0, 0, 0,
    0, 0, 0, -20, 0, 0, 0, 0,
    0, -20, 0, 0, 0, -24, 0, -12,
    0, 0, 0, 0, 0, 0, 0, 0,
    0, -51, 0, -37, 0, -49, 0, 0,
    0, 0, 0, 0, 0, 0, 0, -8,
    -24, 0, -18, 0, 0, 0, 0, 0,
    0, 0, 0, 0, 0, 0, 0, 0,
    0, 0, 0, 0, 0, 0, 0, 0,
    -7, 0, 0, 0, 0, 0, -23, 0,
    0, -29, -8, 0, 0, 0, 0, 0,
    0, 0, 0, -3, 0, 0, 0, 0,
    0, 0, 0, 0, 0, 0, -2, 0,
    0, 0, 0, 0, -4, -8, 0, 0,
    0, 0, 0, -8, 0, 0, 0, -15,
    0, -16, -9, 0, 0, 0, 0, 0,
    0, 0, 0, -10, -9, -10, 0, -13,
    0, 0, 0, 0, 0, 0, 0, 0,
    0, -17, -8, 0, -8, 0, 0, 0,
    0, 0, 0, 0, 0, -7, -20, 0,
    0, 0, -31, -18, -19, 0, 0, 0,
    -33, 0, -30, 6, 0, 0, 0, 0,
    -28, 0, -3, -42, 0, 0, 0, 0,
    3, 0, 0, 0, 0, 0, -19, -20,
    -4, 0, -29, -35, -28, -27, -28, 0,
    -28, 0, 8, 0, 0, 0, 0, -6,
    0, 0, 0, 0, -38, -6, 0, 0,
    0, -22, 0, -16, 0, 0, 0, 0,
    0, -28, 0, 2, -35, 0, 0, 6,
    0, 6, 0, 0, 0, 0, 0, -10,
    0, -17, 0, -13, 0, 0, -6, 0,
    0, -20, 15, 0, 0, 0, 0, 0,
    -11, 0, 0, 0, 0, 0, -11, 0,
    0, 0, -14, 0, -13, 0, 0, 0,
    0, 0, 0, 0, 0, 0, 0, 0,
    0, 0, 0, 0, 0, 0, 0, 0,
    0, 0, 0, 0, -10, 0, 0, -15,
    0, 0, 0, 0, 0, 0, 0, 0,
    -8, -13, 0, 0, 0, 0, -31, -13,
    0, 0, 0, -34, 0, -33, 0, 0,
    -13, 0, 0, -28, 0, -1, -37, 3,
    0, 6, 0, 0, 0, 0, 0, -1,
    -3, -22, 0, 0, 0, -28, -17, 0,
    0, 0, 0, -28, -1, -1, 0, 0,
    0, 0, 0, 0, 0, 0, 0, 0,
    0, 0, 0, 0, 0, 0, 0, 0,
    0, 0, 0, 0, 0, 0, 0, 0,
    0, 0, 0, 0, 0, 0, 0, 0,
    0, 0, 0, 0, 0, 0, -8, 0,
    0, 0, 0, 0, 0, 0, 0, 0,
    0, 0, 0, 0, 0, 0, 0, 0,
    0, 0, 0, 0, 0, 0, 0, 0,
    0, 0, 0, 0, 0, 0, 0, 0,
    0, 0, 0, 0, 0, 0, 0, -43,
    0, 0, 0, 0, 0, 0, 0, 0,
    0, 0, 0, 0, 0, 0, 0, 0,
    0, 0, 0, 0, 0, 0, 0, 0,
    0, 0, 0, 0, 0, 0, 0, 0,
    1, 0, 0, 0, 0, 0, 0, 0,
    0, 0, -20, 0, -10, 0, -13, 0,
    0, -3, 0, 1, 0, 0, 0, -5,
    1, -6, 0, -4, 0, 0, 0, 0,
    0, 0, 0, 0, 0, 0, 0, 0,
    0, 0, 0, 0, 0, 0, 0, 0,
    0, -2, -10, 0, 0, 0, 0, -5,
    -1, 0, 0, -29, 0, -13, -13, -28,
    0, 0, -1, 0, -5, -1, 0, 0,
    -3, 0, -7, -10, -11, 0, 0, -3,
    0, 0, 0, 0, 0, 0, 0, 0,
    0, 0, 0, 0, 0, 0, 0, 0,
    0, 0, -1, 0, 0, 0, 0, 0,
    0, 0, 0, 0, -29, 0, 0, 0,
    -29, 0, 0, 0, 0, -18, 0, 0,
    0, 0, 0, -7, 0, -9, 0, 0,
    -6, 0, 0, 0, 0, 0, 0, 0,
    0, 0, 0, 0, 0, 0, 0, 0,
    0, 0, 0, -8, 0, 0, 0, 0,
    0, 0, 0, 0, 0, 0, 0, 0,
    0, 0, 0, 0, 0, 0, 0, 0,
    0, 0, 0, 2, 0, 0, 0, 0,
    0, -11, 0, 0, 0, 0, 0, 0,
    0, 0, 0, 0, 0, 0, 0, 0,
    0, 0, 0, 0, -5, 0, 0, 0,
    0, 0, 0, 0, 1, 0, 0, 0,
    0, 0, -22, 0, 0, 0, 0, 8,
    0, 0, 0, 0, 0, 0, 0, 0,
    0, 0, 0, 0, 0, 0, 0, 0,
    0, 0, 0, 0, 0, 0, 0, 0,
    0, 0, 0, 0, 0, -1, -15, 0,
    0, 0, 0, 0, 0, 1, 0, -23,
    0, 0, 0, -24, 0, 0, 0, 0,
    -3, 0, 0, 0, -5, 0, -6, 0,
    -9, 0, 0, 0, 0, 0, 0, 0,
    0, 0, 0, 0, 0, 0, 0, 0,
    0, 0, 0, 0, 0, 0, 0, 0,
    0, 0, 0, 0, 0, 0, 1, 0,
    0, 0, 0, 0, 0, 0, 0, 0,
    0, 0, 0, 0, 0, 0, 0, 0,
    0, 0, 0, 0, 0, 0, 0, 0,
    0, 0, 0, 0, 0, 0, 0, 0,
    0, 0, 0, 0, 0, 0, 0, -5,
    0, 0, 0, 0, 0, 0, 0, 1,
    0, 0, 0, 0, 0, -10, 0, 0,
    0, 0, 8, 0, 0, 0, 0, 0,
    0, 0, 0, 0, 0, 0, 0, 0,
    0, 0, 0, 0, 0, 0, 0, 0,
    0, 0, 0, 0, 0, 0, 0, 0,
    -14, 0, 0, 0, 0, 0, -3, 0,
    0, 0, -8, 0, -6, 0, -23, 0,
    0, 0, 0, 0, 0, 0, -8, 0,
    0, 0, 0, 0, 0, 0, -8, 0,
    0, 0, 0, 0, 0, 0, 0, 0,
    0, 0, 0, 0, 0, 0, 0, 0,
    0, 0, 0, 0, 0, 0, 0, 0,
    0, 1, 0, 0, 0, 0, 0, -23,
    0, 0, 0, 0, 5, 0, 0, 0,
    0, 0, 0, 0, 0, 0, 0, 0,
    0, 0, 0, 0, 0, 0, 0, 0,
    0, 0, 0, 0, 0, 0, 0, 0,
    0, 0, -11, 0, 0, 0, 0, 0,
    0, 0, 2, -20, -13, 0, 0, 0,
    -8, 0, 0, 3, 6, 0, 0, 0,
    0, 1, 0, 1, 10, 1, 0, 0,
    -8, 6, 6, 0, 0, 0, 0, 0,
    0, 0, 0, 0, 0, 0, 0, 0,
    0, 0, 0, -3, 0, 0, 0, 0,
    0, 0, -1, 0, 0, 0, 0, 0,
    0, -27, 0, 0, 0, 0, 0, 0,
    0, -1, -3, 0, -6, 0, -8, 0,
    0, 0, 0, 0, 0, 0, 0, 0,
    -3, 0, 0, 0, 0, 0, -3, 0,
    0, 0, 0, 0, -5, 0, 0, 0,
    0, 0, 0, 0, 3, 0, 0, 0,
    0, 0, -26, 0, 0, -12, 0, 0,
    0, 0, 0, -3, 0, 0, 0, -3,
    0, 0, 0, 0, 0, 0, 0, 0,
    0, 0, 0, 0, 0, 0, 0, 0,
    0, 0, 0, 0, 0, 0, 0, 0,
    0, 0, 0, 0, 0, 1, 0, 0,
    0, 0, 0, -18, 0, 0, 0, 0,
    0, 0, 0, 0, 0, 0, 4, 0,
    0, 0, 0, 0, 0, 0, 0, 0,
    0, 0, 0, 0, 0, 0, 0, 0,
    0, 0, 0, 0, 0, 0, -7, -2,
    0, 0, 0, 0, -4, 0, 1, -15,
    0, 0, 0, 0, -19, 0, 0, 3,
    0, 0, 0, 0, -4, 4, 0, 10,
    5, 1, -8, 0, -8, 0, 0, 0,
    0, 0, 0, 0, 0, 0, 0, 0,
    0, 0, 0, 0, 0, 0, 0, -10,
    0, 0, 0, 0, 0, 0, 0, 0,
    0, -28, 0, 0, 0, -13, 0, 0,
    0, 0, 0, 0, 0, 0, 0, 0,
    0, 0, 0, 0, 0, -6, 0, 0,
    0, 0, 0, 0, 0, 0, 0, 0,
    0, 0, 0, 0, 0, 0, 0, 0,
    -11, 0, 0, 0, 0, 0, 0, 0,
    0, 0, 0, 0, 0, 0, 0, 0,
    0, 0, 0, 0, 0, 0, -4, 6,
    0, 1, 0, 0, 0, 0, 0, 0,
    0, 0, 0, 0, 0, 0, 0, 0,
    0, 0, 0, 0, 0, 0, 0, 0,
    0, -3, 0, 0, 0, 0, 0, 0,
    0, 0, 0, 0, 0, 0, 0, -18,
    0, 0, 0, 0, 8, 0, 0, 0,
    0, 0, 10, 0, 0, 0, 0, 0,
    0, 0, 0, 0, 0, 0, -3, 0,
    0, 0, 0, 0, -3, 0, 0, 0,
    0, 0, -5, 0, 0, 0, 0, 0,
    0, 0, 0, 0, 0, 0, 0, 0,
    -26, 0, 0, -12, 0, 0, 0, 0,
    0, -3, 0, 0, 0, -8, 0, 0,
    0, 0, 0, 0, 0, 0, 0, 0,
    0, 0, 0, 0, 0, 0, 0, 0,
    0, 0, 0, -1, 0, 0, 0, 0,
    0, 0, 0, 0, 0, -29, 0, 0,
    0, -29, 0, 0, 0, 0, -18, 0,
    0, 0, 0, 0, -7, 0, 0, 0,
    0, -6, 0, 0, 0, 0, 0, 0,
    0, 0, 0, 6, 0, 0, 0, 0,
    0, 0, 0, 0, 5, 0, 0, 0,
    0, 0, 0, 12, 0, 0, 0, 0,
    9, 0, 0, 0, 0, 3, 12, 0,
    0, 0, 0, 0, 0, 0, 0, 0,
    0, 0, -1, 6, 11, 0, 0, 0,
    0, 0, 0, 0, 0, 0, 0, 0,
    0, 0, 0, 0, 0, 0, 0, 0,
    0, 0, 0, 0, 0, 0, 0, 0,
    0, 0, 0, 0, 0, 0, 0, 1,
    0, 0, 0, 0, 0, 0, 0, 0,
    0, 0, 0, 0, 1, 1, 0, 22,
    0, 0, 0, 22, 12, 0, 0, 0,
    0, 3, 3, 0, 0, 0, 0, 16,
    0, 0, 0, 0, 0, 14, 12, 0,
    20, 12, 27, 20, 23, 20, 0, 0,
    17, 19, 0, 0, 0, 15, 0, 0,
    0, 0, 0, 15, 0, 17, 17, 26,
    27, 0, 20, 20, 29, 28, 22, 0,
    0, 20, 0, 0, 0, 0, 10, 5,
    0, 0, 0, 0, 32, 0, 20, 15,
    0, 15, 12, 13, 0, 0, 13, 0,
    18, 22, 0, 14, 0, 6, 18, 12,
    20, 25, 21, 24, 0, 10, 22, 22,
    0, 0, 0, 0, 0, 0, 0, 0,
    0, 0, 0, 0, 0, 0, 0, 0,
    -12, 0, 0, 0, 0, 0, 0, 0,
    0, 0, 0, 0, 0, 0, 0, 0,
    0, 0, 0, 0, 0, 0, -8, 0,
    0, 0, 0, 0, 0, 0, 0, 0,
    0
};


/*Collect the kern class' data in one place*/
static const lv_font_fmt_txt_kern_classes_t kern_classes =
{
    .class_pair_values   = kern_class_values,
    .left_class_mapping  = kern_left_class_mapping,
    .right_class_mapping = kern_right_class_mapping,
    .left_class_cnt      = 57,
    .right_class_cnt     = 49,
};

/*--------------------
 *  ALL CUSTOM DATA
 *--------------------*/

#if LVGL_VERSION_MAJOR == 8
/*Store all the custom data of the font*/
static  lv_font_fmt_txt_glyph_cache_t cache;
#endif

#if LVGL_VERSION_MAJOR >= 8
static const lv_font_fmt_txt_dsc_t font_dsc = {
#else
static lv_font_fmt_txt_dsc_t font_dsc = {
#endif
    .glyph_bitmap = glyph_bitmap,
    .glyph_dsc = glyph_dsc,
    .cmaps = cmaps,
    .kern_dsc = &kern_classes,
    .kern_scale = 16,
    .cmap_num = 5,
    .bpp = 4,
    .kern_classes = 1,
    .bitmap_format = 0,
#if LVGL_VERSION_MAJOR == 8
    .cache = &cache
#endif
};



/*-----------------
 *  PUBLIC FONT
 *----------------*/

/*Initialize a public general font descriptor*/
#if LVGL_VERSION_MAJOR >= 8
const lv_font_t font_vi_20 = {
#else
lv_font_t font_vi_20 = {
#endif
    .get_glyph_dsc = lv_font_get_glyph_dsc_fmt_txt,    /*Function pointer to get glyph's data*/
    .get_glyph_bitmap = lv_font_get_bitmap_fmt_txt,    /*Function pointer to get glyph's bitmap*/
    .line_height = 32,          /*The maximum line height required by the font*/
    .base_line = 6,             /*Baseline measured from the bottom of the line*/
#if !(LVGL_VERSION_MAJOR == 6 && LVGL_VERSION_MINOR == 0)
    .subpx = LV_FONT_SUBPX_NONE,
#endif
#if LV_VERSION_CHECK(7, 4, 0) || LVGL_VERSION_MAJOR >= 8
    .underline_position = -2,
    .underline_thickness = 1,
#endif
    .dsc = &font_dsc,          /*The custom font data. Will be accessed by `get_glyph_bitmap/dsc` */
#if LV_VERSION_CHECK(8, 2, 0) || LVGL_VERSION_MAJOR >= 9
    .fallback = NULL,
#endif
    .user_data = NULL,
};



#endif /*#if FONT_VI_20*/

