/*******************************************************************************
 * Size: 26 px
 * Bpp: 4
 * Opts: --font BeVietnamPro-Medium.ttf -r 0x20-0x7E,0xA0-0xFF,0x102-0x103,0x110-0x111,0x128-0x129,0x168-0x169,0x1A0-0x1A1,0x1AF-0x1B0,0x1EA0-0x1EF9,0x2013-0x2014,0x2018-0x201D,0x2026 --size 26 --bpp 4 --format lvgl --no-compress --lv-include lvgl.h --lv-font-name font_vi_26 -o ../firmware/main/font_vi_26.c
 ******************************************************************************/

#ifdef LV_LVGL_H_INCLUDE_SIMPLE
#include "lvgl.h"
#else
#include "lvgl.h"
#endif

#ifndef FONT_VI_26
#define FONT_VI_26 1
#endif

#if FONT_VI_26

/*-----------------
 *    BITMAPS
 *----------------*/

/*Store the image of the glyphs*/
static LV_ATTRIBUTE_LARGE_CONST const uint8_t glyph_bitmap[] = {
    /* U+0020 " " */

    /* U+0021 "!" */
    0xaf, 0xf6, 0x9f, 0xf6, 0x9f, 0xf6, 0x9f, 0xf5,
    0x9f, 0xf5, 0x8f, 0xf5, 0x8f, 0xf4, 0x8f, 0xf4,
    0x8f, 0xf4, 0x7f, 0xf3, 0x7f, 0xf3, 0x7f, 0xf3,
    0x7f, 0xf2, 0x6f, 0xf2, 0x0, 0x0, 0x7, 0x50,
    0xaf, 0xf7, 0xdf, 0xf9, 0x4e, 0xd2,

    /* U+0022 "\"" */
    0x3f, 0xf5, 0x5f, 0xf3, 0x4f, 0xf2, 0x6f, 0xf0,
    0x4f, 0xf0, 0x6f, 0xd0, 0x5f, 0xc0, 0x7f, 0xa0,
    0x6f, 0x90, 0x8f, 0x70, 0x37, 0x30, 0x47, 0x20,

    /* U+0023 "#" */
    0x0, 0x0, 0x0, 0x1f, 0xf8, 0x0, 0x8, 0xff,
    0x10, 0x0, 0x0, 0x0, 0x0, 0x4f, 0xf5, 0x0,
    0xb, 0xfe, 0x0, 0x0, 0x0, 0x0, 0x0, 0x7f,
    0xf2, 0x0, 0xf, 0xfa, 0x0, 0x0, 0x0, 0x0,
    0x0, 0xaf, 0xf0, 0x0, 0x2f, 0xf7, 0x0, 0x0,
    0x0, 0x0, 0x0, 0xef, 0xb0, 0x0, 0x5f, 0xf4,
    0x0, 0x0, 0x0, 0xef, 0xff, 0xff, 0xff, 0xff,
    0xff, 0xff, 0xff, 0xf0, 0x2, 0xff, 0xff, 0xff,
    0xff, 0xff, 0xff, 0xff, 0xff, 0xc0, 0x3, 0x99,
    0x9d, 0xff, 0xa9, 0x99, 0xff, 0xd9, 0x99, 0x50,
    0x0, 0x0, 0xb, 0xfe, 0x0, 0x2, 0xff, 0x70,
    0x0, 0x0, 0x0, 0x0, 0xe, 0xfb, 0x0, 0x5,
    0xff, 0x30, 0x0, 0x0, 0x0, 0x0, 0x1f, 0xf7,
    0x0, 0x9, 0xff, 0x0, 0x0, 0x0, 0x29, 0x99,
    0xbf, 0xfb, 0x99, 0x9e, 0xff, 0x99, 0x96, 0x0,
    0x7f, 0xff, 0xff, 0xff, 0xff, 0xff, 0xff, 0xff,
    0xf7, 0x0, 0xaf, 0xff, 0xff, 0xff, 0xff, 0xff,
    0xff, 0xff, 0xf3, 0x0, 0x0, 0x0, 0xef, 0xb0,
    0x0, 0x6f, 0xf3, 0x0, 0x0, 0x0, 0x0, 0x2,
    0xff, 0x70, 0x0, 0x9f, 0xf0, 0x0, 0x0, 0x0,
    0x0, 0x5, 0xff, 0x40, 0x0, 0xcf, 0xd0, 0x0,
    0x0, 0x0, 0x0, 0x8, 0xff, 0x10, 0x0, 0xff,
    0x90, 0x0, 0x0, 0x0, 0x0, 0xb, 0xfe, 0x0,
    0x3, 0xff, 0x60, 0x0, 0x0, 0x0,

    /* U+0024 "$" */
    0x0, 0x0, 0x0, 0x14, 0x20, 0x0, 0x0, 0x0,
    0x0, 0x0, 0x5, 0xfb, 0x0, 0x0, 0x0, 0x0,
    0x0, 0x0, 0x5f, 0xb0, 0x0, 0x0, 0x0, 0x0,
    0x6, 0xbf, 0xff, 0xc7, 0x10, 0x0, 0x0, 0x4e,
    0xff, 0xff, 0xff, 0xfe, 0x40, 0x0, 0x3f, 0xff,
    0xdb, 0xfe, 0xdf, 0xff, 0x30, 0xc, 0xff, 0x90,
    0x5f, 0xb0, 0x9f, 0xfc, 0x0, 0xff, 0xe0, 0x5,
    0xfb, 0x0, 0xdf, 0xf2, 0x2f, 0xfc, 0x0, 0x5f,
    0xb0, 0x6, 0xaa, 0x40, 0xff, 0xf1, 0x5, 0xfb,
    0x0, 0x0, 0x0, 0xc, 0xff, 0xe5, 0x6f, 0xb0,
    0x0, 0x0, 0x0, 0x3f, 0xff, 0xff, 0xfd, 0x40,
    0x0, 0x0, 0x0, 0x2c, 0xff, 0xff, 0xff, 0xfa,
    0x20, 0x0, 0x0, 0x3, 0x8d, 0xff, 0xff, 0xff,
    0x50, 0x0, 0x0, 0x0, 0x5f, 0xc8, 0xef, 0xff,
    0x10, 0x0, 0x0, 0x5, 0xfb, 0x1, 0xdf, 0xf7,
    0x68, 0x82, 0x0, 0x5f, 0xb0, 0x5, 0xff, 0x99,
    0xff, 0x80, 0x5, 0xfb, 0x0, 0x5f, 0xf9, 0x4f,
    0xfe, 0x0, 0x5f, 0xb0, 0xb, 0xff, 0x60, 0xdf,
    0xfc, 0x35, 0xfb, 0x2a, 0xff, 0xf1, 0x3, 0xff,
    0xff, 0xff, 0xff, 0xff, 0xf4, 0x0, 0x2, 0xcf,
    0xff, 0xff, 0xff, 0xd3, 0x0, 0x0, 0x0, 0x37,
    0xcf, 0xe8, 0x40, 0x0, 0x0, 0x0, 0x0, 0x5,
    0xfb, 0x0, 0x0, 0x0, 0x0, 0x0, 0x0, 0x5f,
    0xb0, 0x0, 0x0, 0x0,

    /* U+0025 "%" */
    0x0, 0x8d, 0xfe, 0xa2, 0x0, 0x0, 0x4, 0xff,
    0x50, 0x0, 0xc, 0xff, 0xff, 0xfe, 0x20, 0x0,
    0xd, 0xfc, 0x0, 0x0, 0x5f, 0xf4, 0x13, 0xdf,
    0x90, 0x0, 0x6f, 0xf4, 0x0, 0x0, 0x7f, 0xb0,
    0x0, 0x7f, 0xb0, 0x0, 0xef, 0xb0, 0x0, 0x0,
    0x5f, 0xf4, 0x2, 0xdf, 0x90, 0x7, 0xff, 0x20,
    0x0, 0x0, 0xc, 0xff, 0xff, 0xfe, 0x20, 0x1f,
    0xfa, 0x0, 0x0, 0x0, 0x0, 0x8e, 0xfe, 0xa2,
    0x0, 0x9f, 0xf1, 0x0, 0x0, 0x0, 0x0, 0x0,
    0x0, 0x0, 0x2, 0xff, 0x80, 0x0, 0x0, 0x0,
    0x0, 0x0, 0x0, 0x0, 0xa, 0xfe, 0x10, 0x0,
    0x0, 0x0, 0x0, 0x0, 0x0, 0x0, 0x3f, 0xf7,
    0x0, 0x0, 0x0, 0x0, 0x0, 0x0, 0x0, 0x0,
    0xbf, 0xe0, 0x0, 0x0, 0x0, 0x0, 0x0, 0x0,
    0x0, 0x4, 0xff, 0x50, 0x7, 0xdf, 0xe9, 0x10,
    0x0, 0x0, 0x0, 0xd, 0xfc, 0x0, 0xaf, 0xff,
    0xff, 0xd0, 0x0, 0x0, 0x0, 0x6f, 0xf4, 0x3,
    0xff, 0x60, 0x3e, 0xf7, 0x0, 0x0, 0x0, 0xef,
    0xb0, 0x7, 0xfc, 0x0, 0x7, 0xfb, 0x0, 0x0,
    0x7, 0xff, 0x30, 0x7, 0xfb, 0x0, 0x7, 0xfb,
    0x0, 0x0, 0x1f, 0xfa, 0x0, 0x3, 0xff, 0x60,
    0x3e, 0xf7, 0x0, 0x0, 0x8f, 0xf2, 0x0, 0x0,
    0xaf, 0xff, 0xff, 0xd0, 0x0, 0x2, 0xff, 0x80,
    0x0, 0x0, 0x7, 0xdf, 0xe9, 0x10,

    /* U+0026 "&" */
    0x0, 0x0, 0x4b, 0xef, 0xd7, 0x0, 0x0, 0x0,
    0x0, 0x0, 0x8, 0xff, 0xff, 0xff, 0xd1, 0x0,
    0x0, 0x0, 0x0, 0x3f, 0xfd, 0x54, 0x9f, 0xf8,
    0x0, 0x0, 0x0, 0x0, 0x7f, 0xf2, 0x0, 0xc,
    0xfd, 0x0, 0x0, 0x0, 0x0, 0x8f, 0xf0, 0x0,
    0xb, 0xfd, 0x0, 0x0, 0x0, 0x0, 0x6f, 0xf5,
    0x0, 0x2f, 0xf9, 0x0, 0x0, 0x0, 0x0, 0x1e,
    0xff, 0x34, 0xef, 0xe1, 0x0, 0x0, 0x0, 0x0,
    0x4, 0xff, 0xff, 0xfd, 0x20, 0x0, 0x0, 0x0,
    0x0, 0x3, 0xef, 0xff, 0x90, 0x0, 0x8, 0xfd,
    0x0, 0x0, 0x7f, 0xff, 0xff, 0xd1, 0x0, 0xa,
    0xfd, 0x0, 0x6, 0xff, 0xc1, 0xaf, 0xfc, 0x0,
    0xc, 0xfb, 0x0, 0x1f, 0xfd, 0x0, 0xc, 0xff,
    0xb0, 0xf, 0xf8, 0x0, 0x6f, 0xf6, 0x0, 0x0,
    0xcf, 0xfa, 0x4f, 0xf4, 0x0, 0x7f, 0xf4, 0x0,
    0x0, 0x1d, 0xff, 0xff, 0xf0, 0x0, 0x6f, 0xf7,
    0x0, 0x0, 0x2, 0xef, 0xff, 0x80, 0x0, 0x2f,
    0xff, 0x40, 0x0, 0x0, 0x8f, 0xff, 0x70, 0x0,
    0x8, 0xff, 0xfc, 0x87, 0x8d, 0xff, 0xff, 0xf4,
    0x0, 0x0, 0x8f, 0xff, 0xff, 0xff, 0xfd, 0x9f,
    0xff, 0x30, 0x0, 0x2, 0x9d, 0xff, 0xeb, 0x60,
    0xa, 0xff, 0xe1,

    /* U+0027 "'" */
    0x3f, 0xf5, 0x4f, 0xf2, 0x4f, 0xf0, 0x5f, 0xc0,
    0x6f, 0x90, 0x37, 0x30,

    /* U+0028 "(" */
    0x0, 0x0, 0x0, 0x1, 0x53, 0x0, 0x0, 0x1,
    0x9f, 0xf7, 0x0, 0x0, 0x3e, 0xff, 0xf7, 0x0,
    0x3, 0xff, 0xfe, 0x61, 0x0, 0x1e, 0xff, 0xb0,
    0x0, 0x0, 0x9f, 0xfc, 0x0, 0x0, 0x2, 0xff,
    0xf3, 0x0, 0x0, 0x8, 0xff, 0xa0, 0x0, 0x0,
    0xe, 0xff, 0x30, 0x0, 0x0, 0x2f, 0xfe, 0x0,
    0x0, 0x0, 0x5f, 0xfa, 0x0, 0x0, 0x0, 0x8f,
    0xf8, 0x0, 0x0, 0x0, 0x9f, 0xf6, 0x0, 0x0,
    0x0, 0xaf, 0xf5, 0x0, 0x0, 0x0, 0xaf, 0xf5,
    0x0, 0x0, 0x0, 0x9f, 0xf6, 0x0, 0x0, 0x0,
    0x8f, 0xf8, 0x0, 0x0, 0x0, 0x5f, 0xfb, 0x0,
    0x0, 0x0, 0x1f, 0xff, 0x0, 0x0, 0x0, 0xc,
    0xff, 0x50, 0x0, 0x0, 0x7, 0xff, 0xb0, 0x0,
    0x0, 0x1, 0xff, 0xf4, 0x0, 0x0, 0x0, 0x7f,
    0xfe, 0x10, 0x0, 0x0, 0xc, 0xff, 0xd3, 0x0,
    0x0, 0x1, 0xef, 0xff, 0xa2, 0x0, 0x0, 0x1c,
    0xff, 0xf7, 0x0, 0x0, 0x0, 0x6e, 0xf7, 0x0,
    0x0, 0x0, 0x0, 0x22,

    /* U+0029 ")" */
    0x73, 0x0, 0x0, 0x0, 0x0, 0xef, 0xe5, 0x0,
    0x0, 0x0, 0xef, 0xff, 0xa0, 0x0, 0x0, 0x39,
    0xff, 0xfb, 0x0, 0x0, 0x0, 0x4f, 0xff, 0x80,
    0x0, 0x0, 0x4, 0xff, 0xf2, 0x0, 0x0, 0x0,
    0xaf, 0xfa, 0x0, 0x0, 0x0, 0x1f, 0xff, 0x10,
    0x0, 0x0, 0xb, 0xff, 0x60, 0x0, 0x0, 0x6,
    0xff, 0xb0, 0x0, 0x0, 0x2, 0xff, 0xe0, 0x0,
    0x0, 0x0, 0xff, 0xf1, 0x0, 0x0, 0x0, 0xdf,
    0xf2, 0x0, 0x0, 0x0, 0xcf, 0xf3, 0x0, 0x0,
    0x0, 0xcf, 0xf3, 0x0, 0x0, 0x0, 0xdf, 0xf2,
    0x0, 0x0, 0x0, 0xff, 0xf0, 0x0, 0x0, 0x2,
    0xff, 0xd0, 0x0, 0x0, 0x7, 0xff, 0xa0, 0x0,
    0x0, 0xc, 0xff, 0x50, 0x0, 0x0, 0x3f, 0xff,
    0x0, 0x0, 0x0, 0xcf, 0xf8, 0x0, 0x0, 0x7,
    0xff, 0xf1, 0x0, 0x0, 0x7f, 0xff, 0x50, 0x0,
    0x6d, 0xff, 0xf8, 0x0, 0x0, 0xef, 0xff, 0x70,
    0x0, 0x0, 0xef, 0xb2, 0x0, 0x0, 0x0, 0x30,
    0x0, 0x0, 0x0, 0x0,

    /* U+002A "*" */
    0x0, 0x0, 0x9f, 0xa0, 0x0, 0x0, 0x0, 0x0,
    0x9f, 0x90, 0x0, 0x0, 0x11, 0x0, 0x9f, 0x90,
    0x1, 0x10, 0x8f, 0xc6, 0xaf, 0xa6, 0xbf, 0x90,
    0xcf, 0xff, 0xff, 0xff, 0xff, 0xd0, 0x3, 0x8d,
    0xff, 0xfe, 0x94, 0x0, 0x0, 0x9, 0xff, 0xfa,
    0x0, 0x0, 0x0, 0x5f, 0xf9, 0xff, 0x60, 0x0,
    0x2, 0xff, 0x90, 0x9f, 0xf3, 0x0, 0x2, 0xdd,
    0x0, 0xd, 0xd3, 0x0, 0x0, 0x2, 0x0, 0x1,
    0x0, 0x0,

    /* U+002B "+" */
    0x0, 0x0, 0x11, 0x0, 0x0, 0x0, 0x0, 0x1f,
    0xf5, 0x0, 0x0, 0x0, 0x1, 0xff, 0x50, 0x0,
    0x0, 0x0, 0x1f, 0xf5, 0x0, 0x0, 0x66, 0x67,
    0xff, 0x96, 0x66, 0xf, 0xff, 0xff, 0xff, 0xff,
    0xf2, 0xff, 0xff, 0xff, 0xff, 0xff, 0x20, 0x0,
    0x1f, 0xf5, 0x0, 0x0, 0x0, 0x1, 0xff, 0x50,
    0x0, 0x0, 0x0, 0x1f, 0xf5, 0x0, 0x0, 0x0,
    0x1, 0xff, 0x50, 0x0, 0x0,

    /* U+002C "," */
    0x1c, 0xf8, 0x9, 0xff, 0xf1, 0x7f, 0xff, 0x10,
    0x9f, 0xb0, 0x6, 0xf2, 0x1, 0xe8, 0x0, 0x9c,
    0x0, 0x0,

    /* U+002D "-" */
    0x66, 0x66, 0x66, 0x66, 0x64, 0xff, 0xff, 0xff,
    0xff, 0xfb, 0xff, 0xff, 0xff, 0xff, 0xfb,

    /* U+002E "." */
    0x2a, 0x91, 0xcf, 0xfa, 0xdf, 0xfb, 0x4e, 0xd3,

    /* U+002F "/" */
    0x0, 0x0, 0x0, 0x0, 0x0, 0x78, 0x50, 0x0,
    0x0, 0x0, 0x0, 0x5f, 0xf7, 0x0, 0x0, 0x0,
    0x0, 0xb, 0xff, 0x10, 0x0, 0x0, 0x0, 0x1,
    0xff, 0xb0, 0x0, 0x0, 0x0, 0x0, 0x6f, 0xf6,
    0x0, 0x0, 0x0, 0x0, 0xc, 0xff, 0x0, 0x0,
    0x0, 0x0, 0x1, 0xff, 0xa0, 0x0, 0x0, 0x0,
    0x0, 0x7f, 0xf4, 0x0, 0x0, 0x0, 0x0, 0xd,
    0xfe, 0x0, 0x0, 0x0, 0x0, 0x2, 0xff, 0x90,
    0x0, 0x0, 0x0, 0x0, 0x8f, 0xf3, 0x0, 0x0,
    0x0, 0x0, 0xe, 0xfe, 0x0, 0x0, 0x0, 0x0,
    0x3, 0xff, 0x80, 0x0, 0x0, 0x0, 0x0, 0x9f,
    0xf2, 0x0, 0x0, 0x0, 0x0, 0xe, 0xfd, 0x0,
    0x0, 0x0, 0x0, 0x4, 0xff, 0x70, 0x0, 0x0,
    0x0, 0x0, 0xaf, 0xf1, 0x0, 0x0, 0x0, 0x0,
    0xf, 0xfc, 0x0, 0x0, 0x0, 0x0, 0x5, 0xff,
    0x60, 0x0, 0x0, 0x0, 0x0, 0xbf, 0xf1, 0x0,
    0x0, 0x0, 0x0, 0x1f, 0xfb, 0x0, 0x0, 0x0,
    0x0, 0x6, 0xff, 0x50, 0x0, 0x0, 0x0, 0x0,
    0xcf, 0xf0, 0x0, 0x0, 0x0, 0x0, 0x2f, 0xfa,
    0x0, 0x0, 0x0, 0x0, 0x7, 0xff, 0x40, 0x0,
    0x0, 0x0, 0x0, 0xdf, 0xe0, 0x0, 0x0, 0x0,
    0x0,

    /* U+0030 "0" */
    0x0, 0x0, 0x29, 0xdf, 0xec, 0x71, 0x0, 0x0,
    0x0, 0x7, 0xff, 0xff, 0xff, 0xfe, 0x40, 0x0,
    0x0, 0x7f, 0xff, 0xfd, 0xdf, 0xff, 0xf4, 0x0,
    0x2, 0xff, 0xfa, 0x10, 0x2, 0xcf, 0xfe, 0x0,
    0xb, 0xff, 0xb0, 0x0, 0x0, 0x1d, 0xff, 0x70,
    0x1f, 0xff, 0x20, 0x0, 0x0, 0x5, 0xff, 0xd0,
    0x5f, 0xfc, 0x0, 0x0, 0x0, 0x0, 0xff, 0xf1,
    0x8f, 0xf9, 0x0, 0x0, 0x0, 0x0, 0xcf, 0xf5,
    0xaf, 0xf7, 0x0, 0x0, 0x0, 0x0, 0xbf, 0xf6,
    0xbf, 0xf6, 0x0, 0x0, 0x0, 0x0, 0xaf, 0xf7,
    0xaf, 0xf7, 0x0, 0x0, 0x0, 0x0, 0xbf, 0xf6,
    0x8f, 0xf9, 0x0, 0x0, 0x0, 0x0, 0xcf, 0xf5,
    0x5f, 0xfc, 0x0, 0x0, 0x0, 0x0, 0xff, 0xf1,
    0x1f, 0xff, 0x10, 0x0, 0x0, 0x5, 0xff, 0xd0,
    0xb, 0xff, 0xa0, 0x0, 0x0, 0xd, 0xff, 0x70,
    0x2, 0xff, 0xf9, 0x0, 0x1, 0xcf, 0xfe, 0x0,
    0x0, 0x7f, 0xff, 0xfc, 0xcf, 0xff, 0xf4, 0x0,
    0x0, 0x7, 0xff, 0xff, 0xff, 0xfe, 0x40, 0x0,
    0x0, 0x0, 0x29, 0xdf, 0xec, 0x71, 0x0, 0x0,

    /* U+0031 "1" */
    0x0, 0x0, 0x7f, 0xb0, 0x0, 0x9f, 0xfb, 0x38,
    0xef, 0xff, 0xbf, 0xff, 0xff, 0xfb, 0xaa, 0xac,
    0xff, 0xb0, 0x0, 0x4f, 0xfb, 0x0, 0x4, 0xff,
    0xb0, 0x0, 0x4f, 0xfb, 0x0, 0x4, 0xff, 0xb0,
    0x0, 0x4f, 0xfb, 0x0, 0x4, 0xff, 0xb0, 0x0,
    0x4f, 0xfb, 0x0, 0x4, 0xff, 0xb0, 0x0, 0x4f,
    0xfb, 0x0, 0x4, 0xff, 0xb0, 0x0, 0x4f, 0xfb,
    0x0, 0x4, 0xff, 0xb0, 0x0, 0x4f, 0xfb, 0x0,
    0x4, 0xff, 0xb0,

    /* U+0032 "2" */
    0x0, 0x0, 0x6b, 0xef, 0xeb, 0x60, 0x0, 0x0,
    0x1, 0xdf, 0xff, 0xff, 0xff, 0xd2, 0x0, 0x0,
    0xdf, 0xff, 0xdb, 0xef, 0xff, 0xd1, 0x0, 0x7f,
    0xfe, 0x20, 0x0, 0x5f, 0xff, 0x80, 0xd, 0xff,
    0x40, 0x0, 0x0, 0x6f, 0xfd, 0x1, 0xff, 0xe0,
    0x0, 0x0, 0x1, 0xff, 0xf0, 0x15, 0x54, 0x0,
    0x0, 0x0, 0x1f, 0xfe, 0x0, 0x0, 0x0, 0x0,
    0x0, 0x5, 0xff, 0xb0, 0x0, 0x0, 0x0, 0x0,
    0x0, 0xdf, 0xf5, 0x0, 0x0, 0x0, 0x0, 0x0,
    0xbf, 0xfa, 0x0, 0x0, 0x0, 0x0, 0x0, 0xbf,
    0xfc, 0x0, 0x0, 0x0, 0x0, 0x1, 0xcf, 0xfc,
    0x10, 0x0, 0x0, 0x0, 0x2, 0xef, 0xfb, 0x0,
    0x0, 0x0, 0x0, 0x4, 0xff, 0xf9, 0x0, 0x0,
    0x0, 0x0, 0x6, 0xff, 0xf7, 0x0, 0x0, 0x0,
    0x0, 0x8, 0xff, 0xf5, 0x0, 0x0, 0x0, 0x0,
    0xa, 0xff, 0xfd, 0xbb, 0xbb, 0xbb, 0xbb, 0x41,
    0xff, 0xff, 0xff, 0xff, 0xff, 0xff, 0xf6, 0x1f,
    0xff, 0xff, 0xff, 0xff, 0xff, 0xff, 0x60,

    /* U+0033 "3" */
    0x0, 0x0, 0x5b, 0xef, 0xec, 0x71, 0x0, 0x0,
    0x1, 0xcf, 0xff, 0xff, 0xff, 0xf5, 0x0, 0x0,
    0xcf, 0xff, 0xa8, 0x9e, 0xff, 0xf4, 0x0, 0x6f,
    0xfc, 0x10, 0x0, 0xa, 0xff, 0xc0, 0xb, 0xff,
    0x20, 0x0, 0x0, 0xf, 0xff, 0x0, 0x8a, 0x90,
    0x0, 0x0, 0x0, 0xff, 0xf0, 0x0, 0x0, 0x0,
    0x0, 0x0, 0x6f, 0xfa, 0x0, 0x0, 0x0, 0x35,
    0x57, 0xbf, 0xfd, 0x10, 0x0, 0x0, 0xb, 0xff,
    0xff, 0xfa, 0x10, 0x0, 0x0, 0x0, 0xbf, 0xff,
    0xff, 0xf7, 0x0, 0x0, 0x0, 0x0, 0x0, 0x15,
    0xdf, 0xf8, 0x0, 0x0, 0x0, 0x0, 0x0, 0x1,
    0xff, 0xf1, 0x1, 0x11, 0x0, 0x0, 0x0, 0xb,
    0xff, 0x53, 0xff, 0xa0, 0x0, 0x0, 0x0, 0xaf,
    0xf5, 0xf, 0xfe, 0x0, 0x0, 0x0, 0xe, 0xff,
    0x30, 0xaf, 0xfb, 0x10, 0x0, 0xa, 0xff, 0xd0,
    0x1, 0xef, 0xff, 0xb9, 0xae, 0xff, 0xf4, 0x0,
    0x2, 0xdf, 0xff, 0xff, 0xff, 0xe5, 0x0, 0x0,
    0x0, 0x6b, 0xef, 0xec, 0x71, 0x0, 0x0,

    /* U+0034 "4" */
    0x0, 0x0, 0x0, 0x0, 0x5f, 0xff, 0xb0, 0x0,
    0x0, 0x0, 0x0, 0x2, 0xff, 0xff, 0xb0, 0x0,
    0x0, 0x0, 0x0, 0xc, 0xff, 0xff, 0xb0, 0x0,
    0x0, 0x0, 0x0, 0x8f, 0xfd, 0xff, 0xb0, 0x0,
    0x0, 0x0, 0x4, 0xff, 0xc5, 0xff, 0xb0, 0x0,
    0x0, 0x0, 0x1e, 0xff, 0x25, 0xff, 0xb0, 0x0,
    0x0, 0x0, 0xbf, 0xf6, 0x5, 0xff, 0xb0, 0x0,
    0x0, 0x7, 0xff, 0xa0, 0x5, 0xff, 0xb0, 0x0,
    0x0, 0x3f, 0xfd, 0x0, 0x5, 0xff, 0xb0, 0x0,
    0x0, 0xdf, 0xf3, 0x0, 0x5, 0xff, 0xb0, 0x0,
    0xa, 0xff, 0x70, 0x0, 0x5, 0xff, 0xb0, 0x0,
    0x6f, 0xfb, 0x0, 0x0, 0x5, 0xff, 0xb0, 0x0,
    0xaf, 0xff, 0xff, 0xff, 0xff, 0xff, 0xff, 0xff,
    0xaf, 0xff, 0xff, 0xff, 0xff, 0xff, 0xff, 0xff,
    0x69, 0x99, 0x99, 0x99, 0x9b, 0xff, 0xe9, 0x98,
    0x0, 0x0, 0x0, 0x0, 0x5, 0xff, 0xb0, 0x0,
    0x0, 0x0, 0x0, 0x0, 0x5, 0xff, 0xb0, 0x0,
    0x0, 0x0, 0x0, 0x0, 0x5, 0xff, 0xb0, 0x0,
    0x0, 0x0, 0x0, 0x0, 0x5, 0xff, 0xb0, 0x0,

    /* U+0035 "5" */
    0x0, 0x6f, 0xff, 0xff, 0xff, 0xff, 0xf5, 0x0,
    0x8, 0xff, 0xff, 0xff, 0xff, 0xff, 0x50, 0x0,
    0xbf, 0xfa, 0xaa, 0xaa, 0xaa, 0xa3, 0x0, 0xd,
    0xfb, 0x0, 0x0, 0x0, 0x0, 0x0, 0x0, 0xff,
    0x80, 0x0, 0x0, 0x0, 0x0, 0x0, 0x2f, 0xf6,
    0x3, 0x66, 0x41, 0x0, 0x0, 0x5, 0xff, 0x6c,
    0xff, 0xff, 0xf9, 0x0, 0x0, 0x7f, 0xff, 0xff,
    0xff, 0xff, 0xfc, 0x0, 0x9, 0xff, 0xf9, 0x20,
    0x17, 0xff, 0xf9, 0x0, 0xcf, 0xf8, 0x0, 0x0,
    0x3, 0xff, 0xf1, 0x3, 0x44, 0x0, 0x0, 0x0,
    0xa, 0xff, 0x60, 0x0, 0x0, 0x0, 0x0, 0x0,
    0x6f, 0xf9, 0x1, 0x10, 0x0, 0x0, 0x0, 0x5,
    0xff, 0xa4, 0xff, 0x90, 0x0, 0x0, 0x0, 0x7f,
    0xf8, 0xf, 0xfe, 0x10, 0x0, 0x0, 0xd, 0xff,
    0x40, 0x9f, 0xfb, 0x0, 0x0, 0xa, 0xff, 0xd0,
    0x1, 0xef, 0xfe, 0xa9, 0xae, 0xff, 0xf3, 0x0,
    0x2, 0xdf, 0xff, 0xff, 0xff, 0xe4, 0x0, 0x0,
    0x0, 0x6c, 0xef, 0xec, 0x70, 0x0, 0x0,

    /* U+0036 "6" */
    0x0, 0x0, 0x0, 0x38, 0xce, 0xff, 0xd6, 0x0,
    0x0, 0x0, 0x1b, 0xff, 0xff, 0xff, 0xf8, 0x0,
    0x0, 0x2, 0xef, 0xff, 0xfd, 0xcc, 0xe8, 0x0,
    0x0, 0x1d, 0xff, 0xd5, 0x0, 0x0, 0x0, 0x0,
    0x0, 0x9f, 0xfb, 0x0, 0x0, 0x0, 0x0, 0x0,
    0x2, 0xff, 0xe0, 0x0, 0x0, 0x0, 0x0, 0x0,
    0x8, 0xff, 0x62, 0xae, 0xfe, 0xc6, 0x0, 0x0,
    0xc, 0xff, 0x7f, 0xff, 0xff, 0xff, 0xc1, 0x0,
    0xf, 0xff, 0xff, 0xd8, 0x8b, 0xff, 0xfc, 0x0,
    0x2f, 0xff, 0xf9, 0x0, 0x0, 0x3f, 0xff, 0x60,
    0x2f, 0xff, 0xc0, 0x0, 0x0, 0x6, 0xff, 0xc0,
    0x2f, 0xff, 0x70, 0x0, 0x0, 0x0, 0xff, 0xf0,
    0xf, 0xff, 0x50, 0x0, 0x0, 0x0, 0xff, 0xf0,
    0xc, 0xff, 0x70, 0x0, 0x0, 0x0, 0xff, 0xe0,
    0x7, 0xff, 0xd0, 0x0, 0x0, 0x6, 0xff, 0xa0,
    0x1, 0xef, 0xfa, 0x0, 0x0, 0x4f, 0xff, 0x40,
    0x0, 0x5f, 0xff, 0xea, 0x9c, 0xff, 0xfa, 0x0,
    0x0, 0x5, 0xff, 0xff, 0xff, 0xff, 0xa0, 0x0,
    0x0, 0x0, 0x18, 0xde, 0xfe, 0xa4, 0x0, 0x0,

    /* U+0037 "7" */
    0xbf, 0xff, 0xff, 0xff, 0xff, 0xff, 0xfb, 0xbf,
    0xff, 0xff, 0xff, 0xff, 0xff, 0xfb, 0x7a, 0xaa,
    0xaa, 0xaa, 0xaa, 0xff, 0xf7, 0x0, 0x0, 0x0,
    0x0, 0x5, 0xff, 0x90, 0x0, 0x0, 0x0, 0x0,
    0x2f, 0xfd, 0x0, 0x0, 0x0, 0x0, 0x0, 0xcf,
    0xf2, 0x0, 0x0, 0x0, 0x0, 0x7, 0xff, 0x80,
    0x0, 0x0, 0x0, 0x0, 0x1f, 0xfe, 0x0, 0x0,
    0x0, 0x0, 0x0, 0x9f, 0xf5, 0x0, 0x0, 0x0,
    0x0, 0x1, 0xff, 0xd0, 0x0, 0x0, 0x0, 0x0,
    0x8, 0xff, 0x60, 0x0, 0x0, 0x0, 0x0, 0xe,
    0xff, 0x10, 0x0, 0x0, 0x0, 0x0, 0x4f, 0xfa,
    0x0, 0x0, 0x0, 0x0, 0x0, 0x9f, 0xf5, 0x0,
    0x0, 0x0, 0x0, 0x0, 0xef, 0xf1, 0x0, 0x0,
    0x0, 0x0, 0x1, 0xff, 0xe0, 0x0, 0x0, 0x0,
    0x0, 0x4, 0xff, 0xb0, 0x0, 0x0, 0x0, 0x0,
    0x6, 0xff, 0x90, 0x0, 0x0, 0x0, 0x0, 0x7,
    0xff, 0x80, 0x0, 0x0, 0x0,

    /* U+0038 "8" */
    0x0, 0x1, 0x7c, 0xef, 0xeb, 0x60, 0x0, 0x0,
    0x4, 0xef, 0xff, 0xff, 0xff, 0xd2, 0x0, 0x3,
    0xff, 0xfc, 0x76, 0x8e, 0xff, 0xe0, 0x0, 0xbf,
    0xf9, 0x0, 0x0, 0xc, 0xff, 0x70, 0xe, 0xff,
    0x0, 0x0, 0x0, 0x4f, 0xfb, 0x0, 0xff, 0xf0,
    0x0, 0x0, 0x3, 0xff, 0xb0, 0xb, 0xff, 0x70,
    0x0, 0x0, 0xbf, 0xf7, 0x0, 0x2f, 0xff, 0xb6,
    0x56, 0xdf, 0xfd, 0x0, 0x0, 0x2c, 0xff, 0xff,
    0xff, 0xf9, 0x10, 0x0, 0x3, 0xcf, 0xff, 0xff,
    0xff, 0xa1, 0x0, 0x5, 0xff, 0xe5, 0x10, 0x27,
    0xff, 0xe2, 0x0, 0xff, 0xe1, 0x0, 0x0, 0x4,
    0xff, 0xc0, 0x5f, 0xf8, 0x0, 0x0, 0x0, 0xc,
    0xff, 0x17, 0xff, 0x60, 0x0, 0x0, 0x0, 0xaf,
    0xf3, 0x5f, 0xfb, 0x0, 0x0, 0x0, 0xe, 0xff,
    0x21, 0xff, 0xf6, 0x0, 0x0, 0xa, 0xff, 0xd0,
    0x7, 0xff, 0xfc, 0x87, 0x8e, 0xff, 0xf4, 0x0,
    0x7, 0xff, 0xff, 0xff, 0xff, 0xe4, 0x0, 0x0,
    0x2, 0x8c, 0xef, 0xec, 0x71, 0x0, 0x0,

    /* U+0039 "9" */
    0x0, 0x0, 0x6b, 0xef, 0xec, 0x70, 0x0, 0x0,
    0x0, 0x2d, 0xff, 0xff, 0xff, 0xfe, 0x30, 0x0,
    0x1, 0xdf, 0xff, 0xb9, 0xae, 0xff, 0xf2, 0x0,
    0x8, 0xff, 0xd2, 0x0, 0x0, 0xaf, 0xfc, 0x0,
    0xe, 0xff, 0x20, 0x0, 0x0, 0xd, 0xff, 0x40,
    0x2f, 0xfd, 0x0, 0x0, 0x0, 0x8, 0xff, 0xa0,
    0x2f, 0xfd, 0x0, 0x0, 0x0, 0x8, 0xff, 0xd0,
    0xf, 0xff, 0x10, 0x0, 0x0, 0xc, 0xff, 0xf0,
    0xa, 0xff, 0xc1, 0x0, 0x0, 0x8f, 0xff, 0xf0,
    0x2, 0xff, 0xfe, 0x97, 0x8d, 0xff, 0xff, 0xf0,
    0x0, 0x4e, 0xff, 0xff, 0xff, 0xf7, 0xff, 0xd0,
    0x0, 0x1, 0x8c, 0xef, 0xd9, 0x27, 0xff, 0xa0,
    0x0, 0x0, 0x0, 0x0, 0x0, 0xd, 0xff, 0x50,
    0x0, 0x0, 0x0, 0x0, 0x0, 0x6f, 0xfe, 0x0,
    0x0, 0x0, 0x0, 0x0, 0x3, 0xff, 0xf7, 0x0,
    0x0, 0x0, 0x0, 0x1, 0x8f, 0xff, 0xc0, 0x0,
    0x0, 0xbe, 0xcc, 0xdf, 0xff, 0xfd, 0x10, 0x0,
    0x0, 0xbf, 0xff, 0xff, 0xff, 0x90, 0x0, 0x0,
    0x0, 0x7d, 0xff, 0xec, 0x82, 0x0, 0x0, 0x0,

    /* U+003A ":" */
    0x5e, 0xd3, 0xef, 0xfb, 0xcf, 0xfa, 0x2a, 0x91,
    0x0, 0x0, 0x0, 0x0, 0x0, 0x0, 0x0, 0x0,
    0x0, 0x0, 0x0, 0x0, 0x2a, 0x91, 0xcf, 0xfa,
    0xdf, 0xfb, 0x4e, 0xd3,

    /* U+003B ";" */
    0x2d, 0xe5, 0xa, 0xff, 0xe0, 0x9f, 0xfd, 0x1,
    0x9a, 0x20, 0x0, 0x0, 0x0, 0x0, 0x0, 0x0,
    0x0, 0x0, 0x0, 0x0, 0x0, 0x0, 0x0, 0x0,
    0x0, 0x5, 0x72, 0x6, 0xff, 0xe0, 0x9f, 0xff,
    0x22, 0xef, 0xd0, 0x3, 0xf5, 0x0, 0xda, 0x0,
    0x7e, 0x10, 0x3, 0x20, 0x0,

    /* U+003C "<" */
    0x0, 0x0, 0x0, 0x0, 0x0, 0x30, 0x0, 0x0,
    0x0, 0x18, 0xe9, 0x0, 0x0, 0x2, 0x9f, 0xff,
    0x90, 0x0, 0x3a, 0xff, 0xff, 0x92, 0x4, 0xbf,
    0xff, 0xe7, 0x10, 0xc, 0xff, 0xfc, 0x50, 0x0,
    0x0, 0xff, 0xfd, 0x40, 0x0, 0x0, 0x6, 0xdf,
    0xff, 0xc5, 0x0, 0x0, 0x0, 0x5c, 0xff, 0xfe,
    0x71, 0x0, 0x0, 0x3, 0xbf, 0xff, 0xf6, 0x0,
    0x0, 0x0, 0x2a, 0xff, 0x90, 0x0, 0x0, 0x0,
    0x1, 0x88, 0x0, 0x0, 0x0, 0x0, 0x0, 0x0,

    /* U+003D "=" */
    0x77, 0x77, 0x77, 0x77, 0x77, 0x77, 0x70, 0xff,
    0xff, 0xff, 0xff, 0xff, 0xff, 0xf0, 0xff, 0xff,
    0xff, 0xff, 0xff, 0xff, 0xf0, 0x0, 0x0, 0x0,
    0x0, 0x0, 0x0, 0x0, 0x0, 0x0, 0x0, 0x0,
    0x0, 0x0, 0x0, 0x0, 0x0, 0x0, 0x0, 0x0,
    0x0, 0x0, 0x77, 0x77, 0x77, 0x77, 0x77, 0x77,
    0x70, 0xff, 0xff, 0xff, 0xff, 0xff, 0xff, 0xf0,
    0xff, 0xff, 0xff, 0xff, 0xff, 0xff, 0xf0,

    /* U+003E ">" */
    0x40, 0x0, 0x0, 0x0, 0x0, 0xf, 0xc5, 0x0,
    0x0, 0x0, 0x0, 0xff, 0xfd, 0x60, 0x0, 0x0,
    0x5, 0xcf, 0xff, 0xe7, 0x10, 0x0, 0x0, 0x3a,
    0xff, 0xff, 0x81, 0x0, 0x0, 0x1, 0x8e, 0xff,
    0xf6, 0x0, 0x0, 0x0, 0x7f, 0xff, 0x90, 0x0,
    0x18, 0xff, 0xff, 0xa2, 0x3, 0xaf, 0xff, 0xf9,
    0x20, 0xb, 0xff, 0xfe, 0x81, 0x0, 0x0, 0xff,
    0xe7, 0x0, 0x0, 0x0, 0xc, 0x50, 0x0, 0x0,
    0x0, 0x0, 0x0, 0x0, 0x0, 0x0, 0x0, 0x0,

    /* U+003F "?" */
    0x0, 0x3, 0x9d, 0xfe, 0xc7, 0x0, 0x0, 0x9,
    0xff, 0xff, 0xff, 0xfe, 0x30, 0x9, 0xff, 0xfd,
    0xac, 0xff, 0xff, 0x22, 0xff, 0xf5, 0x0, 0x2,
    0xdf, 0xf9, 0x7f, 0xf8, 0x0, 0x0, 0x4, 0xff,
    0xd9, 0xff, 0x40, 0x0, 0x0, 0x1f, 0xff, 0x0,
    0x0, 0x0, 0x0, 0x4, 0xff, 0xd0, 0x0, 0x0,
    0x0, 0x2, 0xef, 0xf6, 0x0, 0x0, 0x0, 0x3,
    0xef, 0xfa, 0x0, 0x0, 0x0, 0x5, 0xff, 0xfa,
    0x0, 0x0, 0x0, 0x3, 0xff, 0xf7, 0x0, 0x0,
    0x0, 0x0, 0xcf, 0xf7, 0x0, 0x0, 0x0, 0x0,
    0xf, 0xff, 0x0, 0x0, 0x0, 0x0, 0x0, 0xbb,
    0xa0, 0x0, 0x0, 0x0, 0x0, 0x0, 0x0, 0x0,
    0x0, 0x0, 0x0, 0x0, 0x38, 0x30, 0x0, 0x0,
    0x0, 0x0, 0x2f, 0xff, 0x10, 0x0, 0x0, 0x0,
    0x3, 0xff, 0xf2, 0x0, 0x0, 0x0, 0x0, 0xa,
    0xf9, 0x0, 0x0, 0x0,

    /* U+0040 "@" */
    0x0, 0x0, 0x0, 0x2, 0x7b, 0xde, 0xfe, 0xc9,
    0x50, 0x0, 0x0, 0x0, 0x0, 0x0, 0x3, 0xbf,
    0xff, 0xff, 0xff, 0xff, 0xfe, 0x80, 0x0, 0x0,
    0x0, 0x0, 0x7f, 0xff, 0xfa, 0x76, 0x56, 0x9c,
    0xff, 0xfd, 0x30, 0x0, 0x0, 0x9, 0xff, 0xe7,
    0x0, 0x0, 0x0, 0x0, 0x2a, 0xff, 0xf4, 0x0,
    0x0, 0x6f, 0xfd, 0x10, 0x0, 0x0, 0x0, 0x0,
    0x0, 0x4f, 0xff, 0x20, 0x2, 0xff, 0xe1, 0x0,
    0x3b, 0xef, 0xc4, 0x5f, 0xf5, 0x4, 0xff, 0xb0,
    0xa, 0xff, 0x40, 0x5, 0xff, 0xff, 0xff, 0xbf,
    0xf5, 0x0, 0x8f, 0xf3, 0x1f, 0xfb, 0x0, 0x1e,
    0xff, 0x94, 0x5d, 0xff, 0xf5, 0x0, 0x1f, 0xf8,
    0x5f, 0xf5, 0x0, 0x6f, 0xf8, 0x0, 0x1, 0xff,
    0xf5, 0x0, 0xc, 0xfc, 0x8f, 0xf1, 0x0, 0xaf,
    0xf1, 0x0, 0x0, 0xaf, 0xf5, 0x0, 0xa, 0xfd,
    0xaf, 0xf0, 0x0, 0xbf, 0xf0, 0x0, 0x0, 0x7f,
    0xf5, 0x0, 0x9, 0xfe, 0xaf, 0xe0, 0x0, 0xaf,
    0xf1, 0x0, 0x0, 0x9f, 0xf7, 0x0, 0xb, 0xfd,
    0x9f, 0xf0, 0x0, 0x7f, 0xf6, 0x0, 0x0, 0xef,
    0xfa, 0x0, 0xe, 0xfa, 0x7f, 0xf3, 0x0, 0x2f,
    0xff, 0x50, 0x2b, 0xff, 0xff, 0x41, 0x8f, 0xf4,
    0x3f, 0xf8, 0x0, 0x7, 0xff, 0xff, 0xff, 0xa6,
    0xff, 0xff, 0xff, 0xa0, 0xd, 0xff, 0x10, 0x0,
    0x6e, 0xff, 0xf9, 0x0, 0x6e, 0xff, 0xf9, 0x0,
    0x5, 0xff, 0xa0, 0x0, 0x0, 0x23, 0x0, 0x0,
    0x0, 0x22, 0x0, 0x0, 0x0, 0xcf, 0xf9, 0x0,
    0x0, 0x0, 0x0, 0x0, 0x0, 0x0, 0x0, 0x0,
    0x0, 0x1e, 0xff, 0xb2, 0x0, 0x0, 0x0, 0x0,
    0x0, 0x30, 0x0, 0x0, 0x0, 0x2, 0xdf, 0xff,
    0xa6, 0x21, 0x0, 0x25, 0xaf, 0xe0, 0x0, 0x0,
    0x0, 0x0, 0x9, 0xff, 0xff, 0xff, 0xff, 0xff,
    0xff, 0xf4, 0x0, 0x0, 0x0, 0x0, 0x0, 0x28,
    0xcf, 0xff, 0xff, 0xff, 0xd9, 0x30, 0x0, 0x0,
    0x0, 0x0, 0x0, 0x0, 0x1, 0x34, 0x54, 0x31,
    0x0, 0x0, 0x0, 0x0,

    /* U+0041 "A" */
    0x0, 0x0, 0x0, 0x6f, 0xff, 0xd0, 0x0, 0x0,
    0x0, 0x0, 0x0, 0x0, 0xcf, 0xff, 0xf2, 0x0,
    0x0, 0x0, 0x0, 0x0, 0x2, 0xff, 0xff, 0xf8,
    0x0, 0x0, 0x0, 0x0, 0x0, 0x7, 0xff, 0xcf,
    0xfe, 0x0, 0x0, 0x0, 0x0, 0x0, 0xd, 0xff,
    0x4d, 0xff, 0x30, 0x0, 0x0, 0x0, 0x0, 0x3f,
    0xfe, 0x7, 0xff, 0x90, 0x0, 0x0, 0x0, 0x0,
    0x8f, 0xf8, 0x2, 0xff, 0xe0, 0x0, 0x0, 0x0,
    0x0, 0xef, 0xf3, 0x0, 0xcf, 0xf4, 0x0, 0x0,
    0x0, 0x4, 0xff, 0xd0, 0x0, 0x6f, 0xfa, 0x0,
    0x0, 0x0, 0x9, 0xff, 0x80, 0x0, 0x1f, 0xff,
    0x0, 0x0, 0x0, 0xe, 0xff, 0x20, 0x0, 0xb,
    0xff, 0x50, 0x0, 0x0, 0x4f, 0xfc, 0x0, 0x0,
    0x6, 0xff, 0xb0, 0x0, 0x0, 0xaf, 0xff, 0xff,
    0xff, 0xff, 0xff, 0xf1, 0x0, 0x0, 0xff, 0xff,
    0xff, 0xff, 0xff, 0xff, 0xf6, 0x0, 0x5, 0xff,
    0xeb, 0xbb, 0xbb, 0xbb, 0xcf, 0xfc, 0x0, 0xb,
    0xff, 0x70, 0x0, 0x0, 0x0, 0xf, 0xff, 0x20,
    0x1f, 0xff, 0x10, 0x0, 0x0, 0x0, 0xa, 0xff,
    0x70, 0x6f, 0xfc, 0x0, 0x0, 0x0, 0x0, 0x5,
    0xff, 0xd0, 0xcf, 0xf6, 0x0, 0x0, 0x0, 0x0,
    0x0, 0xff, 0xf3,

    /* U+0042 "B" */
    0xf, 0xff, 0xff, 0xff, 0xff, 0xd8, 0x10, 0x0,
    0xf, 0xff, 0xff, 0xff, 0xff, 0xff, 0xf4, 0x0,
    0xf, 0xff, 0x99, 0x99, 0x9b, 0xff, 0xff, 0x10,
    0xf, 0xff, 0x0, 0x0, 0x0, 0x2e, 0xff, 0x80,
    0xf, 0xff, 0x0, 0x0, 0x0, 0x6, 0xff, 0xb0,
    0xf, 0xff, 0x0, 0x0, 0x0, 0x4, 0xff, 0xa0,
    0xf, 0xff, 0x0, 0x0, 0x0, 0x9, 0xff, 0x60,
    0xf, 0xff, 0x0, 0x0, 0x2, 0x8f, 0xfc, 0x0,
    0xf, 0xff, 0xff, 0xff, 0xff, 0xff, 0x90, 0x0,
    0xf, 0xff, 0xff, 0xff, 0xff, 0xff, 0xc3, 0x0,
    0xf, 0xff, 0x66, 0x66, 0x67, 0xaf, 0xff, 0x50,
    0xf, 0xff, 0x0, 0x0, 0x0, 0x4, 0xff, 0xf1,
    0xf, 0xff, 0x0, 0x0, 0x0, 0x0, 0xbf, 0xf5,
    0xf, 0xff, 0x0, 0x0, 0x0, 0x0, 0x9f, 0xf7,
    0xf, 0xff, 0x0, 0x0, 0x0, 0x0, 0xcf, 0xf5,
    0xf, 0xff, 0x0, 0x0, 0x0, 0x7, 0xff, 0xf1,
    0xf, 0xff, 0x99, 0x99, 0x9a, 0xdf, 0xff, 0x90,
    0xf, 0xff, 0xff, 0xff, 0xff, 0xff, 0xfa, 0x0,
    0xf, 0xff, 0xff, 0xff, 0xff, 0xda, 0x40, 0x0,

    /* U+0043 "C" */
    0x0, 0x0, 0x2, 0x8c, 0xef, 0xed, 0x93, 0x0,
    0x0, 0x0, 0x0, 0x9f, 0xff, 0xff, 0xff, 0xff,
    0xb1, 0x0, 0x0, 0x1c, 0xff, 0xff, 0xec, 0xdf,
    0xff, 0xfd, 0x10, 0x0, 0xbf, 0xff, 0x92, 0x0,
    0x0, 0x7f, 0xff, 0xb0, 0x6, 0xff, 0xf5, 0x0,
    0x0, 0x0, 0x3, 0xff, 0xf3, 0xd, 0xff, 0x80,
    0x0, 0x0, 0x0, 0x0, 0x8f, 0xf9, 0x3f, 0xff,
    0x10, 0x0, 0x0, 0x0, 0x0, 0x18, 0x87, 0x7f,
    0xfb, 0x0, 0x0, 0x0, 0x0, 0x0, 0x0, 0x0,
    0x9f, 0xf8, 0x0, 0x0, 0x0, 0x0, 0x0, 0x0,
    0x0, 0xaf, 0xf7, 0x0, 0x0, 0x0, 0x0, 0x0,
    0x0, 0x0, 0x9f, 0xf8, 0x0, 0x0, 0x0, 0x0,
    0x0, 0x0, 0x0, 0x7f, 0xfb, 0x0, 0x0, 0x0,
    0x0, 0x0, 0x0, 0x0, 0x3f, 0xff, 0x10, 0x0,
    0x0, 0x0, 0x0, 0x19, 0x97, 0xd, 0xff, 0x80,
    0x0, 0x0, 0x0, 0x0, 0x8f, 0xf9, 0x6, 0xff,
    0xf5, 0x0, 0x0, 0x0, 0x3, 0xff, 0xf3, 0x0,
    0xbf, 0xff, 0x92, 0x0, 0x0, 0x6f, 0xff, 0xb0,
    0x0, 0x1c, 0xff, 0xff, 0xec, 0xdf, 0xff, 0xfd,
    0x10, 0x0, 0x0, 0x9f, 0xff, 0xff, 0xff, 0xff,
    0xb1, 0x0, 0x0, 0x0, 0x2, 0x8c, 0xef, 0xfd,
    0x93, 0x0, 0x0,

    /* U+0044 "D" */
    0xf, 0xff, 0xff, 0xff, 0xec, 0x83, 0x0, 0x0,
    0x0, 0xff, 0xff, 0xff, 0xff, 0xff, 0xfa, 0x10,
    0x0, 0xf, 0xff, 0xaa, 0xaa, 0xbf, 0xff, 0xfd,
    0x20, 0x0, 0xff, 0xf0, 0x0, 0x0, 0x6, 0xef,
    0xfd, 0x0, 0xf, 0xff, 0x0, 0x0, 0x0, 0x2,
    0xef, 0xf8, 0x0, 0xff, 0xf0, 0x0, 0x0, 0x0,
    0x5, 0xff, 0xf0, 0xf, 0xff, 0x0, 0x0, 0x0,
    0x0, 0xd, 0xff, 0x50, 0xff, 0xf0, 0x0, 0x0,
    0x0, 0x0, 0x7f, 0xf9, 0xf, 0xff, 0x0, 0x0,
    0x0, 0x0, 0x4, 0xff, 0xc0, 0xff, 0xf0, 0x0,
    0x0, 0x0, 0x0, 0x3f, 0xfd, 0xf, 0xff, 0x0,
    0x0, 0x0, 0x0, 0x4, 0xff, 0xc0, 0xff, 0xf0,
    0x0, 0x0, 0x0, 0x0, 0x7f, 0xf9, 0xf, 0xff,
    0x0, 0x0, 0x0, 0x0, 0xd, 0xff, 0x50, 0xff,
    0xf0, 0x0, 0x0, 0x0, 0x5, 0xff, 0xf0, 0xf,
    0xff, 0x0, 0x0, 0x0, 0x2, 0xef, 0xf8, 0x0,
    0xff, 0xf0, 0x0, 0x0, 0x6, 0xff, 0xfd, 0x0,
    0xf, 0xff, 0xaa, 0xaa, 0xcf, 0xff, 0xfd, 0x20,
    0x0, 0xff, 0xff, 0xff, 0xff, 0xff, 0xfa, 0x10,
    0x0, 0xf, 0xff, 0xff, 0xff, 0xed, 0x83, 0x0,
    0x0, 0x0,

    /* U+0045 "E" */
    0xf, 0xff, 0xff, 0xff, 0xff, 0xff, 0xf8, 0xf,
    0xff, 0xff, 0xff, 0xff, 0xff, 0xf8, 0xf, 0xff,
    0xaa, 0xaa, 0xaa, 0xaa, 0xa5, 0xf, 0xff, 0x0,
    0x0, 0x0, 0x0, 0x0, 0xf, 0xff, 0x0, 0x0,
    0x0, 0x0, 0x0, 0xf, 0xff, 0x0, 0x0, 0x0,
    0x0, 0x0, 0xf, 0xff, 0x0, 0x0, 0x0, 0x0,
    0x0, 0xf, 0xff, 0x0, 0x0, 0x0, 0x0, 0x0,
    0xf, 0xff, 0xff, 0xff, 0xff, 0xff, 0x50, 0xf,
    0xff, 0xff, 0xff, 0xff, 0xff, 0x50, 0xf, 0xff,
    0x99, 0x99, 0x99, 0x99, 0x30, 0xf, 0xff, 0x0,
    0x0, 0x0, 0x0, 0x0, 0xf, 0xff, 0x0, 0x0,
    0x0, 0x0, 0x0, 0xf, 0xff, 0x0, 0x0, 0x0,
    0x0, 0x0, 0xf, 0xff, 0x0, 0x0, 0x0, 0x0,
    0x0, 0xf, 0xff, 0x0, 0x0, 0x0, 0x0, 0x0,
    0xf, 0xff, 0xaa, 0xaa, 0xaa, 0xaa, 0xa6, 0xf,
    0xff, 0xff, 0xff, 0xff, 0xff, 0xfa, 0xf, 0xff,
    0xff, 0xff, 0xff, 0xff, 0xfa,

    /* U+0046 "F" */
    0xf, 0xff, 0xff, 0xff, 0xff, 0xff, 0xfe, 0xf,
    0xff, 0xff, 0xff, 0xff, 0xff, 0xfe, 0xf, 0xff,
    0xaa, 0xaa, 0xaa, 0xaa, 0xa9, 0xf, 0xff, 0x0,
    0x0, 0x0, 0x0, 0x0, 0xf, 0xff, 0x0, 0x0,
    0x0, 0x0, 0x0, 0xf, 0xff, 0x0, 0x0, 0x0,
    0x0, 0x0, 0xf, 0xff, 0x0, 0x0, 0x0, 0x0,
    0x0, 0xf, 0xff, 0x0, 0x0, 0x0, 0x0, 0x0,
    0xf, 0xff, 0xaa, 0xaa, 0xaa, 0xaa, 0x70, 0xf,
    0xff, 0xff, 0xff, 0xff, 0xff, 0xb0, 0xf, 0xff,
    0xff, 0xff, 0xff, 0xff, 0xb0, 0xf, 0xff, 0x0,
    0x0, 0x0, 0x0, 0x0, 0xf, 0xff, 0x0, 0x0,
    0x0, 0x0, 0x0, 0xf, 0xff, 0x0, 0x0, 0x0,
    0x0, 0x0, 0xf, 0xff, 0x0, 0x0, 0x0, 0x0,
    0x0, 0xf, 0xff, 0x0, 0x0, 0x0, 0x0, 0x0,
    0xf, 0xff, 0x0, 0x0, 0x0, 0x0, 0x0, 0xf,
    0xff, 0x0, 0x0, 0x0, 0x0, 0x0, 0xf, 0xff,
    0x0, 0x0, 0x0, 0x0, 0x0,

    /* U+0047 "G" */
    0x0, 0x0, 0x2, 0x7c, 0xef, 0xfd, 0xa5, 0x0,
    0x0, 0x0, 0x0, 0x8, 0xff, 0xff, 0xff, 0xff,
    0xfd, 0x30, 0x0, 0x0, 0x1c, 0xff, 0xff, 0xdc,
    0xce, 0xff, 0xff, 0x30, 0x0, 0xb, 0xff, 0xf9,
    0x10, 0x0, 0x3, 0xdf, 0xfe, 0x0, 0x6, 0xff,
    0xf5, 0x0, 0x0, 0x0, 0x0, 0xdf, 0xf7, 0x0,
    0xdf, 0xf8, 0x0, 0x0, 0x0, 0x0, 0x4, 0xff,
    0xd0, 0x3f, 0xff, 0x0, 0x0, 0x0, 0x0, 0x0,
    0x0, 0x0, 0x7, 0xff, 0xa0, 0x0, 0x0, 0x0,
    0x0, 0x0, 0x0, 0x0, 0x9f, 0xf7, 0x0, 0x0,
    0x1, 0x77, 0x77, 0x77, 0x77, 0x1a, 0xff, 0x60,
    0x0, 0x0, 0x3f, 0xff, 0xff, 0xff, 0xf3, 0xaf,
    0xf7, 0x0, 0x0, 0x3, 0xff, 0xff, 0xff, 0xff,
    0x38, 0xff, 0xa0, 0x0, 0x0, 0x0, 0x0, 0x0,
    0xcf, 0xf1, 0x4f, 0xff, 0x10, 0x0, 0x0, 0x0,
    0x0, 0xf, 0xff, 0x0, 0xef, 0xf8, 0x0, 0x0,
    0x0, 0x0, 0x6, 0xff, 0xb0, 0x6, 0xff, 0xf5,
    0x0, 0x0, 0x0, 0x2, 0xef, 0xf4, 0x0, 0xc,
    0xff, 0xf9, 0x10, 0x0, 0x5, 0xef, 0xfa, 0x0,
    0x0, 0x1c, 0xff, 0xff, 0xdc, 0xcf, 0xff, 0xfd,
    0x0, 0x0, 0x0, 0x9, 0xff, 0xff, 0xff, 0xff,
    0xfa, 0x0, 0x0, 0x0, 0x0, 0x2, 0x8c, 0xef,
    0xfd, 0x93, 0x0, 0x0, 0x0,

    /* U+0048 "H" */
    0xf, 0xff, 0x0, 0x0, 0x0, 0x0, 0x6f, 0xfa,
    0xf, 0xff, 0x0, 0x0, 0x0, 0x0, 0x6f, 0xfa,
    0xf, 0xff, 0x0, 0x0, 0x0, 0x0, 0x6f, 0xfa,
    0xf, 0xff, 0x0, 0x0, 0x0, 0x0, 0x6f, 0xfa,
    0xf, 0xff, 0x0, 0x0, 0x0, 0x0, 0x6f, 0xfa,
    0xf, 0xff, 0x0, 0x0, 0x0, 0x0, 0x6f, 0xfa,
    0xf, 0xff, 0x0, 0x0, 0x0, 0x0, 0x6f, 0xfa,
    0xf, 0xff, 0x0, 0x0, 0x0, 0x0, 0x6f, 0xfa,
    0xf, 0xff, 0xff, 0xff, 0xff, 0xff, 0xff, 0xfa,
    0xf, 0xff, 0xff, 0xff, 0xff, 0xff, 0xff, 0xfa,
    0xf, 0xff, 0xbb, 0xbb, 0xbb, 0xbb, 0xdf, 0xfa,
    0xf, 0xff, 0x0, 0x0, 0x0, 0x0, 0x6f, 0xfa,
    0xf, 0xff, 0x0, 0x0, 0x0, 0x0, 0x6f, 0xfa,
    0xf, 0xff, 0x0, 0x0, 0x0, 0x0, 0x6f, 0xfa,
    0xf, 0xff, 0x0, 0x0, 0x0, 0x0, 0x6f, 0xfa,
    0xf, 0xff, 0x0, 0x0, 0x0, 0x0, 0x6f, 0xfa,
    0xf, 0xff, 0x0, 0x0, 0x0, 0x0, 0x6f, 0xfa,
    0xf, 0xff, 0x0, 0x0, 0x0, 0x0, 0x6f, 0xfa,
    0xf, 0xff, 0x0, 0x0, 0x0, 0x0, 0x6f, 0xfa,

    /* U+0049 "I" */
    0xf, 0xff, 0x0, 0xff, 0xf0, 0xf, 0xff, 0x0,
    0xff, 0xf0, 0xf, 0xff, 0x0, 0xff, 0xf0, 0xf,
    0xff, 0x0, 0xff, 0xf0, 0xf, 0xff, 0x0, 0xff,
    0xf0, 0xf, 0xff, 0x0, 0xff, 0xf0, 0xf, 0xff,
    0x0, 0xff, 0xf0, 0xf, 0xff, 0x0, 0xff, 0xf0,
    0xf, 0xff, 0x0, 0xff, 0xf0, 0xf, 0xff, 0x0,

    /* U+004A "J" */
    0x0, 0x0, 0x0, 0xbf, 0xf5, 0x0, 0x0, 0x0,
    0xbf, 0xf5, 0x0, 0x0, 0x0, 0xbf, 0xf5, 0x0,
    0x0, 0x0, 0xbf, 0xf5, 0x0, 0x0, 0x0, 0xbf,
    0xf5, 0x0, 0x0, 0x0, 0xbf, 0xf5, 0x0, 0x0,
    0x0, 0xbf, 0xf5, 0x0, 0x0, 0x0, 0xbf, 0xf5,
    0x0, 0x0, 0x0, 0xbf, 0xf5, 0x0, 0x0, 0x0,
    0xbf, 0xf5, 0x0, 0x0, 0x0, 0xbf, 0xf5, 0x0,
    0x0, 0x0, 0xbf, 0xf5, 0x0, 0x0, 0x0, 0xbf,
    0xf5, 0x0, 0x0, 0x0, 0xdf, 0xf3, 0x0, 0x0,
    0x2, 0xff, 0xf0, 0x0, 0x0, 0x4d, 0xff, 0xa0,
    0xbb, 0xce, 0xff, 0xff, 0x20, 0xff, 0xff, 0xff,
    0xe4, 0x0, 0xcf, 0xfe, 0xc7, 0x10, 0x0,

    /* U+004B "K" */
    0xf, 0xff, 0x0, 0x0, 0x0, 0x9, 0xff, 0xf4,
    0x0, 0xff, 0xf0, 0x0, 0x0, 0x8, 0xff, 0xf5,
    0x0, 0xf, 0xff, 0x0, 0x0, 0x7, 0xff, 0xf5,
    0x0, 0x0, 0xff, 0xf0, 0x0, 0x6, 0xff, 0xf6,
    0x0, 0x0, 0xf, 0xff, 0x0, 0x5, 0xff, 0xf7,
    0x0, 0x0, 0x0, 0xff, 0xf0, 0x4, 0xff, 0xf8,
    0x0, 0x0, 0x0, 0xf, 0xff, 0x3, 0xff, 0xf8,
    0x0, 0x0, 0x0, 0x0, 0xff, 0xf3, 0xff, 0xf9,
    0x0, 0x0, 0x0, 0x0, 0xf, 0xff, 0xef, 0xfa,
    0x0, 0x0, 0x0, 0x0, 0x0, 0xff, 0xff, 0xff,
    0x60, 0x0, 0x0, 0x0, 0x0, 0xf, 0xff, 0xaf,
    0xff, 0x50, 0x0, 0x0, 0x0, 0x0, 0xff, 0xf0,
    0xbf, 0xff, 0x30, 0x0, 0x0, 0x0, 0xf, 0xff,
    0x0, 0xcf, 0xff, 0x30, 0x0, 0x0, 0x0, 0xff,
    0xf0, 0x1, 0xdf, 0xfe, 0x20, 0x0, 0x0, 0xf,
    0xff, 0x0, 0x1, 0xef, 0xfd, 0x10, 0x0, 0x0,
    0xff, 0xf0, 0x0, 0x2, 0xef, 0xfd, 0x0, 0x0,
    0xf, 0xff, 0x0, 0x0, 0x3, 0xff, 0xfc, 0x0,
    0x0, 0xff, 0xf0, 0x0, 0x0, 0x4, 0xff, 0xfb,
    0x0, 0xf, 0xff, 0x0, 0x0, 0x0, 0x6, 0xff,
    0xf9, 0x0,

    /* U+004C "L" */
    0xf, 0xff, 0x0, 0x0, 0x0, 0x0, 0x0, 0xf,
    0xff, 0x0, 0x0, 0x0, 0x0, 0x0, 0xf, 0xff,
    0x0, 0x0, 0x0, 0x0, 0x0, 0xf, 0xff, 0x0,
    0x0, 0x0, 0x0, 0x0, 0xf, 0xff, 0x0, 0x0,
    0x0, 0x0, 0x0, 0xf, 0xff, 0x0, 0x0, 0x0,
    0x0, 0x0, 0xf, 0xff, 0x0, 0x0, 0x0, 0x0,
    0x0, 0xf, 0xff, 0x0, 0x0, 0x0, 0x0, 0x0,
    0xf, 0xff, 0x0, 0x0, 0x0, 0x0, 0x0, 0xf,
    0xff, 0x0, 0x0, 0x0, 0x0, 0x0, 0xf, 0xff,
    0x0, 0x0, 0x0, 0x0, 0x0, 0xf, 0xff, 0x0,
    0x0, 0x0, 0x0, 0x0, 0xf, 0xff, 0x0, 0x0,
    0x0, 0x0, 0x0, 0xf, 0xff, 0x0, 0x0, 0x0,
    0x0, 0x0, 0xf, 0xff, 0x0, 0x0, 0x0, 0x0,
    0x0, 0xf, 0xff, 0x0, 0x0, 0x0, 0x0, 0x0,
    0xf, 0xff, 0xaa, 0xaa, 0xaa, 0xaa, 0xa7, 0xf,
    0xff, 0xff, 0xff, 0xff, 0xff, 0xfb, 0xf, 0xff,
    0xff, 0xff, 0xff, 0xff, 0xfb,

    /* U+004D "M" */
    0xf, 0xff, 0xf3, 0x0, 0x0, 0x0, 0x0, 0xb,
    0xff, 0xf8, 0xf, 0xff, 0xfb, 0x0, 0x0, 0x0,
    0x0, 0x3f, 0xff, 0xf8, 0xf, 0xff, 0xff, 0x30,
    0x0, 0x0, 0x0, 0xbf, 0xff, 0xf8, 0xf, 0xff,
    0xff, 0xb0, 0x0, 0x0, 0x2, 0xff, 0xff, 0xf8,
    0xf, 0xff, 0xef, 0xf2, 0x0, 0x0, 0xa, 0xff,
    0xef, 0xf8, 0xf, 0xff, 0x8f, 0xfa, 0x0, 0x0,
    0x2f, 0xff, 0x8f, 0xf8, 0xf, 0xff, 0x1f, 0xff,
    0x20, 0x0, 0xaf, 0xf8, 0x7f, 0xf8, 0xf, 0xff,
    0x8, 0xff, 0xa0, 0x2, 0xff, 0xf1, 0x7f, 0xf8,
    0xf, 0xff, 0x1, 0xff, 0xf2, 0xa, 0xff, 0x80,
    0x7f, 0xf8, 0xf, 0xff, 0x0, 0x8f, 0xf9, 0x2f,
    0xff, 0x10, 0x7f, 0xf8, 0xf, 0xff, 0x0, 0x1f,
    0xff, 0xbf, 0xf8, 0x0, 0x7f, 0xf8, 0xf, 0xff,
    0x0, 0x8, 0xff, 0xff, 0xf1, 0x0, 0x7f, 0xf8,
    0xf, 0xff, 0x0, 0x1, 0xff, 0xff, 0x80, 0x0,
    0x7f, 0xf8, 0xf, 0xff, 0x0, 0x0, 0x8f, 0xff,
    0x10, 0x0, 0x7f, 0xf8, 0xf, 0xff, 0x0, 0x0,
    0x14, 0x43, 0x0, 0x0, 0x7f, 0xf8, 0xf, 0xff,
    0x0, 0x0, 0x0, 0x0, 0x0, 0x0, 0x7f, 0xf8,
    0xf, 0xff, 0x0, 0x0, 0x0, 0x0, 0x0, 0x0,
    0x7f, 0xf8, 0xf, 0xff, 0x0, 0x0, 0x0, 0x0,
    0x0, 0x0, 0x7f, 0xf8, 0xf, 0xff, 0x0, 0x0,
    0x0, 0x0, 0x0, 0x0, 0x7f, 0xf8,

    /* U+004E "N" */
    0xf, 0xff, 0x20, 0x0, 0x0, 0x0, 0xd, 0xff,
    0x30, 0xff, 0xfc, 0x0, 0x0, 0x0, 0x0, 0xdf,
    0xf3, 0xf, 0xff, 0xf7, 0x0, 0x0, 0x0, 0xd,
    0xff, 0x30, 0xff, 0xff, 0xf2, 0x0, 0x0, 0x0,
    0xdf, 0xf3, 0xf, 0xff, 0xff, 0xd0, 0x0, 0x0,
    0xd, 0xff, 0x30, 0xff, 0xfe, 0xff, 0x80, 0x0,
    0x0, 0xdf, 0xf3, 0xf, 0xff, 0x4f, 0xff, 0x30,
    0x0, 0xd, 0xff, 0x30, 0xff, 0xf0, 0x9f, 0xfd,
    0x0, 0x0, 0xdf, 0xf3, 0xf, 0xff, 0x0, 0xdf,
    0xf9, 0x0, 0xd, 0xff, 0x30, 0xff, 0xf0, 0x3,
    0xff, 0xf4, 0x0, 0xdf, 0xf3, 0xf, 0xff, 0x0,
    0x8, 0xff, 0xe1, 0xd, 0xff, 0x30, 0xff, 0xf0,
    0x0, 0xc, 0xff, 0xa0, 0xdf, 0xf3, 0xf, 0xff,
    0x0, 0x0, 0x2f, 0xff, 0x5d, 0xff, 0x30, 0xff,
    0xf0, 0x0, 0x0, 0x6f, 0xff, 0xef, 0xf3, 0xf,
    0xff, 0x0, 0x0, 0x0, 0xbf, 0xff, 0xff, 0x30,
    0xff, 0xf0, 0x0, 0x0, 0x1, 0xef, 0xff, 0xf3,
    0xf, 0xff, 0x0, 0x0, 0x0, 0x4, 0xff, 0xff,
    0x30, 0xff, 0xf0, 0x0, 0x0, 0x0, 0x9, 0xff,
    0xf3, 0xf, 0xff, 0x0, 0x0, 0x0, 0x0, 0xd,
    0xff, 0x30,

    /* U+004F "O" */
    0x0, 0x0, 0x1, 0x7c, 0xef, 0xed, 0x94, 0x0,
    0x0, 0x0, 0x0, 0x0, 0x8f, 0xff, 0xff, 0xff,
    0xff, 0xc3, 0x0, 0x0, 0x0, 0xb, 0xff, 0xff,
    0xec, 0xdf, 0xff, 0xff, 0x40, 0x0, 0x0, 0xaf,
    0xff, 0xa2, 0x0, 0x0, 0x6e, 0xff, 0xf3, 0x0,
    0x5, 0xff, 0xf6, 0x0, 0x0, 0x0, 0x1, 0xdf,
    0xfd, 0x0, 0xd, 0xff, 0x90, 0x0, 0x0, 0x0,
    0x0, 0x2f, 0xff, 0x50, 0x3f, 0xff, 0x10, 0x0,
    0x0, 0x0, 0x0, 0x9, 0xff, 0xb0, 0x7f, 0xfb,
    0x0, 0x0, 0x0, 0x0, 0x0, 0x3, 0xff, 0xf0,
    0x9f, 0xf8, 0x0, 0x0, 0x0, 0x0, 0x0, 0x0,
    0xff, 0xf1, 0xaf, 0xf7, 0x0, 0x0, 0x0, 0x0,
    0x0, 0x0, 0xff, 0xf2, 0x9f, 0xf8, 0x0, 0x0,
    0x0, 0x0, 0x0, 0x0, 0xff, 0xf1, 0x7f, 0xfb,
    0x0, 0x0, 0x0, 0x0, 0x0, 0x3, 0xff, 0xf0,
    0x3f, 0xff, 0x10, 0x0, 0x0, 0x0, 0x0, 0x9,
    0xff, 0xb0, 0xd, 0xff, 0xa0, 0x0, 0x0, 0x0,
    0x0, 0x2f, 0xff, 0x50, 0x5, 0xff, 0xf7, 0x0,
    0x0, 0x0, 0x1, 0xdf, 0xfd, 0x0, 0x0, 0xaf,
    0xff, 0xa2, 0x0, 0x0, 0x6e, 0xff, 0xf3, 0x0,
    0x0, 0xb, 0xff, 0xff, 0xfd, 0xef, 0xff, 0xff,
    0x40, 0x0, 0x0, 0x0, 0x8f, 0xff, 0xff, 0xff,
    0xff, 0xc3, 0x0, 0x0, 0x0, 0x0, 0x1, 0x7c,
    0xef, 0xed, 0x94, 0x0, 0x0, 0x0,

    /* U+0050 "P" */
    0xf, 0xff, 0xff, 0xff, 0xfd, 0xa4, 0x0, 0x0,
    0xff, 0xff, 0xff, 0xff, 0xff, 0xfa, 0x0, 0xf,
    0xff, 0xaa, 0xaa, 0xad, 0xff, 0xfa, 0x0, 0xff,
    0xf0, 0x0, 0x0, 0x5, 0xff, 0xf4, 0xf, 0xff,
    0x0, 0x0, 0x0, 0x8, 0xff, 0xb0, 0xff, 0xf0,
    0x0, 0x0, 0x0, 0x2f, 0xfe, 0xf, 0xff, 0x0,
    0x0, 0x0, 0x1, 0xff, 0xf0, 0xff, 0xf0, 0x0,
    0x0, 0x0, 0x4f, 0xfd, 0xf, 0xff, 0x0, 0x0,
    0x0, 0xb, 0xff, 0x80, 0xff, 0xf0, 0x0, 0x0,
    0x3b, 0xff, 0xf2, 0xf, 0xff, 0xff, 0xff, 0xff,
    0xff, 0xf6, 0x0, 0xff, 0xff, 0xff, 0xff, 0xff,
    0xe5, 0x0, 0xf, 0xff, 0xaa, 0xaa, 0x98, 0x50,
    0x0, 0x0, 0xff, 0xf0, 0x0, 0x0, 0x0, 0x0,
    0x0, 0xf, 0xff, 0x0, 0x0, 0x0, 0x0, 0x0,
    0x0, 0xff, 0xf0, 0x0, 0x0, 0x0, 0x0, 0x0,
    0xf, 0xff, 0x0, 0x0, 0x0, 0x0, 0x0, 0x0,
    0xff, 0xf0, 0x0, 0x0, 0x0, 0x0, 0x0, 0xf,
    0xff, 0x0, 0x0, 0x0, 0x0, 0x0, 0x0,

    /* U+0051 "Q" */
    0x0, 0x0, 0x1, 0x7c, 0xef, 0xed, 0x94, 0x0,
    0x0, 0x0, 0x0, 0x0, 0x8f, 0xff, 0xff, 0xff,
    0xff, 0xc3, 0x0, 0x0, 0x0, 0xb, 0xff, 0xff,
    0xec, 0xdf, 0xff, 0xff, 0x50, 0x0, 0x0, 0xaf,
    0xff, 0xa2, 0x0, 0x0, 0x6e, 0xff, 0xf3, 0x0,
    0x5, 0xff, 0xf6, 0x0, 0x0, 0x0, 0x1, 0xdf,
    0xfd, 0x0, 0xd, 0xff, 0x90, 0x0, 0x0, 0x0,
    0x0, 0x2f, 0xff, 0x50, 0x3f, 0xff, 0x10, 0x0,
    0x0, 0x0, 0x0, 0x9, 0xff, 0xb0, 0x7f, 0xfb,
    0x0, 0x0, 0x0, 0x0, 0x0, 0x3, 0xff, 0xf0,
    0x9f, 0xf8, 0x0, 0x0, 0x0, 0x0, 0x0, 0x0,
    0xff, 0xf1, 0xaf, 0xf7, 0x0, 0x0, 0x0, 0x0,
    0x0, 0x0, 0xff, 0xf2, 0x9f, 0xf8, 0x0, 0x0,
    0x0, 0x0, 0x0, 0x0, 0xff, 0xf1, 0x7f, 0xfb,
    0x0, 0x0, 0x0, 0x2d, 0x60, 0x3, 0xff, 0xf0,
    0x3f, 0xff, 0x10, 0x0, 0x0, 0xdf, 0xf7, 0x8,
    0xff, 0xb0, 0xd, 0xff, 0xa0, 0x0, 0x0, 0x3e,
    0xff, 0x8f, 0xff, 0x40, 0x5, 0xff, 0xf7, 0x0,
    0x0, 0x3, 0xef, 0xff, 0xfc, 0x0, 0x0, 0xaf,
    0xff, 0xa2, 0x0, 0x0, 0x9f, 0xff, 0xf2, 0x0,
    0x0, 0xb, 0xff, 0xff, 0xfd, 0xdf, 0xff, 0xff,
    0xf7, 0x0, 0x0, 0x0, 0x8f, 0xff, 0xff, 0xff,
    0xff, 0xdf, 0xff, 0x50, 0x0, 0x0, 0x1, 0x7c,
    0xef, 0xfd, 0xa4, 0x5, 0xff, 0xf4,

    /* U+0052 "R" */
    0xf, 0xff, 0xff, 0xff, 0xfd, 0xa3, 0x0, 0x0,
    0xf, 0xff, 0xff, 0xff, 0xff, 0xff, 0x90, 0x0,
    0xf, 0xff, 0xaa, 0xaa, 0xbe, 0xff, 0xf8, 0x0,
    0xf, 0xff, 0x0, 0x0, 0x0, 0x9f, 0xff, 0x10,
    0xf, 0xff, 0x0, 0x0, 0x0, 0xd, 0xff, 0x50,
    0xf, 0xff, 0x0, 0x0, 0x0, 0xa, 0xff, 0x70,
    0xf, 0xff, 0x0, 0x0, 0x0, 0xd, 0xff, 0x50,
    0xf, 0xff, 0x0, 0x0, 0x0, 0x7f, 0xff, 0x10,
    0xf, 0xff, 0x88, 0x88, 0x9c, 0xff, 0xf8, 0x0,
    0xf, 0xff, 0xff, 0xff, 0xff, 0xff, 0x80, 0x0,
    0xf, 0xff, 0xff, 0xff, 0xff, 0xc2, 0x0, 0x0,
    0xf, 0xff, 0x0, 0x6, 0xff, 0xd0, 0x0, 0x0,
    0xf, 0xff, 0x0, 0x0, 0xdf, 0xf7, 0x0, 0x0,
    0xf, 0xff, 0x0, 0x0, 0x5f, 0xfe, 0x10, 0x0,
    0xf, 0xff, 0x0, 0x0, 0xc, 0xff, 0x90, 0x0,
    0xf, 0xff, 0x0, 0x0, 0x4, 0xff, 0xf2, 0x0,
    0xf, 0xff, 0x0, 0x0, 0x0, 0xbf, 0xfa, 0x0,
    0xf, 0xff, 0x0, 0x0, 0x0, 0x2f, 0xff, 0x30,
    0xf, 0xff, 0x0, 0x0, 0x0, 0x9, 0xff, 0xc0,

    /* U+0053 "S" */
    0x0, 0x2, 0x8c, 0xef, 0xeb, 0x60, 0x0, 0x0,
    0x7, 0xff, 0xff, 0xff, 0xff, 0xd1, 0x0, 0x6,
    0xff, 0xfe, 0xba, 0xcf, 0xff, 0xd0, 0x0, 0xef,
    0xf9, 0x0, 0x0, 0x2d, 0xff, 0x70, 0x2f, 0xfd,
    0x0, 0x0, 0x0, 0x3f, 0xfd, 0x3, 0xff, 0xc0,
    0x0, 0x0, 0x0, 0x55, 0x50, 0x1f, 0xff, 0x50,
    0x0, 0x0, 0x0, 0x0, 0x0, 0xaf, 0xff, 0xc7,
    0x40, 0x0, 0x0, 0x0, 0x0, 0xcf, 0xff, 0xff,
    0xfc, 0x71, 0x0, 0x0, 0x0, 0x6c, 0xff, 0xff,
    0xff, 0xf8, 0x0, 0x0, 0x0, 0x1, 0x58, 0xcf,
    0xff, 0xfa, 0x0, 0x0, 0x0, 0x0, 0x0, 0x18,
    0xff, 0xf3, 0x0, 0x0, 0x0, 0x0, 0x0, 0x9,
    0xff, 0x88, 0xee, 0x70, 0x0, 0x0, 0x0, 0x6f,
    0xf9, 0x5f, 0xfe, 0x0, 0x0, 0x0, 0x9, 0xff,
    0x80, 0xef, 0xfc, 0x20, 0x0, 0x7, 0xff, 0xf2,
    0x4, 0xff, 0xff, 0xca, 0xbe, 0xff, 0xf9, 0x0,
    0x5, 0xef, 0xff, 0xff, 0xff, 0xf9, 0x0, 0x0,
    0x1, 0x7c, 0xef, 0xed, 0x93, 0x0, 0x0,

    /* U+0054 "T" */
    0xef, 0xff, 0xff, 0xff, 0xff, 0xff, 0xff, 0xf1,
    0xef, 0xff, 0xff, 0xff, 0xff, 0xff, 0xff, 0xf1,
    0x8a, 0xaa, 0xaa, 0xff, 0xfa, 0xaa, 0xaa, 0xa0,
    0x0, 0x0, 0x0, 0xef, 0xf1, 0x0, 0x0, 0x0,
    0x0, 0x0, 0x0, 0xef, 0xf1, 0x0, 0x0, 0x0,
    0x0, 0x0, 0x0, 0xef, 0xf1, 0x0, 0x0, 0x0,
    0x0, 0x0, 0x0, 0xef, 0xf1, 0x0, 0x0, 0x0,
    0x0, 0x0, 0x0, 0xef, 0xf1, 0x0, 0x0, 0x0,
    0x0, 0x0, 0x0, 0xef, 0xf1, 0x0, 0x0, 0x0,
    0x0, 0x0, 0x0, 0xef, 0xf1, 0x0, 0x0, 0x0,
    0x0, 0x0, 0x0, 0xef, 0xf1, 0x0, 0x0, 0x0,
    0x0, 0x0, 0x0, 0xef, 0xf1, 0x0, 0x0, 0x0,
    0x0, 0x0, 0x0, 0xef, 0xf1, 0x0, 0x0, 0x0,
    0x0, 0x0, 0x0, 0xef, 0xf1, 0x0, 0x0, 0x0,
    0x0, 0x0, 0x0, 0xef, 0xf1, 0x0, 0x0, 0x0,
    0x0, 0x0, 0x0, 0xef, 0xf1, 0x0, 0x0, 0x0,
    0x0, 0x0, 0x0, 0xef, 0xf1, 0x0, 0x0, 0x0,
    0x0, 0x0, 0x0, 0xef, 0xf1, 0x0, 0x0, 0x0,
    0x0, 0x0, 0x0, 0xef, 0xf1, 0x0, 0x0, 0x0,

    /* U+0055 "U" */
    0xf, 0xff, 0x0, 0x0, 0x0, 0x0, 0x1f, 0xff,
    0xf, 0xff, 0x0, 0x0, 0x0, 0x0, 0x1f, 0xff,
    0xf, 0xff, 0x0, 0x0, 0x0, 0x0, 0x1f, 0xff,
    0xf, 0xff, 0x0, 0x0, 0x0, 0x0, 0x1f, 0xff,
    0xf, 0xff, 0x0, 0x0, 0x0, 0x0, 0x1f, 0xff,
    0xf, 0xff, 0x0, 0x0, 0x0, 0x0, 0x1f, 0xff,
    0xf, 0xff, 0x0, 0x0, 0x0, 0x0, 0x1f, 0xff,
    0xf, 0xff, 0x0, 0x0, 0x0, 0x0, 0x1f, 0xff,
    0xf, 0xff, 0x0, 0x0, 0x0, 0x0, 0x1f, 0xff,
    0xf, 0xff, 0x0, 0x0, 0x0, 0x0, 0x1f, 0xff,
    0xf, 0xff, 0x0, 0x0, 0x0, 0x0, 0x1f, 0xff,
    0xf, 0xff, 0x0, 0x0, 0x0, 0x0, 0x1f, 0xff,
    0xf, 0xff, 0x10, 0x0, 0x0, 0x0, 0x2f, 0xfe,
    0xd, 0xff, 0x50, 0x0, 0x0, 0x0, 0x5f, 0xfc,
    0x9, 0xff, 0xc0, 0x0, 0x0, 0x0, 0xdf, 0xf8,
    0x2, 0xff, 0xfc, 0x30, 0x0, 0x3c, 0xff, 0xf2,
    0x0, 0x7f, 0xff, 0xff, 0xef, 0xff, 0xff, 0x60,
    0x0, 0x7, 0xff, 0xff, 0xff, 0xff, 0xf6, 0x0,
    0x0, 0x0, 0x27, 0xce, 0xfe, 0xc7, 0x10, 0x0,

    /* U+0056 "V" */
    0x2f, 0xff, 0x10, 0x0, 0x0, 0x0, 0x0, 0x5f,
    0xfd, 0x0, 0xcf, 0xf6, 0x0, 0x0, 0x0, 0x0,
    0xb, 0xff, 0x70, 0x7, 0xff, 0xb0, 0x0, 0x0,
    0x0, 0x1, 0xff, 0xf2, 0x0, 0x1f, 0xff, 0x10,
    0x0, 0x0, 0x0, 0x6f, 0xfc, 0x0, 0x0, 0xbf,
    0xf6, 0x0, 0x0, 0x0, 0xb, 0xff, 0x60, 0x0,
    0x6, 0xff, 0xc0, 0x0, 0x0, 0x1, 0xff, 0xf1,
    0x0, 0x0, 0xf, 0xff, 0x20, 0x0, 0x0, 0x6f,
    0xfb, 0x0, 0x0, 0x0, 0xaf, 0xf7, 0x0, 0x0,
    0xc, 0xff, 0x50, 0x0, 0x0, 0x5, 0xff, 0xd0,
    0x0, 0x2, 0xff, 0xf0, 0x0, 0x0, 0x0, 0xf,
    0xff, 0x20, 0x0, 0x7f, 0xfa, 0x0, 0x0, 0x0,
    0x0, 0x9f, 0xf8, 0x0, 0xd, 0xff, 0x40, 0x0,
    0x0, 0x0, 0x4, 0xff, 0xd0, 0x2, 0xff, 0xe0,
    0x0, 0x0, 0x0, 0x0, 0xe, 0xff, 0x30, 0x8f,
    0xf9, 0x0, 0x0, 0x0, 0x0, 0x0, 0x8f, 0xf8,
    0xd, 0xff, 0x30, 0x0, 0x0, 0x0, 0x0, 0x3,
    0xff, 0xe3, 0xff, 0xd0, 0x0, 0x0, 0x0, 0x0,
    0x0, 0xd, 0xff, 0xcf, 0xf8, 0x0, 0x0, 0x0,
    0x0, 0x0, 0x0, 0x7f, 0xff, 0xff, 0x20, 0x0,
    0x0, 0x0, 0x0, 0x0, 0x2, 0xff, 0xff, 0xc0,
    0x0, 0x0, 0x0, 0x0, 0x0, 0x0, 0xc, 0xff,
    0xf7, 0x0, 0x0, 0x0, 0x0,

    /* U+0057 "W" */
    0xe, 0xff, 0x20, 0x0, 0x0, 0x5, 0xff, 0xe0,
    0x0, 0x0, 0x0, 0x9f, 0xf8, 0xa, 0xff, 0x60,
    0x0, 0x0, 0x9, 0xff, 0xf3, 0x0, 0x0, 0x0,
    0xdf, 0xf3, 0x6, 0xff, 0xa0, 0x0, 0x0, 0xe,
    0xff, 0xf7, 0x0, 0x0, 0x1, 0xff, 0xf0, 0x2,
    0xff, 0xe0, 0x0, 0x0, 0x2f, 0xff, 0xfc, 0x0,
    0x0, 0x5, 0xff, 0xb0, 0x0, 0xef, 0xf2, 0x0,
    0x0, 0x6f, 0xff, 0xff, 0x0, 0x0, 0x9, 0xff,
    0x70, 0x0, 0x9f, 0xf6, 0x0, 0x0, 0xbf, 0xfd,
    0xff, 0x40, 0x0, 0xd, 0xff, 0x30, 0x0, 0x5f,
    0xfa, 0x0, 0x0, 0xff, 0xe6, 0xff, 0x90, 0x0,
    0x1f, 0xfe, 0x0, 0x0, 0x1f, 0xfe, 0x0, 0x3,
    0xff, 0xa1, 0xff, 0xd0, 0x0, 0x5f, 0xfa, 0x0,
    0x0, 0xd, 0xff, 0x30, 0x8, 0xff, 0x60, 0xdf,
    0xf1, 0x0, 0x9f, 0xf6, 0x0, 0x0, 0x8, 0xff,
    0x70, 0xc, 0xff, 0x20, 0x9f, 0xf5, 0x0, 0xdf,
    0xf2, 0x0, 0x0, 0x4, 0xff, 0xb0, 0xf, 0xfd,
    0x0, 0x4f, 0xfa, 0x1, 0xff, 0xd0, 0x0, 0x0,
    0x0, 0xff, 0xf0, 0x5f, 0xf9, 0x0, 0xf, 0xfe,
    0x6, 0xff, 0x90, 0x0, 0x0, 0x0, 0xcf, 0xf3,
    0x9f, 0xf5, 0x0, 0xc, 0xff, 0x2a, 0xff, 0x50,
    0x0, 0x0, 0x0, 0x8f, 0xf7, 0xdf, 0xf1, 0x0,
    0x7, 0xff, 0x7e, 0xff, 0x10, 0x0, 0x0, 0x0,
    0x3f, 0xfd, 0xff, 0xc0, 0x0, 0x3, 0xff, 0xdf,
    0xfc, 0x0, 0x0, 0x0, 0x0, 0xf, 0xff, 0xff,
    0x80, 0x0, 0x0, 0xff, 0xff, 0xf8, 0x0, 0x0,
    0x0, 0x0, 0xb, 0xff, 0xff, 0x40, 0x0, 0x0,
    0xbf, 0xff, 0xf4, 0x0, 0x0, 0x0, 0x0, 0x7,
    0xff, 0xff, 0x0, 0x0, 0x0, 0x6f, 0xff, 0xf0,
    0x0, 0x0, 0x0, 0x0, 0x2, 0xff, 0xfb, 0x0,
    0x0, 0x0, 0x2f, 0xff, 0xc0, 0x0, 0x0,

    /* U+0058 "X" */
    0x4f, 0xff, 0x40, 0x0, 0x0, 0x0, 0x3f, 0xff,
    0x70, 0xaf, 0xfe, 0x0, 0x0, 0x0, 0xc, 0xff,
    0xc0, 0x1, 0xef, 0xf8, 0x0, 0x0, 0x6, 0xff,
    0xf2, 0x0, 0x6, 0xff, 0xf3, 0x0, 0x1, 0xff,
    0xf7, 0x0, 0x0, 0xb, 0xff, 0xc0, 0x0, 0xbf,
    0xfd, 0x0, 0x0, 0x0, 0x2f, 0xff, 0x70, 0x5f,
    0xff, 0x30, 0x0, 0x0, 0x0, 0x7f, 0xff, 0x2e,
    0xff, 0x80, 0x0, 0x0, 0x0, 0x0, 0xcf, 0xff,
    0xff, 0xd0, 0x0, 0x0, 0x0, 0x0, 0x2, 0xff,
    0xff, 0xf3, 0x0, 0x0, 0x0, 0x0, 0x0, 0xa,
    0xff, 0xfc, 0x0, 0x0, 0x0, 0x0, 0x0, 0x2,
    0xff, 0xff, 0xf3, 0x0, 0x0, 0x0, 0x0, 0x0,
    0xcf, 0xff, 0xff, 0xd0, 0x0, 0x0, 0x0, 0x0,
    0x7f, 0xff, 0x2e, 0xff, 0x80, 0x0, 0x0, 0x0,
    0x2f, 0xff, 0x60, 0x4f, 0xff, 0x30, 0x0, 0x0,
    0xb, 0xff, 0xc0, 0x0, 0xaf, 0xfd, 0x0, 0x0,
    0x6, 0xff, 0xf3, 0x0, 0x1, 0xff, 0xf7, 0x0,
    0x1, 0xef, 0xf8, 0x0, 0x0, 0x6, 0xff, 0xf2,
    0x0, 0xaf, 0xfe, 0x0, 0x0, 0x0, 0xc, 0xff,
    0xc0, 0x4f, 0xff, 0x40, 0x0, 0x0, 0x0, 0x3f,
    0xff, 0x70,

    /* U+0059 "Y" */
    0x2f, 0xff, 0x30, 0x0, 0x0, 0x0, 0x7, 0xff,
    0xd0, 0x8, 0xff, 0xb0, 0x0, 0x0, 0x0, 0xe,
    0xff, 0x50, 0x1, 0xef, 0xf4, 0x0, 0x0, 0x0,
    0x8f, 0xfc, 0x0, 0x0, 0x7f, 0xfc, 0x0, 0x0,
    0x1, 0xff, 0xf3, 0x0, 0x0, 0xe, 0xff, 0x50,
    0x0, 0x9, 0xff, 0xa0, 0x0, 0x0, 0x5, 0xff,
    0xd0, 0x0, 0x2f, 0xff, 0x20, 0x0, 0x0, 0x0,
    0xdf, 0xf6, 0x0, 0xaf, 0xf9, 0x0, 0x0, 0x0,
    0x0, 0x4f, 0xfe, 0x3, 0xff, 0xf1, 0x0, 0x0,
    0x0, 0x0, 0xb, 0xff, 0x7b, 0xff, 0x70, 0x0,
    0x0, 0x0, 0x0, 0x3, 0xff, 0xff, 0xfe, 0x0,
    0x0, 0x0, 0x0, 0x0, 0x0, 0xaf, 0xff, 0xf6,
    0x0, 0x0, 0x0, 0x0, 0x0, 0x0, 0x1f, 0xff,
    0xd0, 0x0, 0x0, 0x0, 0x0, 0x0, 0x0, 0xa,
    0xff, 0x60, 0x0, 0x0, 0x0, 0x0, 0x0, 0x0,
    0xa, 0xff, 0x60, 0x0, 0x0, 0x0, 0x0, 0x0,
    0x0, 0xa, 0xff, 0x60, 0x0, 0x0, 0x0, 0x0,
    0x0, 0x0, 0xa, 0xff, 0x60, 0x0, 0x0, 0x0,
    0x0, 0x0, 0x0, 0xa, 0xff, 0x60, 0x0, 0x0,
    0x0, 0x0, 0x0, 0x0, 0xa, 0xff, 0x60, 0x0,
    0x0, 0x0, 0x0, 0x0, 0x0, 0xa, 0xff, 0x60,
    0x0, 0x0, 0x0,

    /* U+005A "Z" */
    0x7f, 0xff, 0xff, 0xff, 0xff, 0xff, 0xff, 0xa7,
    0xff, 0xff, 0xff, 0xff, 0xff, 0xff, 0xfa, 0x4a,
    0xaa, 0xaa, 0xaa, 0xaa, 0xcf, 0xff, 0x60, 0x0,
    0x0, 0x0, 0x0, 0xc, 0xff, 0xb0, 0x0, 0x0,
    0x0, 0x0, 0x8, 0xff, 0xe1, 0x0, 0x0, 0x0,
    0x0, 0x4, 0xff, 0xf3, 0x0, 0x0, 0x0, 0x0,
    0x1, 0xef, 0xf8, 0x0, 0x0, 0x0, 0x0, 0x0,
    0xbf, 0xfc, 0x0, 0x0, 0x0, 0x0, 0x0, 0x7f,
    0xfe, 0x10, 0x0, 0x0, 0x0, 0x0, 0x3f, 0xff,
    0x50, 0x0, 0x0, 0x0, 0x0, 0xd, 0xff, 0x90,
    0x0, 0x0, 0x0, 0x0, 0xa, 0xff, 0xd0, 0x0,
    0x0, 0x0, 0x0, 0x6, 0xff, 0xf2, 0x0, 0x0,
    0x0, 0x0, 0x2, 0xff, 0xf6, 0x0, 0x0, 0x0,
    0x0, 0x0, 0xcf, 0xfa, 0x0, 0x0, 0x0, 0x0,
    0x0, 0x9f, 0xfe, 0x10, 0x0, 0x0, 0x0, 0x0,
    0x4f, 0xff, 0xca, 0xaa, 0xaa, 0xaa, 0xaa, 0x67,
    0xff, 0xff, 0xff, 0xff, 0xff, 0xff, 0xfa, 0x7f,
    0xff, 0xff, 0xff, 0xff, 0xff, 0xff, 0xa0,

    /* U+005B "[" */
    0xf, 0xff, 0xff, 0xff, 0xf2, 0xf, 0xff, 0xff,
    0xff, 0xf2, 0xf, 0xff, 0x99, 0x99, 0x91, 0xf,
    0xff, 0x0, 0x0, 0x0, 0xf, 0xff, 0x0, 0x0,
    0x0, 0xf, 0xff, 0x0, 0x0, 0x0, 0xf, 0xff,
    0x0, 0x0, 0x0, 0xf, 0xff, 0x0, 0x0, 0x0,
    0xf, 0xff, 0x0, 0x0, 0x0, 0xf, 0xff, 0x0,
    0x0, 0x0, 0xf, 0xff, 0x0, 0x0, 0x0, 0xf,
    0xff, 0x0, 0x0, 0x0, 0xf, 0xff, 0x0, 0x0,
    0x0, 0xf, 0xff, 0x0, 0x0, 0x0, 0xf, 0xff,
    0x0, 0x0, 0x0, 0xf, 0xff, 0x0, 0x0, 0x0,
    0xf, 0xff, 0x0, 0x0, 0x0, 0xf, 0xff, 0x0,
    0x0, 0x0, 0xf, 0xff, 0x0, 0x0, 0x0, 0xf,
    0xff, 0x0, 0x0, 0x0, 0xf, 0xff, 0x0, 0x0,
    0x0, 0xf, 0xff, 0x0, 0x0, 0x0, 0xf, 0xff,
    0x0, 0x0, 0x0, 0xf, 0xff, 0x0, 0x0, 0x0,
    0xf, 0xff, 0x99, 0x99, 0x91, 0xf, 0xff, 0xff,
    0xff, 0xf2, 0xf, 0xff, 0xff, 0xff, 0xf2,

    /* U+005C "\\" */
    0x58, 0x70, 0x0, 0x0, 0x0, 0x0, 0x6, 0xff,
    0x50, 0x0, 0x0, 0x0, 0x0, 0x1f, 0xfb, 0x0,
    0x0, 0x0, 0x0, 0x0, 0xbf, 0xf1, 0x0, 0x0,
    0x0, 0x0, 0x5, 0xff, 0x60, 0x0, 0x0, 0x0,
    0x0, 0xf, 0xfc, 0x0, 0x0, 0x0, 0x0, 0x0,
    0xaf, 0xf1, 0x0, 0x0, 0x0, 0x0, 0x4, 0xff,
    0x70, 0x0, 0x0, 0x0, 0x0, 0xe, 0xfd, 0x0,
    0x0, 0x0, 0x0, 0x0, 0x9f, 0xf2, 0x0, 0x0,
    0x0, 0x0, 0x3, 0xff, 0x80, 0x0, 0x0, 0x0,
    0x0, 0xd, 0xfd, 0x0, 0x0, 0x0, 0x0, 0x0,
    0x8f, 0xf3, 0x0, 0x0, 0x0, 0x0, 0x2, 0xff,
    0x90, 0x0, 0x0, 0x0, 0x0, 0xd, 0xfe, 0x0,
    0x0, 0x0, 0x0, 0x0, 0x7f, 0xf4, 0x0, 0x0,
    0x0, 0x0, 0x1, 0xff, 0xa0, 0x0, 0x0, 0x0,
    0x0, 0xc, 0xff, 0x0, 0x0, 0x0, 0x0, 0x0,
    0x6f, 0xf5, 0x0, 0x0, 0x0, 0x0, 0x1, 0xff,
    0xb0, 0x0, 0x0, 0x0, 0x0, 0xb, 0xff, 0x10,
    0x0, 0x0, 0x0, 0x0, 0x5f, 0xf6, 0x0, 0x0,
    0x0, 0x0, 0x0, 0xff, 0xc0, 0x0, 0x0, 0x0,
    0x0, 0xa, 0xff, 0x20, 0x0, 0x0, 0x0, 0x0,
    0x4f, 0xf7, 0x0, 0x0, 0x0, 0x0, 0x0, 0xef,
    0xd0,

    /* U+005D "]" */
    0xdf, 0xff, 0xff, 0xff, 0x5d, 0xff, 0xff, 0xff,
    0xf5, 0x79, 0x99, 0x9d, 0xff, 0x50, 0x0, 0x0,
    0xaf, 0xf5, 0x0, 0x0, 0xa, 0xff, 0x50, 0x0,
    0x0, 0xaf, 0xf5, 0x0, 0x0, 0xa, 0xff, 0x50,
    0x0, 0x0, 0xaf, 0xf5, 0x0, 0x0, 0xa, 0xff,
    0x50, 0x0, 0x0, 0xaf, 0xf5, 0x0, 0x0, 0xa,
    0xff, 0x50, 0x0, 0x0, 0xaf, 0xf5, 0x0, 0x0,
    0xa, 0xff, 0x50, 0x0, 0x0, 0xaf, 0xf5, 0x0,
    0x0, 0xa, 0xff, 0x50, 0x0, 0x0, 0xaf, 0xf5,
    0x0, 0x0, 0xa, 0xff, 0x50, 0x0, 0x0, 0xaf,
    0xf5, 0x0, 0x0, 0xa, 0xff, 0x50, 0x0, 0x0,
    0xaf, 0xf5, 0x0, 0x0, 0xa, 0xff, 0x50, 0x0,
    0x0, 0xaf, 0xf5, 0x0, 0x0, 0xa, 0xff, 0x50,
    0x0, 0x0, 0xaf, 0xf5, 0x79, 0x99, 0x9d, 0xff,
    0x5d, 0xff, 0xff, 0xff, 0xf5, 0xdf, 0xff, 0xff,
    0xff, 0x50,

    /* U+005E "^" */
    0x0, 0x7, 0x87, 0x0, 0x0, 0x7, 0xff, 0xf6,
    0x0, 0x3, 0xff, 0x9f, 0xf2, 0x0, 0xdf, 0x90,
    0xaf, 0xd0, 0x9f, 0xd0, 0x0, 0xef, 0x90,

    /* U+005F "_" */
    0x34, 0x44, 0x44, 0x44, 0x44, 0x44, 0x2f, 0xff,
    0xff, 0xff, 0xff, 0xff, 0xf8, 0xff, 0xff, 0xff,
    0xff, 0xff, 0xff, 0x80,

    /* U+0060 "`" */
    0x3b, 0xb6, 0x0, 0xc, 0xff, 0x10, 0x3, 0xff,
    0x70, 0x0, 0x9f, 0xe0, 0x0, 0x1f, 0xf6,

    /* U+0061 "a" */
    0x0, 0x2, 0x9d, 0xfe, 0xa3, 0xd, 0xff, 0x10,
    0x5, 0xff, 0xff, 0xff, 0xf5, 0xdf, 0xf1, 0x3,
    0xff, 0xfe, 0x98, 0xbf, 0xff, 0xff, 0x10, 0xcf,
    0xfc, 0x10, 0x0, 0x4f, 0xff, 0xf1, 0x2f, 0xff,
    0x10, 0x0, 0x0, 0x7f, 0xff, 0x15, 0xff, 0xb0,
    0x0, 0x0, 0x1, 0xff, 0xf1, 0x7f, 0xf8, 0x0,
    0x0, 0x0, 0xe, 0xff, 0x17, 0xff, 0x80, 0x0,
    0x0, 0x0, 0xef, 0xf1, 0x5f, 0xfb, 0x0, 0x0,
    0x0, 0x1f, 0xff, 0x12, 0xff, 0xf1, 0x0, 0x0,
    0x7, 0xff, 0xf1, 0xc, 0xff, 0xc0, 0x0, 0x3,
    0xff, 0xff, 0x10, 0x3f, 0xff, 0xe9, 0x8a, 0xff,
    0xff, 0xf1, 0x0, 0x5f, 0xff, 0xff, 0xff, 0x5d,
    0xff, 0x10, 0x0, 0x29, 0xef, 0xeb, 0x30, 0xdf,
    0xf1,

    /* U+0062 "b" */
    0xf, 0xff, 0x0, 0x0, 0x0, 0x0, 0x0, 0x0,
    0xff, 0xf0, 0x0, 0x0, 0x0, 0x0, 0x0, 0xf,
    0xff, 0x0, 0x0, 0x0, 0x0, 0x0, 0x0, 0xff,
    0xf0, 0x0, 0x0, 0x0, 0x0, 0x0, 0xf, 0xff,
    0x0, 0x0, 0x0, 0x0, 0x0, 0x0, 0xff, 0xf0,
    0x0, 0x0, 0x0, 0x0, 0x0, 0xf, 0xff, 0x2,
    0xae, 0xfe, 0x92, 0x0, 0x0, 0xff, 0xf3, 0xff,
    0xff, 0xff, 0xf6, 0x0, 0xf, 0xff, 0xef, 0xb8,
    0x9e, 0xff, 0xf4, 0x0, 0xff, 0xff, 0x50, 0x0,
    0xb, 0xff, 0xd0, 0xf, 0xff, 0x80, 0x0, 0x0,
    0x1f, 0xff, 0x30, 0xff, 0xf2, 0x0, 0x0, 0x0,
    0xaf, 0xf7, 0xf, 0xff, 0x0, 0x0, 0x0, 0x7,
    0xff, 0x80, 0xff, 0xf0, 0x0, 0x0, 0x0, 0x7f,
    0xf8, 0xf, 0xff, 0x20, 0x0, 0x0, 0x9, 0xff,
    0x70, 0xff, 0xf8, 0x0, 0x0, 0x1, 0xff, 0xf3,
    0xf, 0xff, 0xf4, 0x0, 0x0, 0xbf, 0xfd, 0x0,
    0xff, 0xfe, 0xfb, 0x89, 0xef, 0xff, 0x40, 0xf,
    0xff, 0x4f, 0xff, 0xff, 0xff, 0x60, 0x0, 0xff,
    0xf0, 0x2a, 0xef, 0xea, 0x20, 0x0,

    /* U+0063 "c" */
    0x0, 0x0, 0x6c, 0xef, 0xeb, 0x50, 0x0, 0x0,
    0x2d, 0xff, 0xff, 0xff, 0xfb, 0x0, 0x1, 0xef,
    0xfe, 0x97, 0x9f, 0xff, 0x90, 0xa, 0xff, 0xc0,
    0x0, 0x2, 0xef, 0xf2, 0x1f, 0xff, 0x10, 0x0,
    0x0, 0x6f, 0xf7, 0x5f, 0xfa, 0x0, 0x0, 0x0,
    0x0, 0x0, 0x7f, 0xf7, 0x0, 0x0, 0x0, 0x0,
    0x0, 0x7f, 0xf7, 0x0, 0x0, 0x0, 0x0, 0x0,
    0x5f, 0xfa, 0x0, 0x0, 0x0, 0x0, 0x0, 0x1f,
    0xff, 0x10, 0x0, 0x0, 0x6f, 0xf7, 0xa, 0xff,
    0xc0, 0x0, 0x1, 0xef, 0xf2, 0x1, 0xef, 0xfe,
    0x97, 0x9f, 0xff, 0xa0, 0x0, 0x2d, 0xff, 0xff,
    0xff, 0xfb, 0x0, 0x0, 0x0, 0x6c, 0xef, 0xeb,
    0x50, 0x0,

    /* U+0064 "d" */
    0x0, 0x0, 0x0, 0x0, 0x0, 0xd, 0xff, 0x10,
    0x0, 0x0, 0x0, 0x0, 0x0, 0xdf, 0xf1, 0x0,
    0x0, 0x0, 0x0, 0x0, 0xd, 0xff, 0x10, 0x0,
    0x0, 0x0, 0x0, 0x0, 0xdf, 0xf1, 0x0, 0x0,
    0x0, 0x0, 0x0, 0xd, 0xff, 0x10, 0x0, 0x0,
    0x0, 0x0, 0x0, 0xdf, 0xf1, 0x0, 0x2, 0x9d,
    0xfe, 0xa3, 0xd, 0xff, 0x10, 0x5, 0xff, 0xff,
    0xff, 0xf5, 0xdf, 0xf1, 0x3, 0xff, 0xfe, 0x98,
    0xbf, 0xff, 0xff, 0x10, 0xcf, 0xfc, 0x10, 0x0,
    0x4f, 0xff, 0xf1, 0x2f, 0xff, 0x10, 0x0, 0x0,
    0x7f, 0xff, 0x15, 0xff, 0xb0, 0x0, 0x0, 0x1,
    0xff, 0xf1, 0x7f, 0xf8, 0x0, 0x0, 0x0, 0xe,
    0xff, 0x17, 0xff, 0x80, 0x0, 0x0, 0x0, 0xef,
    0xf1, 0x5f, 0xfb, 0x0, 0x0, 0x0, 0x1f, 0xff,
    0x12, 0xff, 0xf1, 0x0, 0x0, 0x7, 0xff, 0xf1,
    0xc, 0xff, 0xc0, 0x0, 0x3, 0xff, 0xff, 0x10,
    0x3f, 0xff, 0xe9, 0x8a, 0xff, 0xff, 0xf1, 0x0,
    0x5f, 0xff, 0xff, 0xff, 0x5d, 0xff, 0x10, 0x0,
    0x29, 0xef, 0xeb, 0x30, 0xdf, 0xf1,

    /* U+0065 "e" */
    0x0, 0x1, 0x8d, 0xff, 0xd7, 0x10, 0x0, 0x0,
    0x4e, 0xff, 0xff, 0xff, 0xe3, 0x0, 0x2, 0xff,
    0xfc, 0x77, 0xcf, 0xfe, 0x0, 0xb, 0xff, 0x80,
    0x0, 0x8, 0xff, 0x80, 0x1f, 0xfd, 0x0, 0x0,
    0x0, 0xef, 0xd0, 0x5f, 0xfa, 0x11, 0x11, 0x11,
    0xbf, 0xf1, 0x7f, 0xff, 0xff, 0xff, 0xff, 0xff,
    0xf2, 0x7f, 0xff, 0xff, 0xff, 0xff, 0xff, 0xf3,
    0x5f, 0xf9, 0x0, 0x0, 0x0, 0x0, 0x0, 0x1f,
    0xfd, 0x0, 0x0, 0x0, 0x45, 0x50, 0xb, 0xff,
    0x90, 0x0, 0x3, 0xff, 0xc0, 0x2, 0xff, 0xfc,
    0x77, 0xaf, 0xff, 0x40, 0x0, 0x3e, 0xff, 0xff,
    0xff, 0xf6, 0x0, 0x0, 0x1, 0x8c, 0xff, 0xea,
    0x30, 0x0,

    /* U+0066 "f" */
    0x0, 0x0, 0x7d, 0xff, 0x60, 0x0, 0xbf, 0xff,
    0xf7, 0x0, 0x4f, 0xff, 0x75, 0x30, 0x8, 0xff,
    0x70, 0x0, 0x0, 0xaf, 0xf5, 0x0, 0x0, 0xa,
    0xff, 0x40, 0x0, 0xef, 0xff, 0xff, 0xff, 0x5e,
    0xff, 0xff, 0xff, 0xf5, 0x56, 0xcf, 0xf9, 0x66,
    0x20, 0xa, 0xff, 0x40, 0x0, 0x0, 0xaf, 0xf4,
    0x0, 0x0, 0xa, 0xff, 0x40, 0x0, 0x0, 0xaf,
    0xf4, 0x0, 0x0, 0xa, 0xff, 0x40, 0x0, 0x0,
    0xaf, 0xf4, 0x0, 0x0, 0xa, 0xff, 0x40, 0x0,
    0x0, 0xaf, 0xf4, 0x0, 0x0, 0xa, 0xff, 0x40,
    0x0, 0x0, 0xaf, 0xf4, 0x0, 0x0, 0xa, 0xff,
    0x40, 0x0,

    /* U+0067 "g" */
    0x0, 0x2, 0x9d, 0xfe, 0xb3, 0xd, 0xff, 0x20,
    0x4, 0xff, 0xff, 0xff, 0xf6, 0xdf, 0xf2, 0x2,
    0xff, 0xfe, 0x87, 0xaf, 0xff, 0xff, 0x20, 0xbf,
    0xfb, 0x0, 0x0, 0x3e, 0xff, 0xf2, 0x1f, 0xff,
    0x10, 0x0, 0x0, 0x6f, 0xff, 0x25, 0xff, 0xb0,
    0x0, 0x0, 0x0, 0xff, 0xf2, 0x7f, 0xf8, 0x0,
    0x0, 0x0, 0xd, 0xff, 0x27, 0xff, 0x80, 0x0,
    0x0, 0x0, 0xef, 0xf2, 0x5f, 0xfb, 0x0, 0x0,
    0x0, 0x1f, 0xff, 0x21, 0xff, 0xf1, 0x0, 0x0,
    0x6, 0xff, 0xf2, 0xb, 0xff, 0xc0, 0x0, 0x3,
    0xef, 0xff, 0x20, 0x2f, 0xff, 0xe8, 0x7a, 0xff,
    0xff, 0xf2, 0x0, 0x5f, 0xff, 0xff, 0xff, 0x5d,
    0xff, 0x10, 0x0, 0x29, 0xef, 0xeb, 0x30, 0xdf,
    0xf0, 0x3, 0x33, 0x0, 0x0, 0x0, 0x1f, 0xfe,
    0x0, 0xbf, 0xf7, 0x0, 0x0, 0xb, 0xff, 0x80,
    0x3, 0xff, 0xfc, 0x87, 0x9e, 0xff, 0xe1, 0x0,
    0x5, 0xff, 0xff, 0xff, 0xff, 0xe3, 0x0, 0x0,
    0x1, 0x8c, 0xff, 0xec, 0x70, 0x0, 0x0,

    /* U+0068 "h" */
    0xf, 0xff, 0x0, 0x0, 0x0, 0x0, 0x0, 0xff,
    0xf0, 0x0, 0x0, 0x0, 0x0, 0xf, 0xff, 0x0,
    0x0, 0x0, 0x0, 0x0, 0xff, 0xf0, 0x0, 0x0,
    0x0, 0x0, 0xf, 0xff, 0x0, 0x0, 0x0, 0x0,
    0x0, 0xff, 0xf0, 0x0, 0x0, 0x0, 0x0, 0xf,
    0xff, 0x4, 0xcf, 0xeb, 0x40, 0x0, 0xff, 0xf5,
    0xff, 0xff, 0xff, 0x50, 0xf, 0xff, 0xfd, 0x99,
    0xef, 0xff, 0x10, 0xff, 0xfc, 0x0, 0x1, 0xef,
    0xf6, 0xf, 0xff, 0x30, 0x0, 0x7, 0xff, 0x90,
    0xff, 0xf0, 0x0, 0x0, 0x5f, 0xfa, 0xf, 0xff,
    0x0, 0x0, 0x5, 0xff, 0xa0, 0xff, 0xf0, 0x0,
    0x0, 0x5f, 0xfa, 0xf, 0xff, 0x0, 0x0, 0x5,
    0xff, 0xa0, 0xff, 0xf0, 0x0, 0x0, 0x5f, 0xfa,
    0xf, 0xff, 0x0, 0x0, 0x5, 0xff, 0xa0, 0xff,
    0xf0, 0x0, 0x0, 0x5f, 0xfa, 0xf, 0xff, 0x0,
    0x0, 0x5, 0xff, 0xa0, 0xff, 0xf0, 0x0, 0x0,
    0x5f, 0xfa,

    /* U+0069 "i" */
    0x9, 0xfb, 0x3, 0xff, 0xf5, 0x1f, 0xff, 0x30,
    0x49, 0x50, 0x0, 0x0, 0x0, 0x0, 0x0, 0xe,
    0xff, 0x10, 0xef, 0xf1, 0xe, 0xff, 0x10, 0xef,
    0xf1, 0xe, 0xff, 0x10, 0xef, 0xf1, 0xe, 0xff,
    0x10, 0xef, 0xf1, 0xe, 0xff, 0x10, 0xef, 0xf1,
    0xe, 0xff, 0x10, 0xef, 0xf1, 0xe, 0xff, 0x10,
    0xef, 0xf1,

    /* U+006A "j" */
    0x0, 0x0, 0x6f, 0xc2, 0x0, 0x0, 0xff, 0xf9,
    0x0, 0x0, 0xef, 0xf7, 0x0, 0x0, 0x28, 0x70,
    0x0, 0x0, 0x0, 0x0, 0x0, 0x0, 0x0, 0x0,
    0x0, 0x0, 0xbf, 0xf4, 0x0, 0x0, 0xbf, 0xf4,
    0x0, 0x0, 0xbf, 0xf4, 0x0, 0x0, 0xbf, 0xf4,
    0x0, 0x0, 0xbf, 0xf4, 0x0, 0x0, 0xbf, 0xf4,
    0x0, 0x0, 0xbf, 0xf4, 0x0, 0x0, 0xbf, 0xf4,
    0x0, 0x0, 0xbf, 0xf4, 0x0, 0x0, 0xbf, 0xf4,
    0x0, 0x0, 0xbf, 0xf4, 0x0, 0x0, 0xbf, 0xf4,
    0x0, 0x0, 0xbf, 0xf4, 0x0, 0x0, 0xbf, 0xf4,
    0x0, 0x0, 0xbf, 0xf3, 0x0, 0x1, 0xff, 0xf1,
    0x18, 0x9e, 0xff, 0xc0, 0x2f, 0xff, 0xff, 0x30,
    0x1e, 0xfe, 0xb3, 0x0,

    /* U+006B "k" */
    0xf, 0xff, 0x0, 0x0, 0x0, 0x0, 0x0, 0xff,
    0xf0, 0x0, 0x0, 0x0, 0x0, 0xf, 0xff, 0x0,
    0x0, 0x0, 0x0, 0x0, 0xff, 0xf0, 0x0, 0x0,
    0x0, 0x0, 0xf, 0xff, 0x0, 0x0, 0x0, 0x0,
    0x0, 0xff, 0xf0, 0x0, 0x0, 0x0, 0x0, 0xf,
    0xff, 0x0, 0x0, 0x5f, 0xff, 0x40, 0xff, 0xf0,
    0x0, 0x4f, 0xff, 0x50, 0xf, 0xff, 0x0, 0x3f,
    0xff, 0x60, 0x0, 0xff, 0xf0, 0x3f, 0xff, 0x70,
    0x0, 0xf, 0xff, 0x2e, 0xff, 0x80, 0x0, 0x0,
    0xff, 0xfe, 0xff, 0x90, 0x0, 0x0, 0xf, 0xff,
    0xff, 0xe0, 0x0, 0x0, 0x0, 0xff, 0xfe, 0xff,
    0xa0, 0x0, 0x0, 0xf, 0xff, 0x3f, 0xff, 0x70,
    0x0, 0x0, 0xff, 0xf0, 0x5f, 0xff, 0x40, 0x0,
    0xf, 0xff, 0x0, 0x8f, 0xff, 0x20, 0x0, 0xff,
    0xf0, 0x0, 0xbf, 0xfd, 0x0, 0xf, 0xff, 0x0,
    0x1, 0xdf, 0xfb, 0x0, 0xff, 0xf0, 0x0, 0x2,
    0xff, 0xf8,

    /* U+006C "l" */
    0xf, 0xff, 0xf, 0xff, 0xf, 0xff, 0xf, 0xff,
    0xf, 0xff, 0xf, 0xff, 0xf, 0xff, 0xf, 0xff,
    0xf, 0xff, 0xf, 0xff, 0xf, 0xff, 0xf, 0xff,
    0xf, 0xff, 0xf, 0xff, 0xf, 0xff, 0xf, 0xff,
    0xf, 0xff, 0xf, 0xff, 0xf, 0xff, 0xf, 0xff,

    /* U+006D "m" */
    0x4f, 0xfb, 0x7, 0xdf, 0xe9, 0x10, 0x4, 0xce,
    0xfb, 0x40, 0x4, 0xff, 0xba, 0xff, 0xff, 0xfd,
    0x7, 0xff, 0xff, 0xff, 0x50, 0x4f, 0xff, 0xfc,
    0x8b, 0xff, 0xfb, 0xfe, 0x99, 0xef, 0xfe, 0x4,
    0xff, 0xf8, 0x0, 0x7, 0xff, 0xfe, 0x10, 0x1,
    0xff, 0xf4, 0x4f, 0xff, 0x0, 0x0, 0xf, 0xff,
    0x60, 0x0, 0x9, 0xff, 0x74, 0xff, 0xc0, 0x0,
    0x0, 0xef, 0xf2, 0x0, 0x0, 0x7f, 0xf8, 0x4f,
    0xfb, 0x0, 0x0, 0xd, 0xff, 0x10, 0x0, 0x7,
    0xff, 0x84, 0xff, 0xb0, 0x0, 0x0, 0xdf, 0xf1,
    0x0, 0x0, 0x7f, 0xf8, 0x4f, 0xfb, 0x0, 0x0,
    0xd, 0xff, 0x10, 0x0, 0x7, 0xff, 0x84, 0xff,
    0xb0, 0x0, 0x0, 0xdf, 0xf1, 0x0, 0x0, 0x7f,
    0xf8, 0x4f, 0xfb, 0x0, 0x0, 0xd, 0xff, 0x10,
    0x0, 0x7, 0xff, 0x84, 0xff, 0xb0, 0x0, 0x0,
    0xdf, 0xf1, 0x0, 0x0, 0x7f, 0xf8, 0x4f, 0xfb,
    0x0, 0x0, 0xd, 0xff, 0x10, 0x0, 0x7, 0xff,
    0x84, 0xff, 0xb0, 0x0, 0x0, 0xdf, 0xf1, 0x0,
    0x0, 0x7f, 0xf8,

    /* U+006E "n" */
    0x4f, 0xfb, 0x7, 0xdf, 0xea, 0x20, 0x4, 0xff,
    0xba, 0xff, 0xff, 0xfe, 0x20, 0x4f, 0xff, 0xfc,
    0x8a, 0xff, 0xfc, 0x4, 0xff, 0xf8, 0x0, 0x3,
    0xff, 0xf2, 0x4f, 0xff, 0x0, 0x0, 0xb, 0xff,
    0x54, 0xff, 0xb0, 0x0, 0x0, 0x9f, 0xf6, 0x4f,
    0xfb, 0x0, 0x0, 0x9, 0xff, 0x64, 0xff, 0xb0,
    0x0, 0x0, 0x9f, 0xf6, 0x4f, 0xfb, 0x0, 0x0,
    0x9, 0xff, 0x64, 0xff, 0xb0, 0x0, 0x0, 0x9f,
    0xf6, 0x4f, 0xfb, 0x0, 0x0, 0x9, 0xff, 0x64,
    0xff, 0xb0, 0x0, 0x0, 0x9f, 0xf6, 0x4f, 0xfb,
    0x0, 0x0, 0x9, 0xff, 0x64, 0xff, 0xb0, 0x0,
    0x0, 0x9f, 0xf6,

    /* U+006F "o" */
    0x0, 0x0, 0x6c, 0xef, 0xdb, 0x40, 0x0, 0x0,
    0x2, 0xdf, 0xff, 0xff, 0xff, 0xb0, 0x0, 0x1,
    0xef, 0xff, 0xa8, 0xbf, 0xff, 0xc0, 0x0, 0xaf,
    0xfd, 0x10, 0x0, 0x2e, 0xff, 0x70, 0x1f, 0xff,
    0x20, 0x0, 0x0, 0x4f, 0xfd, 0x5, 0xff, 0xb0,
    0x0, 0x0, 0x0, 0xef, 0xf2, 0x7f, 0xf8, 0x0,
    0x0, 0x0, 0xb, 0xff, 0x47, 0xff, 0x80, 0x0,
    0x0, 0x0, 0xbf, 0xf4, 0x5f, 0xfb, 0x0, 0x0,
    0x0, 0xe, 0xff, 0x21, 0xff, 0xf2, 0x0, 0x0,
    0x4, 0xff, 0xd0, 0xa, 0xff, 0xc1, 0x0, 0x2,
    0xef, 0xf7, 0x0, 0x1e, 0xff, 0xfa, 0x8a, 0xff,
    0xfc, 0x0, 0x0, 0x2d, 0xff, 0xff, 0xff, 0xfb,
    0x10, 0x0, 0x0, 0x6, 0xce, 0xfd, 0xb4, 0x0,
    0x0,

    /* U+0070 "p" */
    0xf, 0xff, 0x2, 0xae, 0xfe, 0x92, 0x0, 0x0,
    0xff, 0xf4, 0xff, 0xff, 0xff, 0xf6, 0x0, 0xf,
    0xff, 0xef, 0xb8, 0x9e, 0xff, 0xf4, 0x0, 0xff,
    0xff, 0x50, 0x0, 0xb, 0xff, 0xd0, 0xf, 0xff,
    0x80, 0x0, 0x0, 0x1f, 0xff, 0x30, 0xff, 0xf2,
    0x0, 0x0, 0x0, 0xaf, 0xf7, 0xf, 0xff, 0x0,
    0x0, 0x0, 0x7, 0xff, 0x80, 0xff, 0xf0, 0x0,
    0x0, 0x0, 0x7f, 0xf8, 0xf, 0xff, 0x20, 0x0,
    0x0, 0x9, 0xff, 0x70, 0xff, 0xf8, 0x0, 0x0,
    0x1, 0xff, 0xf3, 0xf, 0xff, 0xf4, 0x0, 0x0,
    0xbf, 0xfd, 0x0, 0xff, 0xfe, 0xfb, 0x89, 0xef,
    0xff, 0x40, 0xf, 0xff, 0x4f, 0xff, 0xff, 0xff,
    0x60, 0x0, 0xff, 0xf0, 0x2a, 0xef, 0xea, 0x20,
    0x0, 0xf, 0xff, 0x0, 0x0, 0x0, 0x0, 0x0,
    0x0, 0xff, 0xf0, 0x0, 0x0, 0x0, 0x0, 0x0,
    0xf, 0xff, 0x0, 0x0, 0x0, 0x0, 0x0, 0x0,
    0xff, 0xf0, 0x0, 0x0, 0x0, 0x0, 0x0, 0xf,
    0xff, 0x0, 0x0, 0x0, 0x0, 0x0, 0x0,

    /* U+0071 "q" */
    0x0, 0x2, 0x9d, 0xfe, 0xa3, 0xd, 0xff, 0x10,
    0x5, 0xff, 0xff, 0xff, 0xf5, 0xdf, 0xf1, 0x3,
    0xff, 0xfe, 0x98, 0xbf, 0xff, 0xff, 0x10, 0xcf,
    0xfc, 0x10, 0x0, 0x4f, 0xff, 0xf1, 0x2f, 0xff,
    0x10, 0x0, 0x0, 0x7f, 0xff, 0x15, 0xff, 0xb0,
    0x0, 0x0, 0x1, 0xff, 0xf1, 0x7f, 0xf8, 0x0,
    0x0, 0x0, 0xe, 0xff, 0x17, 0xff, 0x80, 0x0,
    0x0, 0x0, 0xef, 0xf1, 0x5f, 0xfb, 0x0, 0x0,
    0x0, 0x1f, 0xff, 0x12, 0xff, 0xf1, 0x0, 0x0,
    0x7, 0xff, 0xf1, 0xc, 0xff, 0xc0, 0x0, 0x3,
    0xff, 0xff, 0x10, 0x3f, 0xff, 0xe9, 0x8a, 0xff,
    0xff, 0xf1, 0x0, 0x5f, 0xff, 0xff, 0xff, 0x5d,
    0xff, 0x10, 0x0, 0x29, 0xef, 0xeb, 0x30, 0xdf,
    0xf1, 0x0, 0x0, 0x0, 0x0, 0x0, 0xd, 0xff,
    0x10, 0x0, 0x0, 0x0, 0x0, 0x0, 0xdf, 0xf1,
    0x0, 0x0, 0x0, 0x0, 0x0, 0xd, 0xff, 0x10,
    0x0, 0x0, 0x0, 0x0, 0x0, 0xdf, 0xf1, 0x0,
    0x0, 0x0, 0x0, 0x0, 0xd, 0xff, 0x10,

    /* U+0072 "r" */
    0x4f, 0xfb, 0x19, 0xef, 0x94, 0xff, 0xbd, 0xff,
    0xfa, 0x4f, 0xff, 0xff, 0xfe, 0xa4, 0xff, 0xfe,
    0x40, 0x0, 0x4f, 0xff, 0x30, 0x0, 0x4, 0xff,
    0xd0, 0x0, 0x0, 0x4f, 0xfb, 0x0, 0x0, 0x4,
    0xff, 0xb0, 0x0, 0x0, 0x4f, 0xfb, 0x0, 0x0,
    0x4, 0xff, 0xb0, 0x0, 0x0, 0x4f, 0xfb, 0x0,
    0x0, 0x4, 0xff, 0xb0, 0x0, 0x0, 0x4f, 0xfb,
    0x0, 0x0, 0x4, 0xff, 0xb0, 0x0, 0x0,

    /* U+0073 "s" */
    0x0, 0x4b, 0xef, 0xeb, 0x40, 0x0, 0x7, 0xff,
    0xff, 0xff, 0xf8, 0x0, 0x2f, 0xff, 0x85, 0x7e,
    0xff, 0x40, 0x6f, 0xf7, 0x0, 0x3, 0xff, 0xb0,
    0x6f, 0xf8, 0x0, 0x0, 0x0, 0x0, 0x2f, 0xff,
    0xd8, 0x51, 0x0, 0x0, 0x5, 0xff, 0xff, 0xff,
    0xb3, 0x0, 0x0, 0x17, 0xcf, 0xff, 0xff, 0x60,
    0x0, 0x0, 0x0, 0x49, 0xff, 0xf0, 0x46, 0x61,
    0x0, 0x0, 0xaf, 0xf3, 0x7f, 0xf9, 0x0, 0x0,
    0xbf, 0xf2, 0x1f, 0xff, 0xb6, 0x6b, 0xff, 0xd0,
    0x4, 0xff, 0xff, 0xff, 0xfe, 0x20, 0x0, 0x29,
    0xdf, 0xfd, 0x81, 0x0,

    /* U+0074 "t" */
    0x0, 0x5, 0x88, 0x10, 0x0, 0x0, 0xb, 0xff,
    0x30, 0x0, 0x0, 0xb, 0xff, 0x30, 0x0, 0x0,
    0xb, 0xff, 0x30, 0x0, 0x2f, 0xff, 0xff, 0xff,
    0xf7, 0x2f, 0xff, 0xff, 0xff, 0xf7, 0x6, 0x6d,
    0xff, 0x86, 0x62, 0x0, 0xb, 0xff, 0x30, 0x0,
    0x0, 0xb, 0xff, 0x30, 0x0, 0x0, 0xb, 0xff,
    0x30, 0x0, 0x0, 0xb, 0xff, 0x30, 0x0, 0x0,
    0xb, 0xff, 0x30, 0x0, 0x0, 0xb, 0xff, 0x30,
    0x0, 0x0, 0xb, 0xff, 0x30, 0x0, 0x0, 0xa,
    0xff, 0x70, 0x0, 0x0, 0x6, 0xff, 0xf9, 0x77,
    0x0, 0x0, 0xcf, 0xff, 0xfe, 0x0, 0x0, 0x8,
    0xdf, 0xfc,

    /* U+0075 "u" */
    0x4f, 0xfb, 0x0, 0x0, 0xc, 0xff, 0x34, 0xff,
    0xb0, 0x0, 0x0, 0xcf, 0xf3, 0x4f, 0xfb, 0x0,
    0x0, 0xc, 0xff, 0x34, 0xff, 0xb0, 0x0, 0x0,
    0xcf, 0xf3, 0x4f, 0xfb, 0x0, 0x0, 0xc, 0xff,
    0x34, 0xff, 0xb0, 0x0, 0x0, 0xcf, 0xf3, 0x4f,
    0xfb, 0x0, 0x0, 0xc, 0xff, 0x34, 0xff, 0xb0,
    0x0, 0x0, 0xcf, 0xf3, 0x4f, 0xfb, 0x0, 0x0,
    0xd, 0xff, 0x34, 0xff, 0xc0, 0x0, 0x1, 0xff,
    0xf3, 0x2f, 0xff, 0x30, 0x0, 0xaf, 0xff, 0x30,
    0xdf, 0xff, 0x98, 0xdf, 0xff, 0xf3, 0x4, 0xff,
    0xff, 0xff, 0x8c, 0xff, 0x30, 0x3, 0xbf, 0xfd,
    0x60, 0xcf, 0xf3,

    /* U+0076 "v" */
    0xf, 0xff, 0x0, 0x0, 0x0, 0xe, 0xff, 0x20,
    0xaf, 0xf6, 0x0, 0x0, 0x4, 0xff, 0xc0, 0x4,
    0xff, 0xb0, 0x0, 0x0, 0x9f, 0xf6, 0x0, 0xe,
    0xff, 0x10, 0x0, 0xe, 0xff, 0x0, 0x0, 0x8f,
    0xf7, 0x0, 0x5, 0xff, 0xa0, 0x0, 0x2, 0xff,
    0xc0, 0x0, 0xaf, 0xf4, 0x0, 0x0, 0xc, 0xff,
    0x20, 0xf, 0xfe, 0x0, 0x0, 0x0, 0x6f, 0xf8,
    0x5, 0xff, 0x80, 0x0, 0x0, 0x1, 0xff, 0xe0,
    0xbf, 0xf2, 0x0, 0x0, 0x0, 0xa, 0xff, 0x5f,
    0xfc, 0x0, 0x0, 0x0, 0x0, 0x4f, 0xfe, 0xff,
    0x60, 0x0, 0x0, 0x0, 0x0, 0xef, 0xff, 0xf1,
    0x0, 0x0, 0x0, 0x0, 0x9, 0xff, 0xfa, 0x0,
    0x0, 0x0, 0x0, 0x0, 0x3f, 0xff, 0x40, 0x0,
    0x0,

    /* U+0077 "w" */
    0xf, 0xfe, 0x0, 0x0, 0x2, 0xff, 0xe0, 0x0,
    0x0, 0x3f, 0xfc, 0xb, 0xff, 0x30, 0x0, 0x7,
    0xff, 0xf3, 0x0, 0x0, 0x8f, 0xf7, 0x6, 0xff,
    0x80, 0x0, 0xc, 0xff, 0xf8, 0x0, 0x0, 0xdf,
    0xf2, 0x1, 0xff, 0xd0, 0x0, 0x1f, 0xff, 0xfd,
    0x0, 0x1, 0xff, 0xd0, 0x0, 0xcf, 0xf2, 0x0,
    0x6f, 0xfe, 0xff, 0x20, 0x6, 0xff, 0x80, 0x0,
    0x7f, 0xf6, 0x0, 0xbf, 0xf5, 0xff, 0x70, 0xb,
    0xff, 0x30, 0x0, 0x2f, 0xfb, 0x1, 0xff, 0xb0,
    0xff, 0xc0, 0xf, 0xfe, 0x0, 0x0, 0xd, 0xff,
    0x5, 0xff, 0x60, 0xaf, 0xf1, 0x5f, 0xf9, 0x0,
    0x0, 0x8, 0xff, 0x5a, 0xff, 0x10, 0x5f, 0xf6,
    0x9f, 0xf4, 0x0, 0x0, 0x3, 0xff, 0xaf, 0xfc,
    0x0, 0xf, 0xfb, 0xef, 0xe0, 0x0, 0x0, 0x0,
    0xef, 0xff, 0xf7, 0x0, 0xb, 0xff, 0xff, 0xa0,
    0x0, 0x0, 0x0, 0x9f, 0xff, 0xf2, 0x0, 0x6,
    0xff, 0xff, 0x50, 0x0, 0x0, 0x0, 0x4f, 0xff,
    0xd0, 0x0, 0x1, 0xff, 0xff, 0x0, 0x0, 0x0,
    0x0, 0xe, 0xff, 0x80, 0x0, 0x0, 0xcf, 0xfb,
    0x0, 0x0,

    /* U+0078 "x" */
    0xaf, 0xf7, 0x0, 0x0, 0x8, 0xff, 0x91, 0xef,
    0xf2, 0x0, 0x3, 0xff, 0xe0, 0x6, 0xff, 0xb0,
    0x0, 0xcf, 0xf4, 0x0, 0xc, 0xff, 0x60, 0x7f,
    0xfa, 0x0, 0x0, 0x2f, 0xfe, 0x3f, 0xfe, 0x10,
    0x0, 0x0, 0x8f, 0xff, 0xff, 0x60, 0x0, 0x0,
    0x0, 0xdf, 0xff, 0xb0, 0x0, 0x0, 0x0, 0xd,
    0xff, 0xfb, 0x0, 0x0, 0x0, 0x7, 0xff, 0xff,
    0xf5, 0x0, 0x0, 0x2, 0xff, 0xe3, 0xff, 0xe1,
    0x0, 0x0, 0xbf, 0xf6, 0x7, 0xff, 0xa0, 0x0,
    0x5f, 0xfc, 0x0, 0xc, 0xff, 0x40, 0x1e, 0xff,
    0x20, 0x0, 0x3f, 0xfe, 0x9, 0xff, 0x80, 0x0,
    0x0, 0x9f, 0xf9,

    /* U+0079 "y" */
    0xd, 0xff, 0x20, 0x0, 0x0, 0xc, 0xff, 0x40,
    0x7f, 0xf8, 0x0, 0x0, 0x2, 0xff, 0xe0, 0x1,
    0xff, 0xd0, 0x0, 0x0, 0x7f, 0xf8, 0x0, 0xb,
    0xff, 0x30, 0x0, 0xd, 0xff, 0x20, 0x0, 0x5f,
    0xf9, 0x0, 0x3, 0xff, 0xc0, 0x0, 0x0, 0xff,
    0xe0, 0x0, 0x8f, 0xf6, 0x0, 0x0, 0x9, 0xff,
    0x40, 0xe, 0xff, 0x0, 0x0, 0x0, 0x3f, 0xfa,
    0x4, 0xff, 0xa0, 0x0, 0x0, 0x0, 0xdf, 0xf0,
    0x9f, 0xf4, 0x0, 0x0, 0x0, 0x7, 0xff, 0x6f,
    0xfe, 0x0, 0x0, 0x0, 0x0, 0x2f, 0xfe, 0xff,
    0x80, 0x0, 0x0, 0x0, 0x0, 0xcf, 0xff, 0xf2,
    0x0, 0x0, 0x0, 0x0, 0x6, 0xff, 0xfb, 0x0,
    0x0, 0x0, 0x0, 0x0, 0xf, 0xff, 0x50, 0x0,
    0x0, 0x0, 0x0, 0x1, 0xff, 0xe0, 0x0, 0x0,
    0x0, 0x0, 0x0, 0xcf, 0xf6, 0x0, 0x0, 0x0,
    0x8, 0x8a, 0xef, 0xfc, 0x0, 0x0, 0x0, 0x0,
    0xff, 0xff, 0xfc, 0x10, 0x0, 0x0, 0x0, 0xf,
    0xfe, 0xb6, 0x0, 0x0, 0x0, 0x0, 0x0,

    /* U+007A "z" */
    0x8f, 0xff, 0xff, 0xff, 0xff, 0xf6, 0x8f, 0xff,
    0xff, 0xff, 0xff, 0xf6, 0x36, 0x66, 0x66, 0x6a,
    0xff, 0xe1, 0x0, 0x0, 0x0, 0x2e, 0xff, 0x40,
    0x0, 0x0, 0x0, 0xdf, 0xf6, 0x0, 0x0, 0x0,
    0xa, 0xff, 0x90, 0x0, 0x0, 0x0, 0x7f, 0xfc,
    0x0, 0x0, 0x0, 0x4, 0xff, 0xe1, 0x0, 0x0,
    0x0, 0x2f, 0xff, 0x30, 0x0, 0x0, 0x0, 0xdf,
    0xf6, 0x0, 0x0, 0x0, 0xb, 0xff, 0x90, 0x0,
    0x0, 0x0, 0x8f, 0xff, 0x66, 0x66, 0x66, 0x62,
    0xef, 0xff, 0xff, 0xff, 0xff, 0xf6, 0xef, 0xff,
    0xff, 0xff, 0xff, 0xf6,

    /* U+007B "{" */
    0x0, 0x0, 0x8, 0xdf, 0xff, 0x80, 0x0, 0xc,
    0xff, 0xff, 0xf8, 0x0, 0x5, 0xff, 0xfa, 0x99,
    0x40, 0x0, 0x9f, 0xf8, 0x0, 0x0, 0x0, 0xa,
    0xff, 0x50, 0x0, 0x0, 0x0, 0xaf, 0xf5, 0x0,
    0x0, 0x0, 0xa, 0xff, 0x50, 0x0, 0x0, 0x0,
    0xaf, 0xf5, 0x0, 0x0, 0x0, 0xa, 0xff, 0x50,
    0x0, 0x0, 0x0, 0xaf, 0xf5, 0x0, 0x0, 0x0,
    0xb, 0xff, 0x50, 0x0, 0x0, 0x3, 0xff, 0xf2,
    0x0, 0x0, 0x6f, 0xff, 0xf9, 0x0, 0x0, 0x6,
    0xff, 0xfd, 0x20, 0x0, 0x0, 0x38, 0xbf, 0xfe,
    0x0, 0x0, 0x0, 0x0, 0xdf, 0xf4, 0x0, 0x0,
    0x0, 0xa, 0xff, 0x50, 0x0, 0x0, 0x0, 0xaf,
    0xf5, 0x0, 0x0, 0x0, 0xa, 0xff, 0x50, 0x0,
    0x0, 0x0, 0xaf, 0xf5, 0x0, 0x0, 0x0, 0xa,
    0xff, 0x50, 0x0, 0x0, 0x0, 0xaf, 0xf5, 0x0,
    0x0, 0x0, 0xa, 0xff, 0x50, 0x0, 0x0, 0x0,
    0x9f, 0xf8, 0x0, 0x0, 0x0, 0x5, 0xff, 0xfa,
    0x99, 0x40, 0x0, 0xc, 0xff, 0xff, 0xf8, 0x0,
    0x0, 0x8, 0xdf, 0xff, 0x80,

    /* U+007C "|" */
    0x78, 0x5e, 0xfb, 0xef, 0xbe, 0xfb, 0xef, 0xbe,
    0xfb, 0xef, 0xbe, 0xfb, 0xef, 0xbe, 0xfb, 0xef,
    0xbe, 0xfb, 0xef, 0xbe, 0xfb, 0xef, 0xbe, 0xfb,
    0xef, 0xbe, 0xfb, 0xef, 0xbe, 0xfb, 0xef, 0xbe,
    0xfb, 0xef, 0xbe, 0xfb, 0xef, 0xbe, 0xfb, 0xef,
    0xbe, 0xfb, 0xef, 0xbe, 0xfb, 0xef, 0xb0,

    /* U+007D "}" */
    0xff, 0xff, 0xc4, 0x0, 0x0, 0xff, 0xff, 0xff,
    0x50, 0x0, 0x89, 0x9d, 0xff, 0xe0, 0x0, 0x0,
    0x0, 0xef, 0xf2, 0x0, 0x0, 0x0, 0xcf, 0xf3,
    0x0, 0x0, 0x0, 0xcf, 0xf3, 0x0, 0x0, 0x0,
    0xcf, 0xf3, 0x0, 0x0, 0x0, 0xcf, 0xf3, 0x0,
    0x0, 0x0, 0xcf, 0xf3, 0x0, 0x0, 0x0, 0xcf,
    0xf3, 0x0, 0x0, 0x0, 0xcf, 0xf3, 0x0, 0x0,
    0x0, 0xaf, 0xfa, 0x10, 0x0, 0x0, 0x2e, 0xff,
    0xff, 0x0, 0x0, 0x7, 0xff, 0xff, 0x0, 0x0,
    0x6f, 0xff, 0x97, 0x0, 0x0, 0xbf, 0xf5, 0x0,
    0x0, 0x0, 0xcf, 0xf3, 0x0, 0x0, 0x0, 0xcf,
    0xf3, 0x0, 0x0, 0x0, 0xcf, 0xf3, 0x0, 0x0,
    0x0, 0xcf, 0xf3, 0x0, 0x0, 0x0, 0xcf, 0xf3,
    0x0, 0x0, 0x0, 0xcf, 0xf3, 0x0, 0x0, 0x0,
    0xcf, 0xf3, 0x0, 0x0, 0x0, 0xef, 0xf2, 0x0,
    0x89, 0x9d, 0xff, 0xe0, 0x0, 0xff, 0xff, 0xff,
    0x50, 0x0, 0xff, 0xff, 0xb4, 0x0, 0x0,

    /* U+007E "~" */
    0x2, 0xbe, 0x90, 0x3, 0xe7, 0xc, 0xff, 0xfd,
    0x27, 0xf6, 0x1f, 0xd1, 0x9f, 0xff, 0xf2, 0x2f,
    0x90, 0x7, 0xee, 0x70,

    /* U+00A0 " " */

    /* U+00A1 "¡" */
    0x4e, 0xd2, 0xdf, 0xf9, 0xaf, 0xf7, 0x6, 0x50,
    0x0, 0x0, 0x6f, 0xf2, 0x7f, 0xf2, 0x7f, 0xf3,
    0x7f, 0xf3, 0x7f, 0xf3, 0x8f, 0xf4, 0x8f, 0xf4,
    0x8f, 0xf4, 0x8f, 0xf5, 0x9f, 0xf5, 0x9f, 0xf5,
    0x9f, 0xf6, 0x9f, 0xf6, 0xaf, 0xf6,

    /* U+00A2 "¢" */
    0x0, 0x0, 0x0, 0x46, 0x20, 0x0, 0x0, 0x0,
    0x0, 0x0, 0xdf, 0x60, 0x0, 0x0, 0x0, 0x0,
    0x0, 0xdf, 0x80, 0x0, 0x0, 0x0, 0x2, 0xbf,
    0xff, 0xff, 0xa1, 0x0, 0x0, 0x5f, 0xff, 0xff,
    0xff, 0xfe, 0x20, 0x3, 0xff, 0xfb, 0xef, 0x9c,
    0xff, 0xc0, 0xc, 0xff, 0x80, 0xdf, 0x60, 0xcf,
    0xf4, 0x2f, 0xfe, 0x0, 0xdf, 0x60, 0x4c, 0xc6,
    0x6f, 0xf9, 0x0, 0xdf, 0x60, 0x0, 0x0, 0x7f,
    0xf7, 0x0, 0xdf, 0x60, 0x0, 0x0, 0x7f, 0xf8,
    0x0, 0xdf, 0x60, 0x0, 0x0, 0x5f, 0xfb, 0x0,
    0xdf, 0x60, 0x1, 0x11, 0xf, 0xff, 0x10, 0xdf,
    0x60, 0x7f, 0xf7, 0x9, 0xff, 0xc1, 0xdf, 0x62,
    0xff, 0xf2, 0x1, 0xdf, 0xff, 0xff, 0xdf, 0xff,
    0x90, 0x0, 0x2c, 0xff, 0xff, 0xff, 0xfa, 0x0,
    0x0, 0x0, 0x6b, 0xff, 0xea, 0x40, 0x0, 0x0,
    0x0, 0x0, 0xdf, 0x60, 0x0, 0x0, 0x0, 0x0,
    0x0, 0xdf, 0x60, 0x0, 0x0,

    /* U+00A3 "£" */
    0x0, 0x0, 0x17, 0xbe, 0xff, 0xec, 0x90, 0x0,
    0x5, 0xef, 0xff, 0xff, 0xff, 0xf0, 0x0, 0x5f,
    0xff, 0xfd, 0xba, 0xbd, 0xf0, 0x0, 0xef, 0xfb,
    0x20, 0x0, 0x0, 0x0, 0x4, 0xff, 0xd0, 0x0,
    0x0, 0x0, 0x0, 0x6, 0xff, 0x80, 0x0, 0x0,
    0x0, 0x0, 0x5, 0xff, 0x90, 0x0, 0x0, 0x0,
    0x0, 0x1, 0xff, 0xe0, 0x0, 0x0, 0x0, 0x0,
    0x0, 0x8f, 0xf9, 0x0, 0x0, 0x0, 0x0, 0x5b,
    0xbf, 0xff, 0xbb, 0xbb, 0xb3, 0x0, 0x7f, 0xff,
    0xff, 0xff, 0xff, 0xf5, 0x0, 0x0, 0x0, 0xdf,
    0xf0, 0x0, 0x0, 0x0, 0x0, 0x0, 0x9f, 0xf1,
    0x0, 0x0, 0x0, 0x0, 0x0, 0xaf, 0xf0, 0x0,
    0x0, 0x0, 0x0, 0x1, 0xff, 0x90, 0x0, 0x0,
    0x0, 0x0, 0x3d, 0xfc, 0x0, 0x0, 0x0, 0x0,
    0x3c, 0xff, 0xf9, 0x99, 0x99, 0x99, 0x96, 0x5f,
    0xff, 0xff, 0xff, 0xff, 0xff, 0xfc, 0x5f, 0xff,
    0xff, 0xff, 0xff, 0xff, 0xfc,

    /* U+00A4 "¤" */
    0x0, 0x0, 0x0, 0x0, 0x0, 0x0, 0x0, 0x1d,
    0x50, 0x0, 0x12, 0x0, 0x4, 0xd2, 0x5f, 0xf5,
    0x8e, 0xff, 0xf9, 0x5f, 0xf7, 0x6, 0xff, 0xff,
    0xff, 0xff, 0xff, 0x70, 0x0, 0xcf, 0xe6, 0x10,
    0x5d, 0xfe, 0x0, 0x3, 0xff, 0x30, 0x0, 0x1,
    0xef, 0x60, 0x8, 0xfb, 0x0, 0x0, 0x0, 0x8f,
    0xb0, 0x9, 0xf9, 0x0, 0x0, 0x0, 0x6f, 0xc0,
    0x7, 0xfb, 0x0, 0x0, 0x0, 0x9f, 0xa0, 0x2,
    0xff, 0x40, 0x0, 0x2, 0xff, 0x50, 0x0, 0xbf,
    0xf8, 0x33, 0x7f, 0xfe, 0x0, 0x7, 0xff, 0xff,
    0xff, 0xff, 0xff, 0x80, 0x6f, 0xf4, 0x5c, 0xff,
    0xc6, 0x4f, 0xf7, 0x1c, 0x40, 0x0, 0x0, 0x0,
    0x3, 0xd2, 0x0, 0x0, 0x0, 0x0, 0x0, 0x0,
    0x0,

    /* U+00A5 "¥" */
    0x2f, 0xff, 0x30, 0x0, 0x0, 0x0, 0x7, 0xff,
    0xd0, 0x9, 0xff, 0xb0, 0x0, 0x0, 0x0, 0xe,
    0xff, 0x50, 0x1, 0xff, 0xf3, 0x0, 0x0, 0x0,
    0x7f, 0xfc, 0x0, 0x0, 0x8f, 0xfb, 0x0, 0x0,
    0x1, 0xef, 0xf4, 0x0, 0x0, 0x1e, 0xff, 0x40,
    0x0, 0x8, 0xff, 0xc0, 0x0, 0x0, 0x7, 0xff,
    0xc0, 0x0, 0x1f, 0xff, 0x30, 0x0, 0x0, 0x0,
    0xef, 0xf4, 0x0, 0x8f, 0xfb, 0x0, 0x0, 0x0,
    0x0, 0x6f, 0xfc, 0x1, 0xff, 0xf2, 0x0, 0x0,
    0x0, 0x0, 0xd, 0xff, 0x59, 0xff, 0xa0, 0x0,
    0x0, 0x0, 0xaf, 0xff, 0xff, 0xdf, 0xff, 0xff,
    0xf5, 0x0, 0x0, 0x9f, 0xff, 0xff, 0xff, 0xff,
    0xff, 0xf5, 0x0, 0x0, 0x0, 0x0, 0x2e, 0xff,
    0xc0, 0x0, 0x0, 0x0, 0x0, 0xaf, 0xff, 0xff,
    0xff, 0xff, 0xff, 0xf5, 0x0, 0x0, 0xaf, 0xff,
    0xff, 0xff, 0xff, 0xff, 0xf5, 0x0, 0x0, 0x0,
    0x0, 0xa, 0xff, 0x60, 0x0, 0x0, 0x0, 0x0,
    0x0, 0x0, 0xa, 0xff, 0x60, 0x0, 0x0, 0x0,
    0x0, 0x0, 0x0, 0xa, 0xff, 0x60, 0x0, 0x0,
    0x0, 0x0, 0x0, 0x0, 0xa, 0xff, 0x60, 0x0,
    0x0, 0x0, 0x0, 0x0, 0x0, 0xa, 0xff, 0x60,
    0x0, 0x0, 0x0,

    /* U+00A6 "¦" */
    0xcd, 0x9e, 0xfb, 0xef, 0xbe, 0xfb, 0xef, 0xbe,
    0xfb, 0xef, 0xbe, 0xfb, 0xef, 0xbe, 0xfb, 0xef,
    0xbe, 0xfb, 0xef, 0xbe, 0xfb, 0x0, 0x0, 0x0,
    0x0, 0x0, 0x0, 0x78, 0x6e, 0xfb, 0xef, 0xbe,
    0xfb, 0xef, 0xbe, 0xfb, 0xef, 0xbe, 0xfb, 0xef,
    0xbe, 0xfb, 0xef, 0xbe, 0xfb, 0xef, 0xb0,

    /* U+00A7 "§" */
    0x0, 0x0, 0x49, 0xdf, 0xfd, 0xa4, 0x0, 0x0,
    0x0, 0xa, 0xff, 0xff, 0xff, 0xff, 0xa0, 0x0,
    0x0, 0xbf, 0xff, 0xb8, 0x8b, 0xff, 0xfa, 0x0,
    0x4, 0xff, 0xe3, 0x0, 0x0, 0x3f, 0xff, 0x40,
    0x9, 0xff, 0x70, 0x0, 0x0, 0x7, 0xff, 0xa0,
    0xa, 0xff, 0x40, 0x0, 0x0, 0x1, 0xbb, 0x90,
    0x9, 0xff, 0x80, 0x0, 0x0, 0x0, 0x0, 0x0,
    0x4, 0xff, 0xf8, 0x10, 0x0, 0x0, 0x0, 0x0,
    0x0, 0x9f, 0xff, 0xfc, 0x95, 0x20, 0x0, 0x0,
    0x0, 0x6, 0xff, 0xff, 0xff, 0xfe, 0x81, 0x0,
    0x0, 0x9e, 0xff, 0xef, 0xff, 0xff, 0xff, 0x50,
    0xd, 0xff, 0x60, 0x1, 0x48, 0xcf, 0xff, 0xf4,
    0x7f, 0xf7, 0x0, 0x0, 0x0, 0x2, 0xdf, 0xfc,
    0xaf, 0xf5, 0x0, 0x0, 0x0, 0x0, 0x2f, 0xff,
    0xaf, 0xf9, 0x0, 0x0, 0x0, 0x0, 0xf, 0xfe,
    0x6f, 0xff, 0xa2, 0x0, 0x0, 0x0, 0x5f, 0xf9,
    0xc, 0xff, 0xff, 0xea, 0x73, 0x49, 0xff, 0xc1,
    0x0, 0x9f, 0xff, 0xff, 0xff, 0xff, 0xc6, 0x0,
    0x0, 0x1, 0x7c, 0xff, 0xff, 0xff, 0xe7, 0x0,
    0x0, 0x0, 0x0, 0x3, 0x6a, 0xef, 0xff, 0x80,
    0x0, 0x0, 0x0, 0x0, 0x0, 0x8, 0xff, 0xf1,
    0x2, 0x21, 0x0, 0x0, 0x0, 0x0, 0xcf, 0xf5,
    0x1f, 0xff, 0x0, 0x0, 0x0, 0x0, 0x9f, 0xf6,
    0xd, 0xff, 0x60, 0x0, 0x0, 0x0, 0xcf, 0xf4,
    0x6, 0xff, 0xf4, 0x0, 0x0, 0x8, 0xff, 0xe0,
    0x0, 0xbf, 0xff, 0xc9, 0x89, 0xdf, 0xff, 0x50,
    0x0, 0xa, 0xff, 0xff, 0xff, 0xff, 0xf6, 0x0,
    0x0, 0x0, 0x39, 0xdf, 0xfe, 0xc7, 0x10, 0x0,

    /* U+00A8 "¨" */
    0x1, 0x85, 0x0, 0x7, 0x70, 0xd, 0xff, 0x60,
    0x9f, 0xfa, 0xf, 0xff, 0x80, 0xbf, 0xfc, 0x6,
    0xfc, 0x10, 0x3e, 0xe4,

    /* U+00A9 "©" */
    0x0, 0x0, 0x1, 0x7b, 0xdf, 0xec, 0x83, 0x0,
    0x0, 0x0, 0x0, 0x8, 0xff, 0xff, 0xff, 0xff,
    0xfb, 0x10, 0x0, 0x0, 0xc, 0xff, 0xa4, 0x10,
    0x13, 0x8f, 0xfe, 0x20, 0x0, 0xb, 0xfe, 0x30,
    0x0, 0x0, 0x0, 0x1b, 0xfe, 0x10, 0x6, 0xfe,
    0x20, 0x5, 0xbd, 0xeb, 0x50, 0xc, 0xfa, 0x0,
    0xdf, 0x50, 0xb, 0xff, 0xff, 0xff, 0x80, 0x2f,
    0xf2, 0x3f, 0xe0, 0x9, 0xff, 0x50, 0x17, 0xff,
    0x30, 0x9f, 0x77, 0xf9, 0x1, 0xff, 0x50, 0x0,
    0xa, 0xf9, 0x4, 0xfb, 0x9f, 0x60, 0x5f, 0xf0,
    0x0, 0x0, 0x0, 0x0, 0x1f, 0xea, 0xf5, 0x6,
    0xfd, 0x0, 0x0, 0x0, 0x0, 0x0, 0xff, 0x9f,
    0x60, 0x5f, 0xf0, 0x0, 0x0, 0x0, 0x0, 0x1f,
    0xe7, 0xf9, 0x1, 0xff, 0x40, 0x0, 0x9, 0xe8,
    0x4, 0xfc, 0x3f, 0xe0, 0x9, 0xfe, 0x40, 0x6,
    0xff, 0x40, 0x9f, 0x70, 0xdf, 0x50, 0xc, 0xff,
    0xff, 0xff, 0x90, 0x2f, 0xf2, 0x6, 0xfe, 0x20,
    0x7, 0xcf, 0xfc, 0x60, 0xc, 0xfa, 0x0, 0xb,
    0xfe, 0x30, 0x0, 0x0, 0x0, 0x1b, 0xfe, 0x10,
    0x0, 0x1c, 0xff, 0x94, 0x10, 0x3, 0x8e, 0xfe,
    0x30, 0x0, 0x0, 0x9, 0xff, 0xff, 0xff, 0xff,
    0xfb, 0x20, 0x0, 0x0, 0x0, 0x2, 0x7c, 0xef,
    0xed, 0x93, 0x0, 0x0, 0x0,

    /* U+00AA "ª" */
    0x0, 0x6b, 0xdb, 0x60, 0x0, 0x9f, 0xff, 0xff,
    0xa0, 0x1f, 0xf6, 0x7, 0xff, 0x20, 0x11, 0x3,
    0x6f, 0xf4, 0x4, 0xcf, 0xff, 0xff, 0x53, 0xff,
    0x84, 0x4f, 0xf5, 0x7f, 0xe0, 0x6, 0xff, 0x54,
    0xff, 0xdb, 0xff, 0xf5, 0x7, 0xef, 0xc4, 0xff,
    0x50,

    /* U+00AB "«" */
    0x0, 0x0, 0xc, 0xff, 0x50, 0x3, 0xef, 0xe2,
    0x0, 0x1, 0xcf, 0xf5, 0x0, 0x3f, 0xfe, 0x20,
    0x0, 0x1c, 0xff, 0x60, 0x3, 0xff, 0xe2, 0x0,
    0x1, 0xcf, 0xf6, 0x0, 0x3f, 0xfe, 0x20, 0x0,
    0x1d, 0xff, 0x60, 0x3, 0xff, 0xe2, 0x0, 0x0,
    0xbf, 0xf8, 0x0, 0x1f, 0xff, 0x40, 0x0, 0x0,
    0x2e, 0xff, 0x40, 0x5, 0xff, 0xd1, 0x0, 0x0,
    0x2, 0xef, 0xf4, 0x0, 0x5f, 0xfd, 0x10, 0x0,
    0x0, 0x2e, 0xff, 0x40, 0x5, 0xff, 0xd1, 0x0,
    0x0, 0x2, 0xdf, 0xf4, 0x0, 0x5f, 0xfd, 0x10,
    0x0, 0x0, 0x1d, 0xff, 0x40, 0x4, 0xff, 0xd1,
    0x0, 0x0, 0x0, 0x22, 0x10, 0x0, 0x12, 0x21,

    /* U+00AC "¬" */
    0xef, 0xff, 0xff, 0xff, 0xff, 0xff, 0xfe, 0xff,
    0xff, 0xff, 0xff, 0xff, 0xff, 0x56, 0x66, 0x66,
    0x66, 0x66, 0xaf, 0xf0, 0x0, 0x0, 0x0, 0x0,
    0x7, 0xff, 0x0, 0x0, 0x0, 0x0, 0x0, 0x7f,
    0xf0, 0x0, 0x0, 0x0, 0x0, 0x7, 0xff, 0x0,
    0x0, 0x0, 0x0, 0x0, 0x6e, 0xd0,

    /* U+00AD "­" */
    0x66, 0x66, 0x66, 0x66, 0x64, 0xff, 0xff, 0xff,
    0xff, 0xfb, 0xff, 0xff, 0xff, 0xff, 0xfb,

    /* U+00AE "®" */
    0x0, 0x7, 0xcd, 0xc8, 0x10, 0x0, 0xc, 0xb4,
    0x23, 0x8e, 0x30, 0x9, 0xa3, 0xee, 0xd4, 0x6d,
    0x0, 0xf2, 0x4f, 0x1a, 0xb0, 0xd3, 0x1f, 0x4,
    0xff, 0xf4, 0xb, 0x50, 0xf1, 0x4f, 0x2f, 0x30,
    0xd4, 0xa, 0x83, 0xc0, 0x88, 0x4e, 0x0, 0x2e,
    0x81, 0x0, 0x5e, 0x50, 0x0, 0x2a, 0xff, 0xfc,
    0x40, 0x0, 0x0, 0x0, 0x10, 0x0, 0x0,

    /* U+00AF "¯" */
    0x0, 0x0, 0x0, 0x0, 0x7, 0xff, 0xff, 0xff,
    0xfa, 0x7f, 0xff, 0xff, 0xff, 0xa0,

    /* U+00B0 "°" */
    0x0, 0x0, 0x11, 0x0, 0x0, 0x0, 0x4d, 0xff,
    0xe7, 0x0, 0x6, 0xff, 0xff, 0xff, 0xa0, 0x1f,
    0xfa, 0x21, 0x7f, 0xf5, 0x6f, 0xd0, 0x0, 0x9,
    0xfb, 0x7f, 0xb0, 0x0, 0x5, 0xfc, 0x5f, 0xe0,
    0x0, 0xa, 0xfa, 0xe, 0xfc, 0x43, 0x9f, 0xf4,
    0x4, 0xff, 0xff, 0xff, 0x80, 0x0, 0x2a, 0xef,
    0xc5, 0x0,

    /* U+00B1 "±" */
    0x0, 0x0, 0xbf, 0xb0, 0x0, 0x0, 0x0, 0xb,
    0xfb, 0x0, 0x0, 0x0, 0x0, 0xbf, 0xb0, 0x0,
    0x3, 0x66, 0x6d, 0xfd, 0x66, 0x63, 0x8f, 0xff,
    0xff, 0xff, 0xff, 0x88, 0xff, 0xff, 0xff, 0xff,
    0xf8, 0x0, 0x0, 0xbf, 0xb0, 0x0, 0x0, 0x0,
    0xb, 0xfb, 0x0, 0x0, 0x0, 0x0, 0xbf, 0xb0,
    0x0, 0x0, 0x0, 0xb, 0xfb, 0x0, 0x0, 0x0,
    0x0, 0x1, 0x0, 0x0, 0x0, 0x0, 0x0, 0x0,
    0x0, 0x0, 0xbc, 0xcc, 0xcc, 0xcc, 0xcc, 0xcf,
    0xff, 0xff, 0xff, 0xff, 0xff,

    /* U+00B2 "²" */
    0x0, 0x5c, 0xfe, 0xb3, 0x0, 0x7f, 0xff, 0xff,
    0xf3, 0xf, 0xfc, 0x36, 0xff, 0xa1, 0xaa, 0x20,
    0xd, 0xfb, 0x0, 0x0, 0x4, 0xff, 0x60, 0x0,
    0x6, 0xff, 0xa0, 0x0, 0xa, 0xff, 0x70, 0x0,
    0x3d, 0xfe, 0x52, 0x22, 0x1f, 0xff, 0xff, 0xff,
    0xd2, 0xff, 0xff, 0xff, 0xfd,

    /* U+00B3 "³" */
    0x0, 0x5c, 0xff, 0xb4, 0x0, 0x6f, 0xff, 0xff,
    0xf4, 0xe, 0xfa, 0x12, 0xef, 0xa0, 0x33, 0x10,
    0x2e, 0xf8, 0x0, 0x8, 0xff, 0xfa, 0x0, 0x0,
    0x7e, 0xff, 0xd2, 0x3, 0x30, 0x0, 0xdf, 0xc2,
    0xff, 0x81, 0x3e, 0xfc, 0xa, 0xff, 0xff, 0xff,
    0x60, 0x7, 0xdf, 0xfc, 0x50,

    /* U+00B4 "´" */
    0x0, 0xab, 0xa0, 0x4, 0xff, 0x80, 0xc, 0xfe,
    0x0, 0x3f, 0xf5, 0x0, 0xbf, 0xc0, 0x0,

    /* U+00B5 "µ" */
    0xcf, 0xf2, 0x0, 0x0, 0x4f, 0xfa, 0x0, 0xc,
    0xff, 0x20, 0x0, 0x4, 0xff, 0xa0, 0x0, 0xcf,
    0xf2, 0x0, 0x0, 0x4f, 0xfa, 0x0, 0xc, 0xff,
    0x20, 0x0, 0x4, 0xff, 0xa0, 0x0, 0xcf, 0xf2,
    0x0, 0x0, 0x4f, 0xfa, 0x0, 0xc, 0xff, 0x20,
    0x0, 0x4, 0xff, 0xa0, 0x0, 0xcf, 0xf2, 0x0,
    0x0, 0x4f, 0xfa, 0x0, 0xc, 0xff, 0x20, 0x0,
    0x4, 0xff, 0xa0, 0x0, 0xcf, 0xf2, 0x0, 0x0,
    0x6f, 0xfa, 0x0, 0xc, 0xff, 0x30, 0x0, 0xa,
    0xff, 0xa0, 0x0, 0xcf, 0xfa, 0x0, 0x3, 0xff,
    0xfd, 0x0, 0xc, 0xff, 0xfc, 0x8a, 0xff, 0xff,
    0xfc, 0x85, 0xcf, 0xff, 0xff, 0xff, 0x77, 0xff,
    0xff, 0x9c, 0xfa, 0x9e, 0xfd, 0x70, 0x5, 0xcf,
    0xf8, 0xcf, 0xd0, 0x0, 0x0, 0x0, 0x0, 0x0,
    0xc, 0xff, 0x0, 0x0, 0x0, 0x0, 0x0, 0x0,
    0xcf, 0xf1, 0x0, 0x0, 0x0, 0x0, 0x0, 0xc,
    0xff, 0x20, 0x0, 0x0, 0x0, 0x0, 0x0, 0xcf,
    0xf2, 0x0, 0x0, 0x0, 0x0, 0x0, 0x0,

    /* U+00B6 "¶" */
    0x0, 0x5c, 0xef, 0xff, 0xff, 0xff, 0x60, 0x9f,
    0xff, 0xff, 0xff, 0xff, 0xf6, 0x5f, 0xff, 0xff,
    0xff, 0xe9, 0xcf, 0x6b, 0xff, 0xff, 0xff, 0xfb,
    0x8, 0xf6, 0xef, 0xff, 0xff, 0xff, 0xb0, 0x8f,
    0x6d, 0xff, 0xff, 0xff, 0xfb, 0x8, 0xf6, 0xaf,
    0xff, 0xff, 0xff, 0xb0, 0x8f, 0x62, 0xff, 0xff,
    0xff, 0xfb, 0x8, 0xf6, 0x4, 0xff, 0xff, 0xff,
    0xb0, 0x8f, 0x60, 0x0, 0x58, 0x9a, 0xfb, 0x8,
    0xf6, 0x0, 0x0, 0x0, 0x3f, 0xb0, 0x8f, 0x60,
    0x0, 0x0, 0x3, 0xfb, 0x8, 0xf6, 0x0, 0x0,
    0x0, 0x3f, 0xb0, 0x8f, 0x60, 0x0, 0x0, 0x3,
    0xfb, 0x8, 0xf6, 0x0, 0x0, 0x0, 0x3f, 0xb0,
    0x8f, 0x60, 0x0, 0x0, 0x3, 0xfb, 0x8, 0xf6,
    0x0, 0x0, 0x0, 0x3f, 0xb0, 0x8f, 0x60, 0x0,
    0x0, 0x3, 0xfb, 0x8, 0xf6,

    /* U+00B7 "·" */
    0x19, 0xa2, 0x9f, 0xfd, 0xaf, 0xfe, 0x2d, 0xe5,

    /* U+00B8 "¸" */
    0x0, 0x12, 0x10, 0x0, 0xd, 0xf2, 0x0, 0x7,
    0xfc, 0x72, 0x0, 0xdf, 0xff, 0xf3, 0x1, 0x40,
    0x8f, 0x90, 0x0, 0x6, 0xfa, 0xb, 0xbc, 0xff,
    0x40, 0xdf, 0xfc, 0x40,

    /* U+00B9 "¹" */
    0x0, 0x5f, 0xa6, 0xbf, 0xfa, 0xff, 0xff, 0xa2,
    0x2d, 0xfa, 0x0, 0xcf, 0xa0, 0xc, 0xfa, 0x0,
    0xcf, 0xa0, 0xc, 0xfa, 0x0, 0xcf, 0xa0, 0xc,
    0xfa,

    /* U+00BA "º" */
    0x0, 0x4c, 0xfe, 0xb3, 0x0, 0x6, 0xff, 0xff,
    0xff, 0x40, 0x1f, 0xfb, 0x12, 0xcf, 0xe0, 0x6f,
    0xf1, 0x0, 0x3f, 0xf3, 0x7f, 0xf0, 0x0, 0xf,
    0xf5, 0x6f, 0xf1, 0x0, 0x3f, 0xf3, 0x1f, 0xfb,
    0x22, 0xcf, 0xe0, 0x6, 0xff, 0xff, 0xff, 0x40,
    0x0, 0x4c, 0xfe, 0xb3, 0x0,

    /* U+00BB "»" */
    0x7f, 0xfb, 0x0, 0xb, 0xff, 0x70, 0x0, 0x0,
    0x7, 0xff, 0xb0, 0x0, 0xbf, 0xf7, 0x0, 0x0,
    0x0, 0x7f, 0xfb, 0x0, 0xb, 0xff, 0x70, 0x0,
    0x0, 0x7, 0xff, 0xb0, 0x0, 0xcf, 0xf7, 0x0,
    0x0, 0x0, 0x7f, 0xfb, 0x0, 0xc, 0xff, 0x80,
    0x0, 0x0, 0xa, 0xff, 0x90, 0x0, 0xef, 0xf5,
    0x0, 0x0, 0x5f, 0xfd, 0x10, 0xa, 0xff, 0xa0,
    0x0, 0x5, 0xff, 0xd1, 0x0, 0xaf, 0xfa, 0x0,
    0x0, 0x5f, 0xfd, 0x10, 0xa, 0xff, 0x90, 0x0,
    0x5, 0xff, 0xc1, 0x0, 0xaf, 0xf9, 0x0, 0x0,
    0x5f, 0xfc, 0x10, 0xa, 0xff, 0x90, 0x0, 0x0,
    0x12, 0x20, 0x0, 0x2, 0x21, 0x0, 0x0, 0x0,

    /* U+00BC "¼" */
    0x0, 0x0, 0x0, 0x0, 0x0, 0x0, 0x0, 0x0,
    0x0, 0x0, 0x0, 0x1, 0xbf, 0x40, 0x0, 0x0,
    0x0, 0x0, 0xbf, 0xc0, 0x0, 0x0, 0x8f, 0xff,
    0x40, 0x0, 0x0, 0x0, 0x5, 0xff, 0x30, 0x0,
    0x0, 0x8b, 0xff, 0x40, 0x0, 0x0, 0x0, 0xe,
    0xf9, 0x0, 0x0, 0x0, 0x0, 0xff, 0x40, 0x0,
    0x0, 0x0, 0x8f, 0xe1, 0x0, 0x0, 0x0, 0x0,
    0xff, 0x40, 0x0, 0x0, 0x2, 0xff, 0x60, 0x0,
    0x0, 0x0, 0x0, 0xff, 0x40, 0x0, 0x0, 0xc,
    0xfc, 0x0, 0x0, 0x0, 0x0, 0x0, 0xff, 0x40,
    0x0, 0x0, 0x6f, 0xf3, 0x0, 0x0, 0x0, 0x0,
    0x0, 0xff, 0x40, 0x0, 0x1, 0xef, 0x90, 0x0,
    0x0, 0x0, 0x0, 0x0, 0xef, 0x40, 0x0, 0x9,
    0xfe, 0x0, 0x0, 0x0, 0x0, 0x0, 0x0, 0x0,
    0x0, 0x0, 0x3f, 0xf5, 0x0, 0x0, 0x6, 0xdd,
    0x80, 0x0, 0x0, 0x0, 0x0, 0xcf, 0xb0, 0x0,
    0x0, 0x3f, 0xff, 0xa0, 0x0, 0x0, 0x0, 0x6,
    0xff, 0x20, 0x0, 0x0, 0xdf, 0xdf, 0xa0, 0x0,
    0x0, 0x0, 0x1e, 0xf8, 0x0, 0x0, 0x9, 0xf7,
    0xaf, 0xa0, 0x0, 0x0, 0x0, 0xaf, 0xe0, 0x0,
    0x0, 0x5f, 0xc0, 0xaf, 0xa0, 0x0, 0x0, 0x3,
    0xff, 0x50, 0x0, 0x0, 0xef, 0xed, 0xef, 0xec,
    0x0, 0x0, 0xd, 0xfb, 0x0, 0x0, 0x0, 0xff,
    0xff, 0xff, 0xff, 0x0, 0x0, 0x7f, 0xf2, 0x0,
    0x0, 0x0, 0x0, 0x0, 0xaf, 0xa0, 0x0, 0x1,
    0xff, 0x70, 0x0, 0x0, 0x0, 0x0, 0x0, 0xaf,
    0xa0,

    /* U+00BD "½" */
    0x0, 0x37, 0x20, 0x0, 0x0, 0x0, 0x0, 0x47,
    0x70, 0x0, 0x0, 0x1, 0x7f, 0xf4, 0x0, 0x0,
    0x0, 0x0, 0x1e, 0xf9, 0x0, 0x0, 0x0, 0xbf,
    0xff, 0x40, 0x0, 0x0, 0x0, 0x9, 0xfe, 0x10,
    0x0, 0x0, 0x3, 0x5f, 0xf4, 0x0, 0x0, 0x0,
    0x2, 0xff, 0x60, 0x0, 0x0, 0x0, 0x0, 0xff,
    0x40, 0x0, 0x0, 0x0, 0xcf, 0xc0, 0x0, 0x0,
    0x0, 0x0, 0xf, 0xf4, 0x0, 0x0, 0x0, 0x5f,
    0xf3, 0x0, 0x0, 0x0, 0x0, 0x0, 0xff, 0x40,
    0x0, 0x0, 0xe, 0xf9, 0x0, 0x0, 0x0, 0x0,
    0x0, 0xf, 0xf4, 0x0, 0x0, 0x8, 0xfe, 0x10,
    0x0, 0x0, 0x0, 0x0, 0x0, 0xff, 0x40, 0x0,
    0x2, 0xff, 0x60, 0x0, 0x0, 0x0, 0x0, 0x0,
    0x8, 0x92, 0x0, 0x0, 0xbf, 0xd0, 0x0, 0x0,
    0x0, 0x0, 0x0, 0x0, 0x0, 0x0, 0x0, 0x5f,
    0xf3, 0x0, 0x0, 0x6d, 0xfe, 0x80, 0x0, 0x0,
    0x0, 0x0, 0xe, 0xfa, 0x0, 0x0, 0x7f, 0xff,
    0xff, 0xc0, 0x0, 0x0, 0x0, 0x8, 0xff, 0x10,
    0x0, 0xc, 0xf8, 0x6, 0xff, 0x10, 0x0, 0x0,
    0x2, 0xff, 0x70, 0x0, 0x0, 0x0, 0x0, 0x4f,
    0xf0, 0x0, 0x0, 0x0, 0xbf, 0xd0, 0x0, 0x0,
    0x0, 0x0, 0x2d, 0xf9, 0x0, 0x0, 0x0, 0x4f,
    0xf4, 0x0, 0x0, 0x0, 0x0, 0x4e, 0xfa, 0x0,
    0x0, 0x0, 0xd, 0xfa, 0x0, 0x0, 0x0, 0x0,
    0x8f, 0xf6, 0x0, 0x0, 0x0, 0x7, 0xff, 0x10,
    0x0, 0x0, 0x0, 0xaf, 0xff, 0xee, 0xe3, 0x0,
    0x1, 0xff, 0x70, 0x0, 0x0, 0x0, 0xd, 0xff,
    0xff, 0xff, 0x40,

    /* U+00BE "¾" */
    0x0, 0x3a, 0xca, 0x50, 0x0, 0x0, 0x0, 0x0,
    0x37, 0x71, 0x0, 0x0, 0x0, 0x3f, 0xff, 0xff,
    0x70, 0x0, 0x0, 0x0, 0xd, 0xfb, 0x0, 0x0,
    0x0, 0xb, 0xf8, 0x7, 0xfe, 0x0, 0x0, 0x0,
    0x7, 0xff, 0x20, 0x0, 0x0, 0x0, 0x22, 0x0,
    0x7f, 0xc0, 0x0, 0x0, 0x1, 0xff, 0x80, 0x0,
    0x0, 0x0, 0x0, 0x8, 0xff, 0xd2, 0x0, 0x0,
    0x0, 0xaf, 0xe0, 0x0, 0x0, 0x0, 0x0, 0x0,
    0x5a, 0xef, 0x60, 0x0, 0x0, 0x3f, 0xf5, 0x0,
    0x0, 0x0, 0x0, 0x4, 0x40, 0x3, 0xff, 0x0,
    0x0, 0xd, 0xfb, 0x0, 0x0, 0x0, 0x0, 0x0,
    0xdf, 0x70, 0x7f, 0xf0, 0x0, 0x6, 0xff, 0x20,
    0x0, 0x0, 0x0, 0x0, 0x5, 0xff, 0xff, 0xf9,
    0x0, 0x1, 0xef, 0x80, 0x0, 0x0, 0x0, 0x0,
    0x0, 0x4, 0xac, 0xa5, 0x0, 0x0, 0x9f, 0xe0,
    0x0, 0x0, 0x1, 0x11, 0x0, 0x0, 0x0, 0x0,
    0x0, 0x0, 0x3f, 0xf5, 0x0, 0x0, 0x7, 0xff,
    0xc0, 0x0, 0x0, 0x0, 0x0, 0x0, 0xc, 0xfc,
    0x0, 0x0, 0x3, 0xff, 0xfc, 0x0, 0x0, 0x0,
    0x0, 0x0, 0x6, 0xff, 0x20, 0x0, 0x0, 0xdf,
    0xcf, 0xc0, 0x0, 0x0, 0x0, 0x0, 0x0, 0xef,
    0x90, 0x0, 0x0, 0x8f, 0x98, 0xfc, 0x0, 0x0,
    0x0, 0x0, 0x0, 0x9f, 0xe1, 0x0, 0x0, 0x3f,
    0xd0, 0x8f, 0xc0, 0x0, 0x0, 0x0, 0x0, 0x2f,
    0xf6, 0x0, 0x0, 0xc, 0xfe, 0xde, 0xff, 0xd1,
    0x0, 0x0, 0x0, 0xc, 0xfc, 0x0, 0x0, 0x0,
    0xdf, 0xff, 0xff, 0xff, 0x10, 0x0, 0x0, 0x5,
    0xff, 0x30, 0x0, 0x0, 0x0, 0x0, 0x8, 0xfc,
    0x0, 0x0, 0x0, 0x0, 0xef, 0x90, 0x0, 0x0,
    0x0, 0x0, 0x0, 0x8f, 0xc0, 0x0,

    /* U+00BF "¿" */
    0x0, 0x0, 0x5, 0xed, 0x20, 0x0, 0x0, 0x0,
    0x0, 0xef, 0xf8, 0x0, 0x0, 0x0, 0x0, 0xb,
    0xff, 0x60, 0x0, 0x0, 0x0, 0x0, 0x17, 0x60,
    0x0, 0x0, 0x0, 0x0, 0x0, 0x0, 0x0, 0x0,
    0x0, 0x0, 0x0, 0x59, 0x93, 0x0, 0x0, 0x0,
    0x0, 0xa, 0xff, 0x50, 0x0, 0x0, 0x0, 0x1,
    0xef, 0xf2, 0x0, 0x0, 0x0, 0x1, 0xdf, 0xfb,
    0x0, 0x0, 0x0, 0x3, 0xef, 0xfd, 0x0, 0x0,
    0x0, 0x2, 0xff, 0xfc, 0x10, 0x0, 0x0, 0x0,
    0xdf, 0xfb, 0x0, 0x0, 0x0, 0x0, 0x6f, 0xfc,
    0x0, 0x0, 0x0, 0x0, 0x9, 0xff, 0x60, 0x0,
    0x0, 0x8, 0x98, 0x9f, 0xf6, 0x0, 0x0, 0x1,
    0xff, 0xd7, 0xff, 0xc0, 0x0, 0x0, 0x7f, 0xfa,
    0x1f, 0xff, 0xb3, 0x1, 0x8f, 0xff, 0x30, 0x6f,
    0xff, 0xff, 0xff, 0xff, 0x80, 0x0, 0x5e, 0xff,
    0xff, 0xff, 0x60, 0x0, 0x0, 0x5, 0x89, 0x85,
    0x0, 0x0,

    /* U+00C0 "À" */
    0x0, 0x0, 0xc, 0xff, 0x10, 0x0, 0x0, 0x0,
    0x0, 0x0, 0x0, 0x3, 0xff, 0x80, 0x0, 0x0,
    0x0, 0x0, 0x0, 0x0, 0x0, 0xaf, 0xe0, 0x0,
    0x0, 0x0, 0x0, 0x0, 0x0, 0x0, 0x1f, 0xf7,
    0x0, 0x0, 0x0, 0x0, 0x0, 0x0, 0x0, 0x6,
    0xb9, 0x0, 0x0, 0x0, 0x0, 0x0, 0x0, 0x0,
    0x0, 0x0, 0x0, 0x0, 0x0, 0x0, 0x0, 0x0,
    0x0, 0x0, 0x0, 0x0, 0x0, 0x0, 0x0, 0x0,
    0x0, 0x0, 0x6f, 0xff, 0xd0, 0x0, 0x0, 0x0,
    0x0, 0x0, 0x0, 0xcf, 0xff, 0xf2, 0x0, 0x0,
    0x0, 0x0, 0x0, 0x2, 0xff, 0xff, 0xf8, 0x0,
    0x0, 0x0, 0x0, 0x0, 0x7, 0xff, 0xcf, 0xfe,
    0x0, 0x0, 0x0, 0x0, 0x0, 0xd, 0xff, 0x4d,
    0xff, 0x30, 0x0, 0x0, 0x0, 0x0, 0x3f, 0xfe,
    0x7, 0xff, 0x90, 0x0, 0x0, 0x0, 0x0, 0x8f,
    0xf8, 0x2, 0xff, 0xe0, 0x0, 0x0, 0x0, 0x0,
    0xef, 0xf3, 0x0, 0xcf, 0xf4, 0x0, 0x0, 0x0,
    0x4, 0xff, 0xd0, 0x0, 0x6f, 0xfa, 0x0, 0x0,
    0x0, 0x9, 0xff, 0x80, 0x0, 0x1f, 0xff, 0x0,
    0x0, 0x0, 0xe, 0xff, 0x20, 0x0, 0xb, 0xff,
    0x50, 0x0, 0x0, 0x4f, 0xfc, 0x0, 0x0, 0x6,
    0xff, 0xb0, 0x0, 0x0, 0xaf, 0xff, 0xff, 0xff,
    0xff, 0xff, 0xf1, 0x0, 0x0, 0xff, 0xff, 0xff,
    0xff, 0xff, 0xff, 0xf6, 0x0, 0x5, 0xff, 0xeb,
    0xbb, 0xbb, 0xbb, 0xcf, 0xfc, 0x0, 0xb, 0xff,
    0x70, 0x0, 0x0, 0x0, 0x1f, 0xff, 0x20, 0x1f,
    0xff, 0x10, 0x0, 0x0, 0x0, 0xb, 0xff, 0x70,
    0x6f, 0xfc, 0x0, 0x0, 0x0, 0x0, 0x5, 0xff,
    0xd0, 0xcf, 0xf6, 0x0, 0x0, 0x0, 0x0, 0x0,
    0xff, 0xf3,

    /* U+00C1 "Á" */
    0x0, 0x0, 0x0, 0x0, 0x8, 0xff, 0x50, 0x0,
    0x0, 0x0, 0x0, 0x0, 0x0, 0xe, 0xfb, 0x0,
    0x0, 0x0, 0x0, 0x0, 0x0, 0x0, 0x7f, 0xf2,
    0x0, 0x0, 0x0, 0x0, 0x0, 0x0, 0x0, 0xef,
    0x90, 0x0, 0x0, 0x0, 0x0, 0x0, 0x0, 0x3,
    0xba, 0x10, 0x0, 0x0, 0x0, 0x0, 0x0, 0x0,
    0x0, 0x0, 0x0, 0x0, 0x0, 0x0, 0x0, 0x0,
    0x0, 0x0, 0x0, 0x0, 0x0, 0x0, 0x0, 0x0,
    0x0, 0x0, 0x6f, 0xff, 0xd0, 0x0, 0x0, 0x0,
    0x0, 0x0, 0x0, 0xcf, 0xff, 0xf2, 0x0, 0x0,
    0x0, 0x0, 0x0, 0x2, 0xff, 0xff, 0xf8, 0x0,
    0x0, 0x0, 0x0, 0x0, 0x7, 0xff, 0xcf, 0xfe,
    0x0, 0x0, 0x0, 0x0, 0x0, 0xd, 0xff, 0x4d,
    0xff, 0x30, 0x0, 0x0, 0x0, 0x0, 0x3f, 0xfe,
    0x7, 0xff, 0x90, 0x0, 0x0, 0x0, 0x0, 0x8f,
    0xf8, 0x2, 0xff, 0xe0, 0x0, 0x0, 0x0, 0x0,
    0xef, 0xf3, 0x0, 0xcf, 0xf4, 0x0, 0x0, 0x0,
    0x4, 0xff, 0xd0, 0x0, 0x6f, 0xfa, 0x0, 0x0,
    0x0, 0x9, 0xff, 0x80, 0x0, 0x1f, 0xff, 0x0,
    0x0, 0x0, 0xe, 0xff, 0x20, 0x0, 0xb, 0xff,
    0x50, 0x0, 0x0, 0x4f, 0xfc, 0x0, 0x0, 0x6,
    0xff, 0xb0, 0x0, 0x0, 0xaf, 0xff, 0xff, 0xff,
    0xff, 0xff, 0xf1, 0x0, 0x0, 0xff, 0xff, 0xff,
    0xff, 0xff, 0xff, 0xf6, 0x0, 0x5, 0xff, 0xeb,
    0xbb, 0xbb, 0xbb, 0xcf, 0xfc, 0x0, 0xb, 0xff,
    0x70, 0x0, 0x0, 0x0, 0x1f, 0xff, 0x20, 0x1f,
    0xff, 0x10, 0x0, 0x0, 0x0, 0xb, 0xff, 0x70,
    0x6f, 0xfc, 0x0, 0x0, 0x0, 0x0, 0x5, 0xff,
    0xd0, 0xcf, 0xf6, 0x0, 0x0, 0x0, 0x0, 0x0,
    0xff, 0xf3,

    /* U+00C2 "Â" */
    0x0, 0x0, 0x0, 0xd, 0xff, 0x50, 0x0, 0x0,
    0x0, 0x0, 0x0, 0x0, 0xbf, 0xef, 0xf3, 0x0,
    0x0, 0x0, 0x0, 0x0, 0x8, 0xfe, 0x19, 0xfe,
    0x10, 0x0, 0x0, 0x0, 0x0, 0x5f, 0xf3, 0x0,
    0xbf, 0xb0, 0x0, 0x0, 0x0, 0x0, 0x0, 0x0,
    0x0, 0x0, 0x0, 0x0, 0x0, 0x0, 0x0, 0x0,
    0x0, 0x0, 0x0, 0x0, 0x0, 0x0, 0x0, 0x0,
    0x0, 0x6f, 0xff, 0xd0, 0x0, 0x0, 0x0, 0x0,
    0x0, 0x0, 0xcf, 0xff, 0xf2, 0x0, 0x0, 0x0,
    0x0, 0x0, 0x2, 0xff, 0xff, 0xf8, 0x0, 0x0,
    0x0, 0x0, 0x0, 0x7, 0xff, 0xcf, 0xfe, 0x0,
    0x0, 0x0, 0x0, 0x0, 0xd, 0xff, 0x4d, 0xff,
    0x30, 0x0, 0x0, 0x0, 0x0, 0x3f, 0xfe, 0x7,
    0xff, 0x90, 0x0, 0x0, 0x0, 0x0, 0x8f, 0xf8,
    0x2, 0xff, 0xe0, 0x0, 0x0, 0x0, 0x0, 0xef,
    0xf3, 0x0, 0xcf, 0xf4, 0x0, 0x0, 0x0, 0x4,
    0xff, 0xd0, 0x0, 0x6f, 0xfa, 0x0, 0x0, 0x0,
    0x9, 0xff, 0x80, 0x0, 0x1f, 0xff, 0x0, 0x0,
    0x0, 0xe, 0xff, 0x20, 0x0, 0xb, 0xff, 0x50,
    0x0, 0x0, 0x4f, 0xfc, 0x0, 0x0, 0x6, 0xff,
    0xb0, 0x0, 0x0, 0xaf, 0xff, 0xff, 0xff, 0xff,
    0xff, 0xf1, 0x0, 0x0, 0xff, 0xff, 0xff, 0xff,
    0xff, 0xff, 0xf6, 0x0, 0x5, 0xff, 0xeb, 0xbb,
    0xbb, 0xbb, 0xcf, 0xfc, 0x0, 0xb, 0xff, 0x70,
    0x0, 0x0, 0x0, 0x1f, 0xff, 0x20, 0x1f, 0xff,
    0x10, 0x0, 0x0, 0x0, 0xb, 0xff, 0x70, 0x6f,
    0xfc, 0x0, 0x0, 0x0, 0x0, 0x5, 0xff, 0xd0,
    0xcf, 0xf6, 0x0, 0x0, 0x0, 0x0, 0x0, 0xff,
    0xf3,

    /* U+00C3 "Ã" */
    0x0, 0x0, 0x6, 0xee, 0x60, 0xe, 0xe0, 0x0,
    0x0, 0x0, 0x0, 0x1f, 0xff, 0xf7, 0x2f, 0xc0,
    0x0, 0x0, 0x0, 0x0, 0x5f, 0x92, 0xdf, 0xff,
    0x80, 0x0, 0x0, 0x0, 0x0, 0x6f, 0x50, 0x1b,
    0xfb, 0x0, 0x0, 0x0, 0x0, 0x0, 0x0, 0x0,
    0x0, 0x0, 0x0, 0x0, 0x0, 0x0, 0x0, 0x0,
    0x0, 0x0, 0x0, 0x0, 0x0, 0x0, 0x0, 0x0,
    0x0, 0x6f, 0xff, 0xd0, 0x0, 0x0, 0x0, 0x0,
    0x0, 0x0, 0xcf, 0xff, 0xf2, 0x0, 0x0, 0x0,
    0x0, 0x0, 0x2, 0xff, 0xff, 0xf8, 0x0, 0x0,
    0x0, 0x0, 0x0, 0x7, 0xff, 0xcf, 0xfe, 0x0,
    0x0, 0x0, 0x0, 0x0, 0xd, 0xff, 0x4d, 0xff,
    0x30, 0x0, 0x0, 0x0, 0x0, 0x3f, 0xfe, 0x7,
    0xff, 0x90, 0x0, 0x0, 0x0, 0x0, 0x8f, 0xf8,
    0x2, 0xff, 0xe0, 0x0, 0x0, 0x0, 0x0, 0xef,
    0xf3, 0x0, 0xcf, 0xf4, 0x0, 0x0, 0x0, 0x4,
    0xff, 0xd0, 0x0, 0x6f, 0xfa, 0x0, 0x0, 0x0,
    0x9, 0xff, 0x80, 0x0, 0x1f, 0xff, 0x0, 0x0,
    0x0, 0xe, 0xff, 0x20, 0x0, 0xb, 0xff, 0x50,
    0x0, 0x0, 0x4f, 0xfc, 0x0, 0x0, 0x6, 0xff,
    0xb0, 0x0, 0x0, 0xaf, 0xff, 0xff, 0xff, 0xff,
    0xff, 0xf1, 0x0, 0x0, 0xff, 0xff, 0xff, 0xff,
    0xff, 0xff, 0xf6, 0x0, 0x5, 0xff, 0xeb, 0xbb,
    0xbb, 0xbb, 0xcf, 0xfc, 0x0, 0xb, 0xff, 0x70,
    0x0, 0x0, 0x0, 0x1f, 0xff, 0x20, 0x1f, 0xff,
    0x10, 0x0, 0x0, 0x0, 0xb, 0xff, 0x70, 0x6f,
    0xfc, 0x0, 0x0, 0x0, 0x0, 0x5, 0xff, 0xd0,
    0xcf, 0xf6, 0x0, 0x0, 0x0, 0x0, 0x0, 0xff,
    0xf3,

    /* U+00C4 "Ä" */
    0x0, 0x0, 0x7, 0x71, 0x0, 0x58, 0x20, 0x0,
    0x0, 0x0, 0x0, 0x8f, 0xfb, 0x4, 0xff, 0xe0,
    0x0, 0x0, 0x0, 0x0, 0xaf, 0xfd, 0x6, 0xff,
    0xf1, 0x0, 0x0, 0x0, 0x0, 0x3d, 0xe4, 0x0,
    0xcf, 0x80, 0x0, 0x0, 0x0, 0x0, 0x0, 0x0,
    0x0, 0x0, 0x0, 0x0, 0x0, 0x0, 0x0, 0x0,
    0x0, 0x0, 0x0, 0x0, 0x0, 0x0, 0x0, 0x0,
    0x0, 0x6f, 0xff, 0xd0, 0x0, 0x0, 0x0, 0x0,
    0x0, 0x0, 0xcf, 0xff, 0xf2, 0x0, 0x0, 0x0,
    0x0, 0x0, 0x2, 0xff, 0xff, 0xf8, 0x0, 0x0,
    0x0, 0x0, 0x0, 0x7, 0xff, 0xcf, 0xfe, 0x0,
    0x0, 0x0, 0x0, 0x0, 0xd, 0xff, 0x4d, 0xff,
    0x30, 0x0, 0x0, 0x0, 0x0, 0x3f, 0xfe, 0x7,
    0xff, 0x90, 0x0, 0x0, 0x0, 0x0, 0x8f, 0xf8,
    0x2, 0xff, 0xe0, 0x0, 0x0, 0x0, 0x0, 0xef,
    0xf3, 0x0, 0xcf, 0xf4, 0x0, 0x0, 0x0, 0x4,
    0xff, 0xd0, 0x0, 0x6f, 0xfa, 0x0, 0x0, 0x0,
    0x9, 0xff, 0x80, 0x0, 0x1f, 0xff, 0x0, 0x0,
    0x0, 0xe, 0xff, 0x20, 0x0, 0xb, 0xff, 0x50,
    0x0, 0x0, 0x4f, 0xfc, 0x0, 0x0, 0x6, 0xff,
    0xb0, 0x0, 0x0, 0xaf, 0xff, 0xff, 0xff, 0xff,
    0xff, 0xf1, 0x0, 0x0, 0xff, 0xff, 0xff, 0xff,
    0xff, 0xff, 0xf6, 0x0, 0x5, 0xff, 0xeb, 0xbb,
    0xbb, 0xbb, 0xcf, 0xfc, 0x0, 0xb, 0xff, 0x70,
    0x0, 0x0, 0x0, 0x1f, 0xff, 0x20, 0x1f, 0xff,
    0x10, 0x0, 0x0, 0x0, 0xb, 0xff, 0x70, 0x6f,
    0xfc, 0x0, 0x0, 0x0, 0x0, 0x5, 0xff, 0xd0,
    0xcf, 0xf6, 0x0, 0x0, 0x0, 0x0, 0x0, 0xff,
    0xf3,

    /* U+00C5 "Å" */
    0x0, 0x0, 0x0, 0x19, 0xdb, 0x40, 0x0, 0x0,
    0x0, 0x0, 0x0, 0x1, 0xef, 0xff, 0xf5, 0x0,
    0x0, 0x0, 0x0, 0x0, 0x8, 0xfa, 0x14, 0xfe,
    0x0, 0x0, 0x0, 0x0, 0x0, 0xa, 0xf3, 0x0,
    0xdf, 0x10, 0x0, 0x0, 0x0, 0x0, 0x8, 0xf9,
    0x3, 0xfe, 0x0, 0x0, 0x0, 0x0, 0x0, 0x1,
    0xff, 0xff, 0xf7, 0x0, 0x0, 0x0, 0x0, 0x0,
    0x0, 0x3c, 0xfe, 0x70, 0x0, 0x0, 0x0, 0x0,
    0x0, 0x0, 0x0, 0x0, 0x0, 0x0, 0x0, 0x0,
    0x0, 0x0, 0x0, 0x0, 0x0, 0x0, 0x0, 0x0,
    0x0, 0x0, 0x0, 0x0, 0x6f, 0xff, 0xd0, 0x0,
    0x0, 0x0, 0x0, 0x0, 0x0, 0xcf, 0xff, 0xf2,
    0x0, 0x0, 0x0, 0x0, 0x0, 0x2, 0xff, 0xff,
    0xf8, 0x0, 0x0, 0x0, 0x0, 0x0, 0x7, 0xff,
    0xcf, 0xfe, 0x0, 0x0, 0x0, 0x0, 0x0, 0xd,
    0xff, 0x4d, 0xff, 0x30, 0x0, 0x0, 0x0, 0x0,
    0x3f, 0xfe, 0x7, 0xff, 0x90, 0x0, 0x0, 0x0,
    0x0, 0x8f, 0xf8, 0x2, 0xff, 0xe0, 0x0, 0x0,
    0x0, 0x0, 0xef, 0xf3, 0x0, 0xcf, 0xf4, 0x0,
    0x0, 0x0, 0x4, 0xff, 0xd0, 0x0, 0x6f, 0xfa,
    0x0, 0x0, 0x0, 0x9, 0xff, 0x80, 0x0, 0x1f,
    0xff, 0x0, 0x0, 0x0, 0xe, 0xff, 0x20, 0x0,
    0xb, 0xff, 0x50, 0x0, 0x0, 0x4f, 0xfc, 0x0,
    0x0, 0x6, 0xff, 0xb0, 0x0, 0x0, 0xaf, 0xff,
    0xff, 0xff, 0xff, 0xff, 0xf1, 0x0, 0x0, 0xff,
    0xff, 0xff, 0xff, 0xff, 0xff, 0xf6, 0x0, 0x5,
    0xff, 0xeb, 0xbb, 0xbb, 0xbb, 0xcf, 0xfc, 0x0,
    0xb, 0xff, 0x70, 0x0, 0x0, 0x0, 0x1f, 0xff,
    0x20, 0x1f, 0xff, 0x10, 0x0, 0x0, 0x0, 0xb,
    0xff, 0x70, 0x6f, 0xfc, 0x0, 0x0, 0x0, 0x0,
    0x5, 0xff, 0xd0, 0xcf, 0xf6, 0x0, 0x0, 0x0,
    0x0, 0x0, 0xff, 0xf3,

    /* U+00C6 "Æ" */
    0x0, 0x0, 0x0, 0x0, 0xb, 0xff, 0xff, 0xff,
    0xff, 0xff, 0xff, 0xff, 0x0, 0x0, 0x0, 0x0,
    0x3, 0xff, 0xff, 0xff, 0xff, 0xff, 0xff, 0xff,
    0xf0, 0x0, 0x0, 0x0, 0x0, 0xbf, 0xff, 0xff,
    0xca, 0xaa, 0xaa, 0xaa, 0xa9, 0x0, 0x0, 0x0,
    0x0, 0x3f, 0xff, 0xbf, 0xf6, 0x0, 0x0, 0x0,
    0x0, 0x0, 0x0, 0x0, 0x0, 0xb, 0xff, 0x8a,
    0xff, 0x60, 0x0, 0x0, 0x0, 0x0, 0x0, 0x0,
    0x0, 0x3, 0xff, 0xf1, 0xaf, 0xf6, 0x0, 0x0,
    0x0, 0x0, 0x0, 0x0, 0x0, 0x0, 0xbf, 0xf8,
    0xa, 0xff, 0x60, 0x0, 0x0, 0x0, 0x0, 0x0,
    0x0, 0x0, 0x3f, 0xff, 0x10, 0xaf, 0xf6, 0x0,
    0x0, 0x0, 0x0, 0x0, 0x0, 0x0, 0xb, 0xff,
    0x80, 0xa, 0xff, 0xff, 0xff, 0xff, 0xff, 0xb0,
    0x0, 0x0, 0x3, 0xff, 0xe0, 0x0, 0xaf, 0xff,
    0xff, 0xff, 0xff, 0xfb, 0x0, 0x0, 0x0, 0xbf,
    0xf7, 0x0, 0xa, 0xff, 0xc9, 0x99, 0x99, 0x99,
    0x70, 0x0, 0x0, 0x3f, 0xfe, 0x0, 0x0, 0xaf,
    0xf6, 0x0, 0x0, 0x0, 0x0, 0x0, 0x0, 0xb,
    0xff, 0xff, 0xff, 0xff, 0xff, 0x60, 0x0, 0x0,
    0x0, 0x0, 0x0, 0x3, 0xff, 0xff, 0xff, 0xff,
    0xff, 0xf6, 0x0, 0x0, 0x0, 0x0, 0x0, 0x0,
    0xbf, 0xfc, 0xaa, 0xaa, 0xae, 0xff, 0x60, 0x0,
    0x0, 0x0, 0x0, 0x0, 0x3f, 0xfe, 0x0, 0x0,
    0x0, 0xaf, 0xf6, 0x0, 0x0, 0x0, 0x0, 0x0,
    0xb, 0xff, 0x70, 0x0, 0x0, 0xa, 0xff, 0xca,
    0xaa, 0xaa, 0xaa, 0xaa, 0x3, 0xff, 0xe0, 0x0,
    0x0, 0x0, 0xaf, 0xff, 0xff, 0xff, 0xff, 0xff,
    0xf1, 0xbf, 0xf7, 0x0, 0x0, 0x0, 0xa, 0xff,
    0xff, 0xff, 0xff, 0xff, 0xff, 0x10,

    /* U+00C7 "Ç" */
    0x0, 0x0, 0x2, 0x8c, 0xef, 0xed, 0x93, 0x0,
    0x0, 0x0, 0x0, 0x9f, 0xff, 0xff, 0xff, 0xff,
    0xb1, 0x0, 0x0, 0x1c, 0xff, 0xff, 0xec, 0xdf,
    0xff, 0xfd, 0x10, 0x0, 0xbf, 0xff, 0x92, 0x0,
    0x0, 0x7f, 0xff, 0xb0, 0x6, 0xff, 0xf5, 0x0,
    0x0, 0x0, 0x3, 0xff, 0xf3, 0xd, 0xff, 0x80,
    0x0, 0x0, 0x0, 0x0, 0x8f, 0xf9, 0x3f, 0xff,
    0x10, 0x0, 0x0, 0x0, 0x0, 0x19, 0x97, 0x7f,
    0xfb, 0x0, 0x0, 0x0, 0x0, 0x0, 0x0, 0x0,
    0x9f, 0xf8, 0x0, 0x0, 0x0, 0x0, 0x0, 0x0,
    0x0, 0xaf, 0xf7, 0x0, 0x0, 0x0, 0x0, 0x0,
    0x0, 0x0, 0xaf, 0xf7, 0x0, 0x0, 0x0, 0x0,
    0x0, 0x0, 0x0, 0x8f, 0xfa, 0x0, 0x0, 0x0,
    0x0, 0x0, 0x0, 0x0, 0x4f, 0xff, 0x0, 0x0,
    0x0, 0x0, 0x0, 0x18, 0x87, 0xe, 0xff, 0x80,
    0x0, 0x0, 0x0, 0x0, 0x7f, 0xfa, 0x6, 0xff,
    0xf4, 0x0, 0x0, 0x0, 0x2, 0xff, 0xf4, 0x0,
    0xcf, 0xff, 0x81, 0x0, 0x0, 0x5e, 0xff, 0xc0,
    0x0, 0x1d, 0xff, 0xff, 0xcb, 0xcf, 0xff, 0xfe,
    0x10, 0x0, 0x1, 0xaf, 0xff, 0xff, 0xff, 0xff,
    0xc2, 0x0, 0x0, 0x0, 0x3, 0x9d, 0xff, 0xfe,
    0xb5, 0x0, 0x0, 0x0, 0x0, 0x0, 0x1, 0xec,
    0x0, 0x0, 0x0, 0x0, 0x0, 0x0, 0x0, 0xa,
    0xff, 0xfb, 0x10, 0x0, 0x0, 0x0, 0x0, 0x0,
    0x2, 0x84, 0x9f, 0xa0, 0x0, 0x0, 0x0, 0x0,
    0x0, 0x0, 0x0, 0x1f, 0xd0, 0x0, 0x0, 0x0,
    0x0, 0x0, 0x1, 0x1, 0x9f, 0xa0, 0x0, 0x0,
    0x0, 0x0, 0x0, 0xc, 0xff, 0xfe, 0x20, 0x0,
    0x0, 0x0, 0x0, 0x0, 0x7, 0xaa, 0x71, 0x0,
    0x0, 0x0,

    /* U+00C8 "È" */
    0x0, 0xd, 0xff, 0x10, 0x0, 0x0, 0x0, 0x0,
    0x4f, 0xf7, 0x0, 0x0, 0x0, 0x0, 0x0, 0xaf,
    0xe0, 0x0, 0x0, 0x0, 0x0, 0x2, 0xff, 0x60,
    0x0, 0x0, 0x0, 0x0, 0x6, 0xb8, 0x0, 0x0,
    0x0, 0x0, 0x0, 0x0, 0x0, 0x0, 0x0, 0x0,
    0x0, 0x0, 0x0, 0x0, 0x0, 0xd, 0xff, 0xff,
    0xff, 0xff, 0xff, 0xfb, 0xdf, 0xff, 0xff, 0xff,
    0xff, 0xff, 0xbd, 0xff, 0xba, 0xaa, 0xaa, 0xaa,
    0xa7, 0xdf, 0xf3, 0x0, 0x0, 0x0, 0x0, 0xd,
    0xff, 0x30, 0x0, 0x0, 0x0, 0x0, 0xdf, 0xf3,
    0x0, 0x0, 0x0, 0x0, 0xd, 0xff, 0x30, 0x0,
    0x0, 0x0, 0x0, 0xdf, 0xf3, 0x0, 0x0, 0x0,
    0x0, 0xd, 0xff, 0xff, 0xff, 0xff, 0xff, 0x80,
    0xdf, 0xff, 0xff, 0xff, 0xff, 0xf8, 0xd, 0xff,
    0xb9, 0x99, 0x99, 0x99, 0x50, 0xdf, 0xf3, 0x0,
    0x0, 0x0, 0x0, 0xd, 0xff, 0x30, 0x0, 0x0,
    0x0, 0x0, 0xdf, 0xf3, 0x0, 0x0, 0x0, 0x0,
    0xd, 0xff, 0x30, 0x0, 0x0, 0x0, 0x0, 0xdf,
    0xf3, 0x0, 0x0, 0x0, 0x0, 0xd, 0xff, 0xba,
    0xaa, 0xaa, 0xaa, 0xa8, 0xdf, 0xff, 0xff, 0xff,
    0xff, 0xff, 0xed, 0xff, 0xff, 0xff, 0xff, 0xff,
    0xfe,

    /* U+00C9 "É" */
    0x0, 0x0, 0x0, 0x9, 0xff, 0x40, 0x0, 0x0,
    0x0, 0x1, 0xff, 0xb0, 0x0, 0x0, 0x0, 0x0,
    0x7f, 0xf2, 0x0, 0x0, 0x0, 0x0, 0xe, 0xf8,
    0x0, 0x0, 0x0, 0x0, 0x3, 0xba, 0x0, 0x0,
    0x0, 0x0, 0x0, 0x0, 0x0, 0x0, 0x0, 0x0,
    0x0, 0x0, 0x0, 0x0, 0x0, 0xd, 0xff, 0xff,
    0xff, 0xff, 0xff, 0xfb, 0xdf, 0xff, 0xff, 0xff,
    0xff, 0xff, 0xbd, 0xff, 0xba, 0xaa, 0xaa, 0xaa,
    0xa7, 0xdf, 0xf3, 0x0, 0x0, 0x0, 0x0, 0xd,
    0xff, 0x30, 0x0, 0x0, 0x0, 0x0, 0xdf, 0xf3,
    0x0, 0x0, 0x0, 0x0, 0xd, 0xff, 0x30, 0x0,
    0x0, 0x0, 0x0, 0xdf, 0xf3, 0x0, 0x0, 0x0,
    0x0, 0xd, 0xff, 0xff, 0xff, 0xff, 0xff, 0x80,
    0xdf, 0xff, 0xff, 0xff, 0xff, 0xf8, 0xd, 0xff,
    0xb9, 0x99, 0x99, 0x99, 0x50, 0xdf, 0xf3, 0x0,
    0x0, 0x0, 0x0, 0xd, 0xff, 0x30, 0x0, 0x0,
    0x0, 0x0, 0xdf, 0xf3, 0x0, 0x0, 0x0, 0x0,
    0xd, 0xff, 0x30, 0x0, 0x0, 0x0, 0x0, 0xdf,
    0xf3, 0x0, 0x0, 0x0, 0x0, 0xd, 0xff, 0xba,
    0xaa, 0xaa, 0xaa, 0xa8, 0xdf, 0xff, 0xff, 0xff,
    0xff, 0xff, 0xed, 0xff, 0xff, 0xff, 0xff, 0xff,
    0xfe,

    /* U+00CA "Ê" */
    0x0, 0x0, 0x1d, 0xff, 0x40, 0x0, 0x0, 0x0,
    0xb, 0xfe, 0xff, 0x20, 0x0, 0x0, 0x8, 0xfe,
    0x19, 0xfd, 0x0, 0x0, 0x5, 0xff, 0x30, 0xc,
    0xfb, 0x0, 0x0, 0x0, 0x0, 0x0, 0x0, 0x0,
    0x0, 0x0, 0x0, 0x0, 0x0, 0x0, 0x0, 0xdf,
    0xff, 0xff, 0xff, 0xff, 0xff, 0xbd, 0xff, 0xff,
    0xff, 0xff, 0xff, 0xfb, 0xdf, 0xfb, 0xaa, 0xaa,
    0xaa, 0xaa, 0x7d, 0xff, 0x30, 0x0, 0x0, 0x0,
    0x0, 0xdf, 0xf3, 0x0, 0x0, 0x0, 0x0, 0xd,
    0xff, 0x30, 0x0, 0x0, 0x0, 0x0, 0xdf, 0xf3,
    0x0, 0x0, 0x0, 0x0, 0xd, 0xff, 0x30, 0x0,
    0x0, 0x0, 0x0, 0xdf, 0xff, 0xff, 0xff, 0xff,
    0xf8, 0xd, 0xff, 0xff, 0xff, 0xff, 0xff, 0x80,
    0xdf, 0xfb, 0x99, 0x99, 0x99, 0x95, 0xd, 0xff,
    0x30, 0x0, 0x0, 0x0, 0x0, 0xdf, 0xf3, 0x0,
    0x0, 0x0, 0x0, 0xd, 0xff, 0x30, 0x0, 0x0,
    0x0, 0x0, 0xdf, 0xf3, 0x0, 0x0, 0x0, 0x0,
    0xd, 0xff, 0x30, 0x0, 0x0, 0x0, 0x0, 0xdf,
    0xfb, 0xaa, 0xaa, 0xaa, 0xaa, 0x8d, 0xff, 0xff,
    0xff, 0xff, 0xff, 0xfe, 0xdf, 0xff, 0xff, 0xff,
    0xff, 0xff, 0xe0,

    /* U+00CB "Ë" */
    0x0, 0x7, 0x70, 0x0, 0x58, 0x20, 0x0, 0x9,
    0xff, 0xa0, 0x5f, 0xfe, 0x0, 0x0, 0xbf, 0xfc,
    0x7, 0xff, 0xf0, 0x0, 0x3, 0xee, 0x40, 0x1c,
    0xf7, 0x0, 0x0, 0x0, 0x0, 0x0, 0x0, 0x0,
    0x0, 0x0, 0x0, 0x0, 0x0, 0x0, 0x0, 0xdf,
    0xff, 0xff, 0xff, 0xff, 0xff, 0xbd, 0xff, 0xff,
    0xff, 0xff, 0xff, 0xfb, 0xdf, 0xfb, 0xaa, 0xaa,
    0xaa, 0xaa, 0x7d, 0xff, 0x30, 0x0, 0x0, 0x0,
    0x0, 0xdf, 0xf3, 0x0, 0x0, 0x0, 0x0, 0xd,
    0xff, 0x30, 0x0, 0x0, 0x0, 0x0, 0xdf, 0xf3,
    0x0, 0x0, 0x0, 0x0, 0xd, 0xff, 0x30, 0x0,
    0x0, 0x0, 0x0, 0xdf, 0xff, 0xff, 0xff, 0xff,
    0xf8, 0xd, 0xff, 0xff, 0xff, 0xff, 0xff, 0x80,
    0xdf, 0xfb, 0x99, 0x99, 0x99, 0x95, 0xd, 0xff,
    0x30, 0x0, 0x0, 0x0, 0x0, 0xdf, 0xf3, 0x0,
    0x0, 0x0, 0x0, 0xd, 0xff, 0x30, 0x0, 0x0,
    0x0, 0x0, 0xdf, 0xf3, 0x0, 0x0, 0x0, 0x0,
    0xd, 0xff, 0x30, 0x0, 0x0, 0x0, 0x0, 0xdf,
    0xfb, 0xaa, 0xaa, 0xaa, 0xaa, 0x8d, 0xff, 0xff,
    0xff, 0xff, 0xff, 0xfe, 0xdf, 0xff, 0xff, 0xff,
    0xff, 0xff, 0xe0,

    /* U+00CC "Ì" */
    0xd, 0xff, 0x10, 0x0, 0x3f, 0xf8, 0x0, 0x0,
    0xaf, 0xe0, 0x0, 0x1, 0xff, 0x60, 0x0, 0x6,
    0xb9, 0x0, 0x0, 0x0, 0x0, 0x0, 0x0, 0x0,
    0x0, 0x0, 0xdf, 0xf3, 0x0, 0xd, 0xff, 0x30,
    0x0, 0xdf, 0xf3, 0x0, 0xd, 0xff, 0x30, 0x0,
    0xdf, 0xf3, 0x0, 0xd, 0xff, 0x30, 0x0, 0xdf,
    0xf3, 0x0, 0xd, 0xff, 0x30, 0x0, 0xdf, 0xf3,
    0x0, 0xd, 0xff, 0x30, 0x0, 0xdf, 0xf3, 0x0,
    0xd, 0xff, 0x30, 0x0, 0xdf, 0xf3, 0x0, 0xd,
    0xff, 0x30, 0x0, 0xdf, 0xf3, 0x0, 0xd, 0xff,
    0x30, 0x0, 0xdf, 0xf3, 0x0, 0xd, 0xff, 0x30,
    0x0, 0xdf, 0xf3,

    /* U+00CD "Í" */
    0x0, 0x8f, 0xf5, 0x0, 0xff, 0xb0, 0x7, 0xff,
    0x20, 0xe, 0xf9, 0x0, 0x3b, 0xa1, 0x0, 0x0,
    0x0, 0x0, 0x0, 0x0, 0x0, 0xdf, 0xf3, 0x0,
    0xdf, 0xf3, 0x0, 0xdf, 0xf3, 0x0, 0xdf, 0xf3,
    0x0, 0xdf, 0xf3, 0x0, 0xdf, 0xf3, 0x0, 0xdf,
    0xf3, 0x0, 0xdf, 0xf3, 0x0, 0xdf, 0xf3, 0x0,
    0xdf, 0xf3, 0x0, 0xdf, 0xf3, 0x0, 0xdf, 0xf3,
    0x0, 0xdf, 0xf3, 0x0, 0xdf, 0xf3, 0x0, 0xdf,
    0xf3, 0x0, 0xdf, 0xf3, 0x0, 0xdf, 0xf3, 0x0,
    0xdf, 0xf3, 0x0, 0xdf, 0xf3, 0x0,

    /* U+00CE "Î" */
    0x0, 0x5, 0x87, 0x0, 0x0, 0x0, 0x3f, 0xff,
    0xa0, 0x0, 0x0, 0xef, 0x9f, 0xf5, 0x0, 0xa,
    0xfc, 0x6, 0xff, 0x20, 0x6f, 0xf2, 0x0, 0xbf,
    0xc0, 0x0, 0x0, 0x0, 0x0, 0x0, 0x0, 0x0,
    0x0, 0x0, 0x0, 0x0, 0xd, 0xff, 0x30, 0x0,
    0x0, 0xd, 0xff, 0x30, 0x0, 0x0, 0xd, 0xff,
    0x30, 0x0, 0x0, 0xd, 0xff, 0x30, 0x0, 0x0,
    0xd, 0xff, 0x30, 0x0, 0x0, 0xd, 0xff, 0x30,
    0x0, 0x0, 0xd, 0xff, 0x30, 0x0, 0x0, 0xd,
    0xff, 0x30, 0x0, 0x0, 0xd, 0xff, 0x30, 0x0,
    0x0, 0xd, 0xff, 0x30, 0x0, 0x0, 0xd, 0xff,
    0x30, 0x0, 0x0, 0xd, 0xff, 0x30, 0x0, 0x0,
    0xd, 0xff, 0x30, 0x0, 0x0, 0xd, 0xff, 0x30,
    0x0, 0x0, 0xd, 0xff, 0x30, 0x0, 0x0, 0xd,
    0xff, 0x30, 0x0, 0x0, 0xd, 0xff, 0x30, 0x0,
    0x0, 0xd, 0xff, 0x30, 0x0, 0x0, 0xd, 0xff,
    0x30, 0x0,

    /* U+00CF "Ï" */
    0x7, 0x71, 0x0, 0x58, 0x20, 0x8f, 0xfb, 0x4,
    0xff, 0xe0, 0xaf, 0xfd, 0x6, 0xff, 0xf1, 0x3d,
    0xe4, 0x1, 0xcf, 0x70, 0x0, 0x0, 0x0, 0x0,
    0x0, 0x0, 0x0, 0x0, 0x0, 0x0, 0x0, 0xd,
    0xff, 0x30, 0x0, 0x0, 0xd, 0xff, 0x30, 0x0,
    0x0, 0xd, 0xff, 0x30, 0x0, 0x0, 0xd, 0xff,
    0x30, 0x0, 0x0, 0xd, 0xff, 0x30, 0x0, 0x0,
    0xd, 0xff, 0x30, 0x0, 0x0, 0xd, 0xff, 0x30,
    0x0, 0x0, 0xd, 0xff, 0x30, 0x0, 0x0, 0xd,
    0xff, 0x30, 0x0, 0x0, 0xd, 0xff, 0x30, 0x0,
    0x0, 0xd, 0xff, 0x30, 0x0, 0x0, 0xd, 0xff,
    0x30, 0x0, 0x0, 0xd, 0xff, 0x30, 0x0, 0x0,
    0xd, 0xff, 0x30, 0x0, 0x0, 0xd, 0xff, 0x30,
    0x0, 0x0, 0xd, 0xff, 0x30, 0x0, 0x0, 0xd,
    0xff, 0x30, 0x0, 0x0, 0xd, 0xff, 0x30, 0x0,
    0x0, 0xd, 0xff, 0x30, 0x0,

    /* U+00D0 "Ð" */
    0x0, 0xb, 0xff, 0xff, 0xff, 0xfd, 0xa5, 0x0,
    0x0, 0x0, 0x0, 0xb, 0xff, 0xff, 0xff, 0xff,
    0xff, 0xd3, 0x0, 0x0, 0x0, 0xb, 0xff, 0xca,
    0xaa, 0xbe, 0xff, 0xff, 0x50, 0x0, 0x0, 0xb,
    0xff, 0x50, 0x0, 0x0, 0x3c, 0xff, 0xf3, 0x0,
    0x0, 0xb, 0xff, 0x50, 0x0, 0x0, 0x0, 0xbf,
    0xfd, 0x0, 0x0, 0xb, 0xff, 0x50, 0x0, 0x0,
    0x0, 0x1e, 0xff, 0x50, 0x0, 0xb, 0xff, 0x50,
    0x0, 0x0, 0x0, 0x7, 0xff, 0xa0, 0x0, 0xb,
    0xff, 0x50, 0x0, 0x0, 0x0, 0x2, 0xff, 0xe0,
    0x2f, 0xff, 0xff, 0xff, 0xff, 0x40, 0x0, 0x0,
    0xff, 0xf1, 0x2f, 0xff, 0xff, 0xff, 0xff, 0x40,
    0x0, 0x0, 0xef, 0xf2, 0x19, 0x9e, 0xff, 0xb9,
    0x99, 0x20, 0x0, 0x0, 0xff, 0xf1, 0x0, 0xb,
    0xff, 0x50, 0x0, 0x0, 0x0, 0x2, 0xff, 0xe0,
    0x0, 0xb, 0xff, 0x50, 0x0, 0x0, 0x0, 0x7,
    0xff, 0xa0, 0x0, 0xb, 0xff, 0x50, 0x0, 0x0,
    0x0, 0x1e, 0xff, 0x50, 0x0, 0xb, 0xff, 0x50,
    0x0, 0x0, 0x0, 0xbf, 0xfd, 0x0, 0x0, 0xb,
    0xff, 0x50, 0x0, 0x0, 0x3c, 0xff, 0xf3, 0x0,
    0x0, 0xb, 0xff, 0xca, 0xaa, 0xbe, 0xff, 0xff,
    0x50, 0x0, 0x0, 0xb, 0xff, 0xff, 0xff, 0xff,
    0xff, 0xd4, 0x0, 0x0, 0x0, 0xb, 0xff, 0xff,
    0xff, 0xfd, 0xa5, 0x0, 0x0, 0x0,

    /* U+00D1 "Ñ" */
    0x0, 0x0, 0x5e, 0xe6, 0x0, 0xee, 0x0, 0x0,
    0x0, 0x1, 0xff, 0xff, 0x82, 0xfc, 0x0, 0x0,
    0x0, 0x4, 0xf9, 0x1d, 0xff, 0xf8, 0x0, 0x0,
    0x0, 0x6, 0xf6, 0x1, 0xbf, 0xb1, 0x0, 0x0,
    0x0, 0x0, 0x0, 0x0, 0x0, 0x0, 0x0, 0x0,
    0x0, 0x0, 0x0, 0x0, 0x0, 0x0, 0x0, 0x0,
    0xdf, 0xf4, 0x0, 0x0, 0x0, 0x0, 0xaf, 0xf6,
    0xdf, 0xfe, 0x10, 0x0, 0x0, 0x0, 0xaf, 0xf6,
    0xdf, 0xff, 0xa0, 0x0, 0x0, 0x0, 0xaf, 0xf6,
    0xdf, 0xff, 0xf5, 0x0, 0x0, 0x0, 0xaf, 0xf6,
    0xdf, 0xff, 0xfe, 0x10, 0x0, 0x0, 0xaf, 0xf6,
    0xdf, 0xfe, 0xff, 0xb0, 0x0, 0x0, 0xaf, 0xf6,
    0xdf, 0xf5, 0xff, 0xf6, 0x0, 0x0, 0xaf, 0xf6,
    0xdf, 0xf3, 0x6f, 0xff, 0x20, 0x0, 0xaf, 0xf6,
    0xdf, 0xf3, 0xa, 0xff, 0xc0, 0x0, 0xaf, 0xf6,
    0xdf, 0xf3, 0x1, 0xef, 0xf8, 0x0, 0xaf, 0xf6,
    0xdf, 0xf3, 0x0, 0x4f, 0xff, 0x30, 0xaf, 0xf6,
    0xdf, 0xf3, 0x0, 0x9, 0xff, 0xd0, 0xaf, 0xf6,
    0xdf, 0xf3, 0x0, 0x0, 0xdf, 0xf9, 0xaf, 0xf6,
    0xdf, 0xf3, 0x0, 0x0, 0x3f, 0xff, 0xdf, 0xf6,
    0xdf, 0xf3, 0x0, 0x0, 0x8, 0xff, 0xff, 0xf6,
    0xdf, 0xf3, 0x0, 0x0, 0x0, 0xcf, 0xff, 0xf6,
    0xdf, 0xf3, 0x0, 0x0, 0x0, 0x2f, 0xff, 0xf6,
    0xdf, 0xf3, 0x0, 0x0, 0x0, 0x6, 0xff, 0xf6,
    0xdf, 0xf3, 0x0, 0x0, 0x0, 0x0, 0xbf, 0xf6,

    /* U+00D2 "Ò" */
    0x0, 0x0, 0x0, 0x9b, 0xa0, 0x0, 0x0, 0x0,
    0x0, 0x0, 0x0, 0x0, 0x0, 0x6f, 0xf6, 0x0,
    0x0, 0x0, 0x0, 0x0, 0x0, 0x0, 0x0, 0xc,
    0xfd, 0x0, 0x0, 0x0, 0x0, 0x0, 0x0, 0x0,
    0x0, 0x3, 0xff, 0x50, 0x0, 0x0, 0x0, 0x0,
    0x0, 0x0, 0x0, 0x0, 0x9f, 0xc0, 0x0, 0x0,
    0x0, 0x0, 0x0, 0x0, 0x0, 0x0, 0x0, 0x0,
    0x0, 0x0, 0x0, 0x0, 0x0, 0x0, 0x0, 0x0,
    0x0, 0x0, 0x0, 0x0, 0x0, 0x0, 0x0, 0x0,
    0x0, 0x0, 0x0, 0x0, 0x0, 0x0, 0x0, 0x0,
    0x0, 0x0, 0x1, 0x7c, 0xef, 0xed, 0x94, 0x0,
    0x0, 0x0, 0x0, 0x0, 0x8f, 0xff, 0xff, 0xff,
    0xff, 0xc3, 0x0, 0x0, 0x0, 0xb, 0xff, 0xff,
    0xec, 0xdf, 0xff, 0xff, 0x40, 0x0, 0x0, 0xaf,
    0xff, 0xa2, 0x0, 0x0, 0x6e, 0xff, 0xf3, 0x0,
    0x5, 0xff, 0xf6, 0x0, 0x0, 0x0, 0x1, 0xdf,
    0xfd, 0x0, 0xd, 0xff, 0x90, 0x0, 0x0, 0x0,
    0x0, 0x2f, 0xff, 0x50, 0x3f, 0xff, 0x10, 0x0,
    0x0, 0x0, 0x0, 0x9, 0xff, 0xb0, 0x7f, 0xfb,
    0x0, 0x0, 0x0, 0x0, 0x0, 0x3, 0xff, 0xf0,
    0x9f, 0xf8, 0x0, 0x0, 0x0, 0x0, 0x0, 0x0,
    0xff, 0xf1, 0xaf, 0xf7, 0x0, 0x0, 0x0, 0x0,
    0x0, 0x0, 0xff, 0xf2, 0x9f, 0xf8, 0x0, 0x0,
    0x0, 0x0, 0x0, 0x0, 0xff, 0xf1, 0x7f, 0xfb,
    0x0, 0x0, 0x0, 0x0, 0x0, 0x3, 0xff, 0xf0,
    0x3f, 0xff, 0x10, 0x0, 0x0, 0x0, 0x0, 0x9,
    0xff, 0xb0, 0xd, 0xff, 0xa0, 0x0, 0x0, 0x0,
    0x0, 0x2f, 0xff, 0x50, 0x5, 0xff, 0xf7, 0x0,
    0x0, 0x0, 0x1, 0xdf, 0xfd, 0x0, 0x0, 0xaf,
    0xff, 0xa2, 0x0, 0x0, 0x6e, 0xff, 0xf3, 0x0,
    0x0, 0xb, 0xff, 0xff, 0xfd, 0xef, 0xff, 0xff,
    0x40, 0x0, 0x0, 0x0, 0x8f, 0xff, 0xff, 0xff,
    0xff, 0xc3, 0x0, 0x0, 0x0, 0x0, 0x1, 0x7c,
    0xef, 0xed, 0x94, 0x0, 0x0, 0x0,

    /* U+00D3 "Ó" */
    0x0, 0x0, 0x0, 0x0, 0x0, 0x4b, 0xb5, 0x0,
    0x0, 0x0, 0x0, 0x0, 0x0, 0x0, 0x0, 0xcf,
    0xe0, 0x0, 0x0, 0x0, 0x0, 0x0, 0x0, 0x0,
    0x4, 0xff, 0x60, 0x0, 0x0, 0x0, 0x0, 0x0,
    0x0, 0x0, 0xb, 0xfc, 0x0, 0x0, 0x0, 0x0,
    0x0, 0x0, 0x0, 0x0, 0x3f, 0xf3, 0x0, 0x0,
    0x0, 0x0, 0x0, 0x0, 0x0, 0x0, 0x0, 0x0,
    0x0, 0x0, 0x0, 0x0, 0x0, 0x0, 0x0, 0x0,
    0x0, 0x0, 0x0, 0x0, 0x0, 0x0, 0x0, 0x0,
    0x0, 0x0, 0x0, 0x0, 0x0, 0x0, 0x0, 0x0,
    0x0, 0x0, 0x1, 0x7c, 0xef, 0xed, 0x94, 0x0,
    0x0, 0x0, 0x0, 0x0, 0x8f, 0xff, 0xff, 0xff,
    0xff, 0xc3, 0x0, 0x0, 0x0, 0xb, 0xff, 0xff,
    0xec, 0xdf, 0xff, 0xff, 0x40, 0x0, 0x0, 0xaf,
    0xff, 0xa2, 0x0, 0x0, 0x6e, 0xff, 0xf3, 0x0,
    0x5, 0xff, 0xf6, 0x0, 0x0, 0x0, 0x1, 0xdf,
    0xfd, 0x0, 0xd, 0xff, 0x90, 0x0, 0x0, 0x0,
    0x0, 0x2f, 0xff, 0x50, 0x3f, 0xff, 0x10, 0x0,
    0x0, 0x0, 0x0, 0x9, 0xff, 0xb0, 0x7f, 0xfb,
    0x0, 0x0, 0x0, 0x0, 0x0, 0x3, 0xff, 0xf0,
    0x9f, 0xf8, 0x0, 0x0, 0x0, 0x0, 0x0, 0x0,
    0xff, 0xf1, 0xaf, 0xf7, 0x0, 0x0, 0x0, 0x0,
    0x0, 0x0, 0xff, 0xf2, 0x9f, 0xf8, 0x0, 0x0,
    0x0, 0x0, 0x0, 0x0, 0xff, 0xf1, 0x7f, 0xfb,
    0x0, 0x0, 0x0, 0x0, 0x0, 0x3, 0xff, 0xf0,
    0x3f, 0xff, 0x10, 0x0, 0x0, 0x0, 0x0, 0x9,
    0xff, 0xb0, 0xd, 0xff, 0xa0, 0x0, 0x0, 0x0,
    0x0, 0x2f, 0xff, 0x50, 0x5, 0xff, 0xf7, 0x0,
    0x0, 0x0, 0x1, 0xdf, 0xfd, 0x0, 0x0, 0xaf,
    0xff, 0xa2, 0x0, 0x0, 0x6e, 0xff, 0xf3, 0x0,
    0x0, 0xb, 0xff, 0xff, 0xfd, 0xef, 0xff, 0xff,
    0x40, 0x0, 0x0, 0x0, 0x8f, 0xff, 0xff, 0xff,
    0xff, 0xc3, 0x0, 0x0, 0x0, 0x0, 0x1, 0x7c,
    0xef, 0xed, 0x94, 0x0, 0x0, 0x0,

    /* U+00D4 "Ô" */
    0x0, 0x0, 0x0, 0x0, 0x58, 0x71, 0x0, 0x0,
    0x0, 0x0, 0x0, 0x0, 0x0, 0x4, 0xff, 0xfc,
    0x0, 0x0, 0x0, 0x0, 0x0, 0x0, 0x0, 0x2e,
    0xf8, 0xdf, 0x90, 0x0, 0x0, 0x0, 0x0, 0x0,
    0x0, 0xdf, 0xa0, 0x2f, 0xf6, 0x0, 0x0, 0x0,
    0x0, 0x0, 0x3, 0x87, 0x0, 0x4, 0x87, 0x0,
    0x0, 0x0, 0x0, 0x0, 0x0, 0x0, 0x0, 0x0,
    0x0, 0x0, 0x0, 0x0, 0x0, 0x0, 0x0, 0x0,
    0x0, 0x0, 0x0, 0x0, 0x0, 0x0, 0x0, 0x0,
    0x1, 0x7c, 0xef, 0xed, 0x94, 0x0, 0x0, 0x0,
    0x0, 0x0, 0x8f, 0xff, 0xff, 0xff, 0xff, 0xc3,
    0x0, 0x0, 0x0, 0xb, 0xff, 0xff, 0xec, 0xdf,
    0xff, 0xff, 0x40, 0x0, 0x0, 0xaf, 0xff, 0xa2,
    0x0, 0x0, 0x6e, 0xff, 0xf3, 0x0, 0x5, 0xff,
    0xf6, 0x0, 0x0, 0x0, 0x1, 0xdf, 0xfd, 0x0,
    0xd, 0xff, 0x90, 0x0, 0x0, 0x0, 0x0, 0x2f,
    0xff, 0x50, 0x3f, 0xff, 0x10, 0x0, 0x0, 0x0,
    0x0, 0x9, 0xff, 0xb0, 0x7f, 0xfb, 0x0, 0x0,
    0x0, 0x0, 0x0, 0x3, 0xff, 0xf0, 0x9f, 0xf8,
    0x0, 0x0, 0x0, 0x0, 0x0, 0x0, 0xff, 0xf1,
    0xaf, 0xf7, 0x0, 0x0, 0x0, 0x0, 0x0, 0x0,
    0xff, 0xf2, 0x9f, 0xf8, 0x0, 0x0, 0x0, 0x0,
    0x0, 0x0, 0xff, 0xf1, 0x7f, 0xfb, 0x0, 0x0,
    0x0, 0x0, 0x0, 0x3, 0xff, 0xf0, 0x3f, 0xff,
    0x10, 0x0, 0x0, 0x0, 0x0, 0x9, 0xff, 0xb0,
    0xd, 0xff, 0xa0, 0x0, 0x0, 0x0, 0x0, 0x2f,
    0xff, 0x50, 0x5, 0xff, 0xf7, 0x0, 0x0, 0x0,
    0x1, 0xdf, 0xfd, 0x0, 0x0, 0xaf, 0xff, 0xa2,
    0x0, 0x0, 0x6e, 0xff, 0xf3, 0x0, 0x0, 0xb,
    0xff, 0xff, 0xfd, 0xef, 0xff, 0xff, 0x40, 0x0,
    0x0, 0x0, 0x8f, 0xff, 0xff, 0xff, 0xff, 0xc3,
    0x0, 0x0, 0x0, 0x0, 0x1, 0x7c, 0xef, 0xed,
    0x94, 0x0, 0x0, 0x0,

    /* U+00D5 "Õ" */
    0x0, 0x0, 0x0, 0x5e, 0xe6, 0x0, 0xde, 0x0,
    0x0, 0x0, 0x0, 0x0, 0x0, 0xff, 0xff, 0x82,
    0xfd, 0x0, 0x0, 0x0, 0x0, 0x0, 0x4, 0xfa,
    0x2d, 0xff, 0xf9, 0x0, 0x0, 0x0, 0x0, 0x0,
    0x6, 0xf6, 0x1, 0xbf, 0xc1, 0x0, 0x0, 0x0,
    0x0, 0x0, 0x0, 0x0, 0x0, 0x0, 0x0, 0x0,
    0x0, 0x0, 0x0, 0x0, 0x0, 0x0, 0x0, 0x0,
    0x0, 0x0, 0x0, 0x0, 0x0, 0x0, 0x0, 0x0,
    0x0, 0x0, 0x0, 0x0, 0x0, 0x0, 0x0, 0x0,
    0x1, 0x7c, 0xef, 0xed, 0x94, 0x0, 0x0, 0x0,
    0x0, 0x0, 0x8f, 0xff, 0xff, 0xff, 0xff, 0xc3,
    0x0, 0x0, 0x0, 0xb, 0xff, 0xff, 0xec, 0xdf,
    0xff, 0xff, 0x40, 0x0, 0x0, 0xaf, 0xff, 0xa2,
    0x0, 0x0, 0x6e, 0xff, 0xf3, 0x0, 0x5, 0xff,
    0xf6, 0x0, 0x0, 0x0, 0x1, 0xdf, 0xfd, 0x0,
    0xd, 0xff, 0x90, 0x0, 0x0, 0x0, 0x0, 0x2f,
    0xff, 0x50, 0x3f, 0xff, 0x10, 0x0, 0x0, 0x0,
    0x0, 0x9, 0xff, 0xb0, 0x7f, 0xfb, 0x0, 0x0,
    0x0, 0x0, 0x0, 0x3, 0xff, 0xf0, 0x9f, 0xf8,
    0x0, 0x0, 0x0, 0x0, 0x0, 0x0, 0xff, 0xf1,
    0xaf, 0xf7, 0x0, 0x0, 0x0, 0x0, 0x0, 0x0,
    0xff, 0xf2, 0x9f, 0xf8, 0x0, 0x0, 0x0, 0x0,
    0x0, 0x0, 0xff, 0xf1, 0x7f, 0xfb, 0x0, 0x0,
    0x0, 0x0, 0x0, 0x3, 0xff, 0xf0, 0x3f, 0xff,
    0x10, 0x0, 0x0, 0x0, 0x0, 0x9, 0xff, 0xb0,
    0xd, 0xff, 0xa0, 0x0, 0x0, 0x0, 0x0, 0x2f,
    0xff, 0x50, 0x5, 0xff, 0xf7, 0x0, 0x0, 0x0,
    0x1, 0xdf, 0xfd, 0x0, 0x0, 0xaf, 0xff, 0xa2,
    0x0, 0x0, 0x6e, 0xff, 0xf3, 0x0, 0x0, 0xb,
    0xff, 0xff, 0xfd, 0xef, 0xff, 0xff, 0x40, 0x0,
    0x0, 0x0, 0x8f, 0xff, 0xff, 0xff, 0xff, 0xc3,
    0x0, 0x0, 0x0, 0x0, 0x1, 0x7c, 0xef, 0xed,
    0x94, 0x0, 0x0, 0x0,

    /* U+00D6 "Ö" */
    0x0, 0x0, 0x3, 0xde, 0x50, 0xb, 0xf8, 0x0,
    0x0, 0x0, 0x0, 0x0, 0xa, 0xff, 0xd0, 0x6f,
    0xff, 0x10, 0x0, 0x0, 0x0, 0x0, 0x8, 0xff,
    0xb0, 0x3f, 0xfe, 0x0, 0x0, 0x0, 0x0, 0x0,
    0x0, 0x67, 0x10, 0x4, 0x82, 0x0, 0x0, 0x0,
    0x0, 0x0, 0x0, 0x0, 0x0, 0x0, 0x0, 0x0,
    0x0, 0x0, 0x0, 0x0, 0x0, 0x0, 0x0, 0x0,
    0x0, 0x0, 0x0, 0x0, 0x0, 0x0, 0x1, 0x7c,
    0xef, 0xed, 0x94, 0x0, 0x0, 0x0, 0x0, 0x0,
    0x8f, 0xff, 0xff, 0xff, 0xff, 0xc3, 0x0, 0x0,
    0x0, 0xb, 0xff, 0xff, 0xec, 0xdf, 0xff, 0xff,
    0x40, 0x0, 0x0, 0xaf, 0xff, 0xa2, 0x0, 0x0,
    0x6e, 0xff, 0xf3, 0x0, 0x5, 0xff, 0xf6, 0x0,
    0x0, 0x0, 0x1, 0xdf, 0xfd, 0x0, 0xd, 0xff,
    0x90, 0x0, 0x0, 0x0, 0x0, 0x2f, 0xff, 0x50,
    0x3f, 0xff, 0x10, 0x0, 0x0, 0x0, 0x0, 0x9,
    0xff, 0xb0, 0x7f, 0xfb, 0x0, 0x0, 0x0, 0x0,
    0x0, 0x3, 0xff, 0xf0, 0x9f, 0xf8, 0x0, 0x0,
    0x0, 0x0, 0x0, 0x0, 0xff, 0xf1, 0xaf, 0xf7,
    0x0, 0x0, 0x0, 0x0, 0x0, 0x0, 0xff, 0xf2,
    0x9f, 0xf8, 0x0, 0x0, 0x0, 0x0, 0x0, 0x0,
    0xff, 0xf1, 0x7f, 0xfb, 0x0, 0x0, 0x0, 0x0,
    0x0, 0x3, 0xff, 0xf0, 0x3f, 0xff, 0x10, 0x0,
    0x0, 0x0, 0x0, 0x9, 0xff, 0xb0, 0xd, 0xff,
    0xa0, 0x0, 0x0, 0x0, 0x0, 0x2f, 0xff, 0x50,
    0x5, 0xff, 0xf7, 0x0, 0x0, 0x0, 0x1, 0xdf,
    0xfd, 0x0, 0x0, 0xaf, 0xff, 0xa2, 0x0, 0x0,
    0x6e, 0xff, 0xf3, 0x0, 0x0, 0xb, 0xff, 0xff,
    0xfd, 0xef, 0xff, 0xff, 0x40, 0x0, 0x0, 0x0,
    0x8f, 0xff, 0xff, 0xff, 0xff, 0xc3, 0x0, 0x0,
    0x0, 0x0, 0x1, 0x7c, 0xef, 0xed, 0x94, 0x0,
    0x0, 0x0,

    /* U+00D7 "×" */
    0x6, 0x30, 0x0, 0x7, 0x0, 0x6f, 0xf3, 0x0,
    0xaf, 0xc0, 0x8f, 0xff, 0x3a, 0xff, 0xd1, 0x8,
    0xff, 0xff, 0xfd, 0x10, 0x0, 0x8f, 0xff, 0xd1,
    0x0, 0x0, 0xaf, 0xff, 0xf3, 0x0, 0xa, 0xff,
    0xef, 0xff, 0x30, 0x9f, 0xfd, 0x18, 0xff, 0xf2,
    0x3f, 0xd1, 0x0, 0x8f, 0xa0, 0x3, 0x10, 0x0,
    0x5, 0x0,

    /* U+00D8 "Ø" */
    0x0, 0x0, 0x0, 0x0, 0x0, 0x0, 0x0, 0x7f,
    0xf9, 0x0, 0x0, 0x0, 0x1, 0x7c, 0xef, 0xed,
    0x94, 0xef, 0xf1, 0x0, 0x0, 0x0, 0x8f, 0xff,
    0xff, 0xff, 0xff, 0xff, 0x80, 0x0, 0x0, 0xb,
    0xff, 0xff, 0xec, 0xdf, 0xff, 0xff, 0x50, 0x0,
    0x0, 0xbf, 0xff, 0xa2, 0x0, 0x0, 0xdf, 0xff,
    0xf2, 0x0, 0x6, 0xff, 0xf6, 0x0, 0x0, 0x6,
    0xff, 0xff, 0xfc, 0x0, 0xd, 0xff, 0x90, 0x0,
    0x0, 0x2f, 0xfe, 0x3f, 0xff, 0x50, 0x3f, 0xff,
    0x10, 0x0, 0x0, 0xcf, 0xf5, 0x8, 0xff, 0xa0,
    0x7f, 0xfb, 0x0, 0x0, 0x7, 0xff, 0xa0, 0x3,
    0xff, 0xf0, 0xaf, 0xf8, 0x0, 0x0, 0x2f, 0xfe,
    0x10, 0x0, 0xff, 0xf1, 0xaf, 0xf7, 0x0, 0x0,
    0xcf, 0xf4, 0x0, 0x0, 0xff, 0xf2, 0x9f, 0xf8,
    0x0, 0x7, 0xff, 0x90, 0x0, 0x0, 0xff, 0xf1,
    0x7f, 0xfb, 0x0, 0x2f, 0xfe, 0x0, 0x0, 0x3,
    0xff, 0xf0, 0x2f, 0xff, 0x10, 0xcf, 0xf4, 0x0,
    0x0, 0x9, 0xff, 0xb0, 0xd, 0xff, 0x97, 0xff,
    0x90, 0x0, 0x0, 0x2f, 0xff, 0x50, 0x4, 0xff,
    0xff, 0xfd, 0x0, 0x0, 0x1, 0xdf, 0xfd, 0x0,
    0x0, 0x9f, 0xff, 0xf6, 0x0, 0x0, 0x6e, 0xff,
    0xf3, 0x0, 0x0, 0xc, 0xff, 0xff, 0xec, 0xef,
    0xff, 0xff, 0x50, 0x0, 0x0, 0x2f, 0xff, 0xff,
    0xff, 0xff, 0xff, 0xc3, 0x0, 0x0, 0x0, 0xcf,
    0xf6, 0x6b, 0xdf, 0xed, 0x94, 0x0, 0x0, 0x0,
    0x1, 0x88, 0x70, 0x0, 0x0, 0x0, 0x0, 0x0,
    0x0, 0x0,

    /* U+00D9 "Ù" */
    0x0, 0x0, 0xef, 0xe0, 0x0, 0x0, 0x0, 0x0,
    0x0, 0x0, 0x5f, 0xf6, 0x0, 0x0, 0x0, 0x0,
    0x0, 0x0, 0xc, 0xfd, 0x0, 0x0, 0x0, 0x0,
    0x0, 0x0, 0x3, 0xff, 0x50, 0x0, 0x0, 0x0,
    0x0, 0x0, 0x0, 0x7b, 0x80, 0x0, 0x0, 0x0,
    0x0, 0x0, 0x0, 0x0, 0x0, 0x0, 0x0, 0x0,
    0x0, 0x0, 0x0, 0x0, 0x0, 0x0, 0x0, 0x0,
    0xdf, 0xf3, 0x0, 0x0, 0x0, 0x0, 0xdf, 0xf3,
    0xdf, 0xf3, 0x0, 0x0, 0x0, 0x0, 0xdf, 0xf3,
    0xdf, 0xf3, 0x0, 0x0, 0x0, 0x0, 0xdf, 0xf3,
    0xdf, 0xf3, 0x0, 0x0, 0x0, 0x0, 0xdf, 0xf3,
    0xdf, 0xf3, 0x0, 0x0, 0x0, 0x0, 0xdf, 0xf3,
    0xdf, 0xf3, 0x0, 0x0, 0x0, 0x0, 0xdf, 0xf3,
    0xdf, 0xf3, 0x0, 0x0, 0x0, 0x0, 0xdf, 0xf3,
    0xdf, 0xf3, 0x0, 0x0, 0x0, 0x0, 0xdf, 0xf3,
    0xdf, 0xf3, 0x0, 0x0, 0x0, 0x0, 0xdf, 0xf3,
    0xdf, 0xf3, 0x0, 0x0, 0x0, 0x0, 0xdf, 0xf3,
    0xdf, 0xf3, 0x0, 0x0, 0x0, 0x0, 0xdf, 0xf3,
    0xcf, 0xf3, 0x0, 0x0, 0x0, 0x0, 0xdf, 0xf2,
    0xbf, 0xf4, 0x0, 0x0, 0x0, 0x0, 0xef, 0xf1,
    0xaf, 0xf8, 0x0, 0x0, 0x0, 0x2, 0xff, 0xf0,
    0x6f, 0xfe, 0x10, 0x0, 0x0, 0xa, 0xff, 0xb0,
    0xe, 0xff, 0xd4, 0x0, 0x2, 0xaf, 0xff, 0x50,
    0x4, 0xff, 0xff, 0xfe, 0xef, 0xff, 0xfa, 0x0,
    0x0, 0x4e, 0xff, 0xff, 0xff, 0xff, 0x80, 0x0,
    0x0, 0x1, 0x6b, 0xef, 0xec, 0x82, 0x0, 0x0,

    /* U+00DA "Ú" */
    0x0, 0x0, 0x0, 0x0, 0xaf, 0xf3, 0x0, 0x0,
    0x0, 0x0, 0x0, 0x2, 0xff, 0xa0, 0x0, 0x0,
    0x0, 0x0, 0x0, 0x9, 0xff, 0x10, 0x0, 0x0,
    0x0, 0x0, 0x0, 0x1f, 0xf7, 0x0, 0x0, 0x0,
    0x0, 0x0, 0x0, 0x4b, 0xa0, 0x0, 0x0, 0x0,
    0x0, 0x0, 0x0, 0x0, 0x0, 0x0, 0x0, 0x0,
    0x0, 0x0, 0x0, 0x0, 0x0, 0x0, 0x0, 0x0,
    0xdf, 0xf3, 0x0, 0x0, 0x0, 0x0, 0xdf, 0xf3,
    0xdf, 0xf3, 0x0, 0x0, 0x0, 0x0, 0xdf, 0xf3,
    0xdf, 0xf3, 0x0, 0x0, 0x0, 0x0, 0xdf, 0xf3,
    0xdf, 0xf3, 0x0, 0x0, 0x0, 0x0, 0xdf, 0xf3,
    0xdf, 0xf3, 0x0, 0x0, 0x0, 0x0, 0xdf, 0xf3,
    0xdf, 0xf3, 0x0, 0x0, 0x0, 0x0, 0xdf, 0xf3,
    0xdf, 0xf3, 0x0, 0x0, 0x0, 0x0, 0xdf, 0xf3,
    0xdf, 0xf3, 0x0, 0x0, 0x0, 0x0, 0xdf, 0xf3,
    0xdf, 0xf3, 0x0, 0x0, 0x0, 0x0, 0xdf, 0xf3,
    0xdf, 0xf3, 0x0, 0x0, 0x0, 0x0, 0xdf, 0xf3,
    0xdf, 0xf3, 0x0, 0x0, 0x0, 0x0, 0xdf, 0xf3,
    0xcf, 0xf3, 0x0, 0x0, 0x0, 0x0, 0xdf, 0xf2,
    0xbf, 0xf4, 0x0, 0x0, 0x0, 0x0, 0xef, 0xf1,
    0xaf, 0xf8, 0x0, 0x0, 0x0, 0x2, 0xff, 0xf0,
    0x6f, 0xfe, 0x10, 0x0, 0x0, 0xa, 0xff, 0xb0,
    0xe, 0xff, 0xd4, 0x0, 0x2, 0xaf, 0xff, 0x50,
    0x4, 0xff, 0xff, 0xfe, 0xef, 0xff, 0xfa, 0x0,
    0x0, 0x4e, 0xff, 0xff, 0xff, 0xff, 0x80, 0x0,
    0x0, 0x1, 0x6b, 0xef, 0xec, 0x82, 0x0, 0x0,

    /* U+00DB "Û" */
    0x0, 0x0, 0x1, 0xef, 0xf3, 0x0, 0x0, 0x0,
    0x0, 0x0, 0xb, 0xff, 0xfd, 0x0, 0x0, 0x0,
    0x0, 0x0, 0x6f, 0xf2, 0xdf, 0x90, 0x0, 0x0,
    0x0, 0x2, 0xff, 0x60, 0x3f, 0xf5, 0x0, 0x0,
    0x0, 0x5, 0x86, 0x0, 0x5, 0x86, 0x0, 0x0,
    0x0, 0x0, 0x0, 0x0, 0x0, 0x0, 0x0, 0x0,
    0x0, 0x0, 0x0, 0x0, 0x0, 0x0, 0x0, 0x0,
    0xdf, 0xf3, 0x0, 0x0, 0x0, 0x0, 0xdf, 0xf3,
    0xdf, 0xf3, 0x0, 0x0, 0x0, 0x0, 0xdf, 0xf3,
    0xdf, 0xf3, 0x0, 0x0, 0x0, 0x0, 0xdf, 0xf3,
    0xdf, 0xf3, 0x0, 0x0, 0x0, 0x0, 0xdf, 0xf3,
    0xdf, 0xf3, 0x0, 0x0, 0x0, 0x0, 0xdf, 0xf3,
    0xdf, 0xf3, 0x0, 0x0, 0x0, 0x0, 0xdf, 0xf3,
    0xdf, 0xf3, 0x0, 0x0, 0x0, 0x0, 0xdf, 0xf3,
    0xdf, 0xf3, 0x0, 0x0, 0x0, 0x0, 0xdf, 0xf3,
    0xdf, 0xf3, 0x0, 0x0, 0x0, 0x0, 0xdf, 0xf3,
    0xdf, 0xf3, 0x0, 0x0, 0x0, 0x0, 0xdf, 0xf3,
    0xdf, 0xf3, 0x0, 0x0, 0x0, 0x0, 0xdf, 0xf3,
    0xcf, 0xf3, 0x0, 0x0, 0x0, 0x0, 0xdf, 0xf2,
    0xbf, 0xf4, 0x0, 0x0, 0x0, 0x0, 0xef, 0xf1,
    0xaf, 0xf8, 0x0, 0x0, 0x0, 0x2, 0xff, 0xf0,
    0x6f, 0xfe, 0x10, 0x0, 0x0, 0xa, 0xff, 0xb0,
    0xe, 0xff, 0xd4, 0x0, 0x2, 0xaf, 0xff, 0x50,
    0x4, 0xff, 0xff, 0xfe, 0xef, 0xff, 0xfa, 0x0,
    0x0, 0x4e, 0xff, 0xff, 0xff, 0xff, 0x80, 0x0,
    0x0, 0x1, 0x6b, 0xef, 0xec, 0x82, 0x0, 0x0,

    /* U+00DC "Ü" */
    0x0, 0x4, 0xee, 0x30, 0x1d, 0xf6, 0x0, 0x0,
    0x0, 0xc, 0xff, 0xb0, 0x8f, 0xff, 0x0, 0x0,
    0x0, 0xa, 0xff, 0x90, 0x6f, 0xfd, 0x0, 0x0,
    0x0, 0x0, 0x77, 0x0, 0x6, 0x81, 0x0, 0x0,
    0x0, 0x0, 0x0, 0x0, 0x0, 0x0, 0x0, 0x0,
    0x0, 0x0, 0x0, 0x0, 0x0, 0x0, 0x0, 0x0,
    0xdf, 0xf3, 0x0, 0x0, 0x0, 0x0, 0xdf, 0xf3,
    0xdf, 0xf3, 0x0, 0x0, 0x0, 0x0, 0xdf, 0xf3,
    0xdf, 0xf3, 0x0, 0x0, 0x0, 0x0, 0xdf, 0xf3,
    0xdf, 0xf3, 0x0, 0x0, 0x0, 0x0, 0xdf, 0xf3,
    0xdf, 0xf3, 0x0, 0x0, 0x0, 0x0, 0xdf, 0xf3,
    0xdf, 0xf3, 0x0, 0x0, 0x0, 0x0, 0xdf, 0xf3,
    0xdf, 0xf3, 0x0, 0x0, 0x0, 0x0, 0xdf, 0xf3,
    0xdf, 0xf3, 0x0, 0x0, 0x0, 0x0, 0xdf, 0xf3,
    0xdf, 0xf3, 0x0, 0x0, 0x0, 0x0, 0xdf, 0xf3,
    0xdf, 0xf3, 0x0, 0x0, 0x0, 0x0, 0xdf, 0xf3,
    0xdf, 0xf3, 0x0, 0x0, 0x0, 0x0, 0xdf, 0xf3,
    0xcf, 0xf3, 0x0, 0x0, 0x0, 0x0, 0xdf, 0xf2,
    0xbf, 0xf4, 0x0, 0x0, 0x0, 0x0, 0xef, 0xf1,
    0xaf, 0xf8, 0x0, 0x0, 0x0, 0x2, 0xff, 0xf0,
    0x6f, 0xfe, 0x10, 0x0, 0x0, 0xa, 0xff, 0xb0,
    0xe, 0xff, 0xd4, 0x0, 0x2, 0xaf, 0xff, 0x50,
    0x4, 0xff, 0xff, 0xfe, 0xef, 0xff, 0xfa, 0x0,
    0x0, 0x4e, 0xff, 0xff, 0xff, 0xff, 0x80, 0x0,
    0x0, 0x1, 0x6b, 0xef, 0xec, 0x82, 0x0, 0x0,

    /* U+00DD "Ý" */
    0x0, 0x0, 0x0, 0x0, 0x2, 0xbb, 0x70, 0x0,
    0x0, 0x0, 0x0, 0x0, 0x0, 0x9, 0xff, 0x30,
    0x0, 0x0, 0x0, 0x0, 0x0, 0x0, 0x1f, 0xf9,
    0x0, 0x0, 0x0, 0x0, 0x0, 0x0, 0x0, 0x8f,
    0xe1, 0x0, 0x0, 0x0, 0x0, 0x0, 0x0, 0x1,
    0xff, 0x60, 0x0, 0x0, 0x0, 0x0, 0x0, 0x0,
    0x0, 0x0, 0x0, 0x0, 0x0, 0x0, 0x0, 0x0,
    0x0, 0x0, 0x0, 0x0, 0x0, 0x0, 0x0, 0x2f,
    0xff, 0x30, 0x0, 0x0, 0x0, 0x7, 0xff, 0xd0,
    0x8, 0xff, 0xb0, 0x0, 0x0, 0x0, 0xe, 0xff,
    0x50, 0x1, 0xef, 0xf4, 0x0, 0x0, 0x0, 0x8f,
    0xfc, 0x0, 0x0, 0x7f, 0xfc, 0x0, 0x0, 0x1,
    0xff, 0xf3, 0x0, 0x0, 0xe, 0xff, 0x50, 0x0,
    0x9, 0xff, 0xa0, 0x0, 0x0, 0x5, 0xff, 0xd0,
    0x0, 0x2f, 0xff, 0x20, 0x0, 0x0, 0x0, 0xdf,
    0xf6, 0x0, 0xaf, 0xf9, 0x0, 0x0, 0x0, 0x0,
    0x4f, 0xfe, 0x3, 0xff, 0xf1, 0x0, 0x0, 0x0,
    0x0, 0xb, 0xff, 0x7b, 0xff, 0x70, 0x0, 0x0,
    0x0, 0x0, 0x3, 0xff, 0xff, 0xfe, 0x0, 0x0,
    0x0, 0x0, 0x0, 0x0, 0xaf, 0xff, 0xf6, 0x0,
    0x0, 0x0, 0x0, 0x0, 0x0, 0x1f, 0xff, 0xd0,
    0x0, 0x0, 0x0, 0x0, 0x0, 0x0, 0xa, 0xff,
    0x60, 0x0, 0x0, 0x0, 0x0, 0x0, 0x0, 0xa,
    0xff, 0x60, 0x0, 0x0, 0x0, 0x0, 0x0, 0x0,
    0xa, 0xff, 0x60, 0x0, 0x0, 0x0, 0x0, 0x0,
    0x0, 0xa, 0xff, 0x60, 0x0, 0x0, 0x0, 0x0,
    0x0, 0x0, 0xa, 0xff, 0x60, 0x0, 0x0, 0x0,
    0x0, 0x0, 0x0, 0xa, 0xff, 0x60, 0x0, 0x0,
    0x0, 0x0, 0x0, 0x0, 0xa, 0xff, 0x60, 0x0,
    0x0, 0x0,

    /* U+00DE "Þ" */
    0xf, 0xff, 0x0, 0x0, 0x0, 0x0, 0x0, 0x0,
    0xff, 0xf0, 0x0, 0x0, 0x0, 0x0, 0x0, 0xf,
    0xff, 0x0, 0x0, 0x0, 0x0, 0x0, 0x0, 0xff,
    0xff, 0xff, 0xff, 0xda, 0x40, 0x0, 0xf, 0xff,
    0xff, 0xff, 0xff, 0xff, 0xa0, 0x0, 0xff, 0xfa,
    0xaa, 0xab, 0xef, 0xff, 0xa0, 0xf, 0xff, 0x0,
    0x0, 0x0, 0x6f, 0xff, 0x40, 0xff, 0xf0, 0x0,
    0x0, 0x0, 0x8f, 0xfb, 0xf, 0xff, 0x0, 0x0,
    0x0, 0x2, 0xff, 0xe0, 0xff, 0xf0, 0x0, 0x0,
    0x0, 0x1f, 0xff, 0xf, 0xff, 0x0, 0x0, 0x0,
    0x4, 0xff, 0xd0, 0xff, 0xf0, 0x0, 0x0, 0x0,
    0xcf, 0xf8, 0xf, 0xff, 0x0, 0x0, 0x3, 0xbf,
    0xff, 0x20, 0xff, 0xff, 0xff, 0xff, 0xff, 0xff,
    0x60, 0xf, 0xff, 0xff, 0xff, 0xff, 0xfe, 0x40,
    0x0, 0xff, 0xfa, 0xaa, 0xa9, 0x74, 0x0, 0x0,
    0xf, 0xff, 0x0, 0x0, 0x0, 0x0, 0x0, 0x0,
    0xff, 0xf0, 0x0, 0x0, 0x0, 0x0, 0x0, 0xf,
    0xff, 0x0, 0x0, 0x0, 0x0, 0x0, 0x0,

    /* U+00DF "ß" */
    0x0, 0x0, 0x4a, 0xdf, 0xed, 0x82, 0x0, 0x0,
    0x0, 0xbf, 0xff, 0xff, 0xff, 0xf8, 0x0, 0x0,
    0xbf, 0xff, 0xb8, 0xad, 0xff, 0xf7, 0x0, 0x4f,
    0xff, 0x30, 0x0, 0x7, 0xff, 0xf0, 0xa, 0xff,
    0x60, 0x0, 0x0, 0xd, 0xff, 0x30, 0xef, 0xf1,
    0x0, 0x0, 0x0, 0xcf, 0xf2, 0xf, 0xff, 0x0,
    0x0, 0x0, 0x3f, 0xfd, 0x0, 0xff, 0xf0, 0x5,
    0x67, 0xaf, 0xfe, 0x30, 0xf, 0xff, 0x0, 0xef,
    0xff, 0xfb, 0x10, 0x0, 0xff, 0xf0, 0xe, 0xff,
    0xff, 0xfa, 0x10, 0xf, 0xff, 0x0, 0x0, 0x3,
    0xaf, 0xfd, 0x10, 0xff, 0xf0, 0x0, 0x0, 0x0,
    0x8f, 0xf9, 0xf, 0xff, 0x0, 0x0, 0x0, 0x2,
    0xff, 0xe0, 0xff, 0xf0, 0x0, 0x0, 0x0, 0x2f,
    0xff, 0xf, 0xff, 0x0, 0x0, 0x0, 0x6, 0xff,
    0xd0, 0xff, 0xf0, 0x0, 0x0, 0x4, 0xff, 0xf8,
    0xf, 0xff, 0x4, 0x98, 0x9d, 0xff, 0xfd, 0x10,
    0xff, 0xf0, 0x6f, 0xff, 0xff, 0xfc, 0x10, 0xf,
    0xff, 0x5, 0xef, 0xfd, 0xa5, 0x0, 0x0,

    /* U+00E0 "à" */
    0x0, 0x0, 0xab, 0x90, 0x0, 0x0, 0x0, 0x0,
    0x0, 0x9, 0xff, 0x30, 0x0, 0x0, 0x0, 0x0,
    0x0, 0x1e, 0xfa, 0x0, 0x0, 0x0, 0x0, 0x0,
    0x0, 0x6f, 0xf2, 0x0, 0x0, 0x0, 0x0, 0x0,
    0x0, 0xcf, 0x90, 0x0, 0x0, 0x0, 0x0, 0x0,
    0x0, 0x0, 0x0, 0x0, 0x0, 0x0, 0x0, 0x0,
    0x0, 0x0, 0x0, 0x0, 0x0, 0x0, 0x18, 0xdf,
    0xeb, 0x40, 0xcf, 0xf3, 0x0, 0x3e, 0xff, 0xff,
    0xff, 0x6c, 0xff, 0x30, 0x1f, 0xff, 0xf9, 0x8a,
    0xff, 0xef, 0xf3, 0xa, 0xff, 0xd1, 0x0, 0x3,
    0xef, 0xff, 0x30, 0xff, 0xf3, 0x0, 0x0, 0x6,
    0xff, 0xf3, 0x4f, 0xfc, 0x0, 0x0, 0x0, 0xf,
    0xff, 0x35, 0xff, 0xa0, 0x0, 0x0, 0x0, 0xcf,
    0xf3, 0x5f, 0xf9, 0x0, 0x0, 0x0, 0xc, 0xff,
    0x34, 0xff, 0xc0, 0x0, 0x0, 0x0, 0xff, 0xf3,
    0xf, 0xff, 0x30, 0x0, 0x0, 0x6f, 0xff, 0x30,
    0xaf, 0xfd, 0x10, 0x0, 0x2e, 0xff, 0xf3, 0x1,
    0xff, 0xff, 0x98, 0xaf, 0xfe, 0xff, 0x30, 0x3,
    0xef, 0xff, 0xff, 0xf7, 0xcf, 0xf3, 0x0, 0x1,
    0x8d, 0xff, 0xb4, 0xc, 0xff, 0x30,

    /* U+00E1 "á" */
    0x0, 0x0, 0x0, 0x0, 0x6b, 0xb2, 0x0, 0x0,
    0x0, 0x0, 0x0, 0x1f, 0xfc, 0x0, 0x0, 0x0,
    0x0, 0x0, 0x7, 0xff, 0x20, 0x0, 0x0, 0x0,
    0x0, 0x0, 0xef, 0x90, 0x0, 0x0, 0x0, 0x0,
    0x0, 0x6f, 0xe1, 0x0, 0x0, 0x0, 0x0, 0x0,
    0x0, 0x0, 0x0, 0x0, 0x0, 0x0, 0x0, 0x0,
    0x0, 0x0, 0x0, 0x0, 0x0, 0x0, 0x18, 0xdf,
    0xeb, 0x40, 0xcf, 0xf3, 0x0, 0x3e, 0xff, 0xff,
    0xff, 0x6c, 0xff, 0x30, 0x1f, 0xff, 0xf9, 0x8a,
    0xff, 0xef, 0xf3, 0xa, 0xff, 0xd1, 0x0, 0x3,
    0xef, 0xff, 0x30, 0xff, 0xf3, 0x0, 0x0, 0x6,
    0xff, 0xf3, 0x4f, 0xfc, 0x0, 0x0, 0x0, 0xf,
    0xff, 0x35, 0xff, 0xa0, 0x0, 0x0, 0x0, 0xcf,
    0xf3, 0x5f, 0xf9, 0x0, 0x0, 0x0, 0xc, 0xff,
    0x34, 0xff, 0xc0, 0x0, 0x0, 0x0, 0xff, 0xf3,
    0xf, 0xff, 0x30, 0x0, 0x0, 0x6f, 0xff, 0x30,
    0xaf, 0xfd, 0x10, 0x0, 0x2e, 0xff, 0xf3, 0x1,
    0xff, 0xff, 0x98, 0xaf, 0xfe, 0xff, 0x30, 0x3,
    0xef, 0xff, 0xff, 0xf7, 0xcf, 0xf3, 0x0, 0x1,
    0x8d, 0xff, 0xb4, 0xc, 0xff, 0x30,

    /* U+00E2 "â" */
    0x0, 0x0, 0x1, 0xef, 0xf2, 0x0, 0x0, 0x0,
    0x0, 0x0, 0xcf, 0xef, 0xd0, 0x0, 0x0, 0x0,
    0x0, 0x8f, 0xe1, 0xdf, 0x90, 0x0, 0x0, 0x0,
    0x3f, 0xf4, 0x2, 0xff, 0x50, 0x0, 0x0, 0x4,
    0x64, 0x0, 0x4, 0x65, 0x0, 0x0, 0x0, 0x0,
    0x0, 0x0, 0x0, 0x0, 0x0, 0x0, 0x1, 0x8d,
    0xfe, 0xb4, 0xc, 0xff, 0x30, 0x3, 0xef, 0xff,
    0xff, 0xf6, 0xcf, 0xf3, 0x1, 0xff, 0xff, 0x98,
    0xaf, 0xfe, 0xff, 0x30, 0xaf, 0xfd, 0x10, 0x0,
    0x3e, 0xff, 0xf3, 0xf, 0xff, 0x30, 0x0, 0x0,
    0x6f, 0xff, 0x34, 0xff, 0xc0, 0x0, 0x0, 0x0,
    0xff, 0xf3, 0x5f, 0xfa, 0x0, 0x0, 0x0, 0xc,
    0xff, 0x35, 0xff, 0x90, 0x0, 0x0, 0x0, 0xcf,
    0xf3, 0x4f, 0xfc, 0x0, 0x0, 0x0, 0xf, 0xff,
    0x30, 0xff, 0xf3, 0x0, 0x0, 0x6, 0xff, 0xf3,
    0xa, 0xff, 0xd1, 0x0, 0x2, 0xef, 0xff, 0x30,
    0x1f, 0xff, 0xf9, 0x8a, 0xff, 0xef, 0xf3, 0x0,
    0x3e, 0xff, 0xff, 0xff, 0x7c, 0xff, 0x30, 0x0,
    0x18, 0xdf, 0xfb, 0x40, 0xcf, 0xf3,

    /* U+00E3 "ã" */
    0x0, 0x0, 0x8f, 0xd4, 0x1, 0xfb, 0x0, 0x0,
    0x0, 0x3f, 0xff, 0xf5, 0x5f, 0x90, 0x0, 0x0,
    0x7, 0xf6, 0x3f, 0xff, 0xf5, 0x0, 0x0, 0x0,
    0x9f, 0x20, 0x2c, 0xf9, 0x0, 0x0, 0x0, 0x0,
    0x0, 0x0, 0x0, 0x0, 0x0, 0x0, 0x0, 0x0,
    0x0, 0x0, 0x0, 0x0, 0x0, 0x0, 0x1, 0x8d,
    0xfe, 0xb4, 0xc, 0xff, 0x30, 0x3, 0xef, 0xff,
    0xff, 0xf6, 0xcf, 0xf3, 0x1, 0xff, 0xff, 0x98,
    0xaf, 0xfe, 0xff, 0x30, 0xaf, 0xfd, 0x10, 0x0,
    0x3e, 0xff, 0xf3, 0xf, 0xff, 0x30, 0x0, 0x0,
    0x6f, 0xff, 0x34, 0xff, 0xc0, 0x0, 0x0, 0x0,
    0xff, 0xf3, 0x5f, 0xfa, 0x0, 0x0, 0x0, 0xc,
    0xff, 0x35, 0xff, 0x90, 0x0, 0x0, 0x0, 0xcf,
    0xf3, 0x4f, 0xfc, 0x0, 0x0, 0x0, 0xf, 0xff,
    0x30, 0xff, 0xf3, 0x0, 0x0, 0x6, 0xff, 0xf3,
    0xa, 0xff, 0xd1, 0x0, 0x2, 0xef, 0xff, 0x30,
    0x1f, 0xff, 0xf9, 0x8a, 0xff, 0xef, 0xf3, 0x0,
    0x3e, 0xff, 0xff, 0xff, 0x7c, 0xff, 0x30, 0x0,
    0x18, 0xdf, 0xfb, 0x40, 0xcf, 0xf3,

    /* U+00E4 "ä" */
    0x0, 0x5, 0xed, 0x20, 0x2d, 0xe5, 0x0, 0x0,
    0x0, 0xdf, 0xfa, 0x9, 0xff, 0xe0, 0x0, 0x0,
    0xb, 0xff, 0x80, 0x7f, 0xfc, 0x0, 0x0, 0x0,
    0x17, 0x60, 0x0, 0x68, 0x10, 0x0, 0x0, 0x0,
    0x0, 0x0, 0x0, 0x0, 0x0, 0x0, 0x0, 0x18,
    0xdf, 0xeb, 0x40, 0xcf, 0xf3, 0x0, 0x3e, 0xff,
    0xff, 0xff, 0x6c, 0xff, 0x30, 0x1f, 0xff, 0xf9,
    0x8a, 0xff, 0xef, 0xf3, 0xa, 0xff, 0xd1, 0x0,
    0x3, 0xef, 0xff, 0x30, 0xff, 0xf3, 0x0, 0x0,
    0x6, 0xff, 0xf3, 0x4f, 0xfc, 0x0, 0x0, 0x0,
    0xf, 0xff, 0x35, 0xff, 0xa0, 0x0, 0x0, 0x0,
    0xcf, 0xf3, 0x5f, 0xf9, 0x0, 0x0, 0x0, 0xc,
    0xff, 0x34, 0xff, 0xc0, 0x0, 0x0, 0x0, 0xff,
    0xf3, 0xf, 0xff, 0x30, 0x0, 0x0, 0x6f, 0xff,
    0x30, 0xaf, 0xfd, 0x10, 0x0, 0x2e, 0xff, 0xf3,
    0x1, 0xff, 0xff, 0x98, 0xaf, 0xfe, 0xff, 0x30,
    0x3, 0xef, 0xff, 0xff, 0xf7, 0xcf, 0xf3, 0x0,
    0x1, 0x8d, 0xff, 0xb4, 0xc, 0xff, 0x30,

    /* U+00E5 "å" */
    0x0, 0x0, 0x2, 0xad, 0xa3, 0x0, 0x0, 0x0,
    0x0, 0x2, 0xff, 0xff, 0xf3, 0x0, 0x0, 0x0,
    0x0, 0xaf, 0x80, 0x7f, 0xb0, 0x0, 0x0, 0x0,
    0xd, 0xf0, 0x0, 0xfe, 0x0, 0x0, 0x0, 0x0,
    0xbf, 0x60, 0x5f, 0xc0, 0x0, 0x0, 0x0, 0x3,
    0xff, 0xff, 0xf5, 0x0, 0x0, 0x0, 0x0, 0x4,
    0xcf, 0xd5, 0x0, 0x0, 0x0, 0x0, 0x0, 0x0,
    0x0, 0x0, 0x0, 0x0, 0x0, 0x0, 0x0, 0x0,
    0x0, 0x0, 0x0, 0x0, 0x0, 0x18, 0xdf, 0xeb,
    0x40, 0xcf, 0xf3, 0x0, 0x3e, 0xff, 0xff, 0xff,
    0x6c, 0xff, 0x30, 0x1f, 0xff, 0xf9, 0x8a, 0xff,
    0xef, 0xf3, 0xa, 0xff, 0xd1, 0x0, 0x3, 0xef,
    0xff, 0x30, 0xff, 0xf3, 0x0, 0x0, 0x6, 0xff,
    0xf3, 0x4f, 0xfc, 0x0, 0x0, 0x0, 0xf, 0xff,
    0x35, 0xff, 0xa0, 0x0, 0x0, 0x0, 0xcf, 0xf3,
    0x5f, 0xf9, 0x0, 0x0, 0x0, 0xc, 0xff, 0x34,
    0xff, 0xc0, 0x0, 0x0, 0x0, 0xff, 0xf3, 0xf,
    0xff, 0x30, 0x0, 0x0, 0x6f, 0xff, 0x30, 0xaf,
    0xfd, 0x10, 0x0, 0x2e, 0xff, 0xf3, 0x1, 0xff,
    0xff, 0x98, 0xaf, 0xfe, 0xff, 0x30, 0x3, 0xef,
    0xff, 0xff, 0xf7, 0xcf, 0xf3, 0x0, 0x1, 0x8d,
    0xff, 0xb4, 0xc, 0xff, 0x30,

    /* U+00E6 "æ" */
    0x0, 0x5, 0xbe, 0xfe, 0xa3, 0x0, 0x6, 0xce,
    0xfd, 0x92, 0x0, 0x0, 0xa, 0xff, 0xff, 0xff,
    0xf7, 0xc, 0xff, 0xff, 0xff, 0xf6, 0x0, 0x7,
    0xff, 0xe7, 0x57, 0xdf, 0xfb, 0xff, 0xb6, 0x59,
    0xff, 0xf3, 0x0, 0xef, 0xf1, 0x0, 0x1, 0xef,
    0xff, 0x70, 0x0, 0x2, 0xff, 0xd0, 0x18, 0x85,
    0x0, 0x0, 0xa, 0xff, 0xd0, 0x0, 0x0, 0x9,
    0xff, 0x20, 0x0, 0x0, 0x0, 0x0, 0x8f, 0xf9,
    0x0, 0x0, 0x0, 0x6f, 0xf6, 0x0, 0x5b, 0xff,
    0xff, 0xff, 0xff, 0xff, 0xff, 0xff, 0xff, 0xff,
    0x70, 0x9f, 0xff, 0xff, 0xff, 0xff, 0xff, 0xff,
    0xff, 0xff, 0xff, 0xf8, 0x4f, 0xfd, 0x40, 0x0,
    0x8, 0xff, 0x80, 0x0, 0x0, 0x0, 0x0, 0x8,
    0xff, 0x60, 0x0, 0x0, 0xcf, 0xfd, 0x0, 0x0,
    0x0, 0x26, 0x62, 0x7f, 0xf8, 0x0, 0x0, 0x5f,
    0xff, 0xf8, 0x0, 0x0, 0x1d, 0xff, 0x13, 0xff,
    0xfa, 0x66, 0xaf, 0xf5, 0xef, 0xfc, 0x75, 0x7e,
    0xff, 0x80, 0x9, 0xff, 0xff, 0xff, 0xf7, 0x2,
    0xdf, 0xff, 0xff, 0xff, 0xa0, 0x0, 0x5, 0xbe,
    0xfe, 0xa3, 0x0, 0x0, 0x7c, 0xff, 0xeb, 0x40,
    0x0,

    /* U+00E7 "ç" */
    0x0, 0x0, 0x5b, 0xef, 0xeb, 0x50, 0x0, 0x0,
    0x1c, 0xff, 0xff, 0xff, 0xfb, 0x0, 0x0, 0xdf,
    0xff, 0x98, 0x9f, 0xff, 0xa0, 0x8, 0xff, 0xd1,
    0x0, 0x1, 0xef, 0xf3, 0xe, 0xff, 0x30, 0x0,
    0x0, 0x5f, 0xf8, 0x3f, 0xfc, 0x0, 0x0, 0x0,
    0x1, 0x11, 0x6f, 0xf9, 0x0, 0x0, 0x0, 0x0,
    0x0, 0x6f, 0xf8, 0x0, 0x0, 0x0, 0x0, 0x0,
    0x4f, 0xfb, 0x0, 0x0, 0x0, 0x0, 0x0, 0x1f,
    0xff, 0x0, 0x0, 0x0, 0x3b, 0xb7, 0xb, 0xff,
    0x90, 0x0, 0x0, 0xbf, 0xf5, 0x2, 0xff, 0xfa,
    0x31, 0x3a, 0xff, 0xe0, 0x0, 0x5f, 0xff, 0xff,
    0xff, 0xff, 0x30, 0x0, 0x3, 0xcf, 0xff, 0xff,
    0xc2, 0x0, 0x0, 0x0, 0x1, 0xef, 0x62, 0x0,
    0x0, 0x0, 0x0, 0x6, 0xfd, 0x73, 0x0, 0x0,
    0x0, 0x0, 0xb, 0xff, 0xff, 0x50, 0x0, 0x0,
    0x0, 0x1, 0x40, 0x5f, 0xb0, 0x0, 0x0, 0x0,
    0x1, 0x0, 0x7f, 0xb0, 0x0, 0x0, 0x0, 0xd,
    0xff, 0xff, 0x30, 0x0, 0x0, 0x0, 0x7, 0xaa,
    0x82, 0x0, 0x0,

    /* U+00E8 "è" */
    0x0, 0x5, 0xbb, 0x40, 0x0, 0x0, 0x0, 0x0,
    0x0, 0xef, 0xc0, 0x0, 0x0, 0x0, 0x0, 0x0,
    0x6f, 0xf4, 0x0, 0x0, 0x0, 0x0, 0x0, 0xc,
    0xfb, 0x0, 0x0, 0x0, 0x0, 0x0, 0x3, 0xff,
    0x30, 0x0, 0x0, 0x0, 0x0, 0x0, 0x0, 0x0,
    0x0, 0x0, 0x0, 0x0, 0x0, 0x0, 0x0, 0x0,
    0x0, 0x0, 0x0, 0x7c, 0xef, 0xd8, 0x10, 0x0,
    0x0, 0x2e, 0xff, 0xff, 0xff, 0xe4, 0x0, 0x1,
    0xef, 0xfc, 0x87, 0xbf, 0xff, 0x10, 0x9, 0xff,
    0x90, 0x0, 0x7, 0xff, 0xa0, 0xf, 0xfe, 0x0,
    0x0, 0x0, 0xdf, 0xf0, 0x4f, 0xfb, 0x11, 0x11,
    0x11, 0xaf, 0xf3, 0x6f, 0xff, 0xff, 0xff, 0xff,
    0xff, 0xf4, 0x6f, 0xff, 0xff, 0xff, 0xff, 0xff,
    0xf5, 0x4f, 0xfa, 0x0, 0x0, 0x0, 0x0, 0x0,
    0x1f, 0xfe, 0x0, 0x0, 0x0, 0x35, 0x50, 0xa,
    0xff, 0xa0, 0x0, 0x2, 0xff, 0xd0, 0x1, 0xef,
    0xfd, 0x87, 0x9f, 0xff, 0x50, 0x0, 0x2e, 0xff,
    0xff, 0xff, 0xf8, 0x0, 0x0, 0x0, 0x7c, 0xef,
    0xea, 0x30, 0x0,

    /* U+00E9 "é" */
    0x0, 0x0, 0x0, 0x0, 0xab, 0x90, 0x0, 0x0,
    0x0, 0x0, 0x6, 0xff, 0x50, 0x0, 0x0, 0x0,
    0x0, 0xd, 0xfc, 0x0, 0x0, 0x0, 0x0, 0x0,
    0x5f, 0xf3, 0x0, 0x0, 0x0, 0x0, 0x0, 0xcf,
    0x90, 0x0, 0x0, 0x0, 0x0, 0x0, 0x0, 0x0,
    0x0, 0x0, 0x0, 0x0, 0x0, 0x0, 0x0, 0x0,
    0x0, 0x0, 0x0, 0x7c, 0xef, 0xd8, 0x10, 0x0,
    0x0, 0x2e, 0xff, 0xff, 0xff, 0xe4, 0x0, 0x1,
    0xef, 0xfc, 0x87, 0xbf, 0xff, 0x10, 0x9, 0xff,
    0x90, 0x0, 0x7, 0xff, 0xa0, 0xf, 0xfe, 0x0,
    0x0, 0x0, 0xdf, 0xf0, 0x4f, 0xfb, 0x11, 0x11,
    0x11, 0xaf, 0xf3, 0x6f, 0xff, 0xff, 0xff, 0xff,
    0xff, 0xf4, 0x6f, 0xff, 0xff, 0xff, 0xff, 0xff,
    0xf5, 0x4f, 0xfa, 0x0, 0x0, 0x0, 0x0, 0x0,
    0x1f, 0xfe, 0x0, 0x0, 0x0, 0x35, 0x50, 0xa,
    0xff, 0xa0, 0x0, 0x2, 0xff, 0xd0, 0x1, 0xef,
    0xfd, 0x87, 0x9f, 0xff, 0x50, 0x0, 0x2e, 0xff,
    0xff, 0xff, 0xf8, 0x0, 0x0, 0x0, 0x7c, 0xef,
    0xea, 0x30, 0x0,

    /* U+00EA "ê" */
    0x0, 0x0, 0x6, 0xff, 0xb0, 0x0, 0x0, 0x0,
    0x0, 0x2f, 0xfe, 0xf7, 0x0, 0x0, 0x0, 0x0,
    0xdf, 0x94, 0xff, 0x30, 0x0, 0x0, 0x9, 0xfd,
    0x0, 0x8f, 0xe0, 0x0, 0x0, 0x6, 0x62, 0x0,
    0x6, 0x63, 0x0, 0x0, 0x0, 0x0, 0x0, 0x0,
    0x0, 0x0, 0x0, 0x0, 0x7c, 0xef, 0xd8, 0x10,
    0x0, 0x0, 0x2e, 0xff, 0xff, 0xff, 0xe4, 0x0,
    0x1, 0xef, 0xfc, 0x87, 0xbf, 0xff, 0x10, 0x9,
    0xff, 0x90, 0x0, 0x7, 0xff, 0xa0, 0xf, 0xfe,
    0x0, 0x0, 0x0, 0xdf, 0xf0, 0x4f, 0xfb, 0x11,
    0x11, 0x11, 0xaf, 0xf3, 0x6f, 0xff, 0xff, 0xff,
    0xff, 0xff, 0xf4, 0x6f, 0xff, 0xff, 0xff, 0xff,
    0xff, 0xf5, 0x4f, 0xfa, 0x0, 0x0, 0x0, 0x0,
    0x0, 0x1f, 0xfe, 0x0, 0x0, 0x0, 0x35, 0x50,
    0xa, 0xff, 0xa0, 0x0, 0x2, 0xff, 0xd0, 0x1,
    0xef, 0xfd, 0x87, 0x9f, 0xff, 0x50, 0x0, 0x2e,
    0xff, 0xff, 0xff, 0xf8, 0x0, 0x0, 0x0, 0x7c,
    0xef, 0xea, 0x30, 0x0,

    /* U+00EB "ë" */
    0x0, 0xa, 0xfa, 0x0, 0x6f, 0xc1, 0x0, 0x0,
    0x3f, 0xff, 0x40, 0xff, 0xf8, 0x0, 0x0, 0x2f,
    0xff, 0x20, 0xdf, 0xf6, 0x0, 0x0, 0x3, 0x84,
    0x0, 0x18, 0x50, 0x0, 0x0, 0x0, 0x0, 0x0,
    0x0, 0x0, 0x0, 0x0, 0x0, 0x7c, 0xef, 0xd8,
    0x10, 0x0, 0x0, 0x2e, 0xff, 0xff, 0xff, 0xe4,
    0x0, 0x1, 0xef, 0xfc, 0x87, 0xbf, 0xff, 0x10,
    0x9, 0xff, 0x90, 0x0, 0x7, 0xff, 0xa0, 0xf,
    0xfe, 0x0, 0x0, 0x0, 0xdf, 0xf0, 0x4f, 0xfb,
    0x11, 0x11, 0x11, 0xaf, 0xf3, 0x6f, 0xff, 0xff,
    0xff, 0xff, 0xff, 0xf4, 0x6f, 0xff, 0xff, 0xff,
    0xff, 0xff, 0xf5, 0x4f, 0xfa, 0x0, 0x0, 0x0,
    0x0, 0x0, 0x1f, 0xfe, 0x0, 0x0, 0x0, 0x35,
    0x50, 0xa, 0xff, 0xa0, 0x0, 0x2, 0xff, 0xd0,
    0x1, 0xef, 0xfd, 0x87, 0x9f, 0xff, 0x50, 0x0,
    0x2e, 0xff, 0xff, 0xff, 0xf8, 0x0, 0x0, 0x0,
    0x7c, 0xef, 0xea, 0x30, 0x0,

    /* U+00EC "ì" */
    0xa, 0xba, 0x0, 0x0, 0x6f, 0xf5, 0x0, 0x0,
    0xdf, 0xd0, 0x0, 0x4, 0xff, 0x40, 0x0, 0xa,
    0xfc, 0x0, 0x0, 0x0, 0x0, 0x0, 0x0, 0x0,
    0x0, 0x0, 0xcf, 0xf3, 0x0, 0xc, 0xff, 0x30,
    0x0, 0xcf, 0xf3, 0x0, 0xc, 0xff, 0x30, 0x0,
    0xcf, 0xf3, 0x0, 0xc, 0xff, 0x30, 0x0, 0xcf,
    0xf3, 0x0, 0xc, 0xff, 0x30, 0x0, 0xcf, 0xf3,
    0x0, 0xc, 0xff, 0x30, 0x0, 0xcf, 0xf3, 0x0,
    0xc, 0xff, 0x30, 0x0, 0xcf, 0xf3, 0x0, 0xc,
    0xff, 0x30,

    /* U+00ED "í" */
    0x0, 0x5b, 0xb4, 0x0, 0xdf, 0xe0, 0x5, 0xff,
    0x50, 0xc, 0xfc, 0x0, 0x4f, 0xf3, 0x0, 0x0,
    0x0, 0x0, 0x0, 0x0, 0x0, 0xcf, 0xf3, 0x0,
    0xcf, 0xf3, 0x0, 0xcf, 0xf3, 0x0, 0xcf, 0xf3,
    0x0, 0xcf, 0xf3, 0x0, 0xcf, 0xf3, 0x0, 0xcf,
    0xf3, 0x0, 0xcf, 0xf3, 0x0, 0xcf, 0xf3, 0x0,
    0xcf, 0xf3, 0x0, 0xcf, 0xf3, 0x0, 0xcf, 0xf3,
    0x0, 0xcf, 0xf3, 0x0, 0xcf, 0xf3, 0x0,

    /* U+00EE "î" */
    0x0, 0xd, 0xff, 0x50, 0x0, 0x0, 0xaf, 0xef,
    0xf2, 0x0, 0x6, 0xfe, 0x19, 0xfd, 0x0, 0x3f,
    0xf5, 0x0, 0xdf, 0x90, 0x23, 0x20, 0x0, 0x13,
    0x30, 0x0, 0x0, 0x0, 0x0, 0x0, 0x0, 0xc,
    0xff, 0x30, 0x0, 0x0, 0xc, 0xff, 0x30, 0x0,
    0x0, 0xc, 0xff, 0x30, 0x0, 0x0, 0xc, 0xff,
    0x30, 0x0, 0x0, 0xc, 0xff, 0x30, 0x0, 0x0,
    0xc, 0xff, 0x30, 0x0, 0x0, 0xc, 0xff, 0x30,
    0x0, 0x0, 0xc, 0xff, 0x30, 0x0, 0x0, 0xc,
    0xff, 0x30, 0x0, 0x0, 0xc, 0xff, 0x30, 0x0,
    0x0, 0xc, 0xff, 0x30, 0x0, 0x0, 0xc, 0xff,
    0x30, 0x0, 0x0, 0xc, 0xff, 0x30, 0x0, 0x0,
    0xc, 0xff, 0x30, 0x0,

    /* U+00EF "ï" */
    0x3d, 0xe4, 0x1, 0xcf, 0x70, 0xaf, 0xfd, 0x6,
    0xff, 0xf1, 0x8f, 0xfb, 0x4, 0xff, 0xe0, 0x7,
    0x71, 0x0, 0x58, 0x20, 0x0, 0x0, 0x0, 0x0,
    0x0, 0x0, 0xc, 0xff, 0x30, 0x0, 0x0, 0xc,
    0xff, 0x30, 0x0, 0x0, 0xc, 0xff, 0x30, 0x0,
    0x0, 0xc, 0xff, 0x30, 0x0, 0x0, 0xc, 0xff,
    0x30, 0x0, 0x0, 0xc, 0xff, 0x30, 0x0, 0x0,
    0xc, 0xff, 0x30, 0x0, 0x0, 0xc, 0xff, 0x30,
    0x0, 0x0, 0xc, 0xff, 0x30, 0x0, 0x0, 0xc,
    0xff, 0x30, 0x0, 0x0, 0xc, 0xff, 0x30, 0x0,
    0x0, 0xc, 0xff, 0x30, 0x0, 0x0, 0xc, 0xff,
    0x30, 0x0, 0x0, 0xc, 0xff, 0x30, 0x0,

    /* U+00F0 "ð" */
    0x0, 0x85, 0x0, 0x0, 0x26, 0x0, 0x0, 0x0,
    0x2f, 0xfe, 0x61, 0x9f, 0xf2, 0x0, 0x0, 0x4,
    0xdf, 0xff, 0xff, 0xfc, 0x20, 0x0, 0x0, 0x0,
    0xaf, 0xff, 0xfa, 0x0, 0x0, 0x0, 0x0, 0xaf,
    0xff, 0xff, 0xf9, 0x0, 0x0, 0x0, 0xa, 0xfa,
    0x17, 0xff, 0xf9, 0x0, 0x0, 0x0, 0x13, 0x0,
    0x4, 0xff, 0xf7, 0x0, 0x0, 0x0, 0x0, 0x0,
    0x4, 0xff, 0xf3, 0x0, 0x0, 0x2, 0x9d, 0xfe,
    0xaa, 0xff, 0xc0, 0x0, 0x5, 0xff, 0xff, 0xff,
    0xff, 0xff, 0x50, 0x3, 0xff, 0xfc, 0x54, 0x6d,
    0xff, 0xfa, 0x0, 0xcf, 0xfa, 0x0, 0x0, 0x1d,
    0xff, 0xf0, 0x2f, 0xff, 0x10, 0x0, 0x0, 0x4f,
    0xff, 0x26, 0xff, 0xa0, 0x0, 0x0, 0x0, 0xef,
    0xf3, 0x7f, 0xf8, 0x0, 0x0, 0x0, 0xb, 0xff,
    0x47, 0xff, 0x80, 0x0, 0x0, 0x0, 0xcf, 0xf3,
    0x5f, 0xfb, 0x0, 0x0, 0x0, 0xf, 0xff, 0x1,
    0xff, 0xf2, 0x0, 0x0, 0x5, 0xff, 0xb0, 0xa,
    0xff, 0xd1, 0x0, 0x2, 0xef, 0xf5, 0x0, 0x1e,
    0xff, 0xf9, 0x8a, 0xff, 0xfb, 0x0, 0x0, 0x2d,
    0xff, 0xff, 0xff, 0xfb, 0x0, 0x0, 0x0, 0x6,
    0xce, 0xfe, 0xb5, 0x0, 0x0,

    /* U+00F1 "ñ" */
    0x0, 0x3d, 0xf9, 0x0, 0xbf, 0x10, 0x0, 0xdf,
    0xff, 0xb1, 0xef, 0x0, 0x1, 0xfc, 0x1b, 0xff,
    0xfb, 0x0, 0x3, 0xf8, 0x0, 0x9f, 0xd2, 0x0,
    0x0, 0x0, 0x0, 0x0, 0x0, 0x0, 0x0, 0x0,
    0x0, 0x0, 0x0, 0x0, 0xff, 0xf0, 0x3b, 0xff,
    0xc5, 0x0, 0xff, 0xf5, 0xff, 0xff, 0xff, 0x70,
    0xff, 0xff, 0xe9, 0x9e, 0xff, 0xf2, 0xff, 0xfd,
    0x0, 0x0, 0xdf, 0xf7, 0xff, 0xf5, 0x0, 0x0,
    0x6f, 0xfa, 0xff, 0xf1, 0x0, 0x0, 0x4f, 0xfb,
    0xff, 0xf0, 0x0, 0x0, 0x3f, 0xfb, 0xff, 0xf0,
    0x0, 0x0, 0x3f, 0xfb, 0xff, 0xf0, 0x0, 0x0,
    0x3f, 0xfb, 0xff, 0xf0, 0x0, 0x0, 0x3f, 0xfb,
    0xff, 0xf0, 0x0, 0x0, 0x3f, 0xfb, 0xff, 0xf0,
    0x0, 0x0, 0x3f, 0xfb, 0xff, 0xf0, 0x0, 0x0,
    0x3f, 0xfb, 0xff, 0xf0, 0x0, 0x0, 0x3f, 0xfb,

    /* U+00F2 "ò" */
    0x0, 0x1, 0xaa, 0x80, 0x0, 0x0, 0x0, 0x0,
    0x0, 0xa, 0xff, 0x20, 0x0, 0x0, 0x0, 0x0,
    0x0, 0x1f, 0xf9, 0x0, 0x0, 0x0, 0x0, 0x0,
    0x0, 0x7f, 0xf1, 0x0, 0x0, 0x0, 0x0, 0x0,
    0x0, 0xdf, 0x80, 0x0, 0x0, 0x0, 0x0, 0x0,
    0x0, 0x0, 0x0, 0x0, 0x0, 0x0, 0x0, 0x0,
    0x0, 0x0, 0x0, 0x0, 0x0, 0x0, 0x5, 0xbe,
    0xfe, 0xb5, 0x0, 0x0, 0x0, 0x1c, 0xff, 0xff,
    0xff, 0xfc, 0x10, 0x0, 0xd, 0xff, 0xfa, 0x8a,
    0xff, 0xfd, 0x0, 0x8, 0xff, 0xd2, 0x0, 0x2,
    0xdf, 0xf8, 0x0, 0xef, 0xf3, 0x0, 0x0, 0x3,
    0xff, 0xe0, 0x4f, 0xfc, 0x0, 0x0, 0x0, 0xd,
    0xff, 0x46, 0xff, 0xa0, 0x0, 0x0, 0x0, 0xaf,
    0xf6, 0x6f, 0xfa, 0x0, 0x0, 0x0, 0xa, 0xff,
    0x64, 0xff, 0xc0, 0x0, 0x0, 0x0, 0xdf, 0xf4,
    0xf, 0xff, 0x30, 0x0, 0x0, 0x3f, 0xfe, 0x0,
    0x8f, 0xfd, 0x20, 0x0, 0x2d, 0xff, 0x80, 0x0,
    0xdf, 0xff, 0xa8, 0xaf, 0xff, 0xd0, 0x0, 0x1,
    0xcf, 0xff, 0xff, 0xff, 0xc1, 0x0, 0x0, 0x0,
    0x5b, 0xef, 0xeb, 0x50, 0x0, 0x0,

    /* U+00F3 "ó" */
    0x0, 0x0, 0x0, 0x0, 0x7a, 0xa2, 0x0, 0x0,
    0x0, 0x0, 0x0, 0x1f, 0xfb, 0x0, 0x0, 0x0,
    0x0, 0x0, 0x8, 0xff, 0x20, 0x0, 0x0, 0x0,
    0x0, 0x1, 0xff, 0x80, 0x0, 0x0, 0x0, 0x0,
    0x0, 0x7f, 0xe0, 0x0, 0x0, 0x0, 0x0, 0x0,
    0x0, 0x0, 0x0, 0x0, 0x0, 0x0, 0x0, 0x0,
    0x0, 0x0, 0x0, 0x0, 0x0, 0x0, 0x5, 0xbe,
    0xfe, 0xb5, 0x0, 0x0, 0x0, 0x1c, 0xff, 0xff,
    0xff, 0xfc, 0x10, 0x0, 0xd, 0xff, 0xfa, 0x8a,
    0xff, 0xfd, 0x0, 0x8, 0xff, 0xd2, 0x0, 0x2,
    0xdf, 0xf8, 0x0, 0xef, 0xf3, 0x0, 0x0, 0x3,
    0xff, 0xe0, 0x4f, 0xfc, 0x0, 0x0, 0x0, 0xd,
    0xff, 0x46, 0xff, 0xa0, 0x0, 0x0, 0x0, 0xaf,
    0xf6, 0x6f, 0xfa, 0x0, 0x0, 0x0, 0xa, 0xff,
    0x64, 0xff, 0xc0, 0x0, 0x0, 0x0, 0xdf, 0xf4,
    0xf, 0xff, 0x30, 0x0, 0x0, 0x3f, 0xfe, 0x0,
    0x8f, 0xfd, 0x20, 0x0, 0x2d, 0xff, 0x80, 0x0,
    0xdf, 0xff, 0xa8, 0xaf, 0xff, 0xd0, 0x0, 0x1,
    0xcf, 0xff, 0xff, 0xff, 0xc1, 0x0, 0x0, 0x0,
    0x5b, 0xef, 0xeb, 0x50, 0x0, 0x0,

    /* U+00F4 "ô" */
    0x0, 0x0, 0x2, 0xff, 0xf2, 0x0, 0x0, 0x0,
    0x0, 0x0, 0xcf, 0xef, 0xc0, 0x0, 0x0, 0x0,
    0x0, 0x8f, 0xd1, 0xef, 0x80, 0x0, 0x0, 0x0,
    0x4f, 0xf3, 0x3, 0xff, 0x40, 0x0, 0x0, 0x4,
    0x64, 0x0, 0x4, 0x65, 0x0, 0x0, 0x0, 0x0,
    0x0, 0x0, 0x0, 0x0, 0x0, 0x0, 0x0, 0x5b,
    0xef, 0xeb, 0x50, 0x0, 0x0, 0x1, 0xcf, 0xff,
    0xff, 0xff, 0xc1, 0x0, 0x0, 0xdf, 0xff, 0xa8,
    0xaf, 0xff, 0xd0, 0x0, 0x8f, 0xfd, 0x20, 0x0,
    0x2d, 0xff, 0x80, 0xe, 0xff, 0x30, 0x0, 0x0,
    0x3f, 0xfe, 0x4, 0xff, 0xc0, 0x0, 0x0, 0x0,
    0xdf, 0xf4, 0x6f, 0xfa, 0x0, 0x0, 0x0, 0xa,
    0xff, 0x66, 0xff, 0xa0, 0x0, 0x0, 0x0, 0xaf,
    0xf6, 0x4f, 0xfc, 0x0, 0x0, 0x0, 0xd, 0xff,
    0x40, 0xff, 0xf3, 0x0, 0x0, 0x3, 0xff, 0xe0,
    0x8, 0xff, 0xd2, 0x0, 0x2, 0xdf, 0xf8, 0x0,
    0xd, 0xff, 0xfa, 0x8a, 0xff, 0xfd, 0x0, 0x0,
    0x1c, 0xff, 0xff, 0xff, 0xfc, 0x10, 0x0, 0x0,
    0x5, 0xbe, 0xfe, 0xb5, 0x0, 0x0,

    /* U+00F5 "õ" */
    0x0, 0x0, 0x9f, 0xd3, 0x2, 0xfa, 0x0, 0x0,
    0x0, 0x4f, 0xff, 0xf4, 0x5f, 0x80, 0x0, 0x0,
    0x8, 0xf5, 0x4f, 0xff, 0xf4, 0x0, 0x0, 0x0,
    0xaf, 0x20, 0x3d, 0xf9, 0x0, 0x0, 0x0, 0x0,
    0x0, 0x0, 0x0, 0x0, 0x0, 0x0, 0x0, 0x0,
    0x0, 0x0, 0x0, 0x0, 0x0, 0x0, 0x0, 0x5b,
    0xef, 0xeb, 0x50, 0x0, 0x0, 0x1, 0xcf, 0xff,
    0xff, 0xff, 0xc1, 0x0, 0x0, 0xdf, 0xff, 0xa8,
    0xaf, 0xff, 0xd0, 0x0, 0x8f, 0xfd, 0x20, 0x0,
    0x2d, 0xff, 0x80, 0xe, 0xff, 0x30, 0x0, 0x0,
    0x3f, 0xfe, 0x4, 0xff, 0xc0, 0x0, 0x0, 0x0,
    0xdf, 0xf4, 0x6f, 0xfa, 0x0, 0x0, 0x0, 0xa,
    0xff, 0x66, 0xff, 0xa0, 0x0, 0x0, 0x0, 0xaf,
    0xf6, 0x4f, 0xfc, 0x0, 0x0, 0x0, 0xd, 0xff,
    0x40, 0xff, 0xf3, 0x0, 0x0, 0x3, 0xff, 0xe0,
    0x8, 0xff, 0xd2, 0x0, 0x2, 0xdf, 0xf8, 0x0,
    0xd, 0xff, 0xfa, 0x8a, 0xff, 0xfd, 0x0, 0x0,
    0x1c, 0xff, 0xff, 0xff, 0xfc, 0x10, 0x0, 0x0,
    0x5, 0xbe, 0xfe, 0xb5, 0x0, 0x0,

    /* U+00F6 "ö" */
    0x0, 0x5, 0xed, 0x20, 0x3d, 0xe4, 0x0, 0x0,
    0x0, 0xef, 0xf9, 0xa, 0xff, 0xd0, 0x0, 0x0,
    0xc, 0xff, 0x70, 0x8f, 0xfb, 0x0, 0x0, 0x0,
    0x18, 0x60, 0x0, 0x67, 0x10, 0x0, 0x0, 0x0,
    0x0, 0x0, 0x0, 0x0, 0x0, 0x0, 0x0, 0x5,
    0xbe, 0xfe, 0xb5, 0x0, 0x0, 0x0, 0x1c, 0xff,
    0xff, 0xff, 0xfc, 0x10, 0x0, 0xd, 0xff, 0xfa,
    0x8a, 0xff, 0xfd, 0x0, 0x8, 0xff, 0xd2, 0x0,
    0x2, 0xdf, 0xf8, 0x0, 0xef, 0xf3, 0x0, 0x0,
    0x3, 0xff, 0xe0, 0x4f, 0xfc, 0x0, 0x0, 0x0,
    0xd, 0xff, 0x46, 0xff, 0xa0, 0x0, 0x0, 0x0,
    0xaf, 0xf6, 0x6f, 0xfa, 0x0, 0x0, 0x0, 0xa,
    0xff, 0x64, 0xff, 0xc0, 0x0, 0x0, 0x0, 0xdf,
    0xf4, 0xf, 0xff, 0x30, 0x0, 0x0, 0x3f, 0xfe,
    0x0, 0x8f, 0xfd, 0x20, 0x0, 0x2d, 0xff, 0x80,
    0x0, 0xdf, 0xff, 0xa8, 0xaf, 0xff, 0xd0, 0x0,
    0x1, 0xcf, 0xff, 0xff, 0xff, 0xc1, 0x0, 0x0,
    0x0, 0x5b, 0xef, 0xeb, 0x50, 0x0, 0x0,

    /* U+00F7 "÷" */
    0x0, 0x0, 0x3d, 0xe4, 0x0, 0x0, 0x0, 0x0,
    0xbf, 0xfd, 0x0, 0x0, 0x0, 0x0, 0xaf, 0xfc,
    0x0, 0x0, 0x0, 0x0, 0x19, 0xa2, 0x0, 0x0,
    0x0, 0x0, 0x0, 0x0, 0x0, 0x0, 0x34, 0x44,
    0x44, 0x44, 0x44, 0x42, 0xff, 0xff, 0xff, 0xff,
    0xff, 0xfa, 0xff, 0xff, 0xff, 0xff, 0xff, 0xfa,
    0x0, 0x0, 0x0, 0x0, 0x0, 0x0, 0x0, 0x0,
    0x19, 0x91, 0x0, 0x0, 0x0, 0x0, 0xaf, 0xfc,
    0x0, 0x0, 0x0, 0x0, 0xbf, 0xfd, 0x0, 0x0,
    0x0, 0x0, 0x3e, 0xe4, 0x0, 0x0,

    /* U+00F8 "ø" */
    0x0, 0x0, 0x0, 0x0, 0x0, 0x7f, 0xb0, 0x0,
    0x0, 0x6, 0xce, 0xfe, 0xae, 0xf3, 0x0, 0x0,
    0x2d, 0xff, 0xff, 0xff, 0xfe, 0x0, 0x0, 0x1e,
    0xff, 0xfa, 0x8c, 0xff, 0xfc, 0x0, 0xa, 0xff,
    0xd1, 0x0, 0xaf, 0xff, 0xf7, 0x1, 0xff, 0xf2,
    0x0, 0x3f, 0xe6, 0xff, 0xd0, 0x5f, 0xfb, 0x0,
    0xc, 0xf5, 0xe, 0xff, 0x27, 0xff, 0x80, 0x6,
    0xfc, 0x0, 0xbf, 0xf4, 0x7f, 0xf9, 0x1, 0xef,
    0x30, 0xb, 0xff, 0x45, 0xff, 0xb0, 0x9f, 0x90,
    0x0, 0xef, 0xf2, 0x1f, 0xff, 0x5f, 0xf1, 0x0,
    0x4f, 0xfd, 0x0, 0x9f, 0xff, 0xf7, 0x0, 0x2e,
    0xff, 0x70, 0x1, 0xef, 0xff, 0xb8, 0xaf, 0xff,
    0xc0, 0x0, 0x2, 0xff, 0xff, 0xff, 0xff, 0xb1,
    0x0, 0x0, 0x6f, 0xdb, 0xef, 0xdb, 0x50, 0x0,
    0x0, 0xe, 0xf3, 0x0, 0x0, 0x0, 0x0, 0x0,

    /* U+00F9 "ù" */
    0x0, 0x9b, 0xa0, 0x0, 0x0, 0x0, 0x0, 0x6f,
    0xf6, 0x0, 0x0, 0x0, 0x0, 0xc, 0xfd, 0x0,
    0x0, 0x0, 0x0, 0x3, 0xff, 0x50, 0x0, 0x0,
    0x0, 0x0, 0xaf, 0xc0, 0x0, 0x0, 0x0, 0x0,
    0x0, 0x0, 0x0, 0x0, 0x0, 0x0, 0x0, 0x0,
    0x0, 0x0, 0xff, 0xf0, 0x0, 0x0, 0x7f, 0xf8,
    0xff, 0xf0, 0x0, 0x0, 0x7f, 0xf8, 0xff, 0xf0,
    0x0, 0x0, 0x7f, 0xf8, 0xff, 0xf0, 0x0, 0x0,
    0x7f, 0xf8, 0xff, 0xf0, 0x0, 0x0, 0x7f, 0xf8,
    0xff, 0xf0, 0x0, 0x0, 0x7f, 0xf8, 0xff, 0xf0,
    0x0, 0x0, 0x7f, 0xf8, 0xff, 0xf0, 0x0, 0x0,
    0x7f, 0xf8, 0xff, 0xf0, 0x0, 0x0, 0x8f, 0xf8,
    0xef, 0xf1, 0x0, 0x0, 0xcf, 0xf8, 0xdf, 0xf8,
    0x0, 0x5, 0xff, 0xf8, 0x8f, 0xff, 0xb8, 0xbf,
    0xff, 0xf8, 0xd, 0xff, 0xff, 0xfd, 0x7f, 0xf8,
    0x1, 0x9e, 0xfe, 0x91, 0x7f, 0xf8,

    /* U+00FA "ú" */
    0x0, 0x0, 0x0, 0x4b, 0xb5, 0x0, 0x0, 0x0,
    0x0, 0xdf, 0xe0, 0x0, 0x0, 0x0, 0x4, 0xff,
    0x60, 0x0, 0x0, 0x0, 0xc, 0xfc, 0x0, 0x0,
    0x0, 0x0, 0x3f, 0xf3, 0x0, 0x0, 0x0, 0x0,
    0x0, 0x0, 0x0, 0x0, 0x0, 0x0, 0x0, 0x0,
    0x0, 0x0, 0xff, 0xf0, 0x0, 0x0, 0x7f, 0xf8,
    0xff, 0xf0, 0x0, 0x0, 0x7f, 0xf8, 0xff, 0xf0,
    0x0, 0x0, 0x7f, 0xf8, 0xff, 0xf0, 0x0, 0x0,
    0x7f, 0xf8, 0xff, 0xf0, 0x0, 0x0, 0x7f, 0xf8,
    0xff, 0xf0, 0x0, 0x0, 0x7f, 0xf8, 0xff, 0xf0,
    0x0, 0x0, 0x7f, 0xf8, 0xff, 0xf0, 0x0, 0x0,
    0x7f, 0xf8, 0xff, 0xf0, 0x0, 0x0, 0x8f, 0xf8,
    0xef, 0xf1, 0x0, 0x0, 0xcf, 0xf8, 0xdf, 0xf8,
    0x0, 0x5, 0xff, 0xf8, 0x8f, 0xff, 0xb8, 0xbf,
    0xff, 0xf8, 0xd, 0xff, 0xff, 0xfd, 0x7f, 0xf8,
    0x1, 0x9e, 0xfe, 0x91, 0x7f, 0xf8,

    /* U+00FB "û" */
    0x0, 0x0, 0xdf, 0xf6, 0x0, 0x0, 0x0, 0x9,
    0xfe, 0xff, 0x20, 0x0, 0x0, 0x5f, 0xf2, 0x9f,
    0xd0, 0x0, 0x2, 0xff, 0x50, 0xd, 0xfa, 0x0,
    0x1, 0x32, 0x0, 0x1, 0x33, 0x0, 0x0, 0x0,
    0x0, 0x0, 0x0, 0x0, 0xff, 0xf0, 0x0, 0x0,
    0x7f, 0xf8, 0xff, 0xf0, 0x0, 0x0, 0x7f, 0xf8,
    0xff, 0xf0, 0x0, 0x0, 0x7f, 0xf8, 0xff, 0xf0,
    0x0, 0x0, 0x7f, 0xf8, 0xff, 0xf0, 0x0, 0x0,
    0x7f, 0xf8, 0xff, 0xf0, 0x0, 0x0, 0x7f, 0xf8,
    0xff, 0xf0, 0x0, 0x0, 0x7f, 0xf8, 0xff, 0xf0,
    0x0, 0x0, 0x7f, 0xf8, 0xff, 0xf0, 0x0, 0x0,
    0x8f, 0xf8, 0xef, 0xf1, 0x0, 0x0, 0xcf, 0xf8,
    0xdf, 0xf8, 0x0, 0x5, 0xff, 0xf8, 0x8f, 0xff,
    0xb8, 0xbf, 0xff, 0xf8, 0xd, 0xff, 0xff, 0xfd,
    0x7f, 0xf8, 0x1, 0x9e, 0xfe, 0x91, 0x7f, 0xf8,

    /* U+00FC "ü" */
    0x2, 0xde, 0x50, 0xb, 0xf8, 0x0, 0xa, 0xff,
    0xd0, 0x6f, 0xff, 0x10, 0x8, 0xff, 0xb0, 0x4f,
    0xff, 0x0, 0x0, 0x68, 0x10, 0x5, 0x83, 0x0,
    0x0, 0x0, 0x0, 0x0, 0x0, 0x0, 0xff, 0xf0,
    0x0, 0x0, 0x7f, 0xf8, 0xff, 0xf0, 0x0, 0x0,
    0x7f, 0xf8, 0xff, 0xf0, 0x0, 0x0, 0x7f, 0xf8,
    0xff, 0xf0, 0x0, 0x0, 0x7f, 0xf8, 0xff, 0xf0,
    0x0, 0x0, 0x7f, 0xf8, 0xff, 0xf0, 0x0, 0x0,
    0x7f, 0xf8, 0xff, 0xf0, 0x0, 0x0, 0x7f, 0xf8,
    0xff, 0xf0, 0x0, 0x0, 0x7f, 0xf8, 0xff, 0xf0,
    0x0, 0x0, 0x8f, 0xf8, 0xef, 0xf1, 0x0, 0x0,
    0xcf, 0xf8, 0xdf, 0xf8, 0x0, 0x5, 0xff, 0xf8,
    0x8f, 0xff, 0xb8, 0xbf, 0xff, 0xf8, 0xd, 0xff,
    0xff, 0xfd, 0x7f, 0xf8, 0x1, 0x9e, 0xfe, 0x91,
    0x7f, 0xf8,

    /* U+00FD "ý" */
    0x0, 0x0, 0x0, 0x0, 0x7b, 0xb2, 0x0, 0x0,
    0x0, 0x0, 0x0, 0x1f, 0xfb, 0x0, 0x0, 0x0,
    0x0, 0x0, 0x7, 0xff, 0x20, 0x0, 0x0, 0x0,
    0x0, 0x0, 0xef, 0x90, 0x0, 0x0, 0x0, 0x0,
    0x0, 0x6f, 0xe1, 0x0, 0x0, 0x0, 0x0, 0x0,
    0x0, 0x0, 0x0, 0x0, 0x0, 0x0, 0x0, 0x0,
    0x0, 0x0, 0x0, 0x0, 0x0, 0xdf, 0xf2, 0x0,
    0x0, 0x0, 0xcf, 0xf4, 0x7, 0xff, 0x80, 0x0,
    0x0, 0x2f, 0xfe, 0x0, 0x1f, 0xfd, 0x0, 0x0,
    0x7, 0xff, 0x80, 0x0, 0xbf, 0xf3, 0x0, 0x0,
    0xdf, 0xf2, 0x0, 0x5, 0xff, 0x90, 0x0, 0x3f,
    0xfc, 0x0, 0x0, 0xf, 0xfe, 0x0, 0x8, 0xff,
    0x60, 0x0, 0x0, 0x9f, 0xf4, 0x0, 0xef, 0xf0,
    0x0, 0x0, 0x3, 0xff, 0xa0, 0x4f, 0xfa, 0x0,
    0x0, 0x0, 0xd, 0xff, 0x9, 0xff, 0x40, 0x0,
    0x0, 0x0, 0x7f, 0xf6, 0xff, 0xe0, 0x0, 0x0,
    0x0, 0x2, 0xff, 0xef, 0xf8, 0x0, 0x0, 0x0,
    0x0, 0xc, 0xff, 0xff, 0x20, 0x0, 0x0, 0x0,
    0x0, 0x6f, 0xff, 0xb0, 0x0, 0x0, 0x0, 0x0,
    0x0, 0xff, 0xf5, 0x0, 0x0, 0x0, 0x0, 0x0,
    0x1f, 0xfe, 0x0, 0x0, 0x0, 0x0, 0x0, 0xc,
    0xff, 0x60, 0x0, 0x0, 0x0, 0x88, 0xae, 0xff,
    0xc0, 0x0, 0x0, 0x0, 0xf, 0xff, 0xff, 0xc1,
    0x0, 0x0, 0x0, 0x0, 0xff, 0xeb, 0x60, 0x0,
    0x0, 0x0, 0x0,

    /* U+00FE "þ" */
    0xf, 0xff, 0x0, 0x0, 0x0, 0x0, 0x0, 0x0,
    0xff, 0xf0, 0x0, 0x0, 0x0, 0x0, 0x0, 0xf,
    0xff, 0x0, 0x0, 0x0, 0x0, 0x0, 0x0, 0xff,
    0xf0, 0x0, 0x0, 0x0, 0x0, 0x0, 0xf, 0xff,
    0x0, 0x0, 0x0, 0x0, 0x0, 0x0, 0xff, 0xf0,
    0x0, 0x0, 0x0, 0x0, 0x0, 0xf, 0xff, 0x2,
    0xae, 0xfe, 0x92, 0x0, 0x0, 0xff, 0xf3, 0xff,
    0xff, 0xff, 0xf6, 0x0, 0xf, 0xff, 0xef, 0xb8,
    0x9e, 0xff, 0xf4, 0x0, 0xff, 0xff, 0x50, 0x0,
    0xb, 0xff, 0xd0, 0xf, 0xff, 0x80, 0x0, 0x0,
    0x1f, 0xff, 0x30, 0xff, 0xf2, 0x0, 0x0, 0x0,
    0xaf, 0xf7, 0xf, 0xff, 0x0, 0x0, 0x0, 0x7,
    0xff, 0x80, 0xff, 0xf0, 0x0, 0x0, 0x0, 0x7f,
    0xf8, 0xf, 0xff, 0x20, 0x0, 0x0, 0x9, 0xff,
    0x70, 0xff, 0xf8, 0x0, 0x0, 0x1, 0xff, 0xf3,
    0xf, 0xff, 0xf4, 0x0, 0x0, 0xbf, 0xfd, 0x0,
    0xff, 0xfe, 0xfb, 0x89, 0xef, 0xff, 0x40, 0xf,
    0xff, 0x4f, 0xff, 0xff, 0xff, 0x60, 0x0, 0xff,
    0xf0, 0x2a, 0xef, 0xea, 0x20, 0x0, 0xf, 0xff,
    0x0, 0x0, 0x0, 0x0, 0x0, 0x0, 0xff, 0xf0,
    0x0, 0x0, 0x0, 0x0, 0x0, 0xf, 0xff, 0x0,
    0x0, 0x0, 0x0, 0x0, 0x0, 0xff, 0xf0, 0x0,
    0x0, 0x0, 0x0, 0x0, 0xf, 0xff, 0x0, 0x0,
    0x0, 0x0, 0x0, 0x0,

    /* U+00FF "ÿ" */
    0x0, 0x5, 0xed, 0x20, 0x2d, 0xe5, 0x0, 0x0,
    0x0, 0xdf, 0xfa, 0x9, 0xff, 0xe0, 0x0, 0x0,
    0xb, 0xff, 0x80, 0x7f, 0xfc, 0x0, 0x0, 0x0,
    0x17, 0x60, 0x0, 0x68, 0x10, 0x0, 0x0, 0x0,
    0x0, 0x0, 0x0, 0x0, 0x0, 0x0, 0xdf, 0xf2,
    0x0, 0x0, 0x0, 0xcf, 0xf4, 0x7, 0xff, 0x80,
    0x0, 0x0, 0x2f, 0xfe, 0x0, 0x1f, 0xfd, 0x0,
    0x0, 0x7, 0xff, 0x80, 0x0, 0xbf, 0xf3, 0x0,
    0x0, 0xdf, 0xf2, 0x0, 0x5, 0xff, 0x90, 0x0,
    0x3f, 0xfc, 0x0, 0x0, 0xf, 0xfe, 0x0, 0x8,
    0xff, 0x60, 0x0, 0x0, 0x9f, 0xf4, 0x0, 0xef,
    0xf0, 0x0, 0x0, 0x3, 0xff, 0xa0, 0x4f, 0xfa,
    0x0, 0x0, 0x0, 0xd, 0xff, 0x9, 0xff, 0x40,
    0x0, 0x0, 0x0, 0x7f, 0xf6, 0xff, 0xe0, 0x0,
    0x0, 0x0, 0x2, 0xff, 0xef, 0xf8, 0x0, 0x0,
    0x0, 0x0, 0xc, 0xff, 0xff, 0x20, 0x0, 0x0,
    0x0, 0x0, 0x6f, 0xff, 0xb0, 0x0, 0x0, 0x0,
    0x0, 0x0, 0xff, 0xf5, 0x0, 0x0, 0x0, 0x0,
    0x0, 0x1f, 0xfe, 0x0, 0x0, 0x0, 0x0, 0x0,
    0xc, 0xff, 0x60, 0x0, 0x0, 0x0, 0x88, 0xae,
    0xff, 0xc0, 0x0, 0x0, 0x0, 0xf, 0xff, 0xff,
    0xc1, 0x0, 0x0, 0x0, 0x0, 0xff, 0xeb, 0x60,
    0x0, 0x0, 0x0, 0x0,

    /* U+0102 "Ă" */
    0x0, 0x0, 0x8f, 0x90, 0x0, 0x2f, 0xf0, 0x0,
    0x0, 0x0, 0x0, 0x4f, 0xf3, 0x0, 0xbf, 0xb0,
    0x0, 0x0, 0x0, 0x0, 0xb, 0xff, 0xdf, 0xff,
    0x20, 0x0, 0x0, 0x0, 0x0, 0x0, 0x8d, 0xfe,
    0xb2, 0x0, 0x0, 0x0, 0x0, 0x0, 0x0, 0x0,
    0x0, 0x0, 0x0, 0x0, 0x0, 0x0, 0x0, 0x0,
    0x0, 0x0, 0x0, 0x0, 0x0, 0x0, 0x0, 0x0,
    0x0, 0x6f, 0xff, 0xd0, 0x0, 0x0, 0x0, 0x0,
    0x0, 0x0, 0xcf, 0xff, 0xf2, 0x0, 0x0, 0x0,
    0x0, 0x0, 0x2, 0xff, 0xff, 0xf8, 0x0, 0x0,
    0x0, 0x0, 0x0, 0x7, 0xff, 0xcf, 0xfe, 0x0,
    0x0, 0x0, 0x0, 0x0, 0xd, 0xff, 0x4d, 0xff,
    0x30, 0x0, 0x0, 0x0, 0x0, 0x3f, 0xfe, 0x7,
    0xff, 0x90, 0x0, 0x0, 0x0, 0x0, 0x8f, 0xf8,
    0x2, 0xff, 0xe0, 0x0, 0x0, 0x0, 0x0, 0xef,
    0xf3, 0x0, 0xcf, 0xf4, 0x0, 0x0, 0x0, 0x4,
    0xff, 0xd0, 0x0, 0x6f, 0xfa, 0x0, 0x0, 0x0,
    0x9, 0xff, 0x80, 0x0, 0x1f, 0xff, 0x0, 0x0,
    0x0, 0xe, 0xff, 0x20, 0x0, 0xb, 0xff, 0x50,
    0x0, 0x0, 0x4f, 0xfc, 0x0, 0x0, 0x6, 0xff,
    0xb0, 0x0, 0x0, 0xaf, 0xff, 0xff, 0xff, 0xff,
    0xff, 0xf1, 0x0, 0x0, 0xff, 0xff, 0xff, 0xff,
    0xff, 0xff, 0xf6, 0x0, 0x5, 0xff, 0xeb, 0xbb,
    0xbb, 0xbb, 0xcf, 0xfc, 0x0, 0xb, 0xff, 0x70,
    0x0, 0x0, 0x0, 0x1f, 0xff, 0x20, 0x1f, 0xff,
    0x10, 0x0, 0x0, 0x0, 0xb, 0xff, 0x70, 0x6f,
    0xfc, 0x0, 0x0, 0x0, 0x0, 0x5, 0xff, 0xd0,
    0xcf, 0xf6, 0x0, 0x0, 0x0, 0x0, 0x0, 0xff,
    0xf3,

    /* U+0103 "ă" */
    0x0, 0xb, 0xf6, 0x0, 0x5, 0xfc, 0x0, 0x0,
    0x0, 0x7f, 0xd2, 0x1, 0xdf, 0x80, 0x0, 0x0,
    0x0, 0xdf, 0xfe, 0xff, 0xe1, 0x0, 0x0, 0x0,
    0x1, 0x9e, 0xfe, 0xa2, 0x0, 0x0, 0x0, 0x0,
    0x0, 0x0, 0x0, 0x0, 0x0, 0x0, 0x0, 0x0,
    0x0, 0x0, 0x0, 0x0, 0x0, 0x0, 0x1, 0x8d,
    0xfe, 0xb4, 0xc, 0xff, 0x30, 0x3, 0xef, 0xff,
    0xff, 0xf6, 0xcf, 0xf3, 0x1, 0xff, 0xff, 0x98,
    0xaf, 0xfe, 0xff, 0x30, 0xaf, 0xfd, 0x10, 0x0,
    0x3e, 0xff, 0xf3, 0xf, 0xff, 0x30, 0x0, 0x0,
    0x6f, 0xff, 0x34, 0xff, 0xc0, 0x0, 0x0, 0x0,
    0xff, 0xf3, 0x5f, 0xfa, 0x0, 0x0, 0x0, 0xc,
    0xff, 0x35, 0xff, 0x90, 0x0, 0x0, 0x0, 0xcf,
    0xf3, 0x4f, 0xfc, 0x0, 0x0, 0x0, 0xf, 0xff,
    0x30, 0xff, 0xf3, 0x0, 0x0, 0x6, 0xff, 0xf3,
    0xa, 0xff, 0xd1, 0x0, 0x2, 0xef, 0xff, 0x30,
    0x1f, 0xff, 0xf9, 0x8a, 0xff, 0xef, 0xf3, 0x0,
    0x3e, 0xff, 0xff, 0xff, 0x7c, 0xff, 0x30, 0x0,
    0x18, 0xdf, 0xfb, 0x40, 0xcf, 0xf3,

    /* U+0110 "Đ" */
    0x0, 0xb, 0xff, 0xff, 0xff, 0xfd, 0xa5, 0x0,
    0x0, 0x0, 0x0, 0xb, 0xff, 0xff, 0xff, 0xff,
    0xff, 0xd3, 0x0, 0x0, 0x0, 0xb, 0xff, 0xca,
    0xaa, 0xbe, 0xff, 0xff, 0x50, 0x0, 0x0, 0xb,
    0xff, 0x50, 0x0, 0x0, 0x3c, 0xff, 0xf3, 0x0,
    0x0, 0xb, 0xff, 0x50, 0x0, 0x0, 0x0, 0xbf,
    0xfd, 0x0, 0x0, 0xb, 0xff, 0x50, 0x0, 0x0,
    0x0, 0x1e, 0xff, 0x50, 0x0, 0xb, 0xff, 0x50,
    0x0, 0x0, 0x0, 0x7, 0xff, 0xa0, 0x0, 0xb,
    0xff, 0x50, 0x0, 0x0, 0x0, 0x2, 0xff, 0xe0,
    0x2f, 0xff, 0xff, 0xff, 0xff, 0x40, 0x0, 0x0,
    0xff, 0xf1, 0x2f, 0xff, 0xff, 0xff, 0xff, 0x40,
    0x0, 0x0, 0xef, 0xf2, 0x19, 0x9e, 0xff, 0xb9,
    0x99, 0x20, 0x0, 0x0, 0xff, 0xf1, 0x0, 0xb,
    0xff, 0x50, 0x0, 0x0, 0x0, 0x2, 0xff, 0xe0,
    0x0, 0xb, 0xff, 0x50, 0x0, 0x0, 0x0, 0x7,
    0xff, 0xa0, 0x0, 0xb, 0xff, 0x50, 0x0, 0x0,
    0x0, 0x1e, 0xff, 0x50, 0x0, 0xb, 0xff, 0x50,
    0x0, 0x0, 0x0, 0xbf, 0xfd, 0x0, 0x0, 0xb,
    0xff, 0x50, 0x0, 0x0, 0x3c, 0xff, 0xf3, 0x0,
    0x0, 0xb, 0xff, 0xca, 0xaa, 0xbe, 0xff, 0xff,
    0x50, 0x0, 0x0, 0xb, 0xff, 0xff, 0xff, 0xff,
    0xff, 0xd4, 0x0, 0x0, 0x0, 0xb, 0xff, 0xff,
    0xff, 0xfd, 0xa5, 0x0, 0x0, 0x0,

    /* U+0111 "đ" */
    0x0, 0x0, 0x0, 0x0, 0x0, 0xd, 0xff, 0x10,
    0x0, 0x0, 0x0, 0x0, 0x0, 0x0, 0xdf, 0xf1,
    0x0, 0x0, 0x0, 0x0, 0x1, 0x22, 0x2e, 0xff,
    0x42, 0x10, 0x0, 0x0, 0x0, 0x6f, 0xff, 0xff,
    0xff, 0xf6, 0x0, 0x0, 0x0, 0x6, 0xff, 0xff,
    0xff, 0xff, 0x60, 0x0, 0x0, 0x0, 0x0, 0x0,
    0xdf, 0xf1, 0x0, 0x0, 0x2, 0x9d, 0xfe, 0xa3,
    0xd, 0xff, 0x10, 0x0, 0x5, 0xff, 0xff, 0xff,
    0xf5, 0xdf, 0xf1, 0x0, 0x3, 0xff, 0xfe, 0x98,
    0xbf, 0xff, 0xff, 0x10, 0x0, 0xcf, 0xfc, 0x10,
    0x0, 0x4f, 0xff, 0xf1, 0x0, 0x2f, 0xff, 0x10,
    0x0, 0x0, 0x7f, 0xff, 0x10, 0x5, 0xff, 0xb0,
    0x0, 0x0, 0x1, 0xff, 0xf1, 0x0, 0x7f, 0xf8,
    0x0, 0x0, 0x0, 0xe, 0xff, 0x10, 0x7, 0xff,
    0x80, 0x0, 0x0, 0x0, 0xef, 0xf1, 0x0, 0x5f,
    0xfb, 0x0, 0x0, 0x0, 0x1f, 0xff, 0x10, 0x2,
    0xff, 0xf1, 0x0, 0x0, 0x7, 0xff, 0xf1, 0x0,
    0xc, 0xff, 0xc0, 0x0, 0x3, 0xff, 0xff, 0x10,
    0x0, 0x3f, 0xff, 0xe9, 0x8a, 0xff, 0xff, 0xf1,
    0x0, 0x0, 0x5f, 0xff, 0xff, 0xff, 0x5d, 0xff,
    0x10, 0x0, 0x0, 0x29, 0xef, 0xeb, 0x30, 0xdf,
    0xf1, 0x0,

    /* U+0128 "Ĩ" */
    0x6, 0xee, 0x60, 0xe, 0xe1, 0xff, 0xff, 0x72,
    0xfc, 0x5f, 0x92, 0xdf, 0xff, 0x87, 0xf5, 0x1,
    0xbf, 0xb0, 0x0, 0x0, 0x0, 0x0, 0x0, 0x0,
    0x0, 0x0, 0x0, 0x0, 0xd, 0xff, 0x30, 0x0,
    0x0, 0xdf, 0xf3, 0x0, 0x0, 0xd, 0xff, 0x30,
    0x0, 0x0, 0xdf, 0xf3, 0x0, 0x0, 0xd, 0xff,
    0x30, 0x0, 0x0, 0xdf, 0xf3, 0x0, 0x0, 0xd,
    0xff, 0x30, 0x0, 0x0, 0xdf, 0xf3, 0x0, 0x0,
    0xd, 0xff, 0x30, 0x0, 0x0, 0xdf, 0xf3, 0x0,
    0x0, 0xd, 0xff, 0x30, 0x0, 0x0, 0xdf, 0xf3,
    0x0, 0x0, 0xd, 0xff, 0x30, 0x0, 0x0, 0xdf,
    0xf3, 0x0, 0x0, 0xd, 0xff, 0x30, 0x0, 0x0,
    0xdf, 0xf3, 0x0, 0x0, 0xd, 0xff, 0x30, 0x0,
    0x0, 0xdf, 0xf3, 0x0, 0x0, 0xd, 0xff, 0x30,
    0x0,

    /* U+0129 "ĩ" */
    0x6, 0xee, 0x60, 0xe, 0xe1, 0xff, 0xff, 0x72,
    0xfc, 0x5f, 0x92, 0xdf, 0xff, 0x87, 0xf5, 0x1,
    0xbf, 0xb0, 0x0, 0x0, 0x0, 0x0, 0x0, 0x0,
    0x0, 0x0, 0x0, 0x0, 0xc, 0xff, 0x30, 0x0,
    0x0, 0xcf, 0xf3, 0x0, 0x0, 0xc, 0xff, 0x30,
    0x0, 0x0, 0xcf, 0xf3, 0x0, 0x0, 0xc, 0xff,
    0x30, 0x0, 0x0, 0xcf, 0xf3, 0x0, 0x0, 0xc,
    0xff, 0x30, 0x0, 0x0, 0xcf, 0xf3, 0x0, 0x0,
    0xc, 0xff, 0x30, 0x0, 0x0, 0xcf, 0xf3, 0x0,
    0x0, 0xc, 0xff, 0x30, 0x0, 0x0, 0xcf, 0xf3,
    0x0, 0x0, 0xc, 0xff, 0x30, 0x0, 0x0, 0xcf,
    0xf3, 0x0,

    /* U+0168 "Ũ" */
    0x0, 0x0, 0x9f, 0xea, 0x32, 0xfc, 0x0, 0x0,
    0x0, 0x5, 0xff, 0xff, 0xff, 0xf8, 0x0, 0x0,
    0x0, 0x8, 0xf5, 0x18, 0xef, 0xb1, 0x0, 0x0,
    0x0, 0x0, 0x0, 0x0, 0x0, 0x0, 0x0, 0x0,
    0x0, 0x0, 0x0, 0x0, 0x0, 0x0, 0x0, 0x0,
    0x0, 0x0, 0x0, 0x0, 0x0, 0x0, 0x0, 0x0,
    0xdf, 0xf3, 0x0, 0x0, 0x0, 0x0, 0xdf, 0xf3,
    0xdf, 0xf3, 0x0, 0x0, 0x0, 0x0, 0xdf, 0xf3,
    0xdf, 0xf3, 0x0, 0x0, 0x0, 0x0, 0xdf, 0xf3,
    0xdf, 0xf3, 0x0, 0x0, 0x0, 0x0, 0xdf, 0xf3,
    0xdf, 0xf3, 0x0, 0x0, 0x0, 0x0, 0xdf, 0xf3,
    0xdf, 0xf3, 0x0, 0x0, 0x0, 0x0, 0xdf, 0xf3,
    0xdf, 0xf3, 0x0, 0x0, 0x0, 0x0, 0xdf, 0xf3,
    0xdf, 0xf3, 0x0, 0x0, 0x0, 0x0, 0xdf, 0xf3,
    0xdf, 0xf3, 0x0, 0x0, 0x0, 0x0, 0xdf, 0xf3,
    0xdf, 0xf3, 0x0, 0x0, 0x0, 0x0, 0xdf, 0xf3,
    0xdf, 0xf3, 0x0, 0x0, 0x0, 0x0, 0xdf, 0xf3,
    0xcf, 0xf3, 0x0, 0x0, 0x0, 0x0, 0xdf, 0xf2,
    0xbf, 0xf4, 0x0, 0x0, 0x0, 0x0, 0xef, 0xf1,
    0xaf, 0xf8, 0x0, 0x0, 0x0, 0x2, 0xff, 0xf0,
    0x6f, 0xfe, 0x10, 0x0, 0x0, 0xa, 0xff, 0xb0,
    0xe, 0xff, 0xd4, 0x0, 0x2, 0xaf, 0xff, 0x50,
    0x4, 0xff, 0xff, 0xfe, 0xef, 0xff, 0xfa, 0x0,
    0x0, 0x4e, 0xff, 0xff, 0xff, 0xff, 0x80, 0x0,
    0x0, 0x1, 0x6b, 0xef, 0xec, 0x82, 0x0, 0x0,

    /* U+0169 "ũ" */
    0x0, 0x5e, 0xe7, 0x0, 0xde, 0x0, 0x1, 0xff,
    0xff, 0x82, 0xfc, 0x0, 0x4, 0xf9, 0x1d, 0xff,
    0xf8, 0x0, 0x6, 0xf6, 0x1, 0xbf, 0xb1, 0x0,
    0x0, 0x0, 0x0, 0x0, 0x0, 0x0, 0x0, 0x0,
    0x0, 0x0, 0x0, 0x0, 0xff, 0xf0, 0x0, 0x0,
    0x7f, 0xf8, 0xff, 0xf0, 0x0, 0x0, 0x7f, 0xf8,
    0xff, 0xf0, 0x0, 0x0, 0x7f, 0xf8, 0xff, 0xf0,
    0x0, 0x0, 0x7f, 0xf8, 0xff, 0xf0, 0x0, 0x0,
    0x7f, 0xf8, 0xff, 0xf0, 0x0, 0x0, 0x7f, 0xf8,
    0xff, 0xf0, 0x0, 0x0, 0x7f, 0xf8, 0xff, 0xf0,
    0x0, 0x0, 0x7f, 0xf8, 0xff, 0xf0, 0x0, 0x0,
    0x8f, 0xf8, 0xef, 0xf1, 0x0, 0x0, 0xcf, 0xf8,
    0xdf, 0xf8, 0x0, 0x5, 0xff, 0xf8, 0x8f, 0xff,
    0xb8, 0xbf, 0xff, 0xf8, 0xd, 0xff, 0xff, 0xfd,
    0x7f, 0xf8, 0x1, 0x9e, 0xfe, 0x91, 0x7f, 0xf8,

    /* U+01A0 "Ơ" */
    0x0, 0x0, 0x0, 0x0, 0x0, 0x0, 0x0, 0x5,
    0x88, 0x0, 0x0, 0x0, 0x0, 0x0, 0x0, 0x0,
    0x0, 0xa, 0xff, 0x10, 0x0, 0x0, 0x0, 0x0,
    0x0, 0x0, 0x0, 0xa, 0xff, 0x0, 0x0, 0x0,
    0x0, 0x0, 0x0, 0x0, 0x0, 0x1d, 0xff, 0x0,
    0x0, 0x0, 0x1, 0x7c, 0xef, 0xff, 0xff, 0xff,
    0xf9, 0x0, 0x0, 0x0, 0x8f, 0xff, 0xff, 0xff,
    0xff, 0xfe, 0x90, 0x0, 0x0, 0xb, 0xff, 0xff,
    0xec, 0xdf, 0xff, 0xff, 0x30, 0x0, 0x0, 0xaf,
    0xff, 0xa2, 0x0, 0x0, 0x6e, 0xff, 0xf3, 0x0,
    0x5, 0xff, 0xf6, 0x0, 0x0, 0x0, 0x1, 0xdf,
    0xfc, 0x0, 0xd, 0xff, 0x90, 0x0, 0x0, 0x0,
    0x0, 0x2f, 0xff, 0x50, 0x3f, 0xff, 0x10, 0x0,
    0x0, 0x0, 0x0, 0x9, 0xff, 0xa0, 0x7f, 0xfb,
    0x0, 0x0, 0x0, 0x0, 0x0, 0x3, 0xff, 0xf0,
    0x9f, 0xf8, 0x0, 0x0, 0x0, 0x0, 0x0, 0x0,
    0xff, 0xf1, 0xaf, 0xf7, 0x0, 0x0, 0x0, 0x0,
    0x0, 0x0, 0xff, 0xf2, 0x9f, 0xf8, 0x0, 0x0,
    0x0, 0x0, 0x0, 0x0, 0xff, 0xf1, 0x7f, 0xfb,
    0x0, 0x0, 0x0, 0x0, 0x0, 0x3, 0xff, 0xf0,
    0x3f, 0xff, 0x10, 0x0, 0x0, 0x0, 0x0, 0x9,
    0xff, 0xb0, 0xd, 0xff, 0xa0, 0x0, 0x0, 0x0,
    0x0, 0x2f, 0xff, 0x50, 0x5, 0xff, 0xf7, 0x0,
    0x0, 0x0, 0x1, 0xdf, 0xfd, 0x0, 0x0, 0xaf,
    0xff, 0xa2, 0x0, 0x0, 0x6e, 0xff, 0xf3, 0x0,
    0x0, 0xb, 0xff, 0xff, 0xfd, 0xef, 0xff, 0xff,
    0x40, 0x0, 0x0, 0x0, 0x8f, 0xff, 0xff, 0xff,
    0xff, 0xc3, 0x0, 0x0, 0x0, 0x0, 0x1, 0x7c,
    0xef, 0xed, 0x94, 0x0, 0x0, 0x0,

    /* U+01A1 "ơ" */
    0x0, 0x0, 0x0, 0x0, 0x0, 0x1, 0xff, 0x60,
    0x0, 0x0, 0x0, 0x0, 0x0, 0x1f, 0xf6, 0x0,
    0x0, 0x0, 0x0, 0x0, 0x5, 0xff, 0x40, 0x0,
    0x6, 0xce, 0xff, 0xff, 0xff, 0xe0, 0x0, 0x2d,
    0xff, 0xff, 0xff, 0xff, 0xa2, 0x0, 0x1e, 0xff,
    0xfa, 0x8b, 0xff, 0xfc, 0x0, 0xa, 0xff, 0xd1,
    0x0, 0x2, 0xef, 0xf6, 0x1, 0xff, 0xf2, 0x0,
    0x0, 0x4, 0xff, 0xe0, 0x5f, 0xfb, 0x0, 0x0,
    0x0, 0xe, 0xff, 0x27, 0xff, 0x80, 0x0, 0x0,
    0x0, 0xbf, 0xf4, 0x7f, 0xf8, 0x0, 0x0, 0x0,
    0xb, 0xff, 0x45, 0xff, 0xb0, 0x0, 0x0, 0x0,
    0xef, 0xf2, 0x1f, 0xff, 0x20, 0x0, 0x0, 0x4f,
    0xfe, 0x0, 0xaf, 0xfc, 0x10, 0x0, 0x2e, 0xff,
    0x70, 0x1, 0xef, 0xff, 0xa8, 0xaf, 0xff, 0xc0,
    0x0, 0x2, 0xdf, 0xff, 0xff, 0xff, 0xb1, 0x0,
    0x0, 0x0, 0x6c, 0xef, 0xdb, 0x50, 0x0, 0x0,

    /* U+01AF "Ư" */
    0x0, 0x0, 0x0, 0x0, 0x0, 0x0, 0x0, 0x6,
    0xff, 0x40, 0x0, 0x0, 0x0, 0x0, 0x0, 0x0,
    0x0, 0x6f, 0xf3, 0x0, 0x0, 0x0, 0x0, 0x0,
    0x0, 0x0, 0x9, 0xff, 0x2d, 0xff, 0x30, 0x0,
    0x0, 0x0, 0xd, 0xff, 0xff, 0xc0, 0xdf, 0xf3,
    0x0, 0x0, 0x0, 0x0, 0xdf, 0xfc, 0x91, 0xd,
    0xff, 0x30, 0x0, 0x0, 0x0, 0xd, 0xff, 0x30,
    0x0, 0xdf, 0xf3, 0x0, 0x0, 0x0, 0x0, 0xdf,
    0xf3, 0x0, 0xd, 0xff, 0x30, 0x0, 0x0, 0x0,
    0xd, 0xff, 0x30, 0x0, 0xdf, 0xf3, 0x0, 0x0,
    0x0, 0x0, 0xdf, 0xf3, 0x0, 0xd, 0xff, 0x30,
    0x0, 0x0, 0x0, 0xd, 0xff, 0x30, 0x0, 0xdf,
    0xf3, 0x0, 0x0, 0x0, 0x0, 0xdf, 0xf3, 0x0,
    0xd, 0xff, 0x30, 0x0, 0x0, 0x0, 0xd, 0xff,
    0x30, 0x0, 0xdf, 0xf3, 0x0, 0x0, 0x0, 0x0,
    0xdf, 0xf3, 0x0, 0xd, 0xff, 0x30, 0x0, 0x0,
    0x0, 0xd, 0xff, 0x30, 0x0, 0xcf, 0xf3, 0x0,
    0x0, 0x0, 0x0, 0xdf, 0xf2, 0x0, 0xb, 0xff,
    0x40, 0x0, 0x0, 0x0, 0xe, 0xff, 0x10, 0x0,
    0xaf, 0xf8, 0x0, 0x0, 0x0, 0x2, 0xff, 0xf0,
    0x0, 0x6, 0xff, 0xe1, 0x0, 0x0, 0x0, 0xaf,
    0xfc, 0x0, 0x0, 0xe, 0xff, 0xd4, 0x0, 0x2,
    0xaf, 0xff, 0x50, 0x0, 0x0, 0x4f, 0xff, 0xff,
    0xee, 0xff, 0xff, 0xa0, 0x0, 0x0, 0x0, 0x4e,
    0xff, 0xff, 0xff, 0xff, 0x90, 0x0, 0x0, 0x0,
    0x0, 0x16, 0xbe, 0xfe, 0xd8, 0x30, 0x0, 0x0,
    0x0,

    /* U+01B0 "ư" */
    0x0, 0x0, 0x0, 0x0, 0x0, 0x0, 0x38, 0x80,
    0x0, 0x0, 0x0, 0x0, 0x0, 0x0, 0x6f, 0xf1,
    0x0, 0x0, 0x0, 0x0, 0x0, 0x0, 0x9f, 0xf0,
    0x4f, 0xfb, 0x0, 0x0, 0xc, 0xff, 0xff, 0xb0,
    0x4f, 0xfb, 0x0, 0x0, 0xc, 0xff, 0xb8, 0x0,
    0x4f, 0xfb, 0x0, 0x0, 0xc, 0xff, 0x30, 0x0,
    0x4f, 0xfb, 0x0, 0x0, 0xc, 0xff, 0x30, 0x0,
    0x4f, 0xfb, 0x0, 0x0, 0xc, 0xff, 0x30, 0x0,
    0x4f, 0xfb, 0x0, 0x0, 0xc, 0xff, 0x30, 0x0,
    0x4f, 0xfb, 0x0, 0x0, 0xc, 0xff, 0x30, 0x0,
    0x4f, 0xfb, 0x0, 0x0, 0xc, 0xff, 0x30, 0x0,
    0x4f, 0xfb, 0x0, 0x0, 0xd, 0xff, 0x30, 0x0,
    0x4f, 0xfc, 0x0, 0x0, 0x1f, 0xff, 0x30, 0x0,
    0x2f, 0xff, 0x30, 0x0, 0xaf, 0xff, 0x30, 0x0,
    0xd, 0xff, 0xf9, 0x8d, 0xff, 0xff, 0x30, 0x0,
    0x4, 0xff, 0xff, 0xff, 0x8c, 0xff, 0x30, 0x0,
    0x0, 0x3b, 0xff, 0xd6, 0xc, 0xff, 0x30, 0x0,

    /* U+1EA0 "Ạ" */
    0x0, 0x0, 0x0, 0x6f, 0xff, 0xd0, 0x0, 0x0,
    0x0, 0x0, 0x0, 0x0, 0xcf, 0xff, 0xf2, 0x0,
    0x0, 0x0, 0x0, 0x0, 0x2, 0xff, 0xff, 0xf8,
    0x0, 0x0, 0x0, 0x0, 0x0, 0x7, 0xff, 0xcf,
    0xfe, 0x0, 0x0, 0x0, 0x0, 0x0, 0xd, 0xff,
    0x4d, 0xff, 0x30, 0x0, 0x0, 0x0, 0x0, 0x3f,
    0xfe, 0x7, 0xff, 0x90, 0x0, 0x0, 0x0, 0x0,
    0x8f, 0xf8, 0x2, 0xff, 0xe0, 0x0, 0x0, 0x0,
    0x0, 0xef, 0xf3, 0x0, 0xcf, 0xf4, 0x0, 0x0,
    0x0, 0x4, 0xff, 0xd0, 0x0, 0x6f, 0xfa, 0x0,
    0x0, 0x0, 0x9, 0xff, 0x80, 0x0, 0x1f, 0xff,
    0x0, 0x0, 0x0, 0xe, 0xff, 0x20, 0x0, 0xb,
    0xff, 0x50, 0x0, 0x0, 0x4f, 0xfc, 0x0, 0x0,
    0x6, 0xff, 0xb0, 0x0, 0x0, 0xaf, 0xff, 0xff,
    0xff, 0xff, 0xff, 0xf1, 0x0, 0x0, 0xff, 0xff,
    0xff, 0xff, 0xff, 0xff, 0xf6, 0x0, 0x5, 0xff,
    0xeb, 0xbb, 0xbb, 0xbb, 0xcf, 0xfc, 0x0, 0xb,
    0xff, 0x70, 0x0, 0x0, 0x0, 0x1f, 0xff, 0x20,
    0x1f, 0xff, 0x10, 0x0, 0x0, 0x0, 0xb, 0xff,
    0x70, 0x6f, 0xfc, 0x0, 0x0, 0x0, 0x0, 0x5,
    0xff, 0xd0, 0xcf, 0xf6, 0x0, 0x0, 0x0, 0x0,
    0x0, 0xff, 0xf3, 0x0, 0x0, 0x0, 0x0, 0x0,
    0x0, 0x0, 0x0, 0x0, 0x0, 0x0, 0x0, 0x0,
    0x0, 0x0, 0x0, 0x0, 0x0, 0x0, 0x0, 0x0,
    0x2, 0x96, 0x0, 0x0, 0x0, 0x0, 0x0, 0x0,
    0x0, 0xe, 0xff, 0x50, 0x0, 0x0, 0x0, 0x0,
    0x0, 0x0, 0xf, 0xff, 0x70, 0x0, 0x0, 0x0,
    0x0, 0x0, 0x0, 0x7, 0xfc, 0x10, 0x0, 0x0,
    0x0,

    /* U+1EA1 "ạ" */
    0x0, 0x1, 0x8d, 0xfe, 0xb4, 0xc, 0xff, 0x30,
    0x3, 0xef, 0xff, 0xff, 0xf6, 0xcf, 0xf3, 0x1,
    0xff, 0xff, 0x98, 0xaf, 0xfe, 0xff, 0x30, 0xaf,
    0xfd, 0x10, 0x0, 0x3e, 0xff, 0xf3, 0xf, 0xff,
    0x30, 0x0, 0x0, 0x6f, 0xff, 0x34, 0xff, 0xc0,
    0x0, 0x0, 0x0, 0xff, 0xf3, 0x5f, 0xfa, 0x0,
    0x0, 0x0, 0xc, 0xff, 0x35, 0xff, 0x90, 0x0,
    0x0, 0x0, 0xcf, 0xf3, 0x4f, 0xfc, 0x0, 0x0,
    0x0, 0xf, 0xff, 0x30, 0xff, 0xf3, 0x0, 0x0,
    0x6, 0xff, 0xf3, 0xa, 0xff, 0xd1, 0x0, 0x2,
    0xef, 0xff, 0x30, 0x1f, 0xff, 0xf9, 0x8a, 0xff,
    0xef, 0xf3, 0x0, 0x3e, 0xff, 0xff, 0xff, 0x7c,
    0xff, 0x30, 0x0, 0x18, 0xdf, 0xfb, 0x40, 0xcf,
    0xf3, 0x0, 0x0, 0x0, 0x0, 0x0, 0x0, 0x0,
    0x0, 0x0, 0x0, 0x0, 0x0, 0x0, 0x0, 0x0,
    0x0, 0x0, 0x0, 0x9f, 0xa0, 0x0, 0x0, 0x0,
    0x0, 0x0, 0x3f, 0xff, 0x40, 0x0, 0x0, 0x0,
    0x0, 0x1, 0xff, 0xf2, 0x0, 0x0, 0x0, 0x0,
    0x0, 0x4, 0x94, 0x0, 0x0, 0x0,

    /* U+1EA2 "Ả" */
    0x0, 0x0, 0x0, 0x2c, 0xfe, 0x80, 0x0, 0x0,
    0x0, 0x0, 0x0, 0x0, 0xef, 0xcd, 0xf8, 0x0,
    0x0, 0x0, 0x0, 0x0, 0x2, 0xc9, 0x2, 0xfd,
    0x0, 0x0, 0x0, 0x0, 0x0, 0x0, 0x0, 0x9,
    0xfa, 0x0, 0x0, 0x0, 0x0, 0x0, 0x0, 0x0,
    0xdf, 0xc1, 0x0, 0x0, 0x0, 0x0, 0x0, 0x0,
    0x3, 0xfb, 0x0, 0x0, 0x0, 0x0, 0x0, 0x0,
    0x0, 0x0, 0x11, 0x0, 0x0, 0x0, 0x0, 0x0,
    0x0, 0x0, 0x0, 0x0, 0x0, 0x0, 0x0, 0x0,
    0x0, 0x0, 0x0, 0x6f, 0xff, 0xd0, 0x0, 0x0,
    0x0, 0x0, 0x0, 0x0, 0xcf, 0xff, 0xf2, 0x0,
    0x0, 0x0, 0x0, 0x0, 0x2, 0xff, 0xff, 0xf8,
    0x0, 0x0, 0x0, 0x0, 0x0, 0x7, 0xff, 0xcf,
    0xfe, 0x0, 0x0, 0x0, 0x0, 0x0, 0xd, 0xff,
    0x4d, 0xff, 0x30, 0x0, 0x0, 0x0, 0x0, 0x3f,
    0xfe, 0x7, 0xff, 0x90, 0x0, 0x0, 0x0, 0x0,
    0x8f, 0xf8, 0x2, 0xff, 0xe0, 0x0, 0x0, 0x0,
    0x0, 0xef, 0xf3, 0x0, 0xcf, 0xf4, 0x0, 0x0,
    0x0, 0x4, 0xff, 0xd0, 0x0, 0x6f, 0xfa, 0x0,
    0x0, 0x0, 0x9, 0xff, 0x80, 0x0, 0x1f, 0xff,
    0x0, 0x0, 0x0, 0xe, 0xff, 0x20, 0x0, 0xb,
    0xff, 0x50, 0x0, 0x0, 0x4f, 0xfc, 0x0, 0x0,
    0x6, 0xff, 0xb0, 0x0, 0x0, 0xaf, 0xff, 0xff,
    0xff, 0xff, 0xff, 0xf1, 0x0, 0x0, 0xff, 0xff,
    0xff, 0xff, 0xff, 0xff, 0xf6, 0x0, 0x5, 0xff,
    0xeb, 0xbb, 0xbb, 0xbb, 0xcf, 0xfc, 0x0, 0xb,
    0xff, 0x70, 0x0, 0x0, 0x0, 0x1f, 0xff, 0x20,
    0x1f, 0xff, 0x10, 0x0, 0x0, 0x0, 0xb, 0xff,
    0x70, 0x6f, 0xfc, 0x0, 0x0, 0x0, 0x0, 0x5,
    0xff, 0xd0, 0xcf, 0xf6, 0x0, 0x0, 0x0, 0x0,
    0x0, 0xff, 0xf3,

    /* U+1EA3 "ả" */
    0x0, 0x0, 0x1, 0x79, 0x82, 0x0, 0x0, 0x0,
    0x0, 0x0, 0xdf, 0xff, 0xf3, 0x0, 0x0, 0x0,
    0x0, 0x4f, 0xc1, 0x8f, 0x90, 0x0, 0x0, 0x0,
    0x0, 0x10, 0x8, 0xf9, 0x0, 0x0, 0x0, 0x0,
    0x0, 0xa, 0xfe, 0x20, 0x0, 0x0, 0x0, 0x0,
    0x5, 0xfb, 0x10, 0x0, 0x0, 0x0, 0x0, 0x0,
    0x26, 0x30, 0x0, 0x0, 0x0, 0x0, 0x0, 0x0,
    0x0, 0x0, 0x0, 0x0, 0x0, 0x1, 0x8d, 0xfe,
    0xb4, 0xc, 0xff, 0x30, 0x3, 0xef, 0xff, 0xff,
    0xf6, 0xcf, 0xf3, 0x1, 0xff, 0xff, 0x98, 0xaf,
    0xfe, 0xff, 0x30, 0xaf, 0xfd, 0x10, 0x0, 0x3e,
    0xff, 0xf3, 0xf, 0xff, 0x30, 0x0, 0x0, 0x6f,
    0xff, 0x34, 0xff, 0xc0, 0x0, 0x0, 0x0, 0xff,
    0xf3, 0x5f, 0xfa, 0x0, 0x0, 0x0, 0xc, 0xff,
    0x35, 0xff, 0x90, 0x0, 0x0, 0x0, 0xcf, 0xf3,
    0x4f, 0xfc, 0x0, 0x0, 0x0, 0xf, 0xff, 0x30,
    0xff, 0xf3, 0x0, 0x0, 0x6, 0xff, 0xf3, 0xa,
    0xff, 0xd1, 0x0, 0x2, 0xef, 0xff, 0x30, 0x1f,
    0xff, 0xf9, 0x8a, 0xff, 0xef, 0xf3, 0x0, 0x3e,
    0xff, 0xff, 0xff, 0x7c, 0xff, 0x30, 0x0, 0x18,
    0xdf, 0xfb, 0x40, 0xcf, 0xf3,

    /* U+1EA4 "Ấ" */
    0x0, 0x0, 0x0, 0x0, 0x0, 0x0, 0x4, 0xff,
    0x90, 0x0, 0x0, 0x0, 0x0, 0x0, 0x0, 0xb,
    0xfe, 0x10, 0x0, 0x0, 0x0, 0x0, 0x0, 0x0,
    0x3f, 0xf6, 0x0, 0x0, 0x0, 0x0, 0x0, 0x0,
    0x0, 0xaf, 0xc0, 0x0, 0x0, 0x0, 0x0, 0xb,
    0xdd, 0x40, 0xab, 0x30, 0x0, 0x0, 0x0, 0x0,
    0x9f, 0xef, 0xe2, 0x0, 0x0, 0x0, 0x0, 0x0,
    0x6, 0xfe, 0x2a, 0xfd, 0x0, 0x0, 0x0, 0x0,
    0x0, 0x4f, 0xf4, 0x0, 0xcf, 0xb0, 0x0, 0x0,
    0x0, 0x0, 0x1, 0x10, 0x0, 0x1, 0x10, 0x0,
    0x0, 0x0, 0x0, 0x0, 0x0, 0x0, 0x0, 0x0,
    0x0, 0x0, 0x0, 0x0, 0x0, 0x6f, 0xff, 0xd0,
    0x0, 0x0, 0x0, 0x0, 0x0, 0x0, 0xcf, 0xff,
    0xf2, 0x0, 0x0, 0x0, 0x0, 0x0, 0x2, 0xff,
    0xff, 0xf8, 0x0, 0x0, 0x0, 0x0, 0x0, 0x7,
    0xff, 0xcf, 0xfe, 0x0, 0x0, 0x0, 0x0, 0x0,
    0xd, 0xff, 0x4d, 0xff, 0x30, 0x0, 0x0, 0x0,
    0x0, 0x3f, 0xfe, 0x7, 0xff, 0x90, 0x0, 0x0,
    0x0, 0x0, 0x8f, 0xf8, 0x2, 0xff, 0xe0, 0x0,
    0x0, 0x0, 0x0, 0xef, 0xf3, 0x0, 0xcf, 0xf4,
    0x0, 0x0, 0x0, 0x4, 0xff, 0xd0, 0x0, 0x6f,
    0xfa, 0x0, 0x0, 0x0, 0x9, 0xff, 0x80, 0x0,
    0x1f, 0xff, 0x0, 0x0, 0x0, 0xe, 0xff, 0x20,
    0x0, 0xb, 0xff, 0x50, 0x0, 0x0, 0x4f, 0xfc,
    0x0, 0x0, 0x6, 0xff, 0xb0, 0x0, 0x0, 0xaf,
    0xff, 0xff, 0xff, 0xff, 0xff, 0xf1, 0x0, 0x0,
    0xff, 0xff, 0xff, 0xff, 0xff, 0xff, 0xf6, 0x0,
    0x5, 0xff, 0xeb, 0xbb, 0xbb, 0xbb, 0xcf, 0xfc,
    0x0, 0xb, 0xff, 0x70, 0x0, 0x0, 0x0, 0x1f,
    0xff, 0x20, 0x1f, 0xff, 0x10, 0x0, 0x0, 0x0,
    0xb, 0xff, 0x70, 0x6f, 0xfc, 0x0, 0x0, 0x0,
    0x0, 0x5, 0xff, 0xd0, 0xcf, 0xf6, 0x0, 0x0,
    0x0, 0x0, 0x0, 0xff, 0xf3,

    /* U+1EA5 "ấ" */
    0x0, 0x0, 0x0, 0x0, 0x0, 0x0, 0x7f, 0xf6,
    0x0, 0x0, 0x0, 0x0, 0x0, 0x0, 0xef, 0xc0,
    0x0, 0x0, 0x0, 0x0, 0x0, 0x6, 0xff, 0x30,
    0x0, 0x0, 0x0, 0x0, 0x0, 0xd, 0xfa, 0x0,
    0x0, 0x0, 0x1, 0xef, 0xf3, 0x2b, 0xb1, 0x0,
    0x0, 0x0, 0xc, 0xff, 0xfd, 0x0, 0x0, 0x0,
    0x0, 0x0, 0x9f, 0xe2, 0xdf, 0xa0, 0x0, 0x0,
    0x0, 0x5, 0xff, 0x30, 0x2f, 0xf6, 0x0, 0x0,
    0x0, 0x3, 0x42, 0x0, 0x2, 0x43, 0x0, 0x0,
    0x0, 0x0, 0x0, 0x0, 0x0, 0x0, 0x0, 0x0,
    0x0, 0x1, 0x8d, 0xfe, 0xb4, 0xc, 0xff, 0x30,
    0x0, 0x3e, 0xff, 0xff, 0xff, 0x6c, 0xff, 0x30,
    0x1, 0xff, 0xff, 0x98, 0xaf, 0xfe, 0xff, 0x30,
    0xa, 0xff, 0xd1, 0x0, 0x3, 0xef, 0xff, 0x30,
    0xf, 0xff, 0x30, 0x0, 0x0, 0x6f, 0xff, 0x30,
    0x4f, 0xfc, 0x0, 0x0, 0x0, 0xf, 0xff, 0x30,
    0x5f, 0xfa, 0x0, 0x0, 0x0, 0xc, 0xff, 0x30,
    0x5f, 0xf9, 0x0, 0x0, 0x0, 0xc, 0xff, 0x30,
    0x4f, 0xfc, 0x0, 0x0, 0x0, 0xf, 0xff, 0x30,
    0xf, 0xff, 0x30, 0x0, 0x0, 0x6f, 0xff, 0x30,
    0xa, 0xff, 0xd1, 0x0, 0x2, 0xef, 0xff, 0x30,
    0x1, 0xff, 0xff, 0x98, 0xaf, 0xfe, 0xff, 0x30,
    0x0, 0x3e, 0xff, 0xff, 0xff, 0x7c, 0xff, 0x30,
    0x0, 0x1, 0x8d, 0xff, 0xb4, 0xc, 0xff, 0x30,

    /* U+1EA6 "Ầ" */
    0x0, 0x0, 0x0, 0x0, 0x1, 0xff, 0xc0, 0x0,
    0x0, 0x0, 0x0, 0x0, 0x0, 0x0, 0x7f, 0xf4,
    0x0, 0x0, 0x0, 0x0, 0x0, 0x0, 0x0, 0xd,
    0xfb, 0x0, 0x0, 0x0, 0x0, 0x0, 0x0, 0x0,
    0x4, 0xff, 0x30, 0x0, 0x0, 0x0, 0x0, 0xb,
    0xdd, 0x40, 0x8b, 0x60, 0x0, 0x0, 0x0, 0x0,
    0x9f, 0xef, 0xe2, 0x0, 0x0, 0x0, 0x0, 0x0,
    0x6, 0xfe, 0x2a, 0xfd, 0x0, 0x0, 0x0, 0x0,
    0x0, 0x4f, 0xf4, 0x0, 0xcf, 0xb0, 0x0, 0x0,
    0x0, 0x0, 0x1, 0x10, 0x0, 0x1, 0x10, 0x0,
    0x0, 0x0, 0x0, 0x0, 0x0, 0x0, 0x0, 0x0,
    0x0, 0x0, 0x0, 0x0, 0x0, 0x6f, 0xff, 0xd0,
    0x0, 0x0, 0x0, 0x0, 0x0, 0x0, 0xcf, 0xff,
    0xf2, 0x0, 0x0, 0x0, 0x0, 0x0, 0x2, 0xff,
    0xff, 0xf8, 0x0, 0x0, 0x0, 0x0, 0x0, 0x7,
    0xff, 0xcf, 0xfe, 0x0, 0x0, 0x0, 0x0, 0x0,
    0xd, 0xff, 0x4d, 0xff, 0x30, 0x0, 0x0, 0x0,
    0x0, 0x3f, 0xfe, 0x7, 0xff, 0x90, 0x0, 0x0,
    0x0, 0x0, 0x8f, 0xf8, 0x2, 0xff, 0xe0, 0x0,
    0x0, 0x0, 0x0, 0xef, 0xf3, 0x0, 0xcf, 0xf4,
    0x0, 0x0, 0x0, 0x4, 0xff, 0xd0, 0x0, 0x6f,
    0xfa, 0x0, 0x0, 0x0, 0x9, 0xff, 0x80, 0x0,
    0x1f, 0xff, 0x0, 0x0, 0x0, 0xe, 0xff, 0x20,
    0x0, 0xb, 0xff, 0x50, 0x0, 0x0, 0x4f, 0xfc,
    0x0, 0x0, 0x6, 0xff, 0xb0, 0x0, 0x0, 0xaf,
    0xff, 0xff, 0xff, 0xff, 0xff, 0xf1, 0x0, 0x0,
    0xff, 0xff, 0xff, 0xff, 0xff, 0xff, 0xf6, 0x0,
    0x5, 0xff, 0xeb, 0xbb, 0xbb, 0xbb, 0xcf, 0xfc,
    0x0, 0xb, 0xff, 0x70, 0x0, 0x0, 0x0, 0x1f,
    0xff, 0x20, 0x1f, 0xff, 0x10, 0x0, 0x0, 0x0,
    0xb, 0xff, 0x70, 0x6f, 0xfc, 0x0, 0x0, 0x0,
    0x0, 0x5, 0xff, 0xd0, 0xcf, 0xf6, 0x0, 0x0,
    0x0, 0x0, 0x0, 0xff, 0xf3,

    /* U+1EA7 "ầ" */
    0x0, 0x0, 0x0, 0x0, 0x3f, 0xfa, 0x0, 0x0,
    0x0, 0x0, 0x0, 0x0, 0xaf, 0xf1, 0x0, 0x0,
    0x0, 0x0, 0x0, 0x1, 0xff, 0x90, 0x0, 0x0,
    0x0, 0x0, 0x0, 0x7, 0xff, 0x10, 0x0, 0x0,
    0x1, 0xef, 0xf3, 0xa, 0xb4, 0x0, 0x0, 0x0,
    0xcf, 0xff, 0xd0, 0x0, 0x0, 0x0, 0x0, 0x9f,
    0xe2, 0xdf, 0xa0, 0x0, 0x0, 0x0, 0x5f, 0xf3,
    0x2, 0xff, 0x60, 0x0, 0x0, 0x3, 0x42, 0x0,
    0x2, 0x43, 0x0, 0x0, 0x0, 0x0, 0x0, 0x0,
    0x0, 0x0, 0x0, 0x0, 0x1, 0x8d, 0xfe, 0xb4,
    0xc, 0xff, 0x30, 0x3, 0xef, 0xff, 0xff, 0xf6,
    0xcf, 0xf3, 0x1, 0xff, 0xff, 0x98, 0xaf, 0xfe,
    0xff, 0x30, 0xaf, 0xfd, 0x10, 0x0, 0x3e, 0xff,
    0xf3, 0xf, 0xff, 0x30, 0x0, 0x0, 0x6f, 0xff,
    0x34, 0xff, 0xc0, 0x0, 0x0, 0x0, 0xff, 0xf3,
    0x5f, 0xfa, 0x0, 0x0, 0x0, 0xc, 0xff, 0x35,
    0xff, 0x90, 0x0, 0x0, 0x0, 0xcf, 0xf3, 0x4f,
    0xfc, 0x0, 0x0, 0x0, 0xf, 0xff, 0x30, 0xff,
    0xf3, 0x0, 0x0, 0x6, 0xff, 0xf3, 0xa, 0xff,
    0xd1, 0x0, 0x2, 0xef, 0xff, 0x30, 0x1f, 0xff,
    0xf9, 0x8a, 0xff, 0xef, 0xf3, 0x0, 0x3e, 0xff,
    0xff, 0xff, 0x7c, 0xff, 0x30, 0x0, 0x18, 0xdf,
    0xfb, 0x40, 0xcf, 0xf3,

    /* U+1EA8 "Ẩ" */
    0x0, 0x0, 0x0, 0x0, 0x0, 0x9, 0xee, 0xb2,
    0x0, 0x0, 0x0, 0x0, 0x0, 0x0, 0x9f, 0xdc,
    0xfe, 0x0, 0x0, 0x0, 0x0, 0x0, 0x0, 0x9b,
    0x10, 0xdf, 0x20, 0x0, 0x0, 0x0, 0x0, 0x0,
    0x0, 0x6, 0xfe, 0x0, 0x0, 0x0, 0x0, 0x0,
    0x0, 0x0, 0xaf, 0xd3, 0x0, 0x0, 0x0, 0x0,
    0xb, 0xdd, 0x30, 0xde, 0x0, 0x0, 0x0, 0x0,
    0x0, 0xaf, 0xef, 0xe1, 0x0, 0x0, 0x0, 0x0,
    0x0, 0x7, 0xfe, 0x2a, 0xfc, 0x0, 0x0, 0x0,
    0x0, 0x0, 0x4f, 0xf4, 0x0, 0xcf, 0xa0, 0x0,
    0x0, 0x0, 0x0, 0x1, 0x10, 0x0, 0x1, 0x10,
    0x0, 0x0, 0x0, 0x0, 0x0, 0x0, 0x0, 0x0,
    0x0, 0x0, 0x0, 0x0, 0x0, 0x0, 0x6f, 0xff,
    0xd0, 0x0, 0x0, 0x0, 0x0, 0x0, 0x0, 0xcf,
    0xff, 0xf2, 0x0, 0x0, 0x0, 0x0, 0x0, 0x2,
    0xff, 0xff, 0xf8, 0x0, 0x0, 0x0, 0x0, 0x0,
    0x7, 0xff, 0xcf, 0xfe, 0x0, 0x0, 0x0, 0x0,
    0x0, 0xd, 0xff, 0x4d, 0xff, 0x30, 0x0, 0x0,
    0x0, 0x0, 0x3f, 0xfe, 0x7, 0xff, 0x90, 0x0,
    0x0, 0x0, 0x0, 0x8f, 0xf8, 0x2, 0xff, 0xe0,
    0x0, 0x0, 0x0, 0x0, 0xef, 0xf3, 0x0, 0xcf,
    0xf4, 0x0, 0x0, 0x0, 0x4, 0xff, 0xd0, 0x0,
    0x6f, 0xfa, 0x0, 0x0, 0x0, 0x9, 0xff, 0x80,
    0x0, 0x1f, 0xff, 0x0, 0x0, 0x0, 0xe, 0xff,
    0x20, 0x0, 0xb, 0xff, 0x50, 0x0, 0x0, 0x4f,
    0xfc, 0x0, 0x0, 0x6, 0xff, 0xb0, 0x0, 0x0,
    0xaf, 0xff, 0xff, 0xff, 0xff, 0xff, 0xf1, 0x0,
    0x0, 0xff, 0xff, 0xff, 0xff, 0xff, 0xff, 0xf6,
    0x0, 0x5, 0xff, 0xeb, 0xbb, 0xbb, 0xbb, 0xcf,
    0xfc, 0x0, 0xb, 0xff, 0x70, 0x0, 0x0, 0x0,
    0x1f, 0xff, 0x20, 0x1f, 0xff, 0x10, 0x0, 0x0,
    0x0, 0xb, 0xff, 0x70, 0x6f, 0xfc, 0x0, 0x0,
    0x0, 0x0, 0x5, 0xff, 0xd0, 0xcf, 0xf6, 0x0,
    0x0, 0x0, 0x0, 0x0, 0xff, 0xf3,

    /* U+1EA9 "ẩ" */
    0x0, 0x0, 0x0, 0x0, 0x1, 0xbf, 0xea, 0x10,
    0x0, 0x0, 0x0, 0x0, 0xc, 0xfc, 0xcf, 0xb0,
    0x0, 0x0, 0x0, 0x0, 0xa, 0x90, 0xf, 0xf0,
    0x0, 0x0, 0x0, 0x0, 0x0, 0x0, 0x9f, 0xc0,
    0x0, 0x0, 0x0, 0x0, 0x0, 0xd, 0xfb, 0x10,
    0x0, 0x0, 0x2, 0xef, 0xf2, 0xe, 0xb0, 0x0,
    0x0, 0x0, 0xc, 0xfe, 0xfd, 0x0, 0x0, 0x0,
    0x0, 0x0, 0x9f, 0xd1, 0xdf, 0xa0, 0x0, 0x0,
    0x0, 0x5, 0xff, 0x30, 0x2f, 0xf6, 0x0, 0x0,
    0x0, 0x2, 0x32, 0x0, 0x2, 0x33, 0x0, 0x0,
    0x0, 0x0, 0x0, 0x0, 0x0, 0x0, 0x0, 0x0,
    0x0, 0x1, 0x8d, 0xfe, 0xb4, 0xc, 0xff, 0x30,
    0x0, 0x3e, 0xff, 0xff, 0xff, 0x6c, 0xff, 0x30,
    0x1, 0xff, 0xff, 0x98, 0xaf, 0xfe, 0xff, 0x30,
    0xa, 0xff, 0xd1, 0x0, 0x3, 0xef, 0xff, 0x30,
    0xf, 0xff, 0x30, 0x0, 0x0, 0x6f, 0xff, 0x30,
    0x4f, 0xfc, 0x0, 0x0, 0x0, 0xf, 0xff, 0x30,
    0x5f, 0xfa, 0x0, 0x0, 0x0, 0xc, 0xff, 0x30,
    0x5f, 0xf9, 0x0, 0x0, 0x0, 0xc, 0xff, 0x30,
    0x4f, 0xfc, 0x0, 0x0, 0x0, 0xf, 0xff, 0x30,
    0xf, 0xff, 0x30, 0x0, 0x0, 0x6f, 0xff, 0x30,
    0xa, 0xff, 0xd1, 0x0, 0x2, 0xef, 0xff, 0x30,
    0x1, 0xff, 0xff, 0x98, 0xaf, 0xfe, 0xff, 0x30,
    0x0, 0x3e, 0xff, 0xff, 0xff, 0x7c, 0xff, 0x30,
    0x0, 0x1, 0x8d, 0xff, 0xb4, 0xc, 0xff, 0x30,

    /* U+1EAA "Ẫ" */
    0x0, 0x0, 0x5, 0xee, 0x50, 0xe, 0xd0, 0x0,
    0x0, 0x0, 0x0, 0x1f, 0xff, 0xf7, 0x2f, 0xc0,
    0x0, 0x0, 0x0, 0x0, 0x5f, 0x92, 0xef, 0xff,
    0x80, 0x0, 0x0, 0x0, 0x0, 0x7f, 0x50, 0x1b,
    0xfb, 0x0, 0x0, 0x0, 0x0, 0x0, 0x0, 0x0,
    0x0, 0x0, 0x0, 0x0, 0x0, 0x0, 0x0, 0x0,
    0x1d, 0xff, 0x50, 0x0, 0x0, 0x0, 0x0, 0x0,
    0x0, 0xbf, 0xef, 0xf2, 0x0, 0x0, 0x0, 0x0,
    0x0, 0x8, 0xfe, 0x19, 0xfd, 0x0, 0x0, 0x0,
    0x0, 0x0, 0x5f, 0xf3, 0x0, 0xcf, 0xb0, 0x0,
    0x0, 0x0, 0x0, 0x0, 0x0, 0x0, 0x0, 0x0,
    0x0, 0x0, 0x0, 0x0, 0x0, 0x0, 0x0, 0x0,
    0x0, 0x0, 0x0, 0x0, 0x0, 0x0, 0x6f, 0xff,
    0xd0, 0x0, 0x0, 0x0, 0x0, 0x0, 0x0, 0xcf,
    0xff, 0xf2, 0x0, 0x0, 0x0, 0x0, 0x0, 0x2,
    0xff, 0xff, 0xf8, 0x0, 0x0, 0x0, 0x0, 0x0,
    0x7, 0xff, 0xcf, 0xfe, 0x0, 0x0, 0x0, 0x0,
    0x0, 0xd, 0xff, 0x4d, 0xff, 0x30, 0x0, 0x0,
    0x0, 0x0, 0x3f, 0xfe, 0x7, 0xff, 0x90, 0x0,
    0x0, 0x0, 0x0, 0x8f, 0xf8, 0x2, 0xff, 0xe0,
    0x0, 0x0, 0x0, 0x0, 0xef, 0xf3, 0x0, 0xcf,
    0xf4, 0x0, 0x0, 0x0, 0x4, 0xff, 0xd0, 0x0,
    0x6f, 0xfa, 0x0, 0x0, 0x0, 0x9, 0xff, 0x80,
    0x0, 0x1f, 0xff, 0x0, 0x0, 0x0, 0xe, 0xff,
    0x20, 0x0, 0xb, 0xff, 0x50, 0x0, 0x0, 0x4f,
    0xfc, 0x0, 0x0, 0x6, 0xff, 0xb0, 0x0, 0x0,
    0xaf, 0xff, 0xff, 0xff, 0xff, 0xff, 0xf1, 0x0,
    0x0, 0xff, 0xff, 0xff, 0xff, 0xff, 0xff, 0xf6,
    0x0, 0x5, 0xff, 0xeb, 0xbb, 0xbb, 0xbb, 0xcf,
    0xfc, 0x0, 0xb, 0xff, 0x70, 0x0, 0x0, 0x0,
    0x1f, 0xff, 0x20, 0x1f, 0xff, 0x10, 0x0, 0x0,
    0x0, 0xb, 0xff, 0x70, 0x6f, 0xfc, 0x0, 0x0,
    0x0, 0x0, 0x5, 0xff, 0xd0, 0xcf, 0xf6, 0x0,
    0x0, 0x0, 0x0, 0x0, 0xff, 0xf3,

    /* U+1EAB "ẫ" */
    0x0, 0x0, 0xaf, 0xea, 0x24, 0xfa, 0x0, 0x0,
    0x0, 0x6f, 0xff, 0xff, 0xff, 0x70, 0x0, 0x0,
    0x9, 0xf4, 0x19, 0xef, 0xb0, 0x0, 0x0, 0x0,
    0x0, 0x0, 0x0, 0x0, 0x0, 0x0, 0x0, 0x0,
    0x2, 0xef, 0xf2, 0x0, 0x0, 0x0, 0x0, 0x0,
    0xcf, 0xef, 0xd0, 0x0, 0x0, 0x0, 0x0, 0x9f,
    0xd1, 0xdf, 0xa0, 0x0, 0x0, 0x0, 0x5f, 0xf3,
    0x2, 0xff, 0x60, 0x0, 0x0, 0x2, 0x32, 0x0,
    0x2, 0x33, 0x0, 0x0, 0x0, 0x0, 0x0, 0x0,
    0x0, 0x0, 0x0, 0x0, 0x1, 0x8d, 0xfe, 0xb4,
    0xc, 0xff, 0x30, 0x3, 0xef, 0xff, 0xff, 0xf6,
    0xcf, 0xf3, 0x1, 0xff, 0xff, 0x98, 0xaf, 0xfe,
    0xff, 0x30, 0xaf, 0xfd, 0x10, 0x0, 0x3e, 0xff,
    0xf3, 0xf, 0xff, 0x30, 0x0, 0x0, 0x6f, 0xff,
    0x34, 0xff, 0xc0, 0x0, 0x0, 0x0, 0xff, 0xf3,
    0x5f, 0xfa, 0x0, 0x0, 0x0, 0xc, 0xff, 0x35,
    0xff, 0x90, 0x0, 0x0, 0x0, 0xcf, 0xf3, 0x4f,
    0xfc, 0x0, 0x0, 0x0, 0xf, 0xff, 0x30, 0xff,
    0xf3, 0x0, 0x0, 0x6, 0xff, 0xf3, 0xa, 0xff,
    0xd1, 0x0, 0x2, 0xef, 0xff, 0x30, 0x1f, 0xff,
    0xf9, 0x8a, 0xff, 0xef, 0xf3, 0x0, 0x3e, 0xff,
    0xff, 0xff, 0x7c, 0xff, 0x30, 0x0, 0x18, 0xdf,
    0xfb, 0x40, 0xcf, 0xf3,

    /* U+1EAC "Ậ" */
    0x0, 0x0, 0x0, 0xd, 0xff, 0x50, 0x0, 0x0,
    0x0, 0x0, 0x0, 0x0, 0xbf, 0xef, 0xf3, 0x0,
    0x0, 0x0, 0x0, 0x0, 0x8, 0xfe, 0x19, 0xfe,
    0x10, 0x0, 0x0, 0x0, 0x0, 0x5f, 0xf3, 0x0,
    0xbf, 0xb0, 0x0, 0x0, 0x0, 0x0, 0x0, 0x0,
    0x0, 0x0, 0x0, 0x0, 0x0, 0x0, 0x0, 0x0,
    0x0, 0x0, 0x0, 0x0, 0x0, 0x0, 0x0, 0x0,
    0x0, 0x6f, 0xff, 0xd0, 0x0, 0x0, 0x0, 0x0,
    0x0, 0x0, 0xcf, 0xff, 0xf2, 0x0, 0x0, 0x0,
    0x0, 0x0, 0x2, 0xff, 0xff, 0xf8, 0x0, 0x0,
    0x0, 0x0, 0x0, 0x7, 0xff, 0xcf, 0xfe, 0x0,
    0x0, 0x0, 0x0, 0x0, 0xd, 0xff, 0x4d, 0xff,
    0x30, 0x0, 0x0, 0x0, 0x0, 0x3f, 0xfe, 0x7,
    0xff, 0x90, 0x0, 0x0, 0x0, 0x0, 0x8f, 0xf8,
    0x2, 0xff, 0xe0, 0x0, 0x0, 0x0, 0x0, 0xef,
    0xf3, 0x0, 0xcf, 0xf4, 0x0, 0x0, 0x0, 0x4,
    0xff, 0xd0, 0x0, 0x6f, 0xfa, 0x0, 0x0, 0x0,
    0x9, 0xff, 0x80, 0x0, 0x1f, 0xff, 0x0, 0x0,
    0x0, 0xe, 0xff, 0x20, 0x0, 0xb, 0xff, 0x50,
    0x0, 0x0, 0x4f, 0xfc, 0x0, 0x0, 0x6, 0xff,
    0xb0, 0x0, 0x0, 0xaf, 0xff, 0xff, 0xff, 0xff,
    0xff, 0xf1, 0x0, 0x0, 0xff, 0xff, 0xff, 0xff,
    0xff, 0xff, 0xf6, 0x0, 0x5, 0xff, 0xeb, 0xbb,
    0xbb, 0xbb, 0xcf, 0xfc, 0x0, 0xb, 0xff, 0x70,
    0x0, 0x0, 0x0, 0x1f, 0xff, 0x20, 0x1f, 0xff,
    0x10, 0x0, 0x0, 0x0, 0xb, 0xff, 0x70, 0x6f,
    0xfc, 0x0, 0x0, 0x0, 0x0, 0x5, 0xff, 0xd0,
    0xcf, 0xf6, 0x0, 0x0, 0x0, 0x0, 0x0, 0xff,
    0xf3, 0x0, 0x0, 0x0, 0x0, 0x0, 0x0, 0x0,
    0x0, 0x0, 0x0, 0x0, 0x0, 0x0, 0x0, 0x0,
    0x0, 0x0, 0x0, 0x0, 0x0, 0x0, 0x2, 0x96,
    0x0, 0x0, 0x0, 0x0, 0x0, 0x0, 0x0, 0xe,
    0xff, 0x50, 0x0, 0x0, 0x0, 0x0, 0x0, 0x0,
    0xf, 0xff, 0x70, 0x0, 0x0, 0x0, 0x0, 0x0,
    0x0, 0x7, 0xfc, 0x10, 0x0, 0x0, 0x0,

    /* U+1EAD "ậ" */
    0x0, 0x0, 0x1, 0xef, 0xf2, 0x0, 0x0, 0x0,
    0x0, 0x0, 0xcf, 0xef, 0xd0, 0x0, 0x0, 0x0,
    0x0, 0x8f, 0xe1, 0xdf, 0x90, 0x0, 0x0, 0x0,
    0x3f, 0xf4, 0x2, 0xff, 0x50, 0x0, 0x0, 0x4,
    0x64, 0x0, 0x4, 0x65, 0x0, 0x0, 0x0, 0x0,
    0x0, 0x0, 0x0, 0x0, 0x0, 0x0, 0x1, 0x8d,
    0xfe, 0xb4, 0xc, 0xff, 0x30, 0x3, 0xef, 0xff,
    0xff, 0xf6, 0xcf, 0xf3, 0x1, 0xff, 0xff, 0x98,
    0xaf, 0xfe, 0xff, 0x30, 0xaf, 0xfd, 0x10, 0x0,
    0x3e, 0xff, 0xf3, 0xf, 0xff, 0x30, 0x0, 0x0,
    0x6f, 0xff, 0x34, 0xff, 0xc0, 0x0, 0x0, 0x0,
    0xff, 0xf3, 0x5f, 0xfa, 0x0, 0x0, 0x0, 0xc,
    0xff, 0x35, 0xff, 0x90, 0x0, 0x0, 0x0, 0xcf,
    0xf3, 0x4f, 0xfc, 0x0, 0x0, 0x0, 0xf, 0xff,
    0x30, 0xff, 0xf3, 0x0, 0x0, 0x6, 0xff, 0xf3,
    0xa, 0xff, 0xd1, 0x0, 0x2, 0xef, 0xff, 0x30,
    0x1f, 0xff, 0xf9, 0x8a, 0xff, 0xef, 0xf3, 0x0,
    0x3e, 0xff, 0xff, 0xff, 0x7c, 0xff, 0x30, 0x0,
    0x18, 0xdf, 0xfb, 0x40, 0xcf, 0xf3, 0x0, 0x0,
    0x0, 0x0, 0x0, 0x0, 0x0, 0x0, 0x0, 0x0,
    0x0, 0x0, 0x0, 0x0, 0x0, 0x0, 0x0, 0x0,
    0x9f, 0xa0, 0x0, 0x0, 0x0, 0x0, 0x0, 0x3f,
    0xff, 0x40, 0x0, 0x0, 0x0, 0x0, 0x1, 0xff,
    0xf2, 0x0, 0x0, 0x0, 0x0, 0x0, 0x4, 0x94,
    0x0, 0x0, 0x0,

    /* U+1EAE "Ắ" */
    0x0, 0x0, 0x0, 0x0, 0x8, 0xff, 0x50, 0x0,
    0x0, 0x0, 0x0, 0x0, 0x0, 0xe, 0xfb, 0x0,
    0x0, 0x0, 0x0, 0x0, 0x0, 0x0, 0x7f, 0xf2,
    0x0, 0x0, 0x0, 0x0, 0x0, 0x0, 0x0, 0xef,
    0x90, 0x0, 0x0, 0x0, 0x0, 0x0, 0x0, 0x3,
    0xba, 0x10, 0x0, 0x0, 0x0, 0x0, 0x0, 0x59,
    0x50, 0x0, 0x19, 0x90, 0x0, 0x0, 0x0, 0x0,
    0x5f, 0xe2, 0x0, 0x9f, 0xc0, 0x0, 0x0, 0x0,
    0x0, 0xc, 0xff, 0xde, 0xff, 0x40, 0x0, 0x0,
    0x0, 0x0, 0x0, 0x9e, 0xff, 0xb3, 0x0, 0x0,
    0x0, 0x0, 0x0, 0x0, 0x0, 0x0, 0x0, 0x0,
    0x0, 0x0, 0x0, 0x0, 0x0, 0x0, 0x0, 0x0,
    0x0, 0x0, 0x0, 0x0, 0x0, 0x0, 0x6f, 0xff,
    0xd0, 0x0, 0x0, 0x0, 0x0, 0x0, 0x0, 0xcf,
    0xff, 0xf2, 0x0, 0x0, 0x0, 0x0, 0x0, 0x2,
    0xff, 0xff, 0xf8, 0x0, 0x0, 0x0, 0x0, 0x0,
    0x7, 0xff, 0xcf, 0xfe, 0x0, 0x0, 0x0, 0x0,
    0x0, 0xd, 0xff, 0x4d, 0xff, 0x30, 0x0, 0x0,
    0x0, 0x0, 0x3f, 0xfe, 0x7, 0xff, 0x90, 0x0,
    0x0, 0x0, 0x0, 0x8f, 0xf8, 0x2, 0xff, 0xe0,
    0x0, 0x0, 0x0, 0x0, 0xef, 0xf3, 0x0, 0xcf,
    0xf4, 0x0, 0x0, 0x0, 0x4, 0xff, 0xd0, 0x0,
    0x6f, 0xfa, 0x0, 0x0, 0x0, 0x9, 0xff, 0x80,
    0x0, 0x1f, 0xff, 0x0, 0x0, 0x0, 0xe, 0xff,
    0x20, 0x0, 0xb, 0xff, 0x50, 0x0, 0x0, 0x4f,
    0xfc, 0x0, 0x0, 0x6, 0xff, 0xb0, 0x0, 0x0,
    0xaf, 0xff, 0xff, 0xff, 0xff, 0xff, 0xf1, 0x0,
    0x0, 0xff, 0xff, 0xff, 0xff, 0xff, 0xff, 0xf6,
    0x0, 0x5, 0xff, 0xeb, 0xbb, 0xbb, 0xbb, 0xcf,
    0xfc, 0x0, 0xb, 0xff, 0x70, 0x0, 0x0, 0x0,
    0x1f, 0xff, 0x20, 0x1f, 0xff, 0x10, 0x0, 0x0,
    0x0, 0xb, 0xff, 0x70, 0x6f, 0xfc, 0x0, 0x0,
    0x0, 0x0, 0x5, 0xff, 0xd0, 0xcf, 0xf6, 0x0,
    0x0, 0x0, 0x0, 0x0, 0xff, 0xf3,

    /* U+1EAF "ắ" */
    0x0, 0x0, 0x0, 0x0, 0xbf, 0xf2, 0x0, 0x0,
    0x0, 0x0, 0x0, 0x2f, 0xf9, 0x0, 0x0, 0x0,
    0x0, 0x0, 0x9, 0xfe, 0x10, 0x0, 0x0, 0x0,
    0x0, 0x1, 0xff, 0x60, 0x0, 0x0, 0x0, 0x0,
    0x0, 0x5b, 0x90, 0x0, 0x0, 0x0, 0x0, 0x0,
    0x0, 0x0, 0x0, 0x0, 0x0, 0x0, 0xa, 0xfa,
    0x0, 0x8, 0xfc, 0x0, 0x0, 0x0, 0x3f, 0xff,
    0xdf, 0xff, 0x40, 0x0, 0x0, 0x0, 0x3b, 0xef,
    0xeb, 0x40, 0x0, 0x0, 0x0, 0x0, 0x0, 0x0,
    0x0, 0x0, 0x0, 0x0, 0x0, 0x0, 0x0, 0x0,
    0x0, 0x0, 0x0, 0x0, 0x18, 0xdf, 0xeb, 0x40,
    0xcf, 0xf3, 0x0, 0x3e, 0xff, 0xff, 0xff, 0x6c,
    0xff, 0x30, 0x1f, 0xff, 0xf9, 0x8a, 0xff, 0xef,
    0xf3, 0xa, 0xff, 0xd1, 0x0, 0x3, 0xef, 0xff,
    0x30, 0xff, 0xf3, 0x0, 0x0, 0x6, 0xff, 0xf3,
    0x4f, 0xfc, 0x0, 0x0, 0x0, 0xf, 0xff, 0x35,
    0xff, 0xa0, 0x0, 0x0, 0x0, 0xcf, 0xf3, 0x5f,
    0xf9, 0x0, 0x0, 0x0, 0xc, 0xff, 0x34, 0xff,
    0xc0, 0x0, 0x0, 0x0, 0xff, 0xf3, 0xf, 0xff,
    0x30, 0x0, 0x0, 0x6f, 0xff, 0x30, 0xaf, 0xfd,
    0x10, 0x0, 0x2e, 0xff, 0xf3, 0x1, 0xff, 0xff,
    0x98, 0xaf, 0xfe, 0xff, 0x30, 0x3, 0xef, 0xff,
    0xff, 0xf7, 0xcf, 0xf3, 0x0, 0x1, 0x8d, 0xff,
    0xb4, 0xc, 0xff, 0x30,

    /* U+1EB0 "Ằ" */
    0x0, 0x0, 0xd, 0xff, 0x0, 0x0, 0x0, 0x0,
    0x0, 0x0, 0x0, 0x4, 0xff, 0x70, 0x0, 0x0,
    0x0, 0x0, 0x0, 0x0, 0x0, 0xbf, 0xe0, 0x0,
    0x0, 0x0, 0x0, 0x0, 0x0, 0x0, 0x2f, 0xf6,
    0x0, 0x0, 0x0, 0x0, 0x0, 0x0, 0x0, 0x6,
    0xb8, 0x0, 0x0, 0x0, 0x0, 0x0, 0x0, 0x69,
    0x50, 0x0, 0x19, 0x90, 0x0, 0x0, 0x0, 0x0,
    0x6f, 0xe2, 0x0, 0xaf, 0xb0, 0x0, 0x0, 0x0,
    0x0, 0xd, 0xff, 0xde, 0xff, 0x30, 0x0, 0x0,
    0x0, 0x0, 0x1, 0x9e, 0xfe, 0xb3, 0x0, 0x0,
    0x0, 0x0, 0x0, 0x0, 0x0, 0x0, 0x0, 0x0,
    0x0, 0x0, 0x0, 0x0, 0x0, 0x0, 0x0, 0x0,
    0x0, 0x0, 0x0, 0x0, 0x0, 0x0, 0x6f, 0xff,
    0xd0, 0x0, 0x0, 0x0, 0x0, 0x0, 0x0, 0xcf,
    0xff, 0xf2, 0x0, 0x0, 0x0, 0x0, 0x0, 0x2,
    0xff, 0xff, 0xf8, 0x0, 0x0, 0x0, 0x0, 0x0,
    0x7, 0xff, 0xcf, 0xfe, 0x0, 0x0, 0x0, 0x0,
    0x0, 0xd, 0xff, 0x4d, 0xff, 0x30, 0x0, 0x0,
    0x0, 0x0, 0x3f, 0xfe, 0x7, 0xff, 0x90, 0x0,
    0x0, 0x0, 0x0, 0x8f, 0xf8, 0x2, 0xff, 0xe0,
    0x0, 0x0, 0x0, 0x0, 0xef, 0xf3, 0x0, 0xcf,
    0xf4, 0x0, 0x0, 0x0, 0x4, 0xff, 0xd0, 0x0,
    0x6f, 0xfa, 0x0, 0x0, 0x0, 0x9, 0xff, 0x80,
    0x0, 0x1f, 0xff, 0x0, 0x0, 0x0, 0xe, 0xff,
    0x20, 0x0, 0xb, 0xff, 0x50, 0x0, 0x0, 0x4f,
    0xfc, 0x0, 0x0, 0x6, 0xff, 0xb0, 0x0, 0x0,
    0xaf, 0xff, 0xff, 0xff, 0xff, 0xff, 0xf1, 0x0,
    0x0, 0xff, 0xff, 0xff, 0xff, 0xff, 0xff, 0xf6,
    0x0, 0x5, 0xff, 0xeb, 0xbb, 0xbb, 0xbb, 0xcf,
    0xfc, 0x0, 0xb, 0xff, 0x70, 0x0, 0x0, 0x0,
    0x1f, 0xff, 0x20, 0x1f, 0xff, 0x10, 0x0, 0x0,
    0x0, 0xb, 0xff, 0x70, 0x6f, 0xfc, 0x0, 0x0,
    0x0, 0x0, 0x5, 0xff, 0xd0, 0xcf, 0xf6, 0x0,
    0x0, 0x0, 0x0, 0x0, 0xff, 0xf3,

    /* U+1EB1 "ằ" */
    0x0, 0x1, 0xff, 0xd0, 0x0, 0x0, 0x0, 0x0,
    0x0, 0x7, 0xff, 0x40, 0x0, 0x0, 0x0, 0x0,
    0x0, 0xd, 0xfc, 0x0, 0x0, 0x0, 0x0, 0x0,
    0x0, 0x4f, 0xf3, 0x0, 0x0, 0x0, 0x0, 0x0,
    0x0, 0x8b, 0x60, 0x0, 0x0, 0x0, 0x0, 0x0,
    0x0, 0x0, 0x0, 0x0, 0x0, 0x0, 0xb, 0xf9,
    0x0, 0x9, 0xfb, 0x0, 0x0, 0x0, 0x3f, 0xff,
    0xdf, 0xff, 0x30, 0x0, 0x0, 0x0, 0x3b, 0xef,
    0xeb, 0x30, 0x0, 0x0, 0x0, 0x0, 0x0, 0x0,
    0x0, 0x0, 0x0, 0x0, 0x0, 0x0, 0x0, 0x0,
    0x0, 0x0, 0x0, 0x0, 0x18, 0xdf, 0xeb, 0x40,
    0xcf, 0xf3, 0x0, 0x3e, 0xff, 0xff, 0xff, 0x6c,
    0xff, 0x30, 0x1f, 0xff, 0xf9, 0x8a, 0xff, 0xef,
    0xf3, 0xa, 0xff, 0xd1, 0x0, 0x3, 0xef, 0xff,
    0x30, 0xff, 0xf3, 0x0, 0x0, 0x6, 0xff, 0xf3,
    0x4f, 0xfc, 0x0, 0x0, 0x0, 0xf, 0xff, 0x35,
    0xff, 0xa0, 0x0, 0x0, 0x0, 0xcf, 0xf3, 0x5f,
    0xf9, 0x0, 0x0, 0x0, 0xc, 0xff, 0x34, 0xff,
    0xc0, 0x0, 0x0, 0x0, 0xff, 0xf3, 0xf, 0xff,
    0x30, 0x0, 0x0, 0x6f, 0xff, 0x30, 0xaf, 0xfd,
    0x10, 0x0, 0x2e, 0xff, 0xf3, 0x1, 0xff, 0xff,
    0x98, 0xaf, 0xfe, 0xff, 0x30, 0x3, 0xef, 0xff,
    0xff, 0xf7, 0xcf, 0xf3, 0x0, 0x1, 0x8d, 0xff,
    0xb4, 0xc, 0xff, 0x30,

    /* U+1EB2 "Ẳ" */
    0x0, 0x0, 0x0, 0x3c, 0xfe, 0x90, 0x0, 0x0,
    0x0, 0x0, 0x0, 0x0, 0xef, 0xbd, 0xf8, 0x0,
    0x0, 0x0, 0x0, 0x0, 0x2, 0xa8, 0x3, 0xfc,
    0x0, 0x0, 0x0, 0x0, 0x0, 0x0, 0x0, 0x2c,
    0xf7, 0x0, 0x0, 0x0, 0x0, 0x0, 0x0, 0x2,
    0xff, 0x70, 0x0, 0x0, 0x0, 0x0, 0x0, 0x0,
    0x3, 0xb7, 0x0, 0x0, 0x0, 0x0, 0x0, 0x0,
    0x7b, 0x60, 0x0, 0x2b, 0xb0, 0x0, 0x0, 0x0,
    0x0, 0x5f, 0xe2, 0x0, 0xaf, 0xb0, 0x0, 0x0,
    0x0, 0x0, 0xc, 0xff, 0xdf, 0xff, 0x30, 0x0,
    0x0, 0x0, 0x0, 0x1, 0x9e, 0xfe, 0xb3, 0x0,
    0x0, 0x0, 0x0, 0x0, 0x0, 0x0, 0x0, 0x0,
    0x0, 0x0, 0x0, 0x0, 0x0, 0x0, 0x0, 0x0,
    0x0, 0x0, 0x0, 0x0, 0x0, 0x0, 0x0, 0x6f,
    0xff, 0xd0, 0x0, 0x0, 0x0, 0x0, 0x0, 0x0,
    0xcf, 0xff, 0xf2, 0x0, 0x0, 0x0, 0x0, 0x0,
    0x2, 0xff, 0xff, 0xf8, 0x0, 0x0, 0x0, 0x0,
    0x0, 0x7, 0xff, 0xcf, 0xfe, 0x0, 0x0, 0x0,
    0x0, 0x0, 0xd, 0xff, 0x4d, 0xff, 0x30, 0x0,
    0x0, 0x0, 0x0, 0x3f, 0xfe, 0x7, 0xff, 0x90,
    0x0, 0x0, 0x0, 0x0, 0x8f, 0xf8, 0x2, 0xff,
    0xe0, 0x0, 0x0, 0x0, 0x0, 0xef, 0xf3, 0x0,
    0xcf, 0xf4, 0x0, 0x0, 0x0, 0x4, 0xff, 0xd0,
    0x0, 0x6f, 0xfa, 0x0, 0x0, 0x0, 0x9, 0xff,
    0x80, 0x0, 0x1f, 0xff, 0x0, 0x0, 0x0, 0xe,
    0xff, 0x20, 0x0, 0xb, 0xff, 0x50, 0x0, 0x0,
    0x4f, 0xfc, 0x0, 0x0, 0x6, 0xff, 0xb0, 0x0,
    0x0, 0xaf, 0xff, 0xff, 0xff, 0xff, 0xff, 0xf1,
    0x0, 0x0, 0xff, 0xff, 0xff, 0xff, 0xff, 0xff,
    0xf6, 0x0, 0x5, 0xff, 0xeb, 0xbb, 0xbb, 0xbb,
    0xcf, 0xfc, 0x0, 0xb, 0xff, 0x70, 0x0, 0x0,
    0x0, 0x1f, 0xff, 0x20, 0x1f, 0xff, 0x10, 0x0,
    0x0, 0x0, 0xb, 0xff, 0x70, 0x6f, 0xfc, 0x0,
    0x0, 0x0, 0x0, 0x5, 0xff, 0xd0, 0xcf, 0xf6,
    0x0, 0x0, 0x0, 0x0, 0x0, 0xff, 0xf3,

    /* U+1EB3 "ẳ" */
    0x0, 0x0, 0x4, 0xdf, 0xd6, 0x0, 0x0, 0x0,
    0x0, 0x1, 0xff, 0xbe, 0xf5, 0x0, 0x0, 0x0,
    0x0, 0x4d, 0x80, 0x6f, 0x90, 0x0, 0x0, 0x0,
    0x0, 0x0, 0xb, 0xf8, 0x0, 0x0, 0x0, 0x0,
    0x0, 0x1d, 0xfd, 0x10, 0x0, 0x0, 0x0, 0x0,
    0x6, 0xfb, 0x0, 0x0, 0x0, 0x0, 0x0, 0x0,
    0x26, 0x20, 0x0, 0x0, 0x0, 0x0, 0xbf, 0x90,
    0x0, 0x9f, 0xb0, 0x0, 0x0, 0x3, 0xff, 0xfd,
    0xff, 0xf3, 0x0, 0x0, 0x0, 0x3, 0xbe, 0xfe,
    0xb3, 0x0, 0x0, 0x0, 0x0, 0x0, 0x0, 0x0,
    0x0, 0x0, 0x0, 0x0, 0x0, 0x0, 0x0, 0x0,
    0x0, 0x0, 0x0, 0x1, 0x8d, 0xfe, 0xb4, 0xc,
    0xff, 0x30, 0x3, 0xef, 0xff, 0xff, 0xf6, 0xcf,
    0xf3, 0x1, 0xff, 0xff, 0x98, 0xaf, 0xfe, 0xff,
    0x30, 0xaf, 0xfd, 0x10, 0x0, 0x3e, 0xff, 0xf3,
    0xf, 0xff, 0x30, 0x0, 0x0, 0x6f, 0xff, 0x34,
    0xff, 0xc0, 0x0, 0x0, 0x0, 0xff, 0xf3, 0x5f,
    0xfa, 0x0, 0x0, 0x0, 0xc, 0xff, 0x35, 0xff,
    0x90, 0x0, 0x0, 0x0, 0xcf, 0xf3, 0x4f, 0xfc,
    0x0, 0x0, 0x0, 0xf, 0xff, 0x30, 0xff, 0xf3,
    0x0, 0x0, 0x6, 0xff, 0xf3, 0xa, 0xff, 0xd1,
    0x0, 0x2, 0xef, 0xff, 0x30, 0x1f, 0xff, 0xf9,
    0x8a, 0xff, 0xef, 0xf3, 0x0, 0x3e, 0xff, 0xff,
    0xff, 0x7c, 0xff, 0x30, 0x0, 0x18, 0xdf, 0xfb,
    0x40, 0xcf, 0xf3,

    /* U+1EB4 "Ẵ" */
    0x0, 0x0, 0x6, 0xee, 0x50, 0xe, 0xe0, 0x0,
    0x0, 0x0, 0x0, 0x1f, 0xff, 0xf7, 0x2f, 0xc0,
    0x0, 0x0, 0x0, 0x0, 0x5f, 0x92, 0xef, 0xff,
    0x80, 0x0, 0x0, 0x0, 0x0, 0x6f, 0x50, 0x1b,
    0xfb, 0x0, 0x0, 0x0, 0x0, 0x0, 0x0, 0x0,
    0x0, 0x0, 0x0, 0x0, 0x0, 0x0, 0x0, 0x7d,
    0x70, 0x0, 0x1d, 0xc0, 0x0, 0x0, 0x0, 0x0,
    0x4f, 0xe3, 0x0, 0xaf, 0xb0, 0x0, 0x0, 0x0,
    0x0, 0xb, 0xff, 0xdf, 0xff, 0x30, 0x0, 0x0,
    0x0, 0x0, 0x0, 0x8d, 0xfe, 0xb3, 0x0, 0x0,
    0x0, 0x0, 0x0, 0x0, 0x0, 0x0, 0x0, 0x0,
    0x0, 0x0, 0x0, 0x0, 0x0, 0x0, 0x0, 0x0,
    0x0, 0x0, 0x0, 0x0, 0x0, 0x0, 0x6f, 0xff,
    0xd0, 0x0, 0x0, 0x0, 0x0, 0x0, 0x0, 0xcf,
    0xff, 0xf2, 0x0, 0x0, 0x0, 0x0, 0x0, 0x2,
    0xff, 0xff, 0xf8, 0x0, 0x0, 0x0, 0x0, 0x0,
    0x7, 0xff, 0xcf, 0xfe, 0x0, 0x0, 0x0, 0x0,
    0x0, 0xd, 0xff, 0x4d, 0xff, 0x30, 0x0, 0x0,
    0x0, 0x0, 0x3f, 0xfe, 0x7, 0xff, 0x90, 0x0,
    0x0, 0x0, 0x0, 0x8f, 0xf8, 0x2, 0xff, 0xe0,
    0x0, 0x0, 0x0, 0x0, 0xef, 0xf3, 0x0, 0xcf,
    0xf4, 0x0, 0x0, 0x0, 0x4, 0xff, 0xd0, 0x0,
    0x6f, 0xfa, 0x0, 0x0, 0x0, 0x9, 0xff, 0x80,
    0x0, 0x1f, 0xff, 0x0, 0x0, 0x0, 0xe, 0xff,
    0x20, 0x0, 0xb, 0xff, 0x50, 0x0, 0x0, 0x4f,
    0xfc, 0x0, 0x0, 0x6, 0xff, 0xb0, 0x0, 0x0,
    0xaf, 0xff, 0xff, 0xff, 0xff, 0xff, 0xf1, 0x0,
    0x0, 0xff, 0xff, 0xff, 0xff, 0xff, 0xff, 0xf6,
    0x0, 0x5, 0xff, 0xeb, 0xbb, 0xbb, 0xbb, 0xcf,
    0xfc, 0x0, 0xb, 0xff, 0x70, 0x0, 0x0, 0x0,
    0x1f, 0xff, 0x20, 0x1f, 0xff, 0x10, 0x0, 0x0,
    0x0, 0xb, 0xff, 0x70, 0x6f, 0xfc, 0x0, 0x0,
    0x0, 0x0, 0x5, 0xff, 0xd0, 0xcf, 0xf6, 0x0,
    0x0, 0x0, 0x0, 0x0, 0xff, 0xf3,

    /* U+1EB5 "ẵ" */
    0x0, 0x0, 0x8e, 0xd4, 0x1, 0xfb, 0x0, 0x0,
    0x0, 0x3f, 0xff, 0xf5, 0x5f, 0x90, 0x0, 0x0,
    0x7, 0xf6, 0x3f, 0xff, 0xf5, 0x0, 0x0, 0x0,
    0x9f, 0x30, 0x3d, 0xfa, 0x0, 0x0, 0x0, 0x0,
    0x0, 0x0, 0x0, 0x0, 0x0, 0x0, 0x0, 0x0,
    0x0, 0x0, 0x0, 0x0, 0x0, 0x0, 0xa, 0xfa,
    0x0, 0x8, 0xfc, 0x0, 0x0, 0x0, 0x3f, 0xff,
    0xdf, 0xff, 0x40, 0x0, 0x0, 0x0, 0x3b, 0xef,
    0xeb, 0x40, 0x0, 0x0, 0x0, 0x0, 0x0, 0x0,
    0x0, 0x0, 0x0, 0x0, 0x0, 0x0, 0x0, 0x0,
    0x0, 0x0, 0x0, 0x0, 0x18, 0xdf, 0xeb, 0x40,
    0xcf, 0xf3, 0x0, 0x3e, 0xff, 0xff, 0xff, 0x6c,
    0xff, 0x30, 0x1f, 0xff, 0xf9, 0x8a, 0xff, 0xef,
    0xf3, 0xa, 0xff, 0xd1, 0x0, 0x3, 0xef, 0xff,
    0x30, 0xff, 0xf3, 0x0, 0x0, 0x6, 0xff, 0xf3,
    0x4f, 0xfc, 0x0, 0x0, 0x0, 0xf, 0xff, 0x35,
    0xff, 0xa0, 0x0, 0x0, 0x0, 0xcf, 0xf3, 0x5f,
    0xf9, 0x0, 0x0, 0x0, 0xc, 0xff, 0x34, 0xff,
    0xc0, 0x0, 0x0, 0x0, 0xff, 0xf3, 0xf, 0xff,
    0x30, 0x0, 0x0, 0x6f, 0xff, 0x30, 0xaf, 0xfd,
    0x10, 0x0, 0x2e, 0xff, 0xf3, 0x1, 0xff, 0xff,
    0x98, 0xaf, 0xfe, 0xff, 0x30, 0x3, 0xef, 0xff,
    0xff, 0xf7, 0xcf, 0xf3, 0x0, 0x1, 0x8d, 0xff,
    0xb4, 0xc, 0xff, 0x30,

    /* U+1EB6 "Ặ" */
    0x0, 0x0, 0x8f, 0x90, 0x0, 0x2f, 0xf0, 0x0,
    0x0, 0x0, 0x0, 0x4f, 0xf3, 0x0, 0xbf, 0xb0,
    0x0, 0x0, 0x0, 0x0, 0xb, 0xff, 0xdf, 0xff,
    0x20, 0x0, 0x0, 0x0, 0x0, 0x0, 0x8d, 0xfe,
    0xb2, 0x0, 0x0, 0x0, 0x0, 0x0, 0x0, 0x0,
    0x0, 0x0, 0x0, 0x0, 0x0, 0x0, 0x0, 0x0,
    0x0, 0x0, 0x0, 0x0, 0x0, 0x0, 0x0, 0x0,
    0x0, 0x6f, 0xff, 0xd0, 0x0, 0x0, 0x0, 0x0,
    0x0, 0x0, 0xcf, 0xff, 0xf2, 0x0, 0x0, 0x0,
    0x0, 0x0, 0x2, 0xff, 0xff, 0xf8, 0x0, 0x0,
    0x0, 0x0, 0x0, 0x7, 0xff, 0xcf, 0xfe, 0x0,
    0x0, 0x0, 0x0, 0x0, 0xd, 0xff, 0x4d, 0xff,
    0x30, 0x0, 0x0, 0x0, 0x0, 0x3f, 0xfe, 0x7,
    0xff, 0x90, 0x0, 0x0, 0x0, 0x0, 0x8f, 0xf8,
    0x2, 0xff, 0xe0, 0x0, 0x0, 0x0, 0x0, 0xef,
    0xf3, 0x0, 0xcf, 0xf4, 0x0, 0x0, 0x0, 0x4,
    0xff, 0xd0, 0x0, 0x6f, 0xfa, 0x0, 0x0, 0x0,
    0x9, 0xff, 0x80, 0x0, 0x1f, 0xff, 0x0, 0x0,
    0x0, 0xe, 0xff, 0x20, 0x0, 0xb, 0xff, 0x50,
    0x0, 0x0, 0x4f, 0xfc, 0x0, 0x0, 0x6, 0xff,
    0xb0, 0x0, 0x0, 0xaf, 0xff, 0xff, 0xff, 0xff,
    0xff, 0xf1, 0x0, 0x0, 0xff, 0xff, 0xff, 0xff,
    0xff, 0xff, 0xf6, 0x0, 0x5, 0xff, 0xeb, 0xbb,
    0xbb, 0xbb, 0xcf, 0xfc, 0x0, 0xb, 0xff, 0x70,
    0x0, 0x0, 0x0, 0x1f, 0xff, 0x20, 0x1f, 0xff,
    0x10, 0x0, 0x0, 0x0, 0xb, 0xff, 0x70, 0x6f,
    0xfc, 0x0, 0x0, 0x0, 0x0, 0x5, 0xff, 0xd0,
    0xcf, 0xf6, 0x0, 0x0, 0x0, 0x0, 0x0, 0xff,
    0xf3, 0x0, 0x0, 0x0, 0x0, 0x0, 0x0, 0x0,
    0x0, 0x0, 0x0, 0x0, 0x0, 0x0, 0x0, 0x0,
    0x0, 0x0, 0x0, 0x0, 0x0, 0x0, 0x2, 0x96,
    0x0, 0x0, 0x0, 0x0, 0x0, 0x0, 0x0, 0xe,
    0xff, 0x50, 0x0, 0x0, 0x0, 0x0, 0x0, 0x0,
    0xf, 0xff, 0x70, 0x0, 0x0, 0x0, 0x0, 0x0,
    0x0, 0x7, 0xfc, 0x10, 0x0, 0x0, 0x0,

    /* U+1EB7 "ặ" */
    0x0, 0xb, 0xf6, 0x0, 0x5, 0xfc, 0x0, 0x0,
    0x0, 0x7f, 0xd2, 0x1, 0xdf, 0x80, 0x0, 0x0,
    0x0, 0xdf, 0xfe, 0xff, 0xe1, 0x0, 0x0, 0x0,
    0x1, 0x9e, 0xfe, 0xa2, 0x0, 0x0, 0x0, 0x0,
    0x0, 0x0, 0x0, 0x0, 0x0, 0x0, 0x0, 0x0,
    0x0, 0x0, 0x0, 0x0, 0x0, 0x0, 0x1, 0x8d,
    0xfe, 0xb4, 0xc, 0xff, 0x30, 0x3, 0xef, 0xff,
    0xff, 0xf6, 0xcf, 0xf3, 0x1, 0xff, 0xff, 0x98,
    0xaf, 0xfe, 0xff, 0x30, 0xaf, 0xfd, 0x10, 0x0,
    0x3e, 0xff, 0xf3, 0xf, 0xff, 0x30, 0x0, 0x0,
    0x6f, 0xff, 0x34, 0xff, 0xc0, 0x0, 0x0, 0x0,
    0xff, 0xf3, 0x5f, 0xfa, 0x0, 0x0, 0x0, 0xc,
    0xff, 0x35, 0xff, 0x90, 0x0, 0x0, 0x0, 0xcf,
    0xf3, 0x4f, 0xfc, 0x0, 0x0, 0x0, 0xf, 0xff,
    0x30, 0xff, 0xf3, 0x0, 0x0, 0x6, 0xff, 0xf3,
    0xa, 0xff, 0xd1, 0x0, 0x2, 0xef, 0xff, 0x30,
    0x1f, 0xff, 0xf9, 0x8a, 0xff, 0xef, 0xf3, 0x0,
    0x3e, 0xff, 0xff, 0xff, 0x7c, 0xff, 0x30, 0x0,
    0x18, 0xdf, 0xfb, 0x40, 0xcf, 0xf3, 0x0, 0x0,
    0x0, 0x0, 0x0, 0x0, 0x0, 0x0, 0x0, 0x0,
    0x0, 0x0, 0x0, 0x0, 0x0, 0x0, 0x0, 0x0,
    0x9f, 0xa0, 0x0, 0x0, 0x0, 0x0, 0x0, 0x3f,
    0xff, 0x40, 0x0, 0x0, 0x0, 0x0, 0x1, 0xff,
    0xf2, 0x0, 0x0, 0x0, 0x0, 0x0, 0x4, 0x94,
    0x0, 0x0, 0x0,

    /* U+1EB8 "Ẹ" */
    0xdf, 0xff, 0xff, 0xff, 0xff, 0xff, 0xbd, 0xff,
    0xff, 0xff, 0xff, 0xff, 0xfb, 0xdf, 0xfb, 0xaa,
    0xaa, 0xaa, 0xaa, 0x7d, 0xff, 0x30, 0x0, 0x0,
    0x0, 0x0, 0xdf, 0xf3, 0x0, 0x0, 0x0, 0x0,
    0xd, 0xff, 0x30, 0x0, 0x0, 0x0, 0x0, 0xdf,
    0xf3, 0x0, 0x0, 0x0, 0x0, 0xd, 0xff, 0x30,
    0x0, 0x0, 0x0, 0x0, 0xdf, 0xff, 0xff, 0xff,
    0xff, 0xf8, 0xd, 0xff, 0xff, 0xff, 0xff, 0xff,
    0x80, 0xdf, 0xfb, 0x99, 0x99, 0x99, 0x95, 0xd,
    0xff, 0x30, 0x0, 0x0, 0x0, 0x0, 0xdf, 0xf3,
    0x0, 0x0, 0x0, 0x0, 0xd, 0xff, 0x30, 0x0,
    0x0, 0x0, 0x0, 0xdf, 0xf3, 0x0, 0x0, 0x0,
    0x0, 0xd, 0xff, 0x30, 0x0, 0x0, 0x0, 0x0,
    0xdf, 0xfb, 0xaa, 0xaa, 0xaa, 0xaa, 0x8d, 0xff,
    0xff, 0xff, 0xff, 0xff, 0xfe, 0xdf, 0xff, 0xff,
    0xff, 0xff, 0xff, 0xe0, 0x0, 0x0, 0x0, 0x0,
    0x0, 0x0, 0x0, 0x0, 0x0, 0x0, 0x0, 0x0,
    0x0, 0x0, 0x0, 0x59, 0x40, 0x0, 0x0, 0x0,
    0x0, 0x3f, 0xff, 0x10, 0x0, 0x0, 0x0, 0x4,
    0xff, 0xf3, 0x0, 0x0, 0x0, 0x0, 0xa, 0xf9,
    0x0, 0x0, 0x0,

    /* U+1EB9 "ẹ" */
    0x0, 0x0, 0x7c, 0xef, 0xd8, 0x10, 0x0, 0x0,
    0x2e, 0xff, 0xff, 0xff, 0xe4, 0x0, 0x1, 0xef,
    0xfc, 0x87, 0xbf, 0xff, 0x10, 0x9, 0xff, 0x90,
    0x0, 0x7, 0xff, 0xa0, 0xf, 0xfe, 0x0, 0x0,
    0x0, 0xdf, 0xf0, 0x4f, 0xfb, 0x11, 0x11, 0x11,
    0xaf, 0xf3, 0x6f, 0xff, 0xff, 0xff, 0xff, 0xff,
    0xf4, 0x6f, 0xff, 0xff, 0xff, 0xff, 0xff, 0xf5,
    0x4f, 0xfa, 0x0, 0x0, 0x0, 0x0, 0x0, 0x1f,
    0xfe, 0x0, 0x0, 0x0, 0x35, 0x50, 0xa, 0xff,
    0xa0, 0x0, 0x2, 0xff, 0xd0, 0x1, 0xef, 0xfd,
    0x87, 0x9f, 0xff, 0x50, 0x0, 0x2e, 0xff, 0xff,
    0xff, 0xf8, 0x0, 0x0, 0x0, 0x7c, 0xef, 0xea,
    0x30, 0x0, 0x0, 0x0, 0x0, 0x0, 0x0, 0x0,
    0x0, 0x0, 0x0, 0x0, 0x0, 0x0, 0x0, 0x0,
    0x0, 0x0, 0x2, 0xde, 0x50, 0x0, 0x0, 0x0,
    0x0, 0x9, 0xff, 0xe0, 0x0, 0x0, 0x0, 0x0,
    0x7, 0xff, 0xc0, 0x0, 0x0, 0x0, 0x0, 0x0,
    0x68, 0x10, 0x0, 0x0,

    /* U+1EBA "Ẻ" */
    0x0, 0x0, 0x3c, 0xfe, 0x80, 0x0, 0x0, 0x0,
    0xe, 0xfb, 0xef, 0x80, 0x0, 0x0, 0x2, 0xc9,
    0x3, 0xfc, 0x0, 0x0, 0x0, 0x0, 0x0, 0xaf,
    0xa0, 0x0, 0x0, 0x0, 0x1, 0xdf, 0xc1, 0x0,
    0x0, 0x0, 0x0, 0x3f, 0xb0, 0x0, 0x0, 0x0,
    0x0, 0x0, 0x11, 0x0, 0x0, 0x0, 0x0, 0x0,
    0x0, 0x0, 0x0, 0x0, 0xdf, 0xff, 0xff, 0xff,
    0xff, 0xff, 0xbd, 0xff, 0xff, 0xff, 0xff, 0xff,
    0xfb, 0xdf, 0xfb, 0xaa, 0xaa, 0xaa, 0xaa, 0x7d,
    0xff, 0x30, 0x0, 0x0, 0x0, 0x0, 0xdf, 0xf3,
    0x0, 0x0, 0x0, 0x0, 0xd, 0xff, 0x30, 0x0,
    0x0, 0x0, 0x0, 0xdf, 0xf3, 0x0, 0x0, 0x0,
    0x0, 0xd, 0xff, 0x30, 0x0, 0x0, 0x0, 0x0,
    0xdf, 0xff, 0xff, 0xff, 0xff, 0xf8, 0xd, 0xff,
    0xff, 0xff, 0xff, 0xff, 0x80, 0xdf, 0xfb, 0x99,
    0x99, 0x99, 0x95, 0xd, 0xff, 0x30, 0x0, 0x0,
    0x0, 0x0, 0xdf, 0xf3, 0x0, 0x0, 0x0, 0x0,
    0xd, 0xff, 0x30, 0x0, 0x0, 0x0, 0x0, 0xdf,
    0xf3, 0x0, 0x0, 0x0, 0x0, 0xd, 0xff, 0x30,
    0x0, 0x0, 0x0, 0x0, 0xdf, 0xfb, 0xaa, 0xaa,
    0xaa, 0xaa, 0x8d, 0xff, 0xff, 0xff, 0xff, 0xff,
    0xfe, 0xdf, 0xff, 0xff, 0xff, 0xff, 0xff, 0xe0,

    /* U+1EBB "ẻ" */
    0x0, 0x0, 0x3, 0x99, 0x60, 0x0, 0x0, 0x0,
    0x0, 0x4f, 0xff, 0xfb, 0x0, 0x0, 0x0, 0x0,
    0xbf, 0x61, 0xdf, 0x30, 0x0, 0x0, 0x0, 0x11,
    0x0, 0xdf, 0x30, 0x0, 0x0, 0x0, 0x0, 0x3d,
    0xfa, 0x0, 0x0, 0x0, 0x0, 0x0, 0xbf, 0x70,
    0x0, 0x0, 0x0, 0x0, 0x0, 0x56, 0x0, 0x0,
    0x0, 0x0, 0x0, 0x0, 0x0, 0x0, 0x0, 0x0,
    0x0, 0x0, 0x7c, 0xef, 0xd8, 0x10, 0x0, 0x0,
    0x2e, 0xff, 0xff, 0xff, 0xe4, 0x0, 0x1, 0xef,
    0xfc, 0x87, 0xbf, 0xff, 0x10, 0x9, 0xff, 0x90,
    0x0, 0x7, 0xff, 0xa0, 0xf, 0xfe, 0x0, 0x0,
    0x0, 0xdf, 0xf0, 0x4f, 0xfb, 0x11, 0x11, 0x11,
    0xaf, 0xf3, 0x6f, 0xff, 0xff, 0xff, 0xff, 0xff,
    0xf4, 0x6f, 0xff, 0xff, 0xff, 0xff, 0xff, 0xf5,
    0x4f, 0xfa, 0x0, 0x0, 0x0, 0x0, 0x0, 0x1f,
    0xfe, 0x0, 0x0, 0x0, 0x35, 0x50, 0xa, 0xff,
    0xa0, 0x0, 0x2, 0xff, 0xd0, 0x1, 0xef, 0xfd,
    0x87, 0x9f, 0xff, 0x50, 0x0, 0x2e, 0xff, 0xff,
    0xff, 0xf8, 0x0, 0x0, 0x0, 0x7c, 0xef, 0xea,
    0x30, 0x0,

    /* U+1EBC "Ẽ" */
    0x0, 0x6, 0xee, 0x50, 0xe, 0xd0, 0x0, 0x1,
    0xff, 0xff, 0x72, 0xfb, 0x0, 0x0, 0x5f, 0x82,
    0xef, 0xff, 0x70, 0x0, 0x7, 0xf5, 0x1, 0xcf,
    0xb0, 0x0, 0x0, 0x0, 0x0, 0x0, 0x0, 0x0,
    0x0, 0x0, 0x0, 0x0, 0x0, 0x0, 0x0, 0xdf,
    0xff, 0xff, 0xff, 0xff, 0xff, 0xbd, 0xff, 0xff,
    0xff, 0xff, 0xff, 0xfb, 0xdf, 0xfb, 0xaa, 0xaa,
    0xaa, 0xaa, 0x7d, 0xff, 0x30, 0x0, 0x0, 0x0,
    0x0, 0xdf, 0xf3, 0x0, 0x0, 0x0, 0x0, 0xd,
    0xff, 0x30, 0x0, 0x0, 0x0, 0x0, 0xdf, 0xf3,
    0x0, 0x0, 0x0, 0x0, 0xd, 0xff, 0x30, 0x0,
    0x0, 0x0, 0x0, 0xdf, 0xff, 0xff, 0xff, 0xff,
    0xf8, 0xd, 0xff, 0xff, 0xff, 0xff, 0xff, 0x80,
    0xdf, 0xfb, 0x99, 0x99, 0x99, 0x95, 0xd, 0xff,
    0x30, 0x0, 0x0, 0x0, 0x0, 0xdf, 0xf3, 0x0,
    0x0, 0x0, 0x0, 0xd, 0xff, 0x30, 0x0, 0x0,
    0x0, 0x0, 0xdf, 0xf3, 0x0, 0x0, 0x0, 0x0,
    0xd, 0xff, 0x30, 0x0, 0x0, 0x0, 0x0, 0xdf,
    0xfb, 0xaa, 0xaa, 0xaa, 0xaa, 0x8d, 0xff, 0xff,
    0xff, 0xff, 0xff, 0xfe, 0xdf, 0xff, 0xff, 0xff,
    0xff, 0xff, 0xe0,

    /* U+1EBD "ẽ" */
    0x0, 0x1, 0xcf, 0xb1, 0x7, 0xf5, 0x0, 0x0,
    0x9, 0xff, 0xfd, 0x2b, 0xf3, 0x0, 0x0, 0xe,
    0xf1, 0x8f, 0xff, 0xe0, 0x0, 0x0, 0xf, 0xc0,
    0x7, 0xee, 0x40, 0x0, 0x0, 0x0, 0x0, 0x0,
    0x0, 0x0, 0x0, 0x0, 0x0, 0x0, 0x0, 0x0,
    0x0, 0x0, 0x0, 0x0, 0x7c, 0xef, 0xd8, 0x10,
    0x0, 0x0, 0x2e, 0xff, 0xff, 0xff, 0xe4, 0x0,
    0x1, 0xef, 0xfc, 0x87, 0xbf, 0xff, 0x10, 0x9,
    0xff, 0x90, 0x0, 0x7, 0xff, 0xa0, 0xf, 0xfe,
    0x0, 0x0, 0x0, 0xdf, 0xf0, 0x4f, 0xfb, 0x11,
    0x11, 0x11, 0xaf, 0xf3, 0x6f, 0xff, 0xff, 0xff,
    0xff, 0xff, 0xf4, 0x6f, 0xff, 0xff, 0xff, 0xff,
    0xff, 0xf5, 0x4f, 0xfa, 0x0, 0x0, 0x0, 0x0,
    0x0, 0x1f, 0xfe, 0x0, 0x0, 0x0, 0x35, 0x50,
    0xa, 0xff, 0xa0, 0x0, 0x2, 0xff, 0xd0, 0x1,
    0xef, 0xfd, 0x87, 0x9f, 0xff, 0x50, 0x0, 0x2e,
    0xff, 0xff, 0xff, 0xf8, 0x0, 0x0, 0x0, 0x7c,
    0xef, 0xea, 0x30, 0x0,

    /* U+1EBE "Ế" */
    0x0, 0x0, 0x0, 0x0, 0x0, 0x5, 0xff, 0x80,
    0x0, 0x0, 0x0, 0x0, 0x0, 0xcf, 0xe0, 0x0,
    0x0, 0x0, 0x0, 0x0, 0x4f, 0xf5, 0x0, 0x0,
    0x0, 0x0, 0x0, 0xb, 0xfc, 0x0, 0x0, 0x0,
    0xb, 0xdd, 0x31, 0xab, 0x30, 0x0, 0x0, 0xa,
    0xfe, 0xfe, 0x10, 0x0, 0x0, 0x0, 0x7, 0xfe,
    0x2a, 0xfc, 0x0, 0x0, 0x0, 0x4, 0xff, 0x40,
    0xd, 0xfa, 0x0, 0x0, 0x0, 0x1, 0x0, 0x0,
    0x1, 0x10, 0x0, 0x0, 0x0, 0x0, 0x0, 0x0,
    0x0, 0x0, 0x0, 0xdf, 0xff, 0xff, 0xff, 0xff,
    0xff, 0xb0, 0xd, 0xff, 0xff, 0xff, 0xff, 0xff,
    0xfb, 0x0, 0xdf, 0xfb, 0xaa, 0xaa, 0xaa, 0xaa,
    0x70, 0xd, 0xff, 0x30, 0x0, 0x0, 0x0, 0x0,
    0x0, 0xdf, 0xf3, 0x0, 0x0, 0x0, 0x0, 0x0,
    0xd, 0xff, 0x30, 0x0, 0x0, 0x0, 0x0, 0x0,
    0xdf, 0xf3, 0x0, 0x0, 0x0, 0x0, 0x0, 0xd,
    0xff, 0x30, 0x0, 0x0, 0x0, 0x0, 0x0, 0xdf,
    0xff, 0xff, 0xff, 0xff, 0xf8, 0x0, 0xd, 0xff,
    0xff, 0xff, 0xff, 0xff, 0x80, 0x0, 0xdf, 0xfb,
    0x99, 0x99, 0x99, 0x95, 0x0, 0xd, 0xff, 0x30,
    0x0, 0x0, 0x0, 0x0, 0x0, 0xdf, 0xf3, 0x0,
    0x0, 0x0, 0x0, 0x0, 0xd, 0xff, 0x30, 0x0,
    0x0, 0x0, 0x0, 0x0, 0xdf, 0xf3, 0x0, 0x0,
    0x0, 0x0, 0x0, 0xd, 0xff, 0x30, 0x0, 0x0,
    0x0, 0x0, 0x0, 0xdf, 0xfb, 0xaa, 0xaa, 0xaa,
    0xaa, 0x80, 0xd, 0xff, 0xff, 0xff, 0xff, 0xff,
    0xfe, 0x0, 0xdf, 0xff, 0xff, 0xff, 0xff, 0xff,
    0xe0, 0x0,

    /* U+1EBF "ế" */
    0x0, 0x0, 0x0, 0x0, 0x0, 0x0, 0xdf, 0xe1,
    0x0, 0x0, 0x0, 0x0, 0x0, 0x4, 0xff, 0x60,
    0x0, 0x0, 0x0, 0x0, 0x0, 0xc, 0xfd, 0x0,
    0x0, 0x0, 0x0, 0x0, 0x0, 0x3f, 0xf4, 0x0,
    0x0, 0x0, 0x7, 0xff, 0xc0, 0x7b, 0x80, 0x0,
    0x0, 0x0, 0x3f, 0xff, 0xf8, 0x0, 0x0, 0x0,
    0x0, 0x1, 0xdf, 0x94, 0xff, 0x40, 0x0, 0x0,
    0x0, 0xb, 0xfc, 0x0, 0x8f, 0xe1, 0x0, 0x0,
    0x0, 0x4, 0x41, 0x0, 0x4, 0x42, 0x0, 0x0,
    0x0, 0x0, 0x0, 0x0, 0x0, 0x0, 0x0, 0x0,
    0x0, 0x0, 0x7c, 0xef, 0xd8, 0x10, 0x0, 0x0,
    0x0, 0x2e, 0xff, 0xff, 0xff, 0xe4, 0x0, 0x0,
    0x1, 0xef, 0xfc, 0x87, 0xbf, 0xff, 0x10, 0x0,
    0x9, 0xff, 0x90, 0x0, 0x7, 0xff, 0xa0, 0x0,
    0xf, 0xfe, 0x0, 0x0, 0x0, 0xdf, 0xf0, 0x0,
    0x4f, 0xfb, 0x11, 0x11, 0x11, 0xaf, 0xf3, 0x0,
    0x6f, 0xff, 0xff, 0xff, 0xff, 0xff, 0xf4, 0x0,
    0x6f, 0xff, 0xff, 0xff, 0xff, 0xff, 0xf5, 0x0,
    0x4f, 0xfa, 0x0, 0x0, 0x0, 0x0, 0x0, 0x0,
    0x1f, 0xfe, 0x0, 0x0, 0x0, 0x35, 0x50, 0x0,
    0xa, 0xff, 0xa0, 0x0, 0x2, 0xff, 0xd0, 0x0,
    0x1, 0xef, 0xfd, 0x87, 0x9f, 0xff, 0x50, 0x0,
    0x0, 0x2e, 0xff, 0xff, 0xff, 0xf8, 0x0, 0x0,
    0x0, 0x0, 0x7c, 0xef, 0xea, 0x30, 0x0, 0x0,

    /* U+1EC0 "Ề" */
    0x0, 0x0, 0x0, 0x1, 0xff, 0xc0, 0x0, 0x0,
    0x0, 0x0, 0x8, 0xff, 0x30, 0x0, 0x0, 0x0,
    0x0, 0xe, 0xfb, 0x0, 0x0, 0x0, 0x0, 0x0,
    0x5f, 0xf2, 0x0, 0x0, 0xb, 0xdd, 0x30, 0x9b,
    0x60, 0x0, 0xa, 0xfe, 0xfe, 0x10, 0x0, 0x0,
    0x7, 0xfe, 0x2a, 0xfc, 0x0, 0x0, 0x4, 0xff,
    0x40, 0xd, 0xfa, 0x0, 0x0, 0x1, 0x0, 0x0,
    0x1, 0x10, 0x0, 0x0, 0x0, 0x0, 0x0, 0x0,
    0x0, 0xdf, 0xff, 0xff, 0xff, 0xff, 0xff, 0xbd,
    0xff, 0xff, 0xff, 0xff, 0xff, 0xfb, 0xdf, 0xfb,
    0xaa, 0xaa, 0xaa, 0xaa, 0x7d, 0xff, 0x30, 0x0,
    0x0, 0x0, 0x0, 0xdf, 0xf3, 0x0, 0x0, 0x0,
    0x0, 0xd, 0xff, 0x30, 0x0, 0x0, 0x0, 0x0,
    0xdf, 0xf3, 0x0, 0x0, 0x0, 0x0, 0xd, 0xff,
    0x30, 0x0, 0x0, 0x0, 0x0, 0xdf, 0xff, 0xff,
    0xff, 0xff, 0xf8, 0xd, 0xff, 0xff, 0xff, 0xff,
    0xff, 0x80, 0xdf, 0xfb, 0x99, 0x99, 0x99, 0x95,
    0xd, 0xff, 0x30, 0x0, 0x0, 0x0, 0x0, 0xdf,
    0xf3, 0x0, 0x0, 0x0, 0x0, 0xd, 0xff, 0x30,
    0x0, 0x0, 0x0, 0x0, 0xdf, 0xf3, 0x0, 0x0,
    0x0, 0x0, 0xd, 0xff, 0x30, 0x0, 0x0, 0x0,
    0x0, 0xdf, 0xfb, 0xaa, 0xaa, 0xaa, 0xaa, 0x8d,
    0xff, 0xff, 0xff, 0xff, 0xff, 0xfe, 0xdf, 0xff,
    0xff, 0xff, 0xff, 0xff, 0xe0,

    /* U+1EC1 "ề" */
    0x0, 0x0, 0x0, 0x0, 0x9f, 0xf3, 0x0, 0x0,
    0x0, 0x0, 0x0, 0x1f, 0xfb, 0x0, 0x0, 0x0,
    0x0, 0x0, 0x7, 0xff, 0x20, 0x0, 0x0, 0x0,
    0x0, 0x0, 0xdf, 0xa0, 0x0, 0x0, 0x7, 0xff,
    0xc0, 0x4b, 0xa0, 0x0, 0x0, 0x3f, 0xff, 0xf8,
    0x0, 0x0, 0x0, 0x1, 0xdf, 0x94, 0xff, 0x40,
    0x0, 0x0, 0xb, 0xfc, 0x0, 0x8f, 0xe1, 0x0,
    0x0, 0x4, 0x41, 0x0, 0x4, 0x42, 0x0, 0x0,
    0x0, 0x0, 0x0, 0x0, 0x0, 0x0, 0x0, 0x0,
    0x7c, 0xef, 0xd8, 0x10, 0x0, 0x0, 0x2e, 0xff,
    0xff, 0xff, 0xe4, 0x0, 0x1, 0xef, 0xfc, 0x87,
    0xbf, 0xff, 0x10, 0x9, 0xff, 0x90, 0x0, 0x7,
    0xff, 0xa0, 0xf, 0xfe, 0x0, 0x0, 0x0, 0xdf,
    0xf0, 0x4f, 0xfb, 0x11, 0x11, 0x11, 0xaf, 0xf3,
    0x6f, 0xff, 0xff, 0xff, 0xff, 0xff, 0xf4, 0x6f,
    0xff, 0xff, 0xff, 0xff, 0xff, 0xf5, 0x4f, 0xfa,
    0x0, 0x0, 0x0, 0x0, 0x0, 0x1f, 0xfe, 0x0,
    0x0, 0x0, 0x35, 0x50, 0xa, 0xff, 0xa0, 0x0,
    0x2, 0xff, 0xd0, 0x1, 0xef, 0xfd, 0x87, 0x9f,
    0xff, 0x50, 0x0, 0x2e, 0xff, 0xff, 0xff, 0xf8,
    0x0, 0x0, 0x0, 0x7c, 0xef, 0xea, 0x30, 0x0,

    /* U+1EC2 "Ể" */
    0x0, 0x0, 0x0, 0x0, 0x1a, 0xfe, 0xb2, 0x0,
    0x0, 0x0, 0x0, 0xa, 0xfd, 0xcf, 0xd0, 0x0,
    0x0, 0x0, 0x0, 0xab, 0x10, 0xef, 0x10, 0x0,
    0x0, 0x0, 0x0, 0x0, 0x6f, 0xe0, 0x0, 0x0,
    0x0, 0x0, 0x0, 0xaf, 0xd2, 0x0, 0x0, 0x0,
    0xbd, 0xd3, 0xe, 0xe0, 0x0, 0x0, 0x0, 0xaf,
    0xef, 0xe1, 0x0, 0x0, 0x0, 0x0, 0x7f, 0xe1,
    0xbf, 0xc0, 0x0, 0x0, 0x0, 0x5f, 0xf3, 0x0,
    0xdf, 0xa0, 0x0, 0x0, 0x0, 0x10, 0x0, 0x0,
    0x11, 0x0, 0x0, 0x0, 0x0, 0x0, 0x0, 0x0,
    0x0, 0x0, 0xd, 0xff, 0xff, 0xff, 0xff, 0xff,
    0xfb, 0x0, 0xdf, 0xff, 0xff, 0xff, 0xff, 0xff,
    0xb0, 0xd, 0xff, 0xba, 0xaa, 0xaa, 0xaa, 0xa7,
    0x0, 0xdf, 0xf3, 0x0, 0x0, 0x0, 0x0, 0x0,
    0xd, 0xff, 0x30, 0x0, 0x0, 0x0, 0x0, 0x0,
    0xdf, 0xf3, 0x0, 0x0, 0x0, 0x0, 0x0, 0xd,
    0xff, 0x30, 0x0, 0x0, 0x0, 0x0, 0x0, 0xdf,
    0xf3, 0x0, 0x0, 0x0, 0x0, 0x0, 0xd, 0xff,
    0xff, 0xff, 0xff, 0xff, 0x80, 0x0, 0xdf, 0xff,
    0xff, 0xff, 0xff, 0xf8, 0x0, 0xd, 0xff, 0xb9,
    0x99, 0x99, 0x99, 0x50, 0x0, 0xdf, 0xf3, 0x0,
    0x0, 0x0, 0x0, 0x0, 0xd, 0xff, 0x30, 0x0,
    0x0, 0x0, 0x0, 0x0, 0xdf, 0xf3, 0x0, 0x0,
    0x0, 0x0, 0x0, 0xd, 0xff, 0x30, 0x0, 0x0,
    0x0, 0x0, 0x0, 0xdf, 0xf3, 0x0, 0x0, 0x0,
    0x0, 0x0, 0xd, 0xff, 0xba, 0xaa, 0xaa, 0xaa,
    0xa8, 0x0, 0xdf, 0xff, 0xff, 0xff, 0xff, 0xff,
    0xe0, 0xd, 0xff, 0xff, 0xff, 0xff, 0xff, 0xfe,
    0x0,

    /* U+1EC3 "ể" */
    0x0, 0x0, 0x0, 0x0, 0x1, 0x8a, 0x82, 0x0,
    0x0, 0x0, 0x0, 0x1, 0xef, 0xff, 0xf3, 0x0,
    0x0, 0x0, 0x0, 0x5e, 0xa0, 0x8f, 0x90, 0x0,
    0x0, 0x0, 0x0, 0x0, 0xb, 0xf6, 0x0, 0x0,
    0x0, 0x0, 0x0, 0x3e, 0xf8, 0x0, 0x0, 0x0,
    0x7f, 0xfb, 0x6, 0xe6, 0x0, 0x0, 0x0, 0x3f,
    0xfe, 0xf7, 0x0, 0x0, 0x0, 0x0, 0x1e, 0xf8,
    0x4f, 0xf4, 0x0, 0x0, 0x0, 0xb, 0xfc, 0x0,
    0x7f, 0xe1, 0x0, 0x0, 0x0, 0x44, 0x10, 0x0,
    0x34, 0x10, 0x0, 0x0, 0x0, 0x0, 0x0, 0x0,
    0x0, 0x0, 0x0, 0x0, 0x7, 0xce, 0xfd, 0x81,
    0x0, 0x0, 0x0, 0x2e, 0xff, 0xff, 0xff, 0xe4,
    0x0, 0x0, 0x1e, 0xff, 0xc8, 0x7b, 0xff, 0xf1,
    0x0, 0x9, 0xff, 0x90, 0x0, 0x7, 0xff, 0xa0,
    0x0, 0xff, 0xe0, 0x0, 0x0, 0xd, 0xff, 0x0,
    0x4f, 0xfb, 0x11, 0x11, 0x11, 0xaf, 0xf3, 0x6,
    0xff, 0xff, 0xff, 0xff, 0xff, 0xff, 0x40, 0x6f,
    0xff, 0xff, 0xff, 0xff, 0xff, 0xf5, 0x4, 0xff,
    0xa0, 0x0, 0x0, 0x0, 0x0, 0x0, 0x1f, 0xfe,
    0x0, 0x0, 0x0, 0x35, 0x50, 0x0, 0xaf, 0xfa,
    0x0, 0x0, 0x2f, 0xfd, 0x0, 0x1, 0xef, 0xfd,
    0x87, 0x9f, 0xff, 0x50, 0x0, 0x2, 0xef, 0xff,
    0xff, 0xff, 0x80, 0x0, 0x0, 0x0, 0x7c, 0xef,
    0xea, 0x30, 0x0, 0x0,

    /* U+1EC4 "Ễ" */
    0x0, 0x6, 0xed, 0x50, 0xe, 0xc0, 0x0, 0x1,
    0xff, 0xff, 0x73, 0xfb, 0x0, 0x0, 0x6f, 0x83,
    0xef, 0xff, 0x70, 0x0, 0x7, 0xf4, 0x2, 0xcf,
    0xb0, 0x0, 0x0, 0x0, 0x0, 0x0, 0x0, 0x0,
    0x0, 0x0, 0x1, 0xdf, 0xf4, 0x0, 0x0, 0x0,
    0x0, 0xbf, 0xef, 0xe2, 0x0, 0x0, 0x0, 0x8f,
    0xe1, 0xaf, 0xd0, 0x0, 0x0, 0x5f, 0xf3, 0x0,
    0xcf, 0xa0, 0x0, 0x0, 0x0, 0x0, 0x0, 0x0,
    0x0, 0x0, 0x0, 0x0, 0x0, 0x0, 0x0, 0xd,
    0xff, 0xff, 0xff, 0xff, 0xff, 0xfb, 0xdf, 0xff,
    0xff, 0xff, 0xff, 0xff, 0xbd, 0xff, 0xba, 0xaa,
    0xaa, 0xaa, 0xa7, 0xdf, 0xf3, 0x0, 0x0, 0x0,
    0x0, 0xd, 0xff, 0x30, 0x0, 0x0, 0x0, 0x0,
    0xdf, 0xf3, 0x0, 0x0, 0x0, 0x0, 0xd, 0xff,
    0x30, 0x0, 0x0, 0x0, 0x0, 0xdf, 0xf3, 0x0,
    0x0, 0x0, 0x0, 0xd, 0xff, 0xff, 0xff, 0xff,
    0xff, 0x80, 0xdf, 0xff, 0xff, 0xff, 0xff, 0xf8,
    0xd, 0xff, 0xb9, 0x99, 0x99, 0x99, 0x50, 0xdf,
    0xf3, 0x0, 0x0, 0x0, 0x0, 0xd, 0xff, 0x30,
    0x0, 0x0, 0x0, 0x0, 0xdf, 0xf3, 0x0, 0x0,
    0x0, 0x0, 0xd, 0xff, 0x30, 0x0, 0x0, 0x0,
    0x0, 0xdf, 0xf3, 0x0, 0x0, 0x0, 0x0, 0xd,
    0xff, 0xba, 0xaa, 0xaa, 0xaa, 0xa8, 0xdf, 0xff,
    0xff, 0xff, 0xff, 0xff, 0xed, 0xff, 0xff, 0xff,
    0xff, 0xff, 0xfe,

    /* U+1EC5 "ễ" */
    0x0, 0x3, 0xdf, 0xd7, 0x19, 0xf4, 0x0, 0x0,
    0xc, 0xff, 0xff, 0xff, 0xf1, 0x0, 0x0, 0xf,
    0xd0, 0x4b, 0xfe, 0x60, 0x0, 0x0, 0x0, 0x0,
    0x0, 0x0, 0x0, 0x0, 0x0, 0x0, 0x7, 0xff,
    0xb0, 0x0, 0x0, 0x0, 0x0, 0x3f, 0xfe, 0xf7,
    0x0, 0x0, 0x0, 0x1, 0xef, 0x84, 0xff, 0x40,
    0x0, 0x0, 0xb, 0xfc, 0x0, 0x8f, 0xe1, 0x0,
    0x0, 0x4, 0x41, 0x0, 0x3, 0x41, 0x0, 0x0,
    0x0, 0x0, 0x0, 0x0, 0x0, 0x0, 0x0, 0x0,
    0x7c, 0xef, 0xd8, 0x10, 0x0, 0x0, 0x2e, 0xff,
    0xff, 0xff, 0xe4, 0x0, 0x1, 0xef, 0xfc, 0x87,
    0xbf, 0xff, 0x10, 0x9, 0xff, 0x90, 0x0, 0x7,
    0xff, 0xa0, 0xf, 0xfe, 0x0, 0x0, 0x0, 0xdf,
    0xf0, 0x4f, 0xfb, 0x11, 0x11, 0x11, 0xaf, 0xf3,
    0x6f, 0xff, 0xff, 0xff, 0xff, 0xff, 0xf4, 0x6f,
    0xff, 0xff, 0xff, 0xff, 0xff, 0xf5, 0x4f, 0xfa,
    0x0, 0x0, 0x0, 0x0, 0x0, 0x1f, 0xfe, 0x0,
    0x0, 0x0, 0x35, 0x50, 0xa, 0xff, 0xa0, 0x0,
    0x2, 0xff, 0xd0, 0x1, 0xef, 0xfd, 0x87, 0x9f,
    0xff, 0x50, 0x0, 0x2e, 0xff, 0xff, 0xff, 0xf8,
    0x0, 0x0, 0x0, 0x7c, 0xef, 0xea, 0x30, 0x0,

    /* U+1EC6 "Ệ" */
    0x0, 0x0, 0x1d, 0xff, 0x40, 0x0, 0x0, 0x0,
    0xb, 0xfe, 0xff, 0x20, 0x0, 0x0, 0x8, 0xfe,
    0x19, 0xfd, 0x0, 0x0, 0x5, 0xff, 0x30, 0xc,
    0xfb, 0x0, 0x0, 0x0, 0x0, 0x0, 0x0, 0x0,
    0x0, 0x0, 0x0, 0x0, 0x0, 0x0, 0x0, 0xdf,
    0xff, 0xff, 0xff, 0xff, 0xff, 0xbd, 0xff, 0xff,
    0xff, 0xff, 0xff, 0xfb, 0xdf, 0xfb, 0xaa, 0xaa,
    0xaa, 0xaa, 0x7d, 0xff, 0x30, 0x0, 0x0, 0x0,
    0x0, 0xdf, 0xf3, 0x0, 0x0, 0x0, 0x0, 0xd,
    0xff, 0x30, 0x0, 0x0, 0x0, 0x0, 0xdf, 0xf3,
    0x0, 0x0, 0x0, 0x0, 0xd, 0xff, 0x30, 0x0,
    0x0, 0x0, 0x0, 0xdf, 0xff, 0xff, 0xff, 0xff,
    0xf8, 0xd, 0xff, 0xff, 0xff, 0xff, 0xff, 0x80,
    0xdf, 0xfb, 0x99, 0x99, 0x99, 0x95, 0xd, 0xff,
    0x30, 0x0, 0x0, 0x0, 0x0, 0xdf, 0xf3, 0x0,
    0x0, 0x0, 0x0, 0xd, 0xff, 0x30, 0x0, 0x0,
    0x0, 0x0, 0xdf, 0xf3, 0x0, 0x0, 0x0, 0x0,
    0xd, 0xff, 0x30, 0x0, 0x0, 0x0, 0x0, 0xdf,
    0xfb, 0xaa, 0xaa, 0xaa, 0xaa, 0x8d, 0xff, 0xff,
    0xff, 0xff, 0xff, 0xfe, 0xdf, 0xff, 0xff, 0xff,
    0xff, 0xff, 0xe0, 0x0, 0x0, 0x0, 0x0, 0x0,
    0x0, 0x0, 0x0, 0x0, 0x0, 0x0, 0x0, 0x0,
    0x0, 0x0, 0x59, 0x40, 0x0, 0x0, 0x0, 0x0,
    0x3f, 0xff, 0x10, 0x0, 0x0, 0x0, 0x4, 0xff,
    0xf3, 0x0, 0x0, 0x0, 0x0, 0xa, 0xf9, 0x0,
    0x0, 0x0,

    /* U+1EC7 "ệ" */
    0x0, 0x0, 0x6, 0xff, 0xb0, 0x0, 0x0, 0x0,
    0x0, 0x2f, 0xfe, 0xf7, 0x0, 0x0, 0x0, 0x0,
    0xdf, 0x94, 0xff, 0x30, 0x0, 0x0, 0x9, 0xfd,
    0x0, 0x8f, 0xe0, 0x0, 0x0, 0x6, 0x62, 0x0,
    0x6, 0x63, 0x0, 0x0, 0x0, 0x0, 0x0, 0x0,
    0x0, 0x0, 0x0, 0x0, 0x7c, 0xef, 0xd8, 0x10,
    0x0, 0x0, 0x2e, 0xff, 0xff, 0xff, 0xe4, 0x0,
    0x1, 0xef, 0xfc, 0x87, 0xbf, 0xff, 0x10, 0x9,
    0xff, 0x90, 0x0, 0x7, 0xff, 0xa0, 0xf, 0xfe,
    0x0, 0x0, 0x0, 0xdf, 0xf0, 0x4f, 0xfb, 0x11,
    0x11, 0x11, 0xaf, 0xf3, 0x6f, 0xff, 0xff, 0xff,
    0xff, 0xff, 0xf4, 0x6f, 0xff, 0xff, 0xff, 0xff,
    0xff, 0xf5, 0x4f, 0xfa, 0x0, 0x0, 0x0, 0x0,
    0x0, 0x1f, 0xfe, 0x0, 0x0, 0x0, 0x35, 0x50,
    0xa, 0xff, 0xa0, 0x0, 0x2, 0xff, 0xd0, 0x1,
    0xef, 0xfd, 0x87, 0x9f, 0xff, 0x50, 0x0, 0x2e,
    0xff, 0xff, 0xff, 0xf8, 0x0, 0x0, 0x0, 0x7c,
    0xef, 0xea, 0x30, 0x0, 0x0, 0x0, 0x0, 0x0,
    0x0, 0x0, 0x0, 0x0, 0x0, 0x0, 0x0, 0x0,
    0x0, 0x0, 0x0, 0x0, 0x2, 0xde, 0x50, 0x0,
    0x0, 0x0, 0x0, 0x9, 0xff, 0xe0, 0x0, 0x0,
    0x0, 0x0, 0x7, 0xff, 0xc0, 0x0, 0x0, 0x0,
    0x0, 0x0, 0x68, 0x10, 0x0, 0x0,

    /* U+1EC8 "Ỉ" */
    0x2, 0xcf, 0xe8, 0x0, 0xef, 0xcd, 0xf8, 0x2c,
    0x90, 0x2f, 0xd0, 0x0, 0x9, 0xfa, 0x0, 0xd,
    0xfc, 0x10, 0x3, 0xfb, 0x0, 0x0, 0x1, 0x10,
    0x0, 0x0, 0x0, 0x0, 0x0, 0xdf, 0xf3, 0x0,
    0xd, 0xff, 0x30, 0x0, 0xdf, 0xf3, 0x0, 0xd,
    0xff, 0x30, 0x0, 0xdf, 0xf3, 0x0, 0xd, 0xff,
    0x30, 0x0, 0xdf, 0xf3, 0x0, 0xd, 0xff, 0x30,
    0x0, 0xdf, 0xf3, 0x0, 0xd, 0xff, 0x30, 0x0,
    0xdf, 0xf3, 0x0, 0xd, 0xff, 0x30, 0x0, 0xdf,
    0xf3, 0x0, 0xd, 0xff, 0x30, 0x0, 0xdf, 0xf3,
    0x0, 0xd, 0xff, 0x30, 0x0, 0xdf, 0xf3, 0x0,
    0xd, 0xff, 0x30, 0x0, 0xdf, 0xf3, 0x0,

    /* U+1EC9 "ỉ" */
    0x0, 0x69, 0x83, 0x0, 0xbf, 0xff, 0xf5, 0x2f,
    0xd1, 0x5f, 0xc0, 0x0, 0x6, 0xfb, 0x0, 0xa,
    0xfe, 0x20, 0x3, 0xfc, 0x0, 0x0, 0x3, 0x20,
    0x0, 0x0, 0x0, 0x0, 0x0, 0xcf, 0xf3, 0x0,
    0xc, 0xff, 0x30, 0x0, 0xcf, 0xf3, 0x0, 0xc,
    0xff, 0x30, 0x0, 0xcf, 0xf3, 0x0, 0xc, 0xff,
    0x30, 0x0, 0xcf, 0xf3, 0x0, 0xc, 0xff, 0x30,
    0x0, 0xcf, 0xf3, 0x0, 0xc, 0xff, 0x30, 0x0,
    0xcf, 0xf3, 0x0, 0xc, 0xff, 0x30, 0x0, 0xcf,
    0xf3, 0x0, 0xc, 0xff, 0x30,

    /* U+1ECA "Ị" */
    0xd, 0xff, 0x30, 0xdf, 0xf3, 0xd, 0xff, 0x30,
    0xdf, 0xf3, 0xd, 0xff, 0x30, 0xdf, 0xf3, 0xd,
    0xff, 0x30, 0xdf, 0xf3, 0xd, 0xff, 0x30, 0xdf,
    0xf3, 0xd, 0xff, 0x30, 0xdf, 0xf3, 0xd, 0xff,
    0x30, 0xdf, 0xf3, 0xd, 0xff, 0x30, 0xdf, 0xf3,
    0xd, 0xff, 0x30, 0xdf, 0xf3, 0xd, 0xff, 0x30,
    0x0, 0x0, 0x0, 0x0, 0x0, 0x29, 0x60, 0xe,
    0xff, 0x50, 0xff, 0xf7, 0x7, 0xfc, 0x10,

    /* U+1ECB "ị" */
    0x8, 0xfc, 0x11, 0xff, 0xf7, 0xe, 0xff, 0x50,
    0x39, 0x60, 0x0, 0x0, 0x0, 0x0, 0x0, 0xc,
    0xff, 0x30, 0xcf, 0xf3, 0xc, 0xff, 0x30, 0xcf,
    0xf3, 0xc, 0xff, 0x30, 0xcf, 0xf3, 0xc, 0xff,
    0x30, 0xcf, 0xf3, 0xc, 0xff, 0x30, 0xcf, 0xf3,
    0xc, 0xff, 0x30, 0xcf, 0xf3, 0xc, 0xff, 0x30,
    0xcf, 0xf3, 0x0, 0x0, 0x0, 0x0, 0x0, 0x2,
    0x96, 0x0, 0xef, 0xf5, 0xf, 0xff, 0x70, 0x7f,
    0xc1,

    /* U+1ECC "Ọ" */
    0x0, 0x0, 0x1, 0x7c, 0xef, 0xed, 0x94, 0x0,
    0x0, 0x0, 0x0, 0x0, 0x8f, 0xff, 0xff, 0xff,
    0xff, 0xc3, 0x0, 0x0, 0x0, 0xb, 0xff, 0xff,
    0xec, 0xdf, 0xff, 0xff, 0x40, 0x0, 0x0, 0xaf,
    0xff, 0xa2, 0x0, 0x0, 0x6e, 0xff, 0xf3, 0x0,
    0x5, 0xff, 0xf6, 0x0, 0x0, 0x0, 0x1, 0xdf,
    0xfd, 0x0, 0xd, 0xff, 0x90, 0x0, 0x0, 0x0,
    0x0, 0x2f, 0xff, 0x50, 0x3f, 0xff, 0x10, 0x0,
    0x0, 0x0, 0x0, 0x9, 0xff, 0xb0, 0x7f, 0xfb,
    0x0, 0x0, 0x0, 0x0, 0x0, 0x3, 0xff, 0xf0,
    0x9f, 0xf8, 0x0, 0x0, 0x0, 0x0, 0x0, 0x0,
    0xff, 0xf1, 0xaf, 0xf7, 0x0, 0x0, 0x0, 0x0,
    0x0, 0x0, 0xff, 0xf2, 0x9f, 0xf8, 0x0, 0x0,
    0x0, 0x0, 0x0, 0x0, 0xff, 0xf1, 0x7f, 0xfb,
    0x0, 0x0, 0x0, 0x0, 0x0, 0x3, 0xff, 0xf0,
    0x3f, 0xff, 0x10, 0x0, 0x0, 0x0, 0x0, 0x9,
    0xff, 0xb0, 0xd, 0xff, 0xa0, 0x0, 0x0, 0x0,
    0x0, 0x2f, 0xff, 0x50, 0x5, 0xff, 0xf7, 0x0,
    0x0, 0x0, 0x1, 0xdf, 0xfd, 0x0, 0x0, 0xaf,
    0xff, 0xa2, 0x0, 0x0, 0x6e, 0xff, 0xf3, 0x0,
    0x0, 0xb, 0xff, 0xff, 0xfd, 0xef, 0xff, 0xff,
    0x40, 0x0, 0x0, 0x0, 0x8f, 0xff, 0xff, 0xff,
    0xff, 0xc3, 0x0, 0x0, 0x0, 0x0, 0x1, 0x7c,
    0xef, 0xed, 0x94, 0x0, 0x0, 0x0, 0x0, 0x0,
    0x0, 0x0, 0x0, 0x0, 0x0, 0x0, 0x0, 0x0,
    0x0, 0x0, 0x0, 0x0, 0x0, 0x0, 0x0, 0x0,
    0x0, 0x0, 0x0, 0x0, 0x0, 0x0, 0x7f, 0xc1,
    0x0, 0x0, 0x0, 0x0, 0x0, 0x0, 0x0, 0x0,
    0xff, 0xf7, 0x0, 0x0, 0x0, 0x0, 0x0, 0x0,
    0x0, 0x0, 0xdf, 0xf5, 0x0, 0x0, 0x0, 0x0,
    0x0, 0x0, 0x0, 0x0, 0x29, 0x60, 0x0, 0x0,
    0x0, 0x0,

    /* U+1ECD "ọ" */
    0x0, 0x0, 0x5b, 0xef, 0xeb, 0x50, 0x0, 0x0,
    0x1, 0xcf, 0xff, 0xff, 0xff, 0xc1, 0x0, 0x0,
    0xdf, 0xff, 0xa8, 0xaf, 0xff, 0xd0, 0x0, 0x8f,
    0xfd, 0x20, 0x0, 0x2d, 0xff, 0x80, 0xe, 0xff,
    0x30, 0x0, 0x0, 0x3f, 0xfe, 0x4, 0xff, 0xc0,
    0x0, 0x0, 0x0, 0xdf, 0xf4, 0x6f, 0xfa, 0x0,
    0x0, 0x0, 0xa, 0xff, 0x66, 0xff, 0xa0, 0x0,
    0x0, 0x0, 0xaf, 0xf6, 0x4f, 0xfc, 0x0, 0x0,
    0x0, 0xd, 0xff, 0x40, 0xff, 0xf3, 0x0, 0x0,
    0x3, 0xff, 0xe0, 0x8, 0xff, 0xd2, 0x0, 0x2,
    0xdf, 0xf8, 0x0, 0xd, 0xff, 0xfa, 0x8a, 0xff,
    0xfd, 0x0, 0x0, 0x1c, 0xff, 0xff, 0xff, 0xfc,
    0x10, 0x0, 0x0, 0x5, 0xbe, 0xfe, 0xb5, 0x0,
    0x0, 0x0, 0x0, 0x0, 0x0, 0x0, 0x0, 0x0,
    0x0, 0x0, 0x0, 0x0, 0x0, 0x0, 0x0, 0x0,
    0x0, 0x0, 0x0, 0xaf, 0xa0, 0x0, 0x0, 0x0,
    0x0, 0x0, 0x3f, 0xff, 0x40, 0x0, 0x0, 0x0,
    0x0, 0x2, 0xff, 0xf2, 0x0, 0x0, 0x0, 0x0,
    0x0, 0x4, 0x94, 0x0, 0x0, 0x0,

    /* U+1ECE "Ỏ" */
    0x0, 0x0, 0x0, 0x0, 0x69, 0x83, 0x0, 0x0,
    0x0, 0x0, 0x0, 0x0, 0x0, 0x9, 0xff, 0xff,
    0x50, 0x0, 0x0, 0x0, 0x0, 0x0, 0x0, 0x1f,
    0xe1, 0x5f, 0xc0, 0x0, 0x0, 0x0, 0x0, 0x0,
    0x0, 0x3, 0x20, 0x3f, 0xe0, 0x0, 0x0, 0x0,
    0x0, 0x0, 0x0, 0x0, 0x4, 0xef, 0x80, 0x0,
    0x0, 0x0, 0x0, 0x0, 0x0, 0x0, 0x1f, 0xf8,
    0x0, 0x0, 0x0, 0x0, 0x0, 0x0, 0x0, 0x0,
    0x2e, 0xa0, 0x0, 0x0, 0x0, 0x0, 0x0, 0x0,
    0x0, 0x0, 0x0, 0x0, 0x0, 0x0, 0x0, 0x0,
    0x0, 0x0, 0x0, 0x0, 0x0, 0x0, 0x0, 0x0,
    0x0, 0x0, 0x0, 0x0, 0x1, 0x7c, 0xef, 0xed,
    0x94, 0x0, 0x0, 0x0, 0x0, 0x0, 0x8f, 0xff,
    0xff, 0xff, 0xff, 0xc3, 0x0, 0x0, 0x0, 0xb,
    0xff, 0xff, 0xec, 0xdf, 0xff, 0xff, 0x40, 0x0,
    0x0, 0xaf, 0xff, 0xa2, 0x0, 0x0, 0x6e, 0xff,
    0xf3, 0x0, 0x5, 0xff, 0xf6, 0x0, 0x0, 0x0,
    0x1, 0xdf, 0xfd, 0x0, 0xd, 0xff, 0x90, 0x0,
    0x0, 0x0, 0x0, 0x2f, 0xff, 0x50, 0x3f, 0xff,
    0x10, 0x0, 0x0, 0x0, 0x0, 0x9, 0xff, 0xb0,
    0x7f, 0xfb, 0x0, 0x0, 0x0, 0x0, 0x0, 0x3,
    0xff, 0xf0, 0x9f, 0xf8, 0x0, 0x0, 0x0, 0x0,
    0x0, 0x0, 0xff, 0xf1, 0xaf, 0xf7, 0x0, 0x0,
    0x0, 0x0, 0x0, 0x0, 0xff, 0xf2, 0x9f, 0xf8,
    0x0, 0x0, 0x0, 0x0, 0x0, 0x0, 0xff, 0xf1,
    0x7f, 0xfb, 0x0, 0x0, 0x0, 0x0, 0x0, 0x3,
    0xff, 0xf0, 0x3f, 0xff, 0x10, 0x0, 0x0, 0x0,
    0x0, 0x9, 0xff, 0xb0, 0xd, 0xff, 0xa0, 0x0,
    0x0, 0x0, 0x0, 0x2f, 0xff, 0x50, 0x5, 0xff,
    0xf7, 0x0, 0x0, 0x0, 0x1, 0xdf, 0xfd, 0x0,
    0x0, 0xaf, 0xff, 0xa2, 0x0, 0x0, 0x6e, 0xff,
    0xf3, 0x0, 0x0, 0xb, 0xff, 0xff, 0xfd, 0xef,
    0xff, 0xff, 0x40, 0x0, 0x0, 0x0, 0x8f, 0xff,
    0xff, 0xff, 0xff, 0xc3, 0x0, 0x0, 0x0, 0x0,
    0x1, 0x7c, 0xef, 0xed, 0x94, 0x0, 0x0, 0x0,

    /* U+1ECF "ỏ" */
    0x0, 0x0, 0x1, 0x8a, 0x81, 0x0, 0x0, 0x0,
    0x0, 0x0, 0xdf, 0xff, 0xf2, 0x0, 0x0, 0x0,
    0x0, 0x5f, 0xb1, 0x8f, 0x80, 0x0, 0x0, 0x0,
    0x0, 0x10, 0x9, 0xf8, 0x0, 0x0, 0x0, 0x0,
    0x0, 0x1b, 0xfd, 0x10, 0x0, 0x0, 0x0, 0x0,
    0x6, 0xfb, 0x10, 0x0, 0x0, 0x0, 0x0, 0x0,
    0x26, 0x20, 0x0, 0x0, 0x0, 0x0, 0x0, 0x0,
    0x0, 0x0, 0x0, 0x0, 0x0, 0x0, 0x5b, 0xef,
    0xeb, 0x50, 0x0, 0x0, 0x1, 0xcf, 0xff, 0xff,
    0xff, 0xc1, 0x0, 0x0, 0xdf, 0xff, 0xa8, 0xaf,
    0xff, 0xd0, 0x0, 0x8f, 0xfd, 0x20, 0x0, 0x2d,
    0xff, 0x80, 0xe, 0xff, 0x30, 0x0, 0x0, 0x3f,
    0xfe, 0x4, 0xff, 0xc0, 0x0, 0x0, 0x0, 0xdf,
    0xf4, 0x6f, 0xfa, 0x0, 0x0, 0x0, 0xa, 0xff,
    0x66, 0xff, 0xa0, 0x0, 0x0, 0x0, 0xaf, 0xf6,
    0x4f, 0xfc, 0x0, 0x0, 0x0, 0xd, 0xff, 0x40,
    0xff, 0xf3, 0x0, 0x0, 0x3, 0xff, 0xe0, 0x8,
    0xff, 0xd2, 0x0, 0x2, 0xdf, 0xf8, 0x0, 0xd,
    0xff, 0xfa, 0x8a, 0xff, 0xfd, 0x0, 0x0, 0x1c,
    0xff, 0xff, 0xff, 0xfc, 0x10, 0x0, 0x0, 0x5,
    0xbe, 0xfe, 0xb5, 0x0, 0x0,

    /* U+1ED0 "Ố" */
    0x0, 0x0, 0x0, 0x0, 0x0, 0x0, 0x0, 0x1b,
    0xb7, 0x0, 0x0, 0x0, 0x0, 0x0, 0x0, 0x0,
    0x0, 0x9f, 0xf3, 0x0, 0x0, 0x0, 0x0, 0x0,
    0x0, 0x0, 0x1, 0xff, 0xa0, 0x0, 0x0, 0x0,
    0x0, 0x0, 0x0, 0x0, 0x7, 0xff, 0x10, 0x0,
    0x0, 0x0, 0x0, 0x0, 0x58, 0x81, 0xe, 0xf7,
    0x0, 0x0, 0x0, 0x0, 0x0, 0x3, 0xff, 0xfb,
    0x0, 0x0, 0x0, 0x0, 0x0, 0x0, 0x0, 0x1e,
    0xf9, 0xef, 0x70, 0x0, 0x0, 0x0, 0x0, 0x0,
    0x0, 0xbf, 0xc0, 0x4f, 0xf3, 0x0, 0x0, 0x0,
    0x0, 0x0, 0x5, 0xdc, 0x20, 0x7, 0xdb, 0x0,
    0x0, 0x0, 0x0, 0x0, 0x0, 0x0, 0x0, 0x0,
    0x0, 0x0, 0x0, 0x0, 0x0, 0x0, 0x0, 0x0,
    0x0, 0x0, 0x0, 0x0, 0x0, 0x0, 0x0, 0x0,
    0x1, 0x7c, 0xef, 0xed, 0x94, 0x0, 0x0, 0x0,
    0x0, 0x0, 0x8f, 0xff, 0xff, 0xff, 0xff, 0xc3,
    0x0, 0x0, 0x0, 0xb, 0xff, 0xff, 0xec, 0xdf,
    0xff, 0xff, 0x40, 0x0, 0x0, 0xaf, 0xff, 0xa2,
    0x0, 0x0, 0x6e, 0xff, 0xf3, 0x0, 0x5, 0xff,
    0xf6, 0x0, 0x0, 0x0, 0x1, 0xdf, 0xfd, 0x0,
    0xd, 0xff, 0x90, 0x0, 0x0, 0x0, 0x0, 0x2f,
    0xff, 0x50, 0x3f, 0xff, 0x10, 0x0, 0x0, 0x0,
    0x0, 0x9, 0xff, 0xb0, 0x7f, 0xfb, 0x0, 0x0,
    0x0, 0x0, 0x0, 0x3, 0xff, 0xf0, 0x9f, 0xf8,
    0x0, 0x0, 0x0, 0x0, 0x0, 0x0, 0xff, 0xf1,
    0xaf, 0xf7, 0x0, 0x0, 0x0, 0x0, 0x0, 0x0,
    0xff, 0xf2, 0x9f, 0xf8, 0x0, 0x0, 0x0, 0x0,
    0x0, 0x0, 0xff, 0xf1, 0x7f, 0xfb, 0x0, 0x0,
    0x0, 0x0, 0x0, 0x3, 0xff, 0xf0, 0x3f, 0xff,
    0x10, 0x0, 0x0, 0x0, 0x0, 0x9, 0xff, 0xb0,
    0xd, 0xff, 0xa0, 0x0, 0x0, 0x0, 0x0, 0x2f,
    0xff, 0x50, 0x5, 0xff, 0xf7, 0x0, 0x0, 0x0,
    0x1, 0xdf, 0xfd, 0x0, 0x0, 0xaf, 0xff, 0xa2,
    0x0, 0x0, 0x6e, 0xff, 0xf3, 0x0, 0x0, 0xb,
    0xff, 0xff, 0xfd, 0xef, 0xff, 0xff, 0x40, 0x0,
    0x0, 0x0, 0x8f, 0xff, 0xff, 0xff, 0xff, 0xc3,
    0x0, 0x0, 0x0, 0x0, 0x1, 0x7c, 0xef, 0xed,
    0x94, 0x0, 0x0, 0x0,

    /* U+1ED1 "ố" */
    0x0, 0x0, 0x0, 0x0, 0x0, 0x0, 0x8f, 0xf5,
    0x0, 0x0, 0x0, 0x0, 0x0, 0x0, 0xef, 0xc0,
    0x0, 0x0, 0x0, 0x0, 0x0, 0x7, 0xff, 0x30,
    0x0, 0x0, 0x0, 0x0, 0x0, 0xe, 0xf9, 0x0,
    0x0, 0x0, 0x2, 0xff, 0xf2, 0x3b, 0xa1, 0x0,
    0x0, 0x0, 0xd, 0xff, 0xfc, 0x0, 0x0, 0x0,
    0x0, 0x0, 0x9f, 0xd2, 0xef, 0x90, 0x0, 0x0,
    0x0, 0x5, 0xff, 0x30, 0x3f, 0xf5, 0x0, 0x0,
    0x0, 0x3, 0x42, 0x0, 0x2, 0x43, 0x0, 0x0,
    0x0, 0x0, 0x0, 0x0, 0x0, 0x0, 0x0, 0x0,
    0x0, 0x0, 0x5b, 0xef, 0xeb, 0x50, 0x0, 0x0,
    0x0, 0x1c, 0xff, 0xff, 0xff, 0xfc, 0x10, 0x0,
    0x0, 0xdf, 0xff, 0xa8, 0xaf, 0xff, 0xd0, 0x0,
    0x8, 0xff, 0xd2, 0x0, 0x2, 0xdf, 0xf8, 0x0,
    0xe, 0xff, 0x30, 0x0, 0x0, 0x3f, 0xfe, 0x0,
    0x4f, 0xfc, 0x0, 0x0, 0x0, 0xd, 0xff, 0x40,
    0x6f, 0xfa, 0x0, 0x0, 0x0, 0xa, 0xff, 0x60,
    0x6f, 0xfa, 0x0, 0x0, 0x0, 0xa, 0xff, 0x60,
    0x4f, 0xfc, 0x0, 0x0, 0x0, 0xd, 0xff, 0x40,
    0xf, 0xff, 0x30, 0x0, 0x0, 0x3f, 0xfe, 0x0,
    0x8, 0xff, 0xd2, 0x0, 0x2, 0xdf, 0xf8, 0x0,
    0x0, 0xdf, 0xff, 0xa8, 0xaf, 0xff, 0xd0, 0x0,
    0x0, 0x1c, 0xff, 0xff, 0xff, 0xfc, 0x10, 0x0,
    0x0, 0x0, 0x5b, 0xef, 0xeb, 0x50, 0x0, 0x0,

    /* U+1ED2 "Ồ" */
    0x0, 0x0, 0x0, 0x0, 0x0, 0x1a, 0xb8, 0x0,
    0x0, 0x0, 0x0, 0x0, 0x0, 0x0, 0x0, 0x9,
    0xff, 0x20, 0x0, 0x0, 0x0, 0x0, 0x0, 0x0,
    0x0, 0x1, 0xff, 0xa0, 0x0, 0x0, 0x0, 0x0,
    0x0, 0x0, 0x0, 0x0, 0x7f, 0xf1, 0x0, 0x0,
    0x0, 0x0, 0x0, 0x0, 0x58, 0x81, 0xd, 0xf9,
    0x0, 0x0, 0x0, 0x0, 0x0, 0x3, 0xff, 0xfb,
    0x0, 0x0, 0x0, 0x0, 0x0, 0x0, 0x0, 0x1e,
    0xf9, 0xef, 0x70, 0x0, 0x0, 0x0, 0x0, 0x0,
    0x0, 0xbf, 0xc0, 0x4f, 0xf3, 0x0, 0x0, 0x0,
    0x0, 0x0, 0x5, 0xdc, 0x20, 0x7, 0xdb, 0x0,
    0x0, 0x0, 0x0, 0x0, 0x0, 0x0, 0x0, 0x0,
    0x0, 0x0, 0x0, 0x0, 0x0, 0x0, 0x0, 0x0,
    0x0, 0x0, 0x0, 0x0, 0x0, 0x0, 0x0, 0x0,
    0x1, 0x7c, 0xef, 0xed, 0x94, 0x0, 0x0, 0x0,
    0x0, 0x0, 0x8f, 0xff, 0xff, 0xff, 0xff, 0xc3,
    0x0, 0x0, 0x0, 0xb, 0xff, 0xff, 0xec, 0xdf,
    0xff, 0xff, 0x40, 0x0, 0x0, 0xaf, 0xff, 0xa2,
    0x0, 0x0, 0x6e, 0xff, 0xf3, 0x0, 0x5, 0xff,
    0xf6, 0x0, 0x0, 0x0, 0x1, 0xdf, 0xfd, 0x0,
    0xd, 0xff, 0x90, 0x0, 0x0, 0x0, 0x0, 0x2f,
    0xff, 0x50, 0x3f, 0xff, 0x10, 0x0, 0x0, 0x0,
    0x0, 0x9, 0xff, 0xb0, 0x7f, 0xfb, 0x0, 0x0,
    0x0, 0x0, 0x0, 0x3, 0xff, 0xf0, 0x9f, 0xf8,
    0x0, 0x0, 0x0, 0x0, 0x0, 0x0, 0xff, 0xf1,
    0xaf, 0xf7, 0x0, 0x0, 0x0, 0x0, 0x0, 0x0,
    0xff, 0xf2, 0x9f, 0xf8, 0x0, 0x0, 0x0, 0x0,
    0x0, 0x0, 0xff, 0xf1, 0x7f, 0xfb, 0x0, 0x0,
    0x0, 0x0, 0x0, 0x3, 0xff, 0xf0, 0x3f, 0xff,
    0x10, 0x0, 0x0, 0x0, 0x0, 0x9, 0xff, 0xb0,
    0xd, 0xff, 0xa0, 0x0, 0x0, 0x0, 0x0, 0x2f,
    0xff, 0x50, 0x5, 0xff, 0xf7, 0x0, 0x0, 0x0,
    0x1, 0xdf, 0xfd, 0x0, 0x0, 0xaf, 0xff, 0xa2,
    0x0, 0x0, 0x6e, 0xff, 0xf3, 0x0, 0x0, 0xb,
    0xff, 0xff, 0xfd, 0xef, 0xff, 0xff, 0x40, 0x0,
    0x0, 0x0, 0x8f, 0xff, 0xff, 0xff, 0xff, 0xc3,
    0x0, 0x0, 0x0, 0x0, 0x1, 0x7c, 0xef, 0xed,
    0x94, 0x0, 0x0, 0x0,

    /* U+1ED3 "ồ" */
    0x0, 0x0, 0x0, 0x0, 0x4f, 0xf9, 0x0, 0x0,
    0x0, 0x0, 0x0, 0x0, 0xbf, 0xf1, 0x0, 0x0,
    0x0, 0x0, 0x0, 0x2, 0xff, 0x80, 0x0, 0x0,
    0x0, 0x0, 0x0, 0x8, 0xfe, 0x0, 0x0, 0x0,
    0x2, 0xff, 0xf2, 0xa, 0xb4, 0x0, 0x0, 0x0,
    0xdf, 0xff, 0xd0, 0x0, 0x0, 0x0, 0x0, 0x9f,
    0xd2, 0xef, 0x90, 0x0, 0x0, 0x0, 0x5f, 0xf3,
    0x3, 0xff, 0x50, 0x0, 0x0, 0x3, 0x42, 0x0,
    0x2, 0x43, 0x0, 0x0, 0x0, 0x0, 0x0, 0x0,
    0x0, 0x0, 0x0, 0x0, 0x0, 0x5b, 0xef, 0xeb,
    0x50, 0x0, 0x0, 0x1, 0xcf, 0xff, 0xff, 0xff,
    0xc1, 0x0, 0x0, 0xdf, 0xff, 0xa8, 0xaf, 0xff,
    0xd0, 0x0, 0x8f, 0xfd, 0x20, 0x0, 0x2d, 0xff,
    0x80, 0xe, 0xff, 0x30, 0x0, 0x0, 0x3f, 0xfe,
    0x4, 0xff, 0xc0, 0x0, 0x0, 0x0, 0xdf, 0xf4,
    0x6f, 0xfa, 0x0, 0x0, 0x0, 0xa, 0xff, 0x66,
    0xff, 0xa0, 0x0, 0x0, 0x0, 0xaf, 0xf6, 0x4f,
    0xfc, 0x0, 0x0, 0x0, 0xd, 0xff, 0x40, 0xff,
    0xf3, 0x0, 0x0, 0x3, 0xff, 0xe0, 0x8, 0xff,
    0xd2, 0x0, 0x2, 0xdf, 0xf8, 0x0, 0xd, 0xff,
    0xfa, 0x8a, 0xff, 0xfd, 0x0, 0x0, 0x1c, 0xff,
    0xff, 0xff, 0xfc, 0x10, 0x0, 0x0, 0x5, 0xbe,
    0xfe, 0xb5, 0x0, 0x0,

    /* U+1ED4 "Ổ" */
    0x0, 0x0, 0x0, 0x0, 0x0, 0x0, 0x49, 0x95,
    0x0, 0x0, 0x0, 0x0, 0x0, 0x0, 0x0, 0x5,
    0xff, 0xff, 0xa0, 0x0, 0x0, 0x0, 0x0, 0x0,
    0x0, 0xc, 0xf5, 0x1e, 0xf2, 0x0, 0x0, 0x0,
    0x0, 0x0, 0x0, 0x1, 0x20, 0xe, 0xf2, 0x0,
    0x0, 0x0, 0x0, 0x0, 0x0, 0x0, 0x3, 0xdf,
    0xa0, 0x0, 0x0, 0x0, 0x0, 0x0, 0x24, 0x40,
    0xd, 0xf8, 0x0, 0x0, 0x0, 0x0, 0x0, 0x2,
    0xff, 0xf8, 0x8, 0x90, 0x0, 0x0, 0x0, 0x0,
    0x0, 0xc, 0xfc, 0xff, 0x50, 0x0, 0x0, 0x0,
    0x0, 0x0, 0x0, 0x9f, 0xd0, 0x7f, 0xf2, 0x0,
    0x0, 0x0, 0x0, 0x0, 0x5, 0xee, 0x20, 0xa,
    0xfc, 0x0, 0x0, 0x0, 0x0, 0x0, 0x0, 0x0,
    0x0, 0x0, 0x0, 0x0, 0x0, 0x0, 0x0, 0x0,
    0x0, 0x0, 0x0, 0x0, 0x0, 0x0, 0x0, 0x0,
    0x0, 0x0, 0x1, 0x7c, 0xef, 0xed, 0x94, 0x0,
    0x0, 0x0, 0x0, 0x0, 0x8f, 0xff, 0xff, 0xff,
    0xff, 0xc3, 0x0, 0x0, 0x0, 0xb, 0xff, 0xff,
    0xec, 0xdf, 0xff, 0xff, 0x40, 0x0, 0x0, 0xaf,
    0xff, 0xa2, 0x0, 0x0, 0x6e, 0xff, 0xf3, 0x0,
    0x5, 0xff, 0xf6, 0x0, 0x0, 0x0, 0x1, 0xdf,
    0xfd, 0x0, 0xd, 0xff, 0x90, 0x0, 0x0, 0x0,
    0x0, 0x2f, 0xff, 0x50, 0x3f, 0xff, 0x10, 0x0,
    0x0, 0x0, 0x0, 0x9, 0xff, 0xb0, 0x7f, 0xfb,
    0x0, 0x0, 0x0, 0x0, 0x0, 0x3, 0xff, 0xf0,
    0x9f, 0xf8, 0x0, 0x0, 0x0, 0x0, 0x0, 0x0,
    0xff, 0xf1, 0xaf, 0xf7, 0x0, 0x0, 0x0, 0x0,
    0x0, 0x0, 0xff, 0xf2, 0x9f, 0xf8, 0x0, 0x0,
    0x0, 0x0, 0x0, 0x0, 0xff, 0xf1, 0x7f, 0xfb,
    0x0, 0x0, 0x0, 0x0, 0x0, 0x3, 0xff, 0xf0,
    0x3f, 0xff, 0x10, 0x0, 0x0, 0x0, 0x0, 0x9,
    0xff, 0xb0, 0xd, 0xff, 0xa0, 0x0, 0x0, 0x0,
    0x0, 0x2f, 0xff, 0x50, 0x5, 0xff, 0xf7, 0x0,
    0x0, 0x0, 0x1, 0xdf, 0xfd, 0x0, 0x0, 0xaf,
    0xff, 0xa2, 0x0, 0x0, 0x6e, 0xff, 0xf3, 0x0,
    0x0, 0xb, 0xff, 0xff, 0xfd, 0xef, 0xff, 0xff,
    0x40, 0x0, 0x0, 0x0, 0x8f, 0xff, 0xff, 0xff,
    0xff, 0xc3, 0x0, 0x0, 0x0, 0x0, 0x1, 0x7c,
    0xef, 0xed, 0x94, 0x0, 0x0, 0x0,

    /* U+1ED5 "ổ" */
    0x0, 0x0, 0x0, 0x0, 0x2, 0xbf, 0xe9, 0x0,
    0x0, 0x0, 0x0, 0x0, 0xdf, 0xcd, 0xfa, 0x0,
    0x0, 0x0, 0x0, 0xa, 0x90, 0x1f, 0xe0, 0x0,
    0x0, 0x0, 0x0, 0x0, 0x9, 0xfa, 0x0, 0x0,
    0x0, 0x0, 0x0, 0xd, 0xfb, 0x0, 0x0, 0x0,
    0x2f, 0xff, 0x21, 0xea, 0x0, 0x0, 0x0, 0xd,
    0xfe, 0xfc, 0x0, 0x0, 0x0, 0x0, 0xa, 0xfd,
    0x1d, 0xf9, 0x0, 0x0, 0x0, 0x6, 0xff, 0x20,
    0x3f, 0xf5, 0x0, 0x0, 0x0, 0x33, 0x20, 0x0,
    0x23, 0x30, 0x0, 0x0, 0x0, 0x0, 0x0, 0x0,
    0x0, 0x0, 0x0, 0x0, 0x5, 0xbe, 0xfe, 0xb5,
    0x0, 0x0, 0x0, 0x1c, 0xff, 0xff, 0xff, 0xfc,
    0x10, 0x0, 0xd, 0xff, 0xfa, 0x8a, 0xff, 0xfd,
    0x0, 0x8, 0xff, 0xd2, 0x0, 0x2, 0xdf, 0xf8,
    0x0, 0xef, 0xf3, 0x0, 0x0, 0x3, 0xff, 0xe0,
    0x4f, 0xfc, 0x0, 0x0, 0x0, 0xd, 0xff, 0x46,
    0xff, 0xa0, 0x0, 0x0, 0x0, 0xaf, 0xf6, 0x6f,
    0xfa, 0x0, 0x0, 0x0, 0xa, 0xff, 0x64, 0xff,
    0xc0, 0x0, 0x0, 0x0, 0xdf, 0xf4, 0xf, 0xff,
    0x30, 0x0, 0x0, 0x3f, 0xfe, 0x0, 0x8f, 0xfd,
    0x20, 0x0, 0x2d, 0xff, 0x80, 0x0, 0xdf, 0xff,
    0xa8, 0xaf, 0xff, 0xd0, 0x0, 0x1, 0xcf, 0xff,
    0xff, 0xff, 0xc1, 0x0, 0x0, 0x0, 0x5b, 0xef,
    0xeb, 0x50, 0x0, 0x0,

    /* U+1ED6 "Ỗ" */
    0x0, 0x0, 0x0, 0x5e, 0xe6, 0x0, 0xee, 0x0,
    0x0, 0x0, 0x0, 0x0, 0x1, 0xff, 0xff, 0x82,
    0xfc, 0x0, 0x0, 0x0, 0x0, 0x0, 0x4, 0xf9,
    0x1d, 0xff, 0xf8, 0x0, 0x0, 0x0, 0x0, 0x0,
    0x6, 0xf5, 0x1, 0xbf, 0xb1, 0x0, 0x0, 0x0,
    0x0, 0x0, 0x0, 0x0, 0x0, 0x0, 0x0, 0x0,
    0x0, 0x0, 0x0, 0x0, 0x0, 0x0, 0xdf, 0xf5,
    0x0, 0x0, 0x0, 0x0, 0x0, 0x0, 0x0, 0xa,
    0xfe, 0xff, 0x30, 0x0, 0x0, 0x0, 0x0, 0x0,
    0x0, 0x7f, 0xe1, 0x9f, 0xd1, 0x0, 0x0, 0x0,
    0x0, 0x0, 0x4, 0xff, 0x40, 0xc, 0xfb, 0x0,
    0x0, 0x0, 0x0, 0x0, 0x0, 0x0, 0x0, 0x0,
    0x0, 0x0, 0x0, 0x0, 0x0, 0x0, 0x0, 0x0,
    0x0, 0x0, 0x0, 0x0, 0x0, 0x0, 0x0, 0x0,
    0x1, 0x7c, 0xef, 0xed, 0x94, 0x0, 0x0, 0x0,
    0x0, 0x0, 0x8f, 0xff, 0xff, 0xff, 0xff, 0xc3,
    0x0, 0x0, 0x0, 0xb, 0xff, 0xff, 0xec, 0xdf,
    0xff, 0xff, 0x40, 0x0, 0x0, 0xaf, 0xff, 0xa2,
    0x0, 0x0, 0x6e, 0xff, 0xf3, 0x0, 0x5, 0xff,
    0xf6, 0x0, 0x0, 0x0, 0x1, 0xdf, 0xfd, 0x0,
    0xd, 0xff, 0x90, 0x0, 0x0, 0x0, 0x0, 0x2f,
    0xff, 0x50, 0x3f, 0xff, 0x10, 0x0, 0x0, 0x0,
    0x0, 0x9, 0xff, 0xb0, 0x7f, 0xfb, 0x0, 0x0,
    0x0, 0x0, 0x0, 0x3, 0xff, 0xf0, 0x9f, 0xf8,
    0x0, 0x0, 0x0, 0x0, 0x0, 0x0, 0xff, 0xf1,
    0xaf, 0xf7, 0x0, 0x0, 0x0, 0x0, 0x0, 0x0,
    0xff, 0xf2, 0x9f, 0xf8, 0x0, 0x0, 0x0, 0x0,
    0x0, 0x0, 0xff, 0xf1, 0x7f, 0xfb, 0x0, 0x0,
    0x0, 0x0, 0x0, 0x3, 0xff, 0xf0, 0x3f, 0xff,
    0x10, 0x0, 0x0, 0x0, 0x0, 0x9, 0xff, 0xb0,
    0xd, 0xff, 0xa0, 0x0, 0x0, 0x0, 0x0, 0x2f,
    0xff, 0x50, 0x5, 0xff, 0xf7, 0x0, 0x0, 0x0,
    0x1, 0xdf, 0xfd, 0x0, 0x0, 0xaf, 0xff, 0xa2,
    0x0, 0x0, 0x6e, 0xff, 0xf3, 0x0, 0x0, 0xb,
    0xff, 0xff, 0xfd, 0xef, 0xff, 0xff, 0x40, 0x0,
    0x0, 0x0, 0x8f, 0xff, 0xff, 0xff, 0xff, 0xc3,
    0x0, 0x0, 0x0, 0x0, 0x1, 0x7c, 0xef, 0xed,
    0x94, 0x0, 0x0, 0x0,

    /* U+1ED7 "ỗ" */
    0x0, 0x0, 0xbf, 0xe9, 0x24, 0xf9, 0x0, 0x0,
    0x0, 0x7f, 0xff, 0xff, 0xff, 0x60, 0x0, 0x0,
    0xa, 0xf4, 0x29, 0xef, 0xa0, 0x0, 0x0, 0x0,
    0x0, 0x0, 0x0, 0x0, 0x0, 0x0, 0x0, 0x0,
    0x2, 0xff, 0xf2, 0x0, 0x0, 0x0, 0x0, 0x0,
    0xdf, 0xef, 0xc0, 0x0, 0x0, 0x0, 0x0, 0xaf,
    0xc1, 0xdf, 0x90, 0x0, 0x0, 0x0, 0x6f, 0xf2,
    0x3, 0xff, 0x50, 0x0, 0x0, 0x3, 0x32, 0x0,
    0x2, 0x33, 0x0, 0x0, 0x0, 0x0, 0x0, 0x0,
    0x0, 0x0, 0x0, 0x0, 0x0, 0x5b, 0xef, 0xeb,
    0x50, 0x0, 0x0, 0x1, 0xcf, 0xff, 0xff, 0xff,
    0xc1, 0x0, 0x0, 0xdf, 0xff, 0xa8, 0xaf, 0xff,
    0xd0, 0x0, 0x8f, 0xfd, 0x20, 0x0, 0x2d, 0xff,
    0x80, 0xe, 0xff, 0x30, 0x0, 0x0, 0x3f, 0xfe,
    0x4, 0xff, 0xc0, 0x0, 0x0, 0x0, 0xdf, 0xf4,
    0x6f, 0xfa, 0x0, 0x0, 0x0, 0xa, 0xff, 0x66,
    0xff, 0xa0, 0x0, 0x0, 0x0, 0xaf, 0xf6, 0x4f,
    0xfc, 0x0, 0x0, 0x0, 0xd, 0xff, 0x40, 0xff,
    0xf3, 0x0, 0x0, 0x3, 0xff, 0xe0, 0x8, 0xff,
    0xd2, 0x0, 0x2, 0xdf, 0xf8, 0x0, 0xd, 0xff,
    0xfa, 0x8a, 0xff, 0xfd, 0x0, 0x0, 0x1c, 0xff,
    0xff, 0xff, 0xfc, 0x10, 0x0, 0x0, 0x5, 0xbe,
    0xfe, 0xb5, 0x0, 0x0,

    /* U+1ED8 "Ộ" */
    0x0, 0x0, 0x0, 0x0, 0x58, 0x71, 0x0, 0x0,
    0x0, 0x0, 0x0, 0x0, 0x0, 0x4, 0xff, 0xfc,
    0x0, 0x0, 0x0, 0x0, 0x0, 0x0, 0x0, 0x2e,
    0xf8, 0xdf, 0x90, 0x0, 0x0, 0x0, 0x0, 0x0,
    0x0, 0xdf, 0xa0, 0x2f, 0xf6, 0x0, 0x0, 0x0,
    0x0, 0x0, 0x3, 0x87, 0x0, 0x4, 0x87, 0x0,
    0x0, 0x0, 0x0, 0x0, 0x0, 0x0, 0x0, 0x0,
    0x0, 0x0, 0x0, 0x0, 0x0, 0x0, 0x0, 0x0,
    0x0, 0x0, 0x0, 0x0, 0x0, 0x0, 0x0, 0x0,
    0x1, 0x7c, 0xef, 0xed, 0x94, 0x0, 0x0, 0x0,
    0x0, 0x0, 0x8f, 0xff, 0xff, 0xff, 0xff, 0xc3,
    0x0, 0x0, 0x0, 0xb, 0xff, 0xff, 0xec, 0xdf,
    0xff, 0xff, 0x40, 0x0, 0x0, 0xaf, 0xff, 0xa2,
    0x0, 0x0, 0x6e, 0xff, 0xf3, 0x0, 0x5, 0xff,
    0xf6, 0x0, 0x0, 0x0, 0x1, 0xdf, 0xfd, 0x0,
    0xd, 0xff, 0x90, 0x0, 0x0, 0x0, 0x0, 0x2f,
    0xff, 0x50, 0x3f, 0xff, 0x10, 0x0, 0x0, 0x0,
    0x0, 0x9, 0xff, 0xb0, 0x7f, 0xfb, 0x0, 0x0,
    0x0, 0x0, 0x0, 0x3, 0xff, 0xf0, 0x9f, 0xf8,
    0x0, 0x0, 0x0, 0x0, 0x0, 0x0, 0xff, 0xf1,
    0xaf, 0xf7, 0x0, 0x0, 0x0, 0x0, 0x0, 0x0,
    0xff, 0xf2, 0x9f, 0xf8, 0x0, 0x0, 0x0, 0x0,
    0x0, 0x0, 0xff, 0xf1, 0x7f, 0xfb, 0x0, 0x0,
    0x0, 0x0, 0x0, 0x3, 0xff, 0xf0, 0x3f, 0xff,
    0x10, 0x0, 0x0, 0x0, 0x0, 0x9, 0xff, 0xb0,
    0xd, 0xff, 0xa0, 0x0, 0x0, 0x0, 0x0, 0x2f,
    0xff, 0x50, 0x5, 0xff, 0xf7, 0x0, 0x0, 0x0,
    0x1, 0xdf, 0xfd, 0x0, 0x0, 0xaf, 0xff, 0xa2,
    0x0, 0x0, 0x6e, 0xff, 0xf3, 0x0, 0x0, 0xb,
    0xff, 0xff, 0xfd, 0xef, 0xff, 0xff, 0x40, 0x0,
    0x0, 0x0, 0x8f, 0xff, 0xff, 0xff, 0xff, 0xc3,
    0x0, 0x0, 0x0, 0x0, 0x1, 0x7c, 0xef, 0xed,
    0x94, 0x0, 0x0, 0x0, 0x0, 0x0, 0x0, 0x0,
    0x0, 0x0, 0x0, 0x0, 0x0, 0x0, 0x0, 0x0,
    0x0, 0x0, 0x0, 0x0, 0x0, 0x0, 0x0, 0x0,
    0x0, 0x0, 0x0, 0x0, 0x7f, 0xc1, 0x0, 0x0,
    0x0, 0x0, 0x0, 0x0, 0x0, 0x0, 0xff, 0xf7,
    0x0, 0x0, 0x0, 0x0, 0x0, 0x0, 0x0, 0x0,
    0xdf, 0xf5, 0x0, 0x0, 0x0, 0x0, 0x0, 0x0,
    0x0, 0x0, 0x29, 0x60, 0x0, 0x0, 0x0, 0x0,

    /* U+1ED9 "ộ" */
    0x0, 0x0, 0x2, 0xff, 0xf2, 0x0, 0x0, 0x0,
    0x0, 0x0, 0xcf, 0xef, 0xc0, 0x0, 0x0, 0x0,
    0x0, 0x8f, 0xd1, 0xef, 0x80, 0x0, 0x0, 0x0,
    0x4f, 0xf3, 0x3, 0xff, 0x40, 0x0, 0x0, 0x4,
    0x64, 0x0, 0x4, 0x65, 0x0, 0x0, 0x0, 0x0,
    0x0, 0x0, 0x0, 0x0, 0x0, 0x0, 0x0, 0x5b,
    0xef, 0xeb, 0x50, 0x0, 0x0, 0x1, 0xcf, 0xff,
    0xff, 0xff, 0xc1, 0x0, 0x0, 0xdf, 0xff, 0xa8,
    0xaf, 0xff, 0xd0, 0x0, 0x8f, 0xfd, 0x20, 0x0,
    0x2d, 0xff, 0x80, 0xe, 0xff, 0x30, 0x0, 0x0,
    0x3f, 0xfe, 0x4, 0xff, 0xc0, 0x0, 0x0, 0x0,
    0xdf, 0xf4, 0x6f, 0xfa, 0x0, 0x0, 0x0, 0xa,
    0xff, 0x66, 0xff, 0xa0, 0x0, 0x0, 0x0, 0xaf,
    0xf6, 0x4f, 0xfc, 0x0, 0x0, 0x0, 0xd, 0xff,
    0x40, 0xff, 0xf3, 0x0, 0x0, 0x3, 0xff, 0xe0,
    0x8, 0xff, 0xd2, 0x0, 0x2, 0xdf, 0xf8, 0x0,
    0xd, 0xff, 0xfa, 0x8a, 0xff, 0xfd, 0x0, 0x0,
    0x1c, 0xff, 0xff, 0xff, 0xfc, 0x10, 0x0, 0x0,
    0x5, 0xbe, 0xfe, 0xb5, 0x0, 0x0, 0x0, 0x0,
    0x0, 0x0, 0x0, 0x0, 0x0, 0x0, 0x0, 0x0,
    0x0, 0x0, 0x0, 0x0, 0x0, 0x0, 0x0, 0x0,
    0xaf, 0xa0, 0x0, 0x0, 0x0, 0x0, 0x0, 0x3f,
    0xff, 0x40, 0x0, 0x0, 0x0, 0x0, 0x2, 0xff,
    0xf2, 0x0, 0x0, 0x0, 0x0, 0x0, 0x4, 0x94,
    0x0, 0x0, 0x0,

    /* U+1EDA "Ớ" */
    0x0, 0x0, 0x0, 0x0, 0x0, 0x8f, 0xf5, 0x0,
    0x0, 0x0, 0x0, 0x0, 0x0, 0x0, 0x0, 0xff,
    0xb0, 0x0, 0x0, 0x0, 0x0, 0x0, 0x0, 0x0,
    0x7, 0xff, 0x20, 0x0, 0x0, 0x0, 0x0, 0x0,
    0x0, 0x0, 0xe, 0xf9, 0x0, 0x2, 0x33, 0x0,
    0x0, 0x0, 0x0, 0x0, 0x3b, 0xa1, 0x0, 0xa,
    0xff, 0x10, 0x0, 0x0, 0x0, 0x0, 0x0, 0x0,
    0x0, 0xa, 0xff, 0x0, 0x0, 0x0, 0x0, 0x0,
    0x0, 0x0, 0x0, 0x1d, 0xff, 0x0, 0x0, 0x0,
    0x1, 0x7c, 0xef, 0xff, 0xff, 0xff, 0xfa, 0x0,
    0x0, 0x0, 0x8f, 0xff, 0xff, 0xff, 0xff, 0xfe,
    0x90, 0x0, 0x0, 0xb, 0xff, 0xff, 0xec, 0xdf,
    0xff, 0xff, 0x30, 0x0, 0x0, 0xaf, 0xff, 0xa2,
    0x0, 0x0, 0x6e, 0xff, 0xf3, 0x0, 0x5, 0xff,
    0xf6, 0x0, 0x0, 0x0, 0x1, 0xdf, 0xfc, 0x0,
    0xd, 0xff, 0x90, 0x0, 0x0, 0x0, 0x0, 0x2f,
    0xff, 0x50, 0x3f, 0xff, 0x10, 0x0, 0x0, 0x0,
    0x0, 0x9, 0xff, 0xa0, 0x7f, 0xfb, 0x0, 0x0,
    0x0, 0x0, 0x0, 0x3, 0xff, 0xf0, 0x9f, 0xf8,
    0x0, 0x0, 0x0, 0x0, 0x0, 0x0, 0xff, 0xf1,
    0xaf, 0xf7, 0x0, 0x0, 0x0, 0x0, 0x0, 0x0,
    0xff, 0xf2, 0x9f, 0xf8, 0x0, 0x0, 0x0, 0x0,
    0x0, 0x0, 0xff, 0xf1, 0x7f, 0xfb, 0x0, 0x0,
    0x0, 0x0, 0x0, 0x3, 0xff, 0xf0, 0x3f, 0xff,
    0x10, 0x0, 0x0, 0x0, 0x0, 0x9, 0xff, 0xb0,
    0xd, 0xff, 0xa0, 0x0, 0x0, 0x0, 0x0, 0x2f,
    0xff, 0x50, 0x5, 0xff, 0xf7, 0x0, 0x0, 0x0,
    0x1, 0xdf, 0xfd, 0x0, 0x0, 0xaf, 0xff, 0xa2,
    0x0, 0x0, 0x6e, 0xff, 0xf3, 0x0, 0x0, 0xb,
    0xff, 0xff, 0xfd, 0xef, 0xff, 0xff, 0x40, 0x0,
    0x0, 0x0, 0x8f, 0xff, 0xff, 0xff, 0xff, 0xc3,
    0x0, 0x0, 0x0, 0x0, 0x1, 0x7c, 0xef, 0xed,
    0x94, 0x0, 0x0, 0x0,

    /* U+1EDB "ớ" */
    0x0, 0x0, 0x0, 0x0, 0x7b, 0xb2, 0x0, 0x0,
    0x0, 0x0, 0x0, 0x1f, 0xfb, 0x0, 0x0, 0x0,
    0x0, 0x0, 0x8, 0xff, 0x20, 0x0, 0x0, 0x0,
    0x0, 0x0, 0xff, 0x90, 0x0, 0x0, 0x0, 0x0,
    0x0, 0x7f, 0xe1, 0x0, 0xff, 0x70, 0x0, 0x0,
    0x0, 0x0, 0x0, 0xf, 0xf7, 0x0, 0x0, 0x0,
    0x0, 0x0, 0x4, 0xff, 0x60, 0x0, 0x5, 0xbe,
    0xff, 0xff, 0xff, 0xf1, 0x0, 0x1c, 0xff, 0xff,
    0xff, 0xff, 0xb3, 0x0, 0xd, 0xff, 0xfa, 0x8a,
    0xff, 0xfd, 0x0, 0x8, 0xff, 0xd2, 0x0, 0x2,
    0xdf, 0xf8, 0x0, 0xef, 0xf3, 0x0, 0x0, 0x3,
    0xff, 0xf0, 0x4f, 0xfc, 0x0, 0x0, 0x0, 0xd,
    0xff, 0x46, 0xff, 0xa0, 0x0, 0x0, 0x0, 0xaf,
    0xf6, 0x6f, 0xfa, 0x0, 0x0, 0x0, 0xa, 0xff,
    0x64, 0xff, 0xc0, 0x0, 0x0, 0x0, 0xdf, 0xf4,
    0xf, 0xff, 0x30, 0x0, 0x0, 0x3f, 0xfe, 0x0,
    0x8f, 0xfd, 0x20, 0x0, 0x2d, 0xff, 0x80, 0x0,
    0xdf, 0xff, 0xa8, 0xaf, 0xff, 0xd0, 0x0, 0x1,
    0xcf, 0xff, 0xff, 0xff, 0xc1, 0x0, 0x0, 0x0,
    0x5b, 0xef, 0xeb, 0x50, 0x0, 0x0,

    /* U+1EDC "Ờ" */
    0x0, 0x0, 0x0, 0xdf, 0xf1, 0x0, 0x0, 0x0,
    0x0, 0x0, 0x0, 0x0, 0x0, 0x4f, 0xf7, 0x0,
    0x0, 0x0, 0x0, 0x0, 0x0, 0x0, 0x0, 0xa,
    0xfe, 0x0, 0x0, 0x0, 0x0, 0x0, 0x0, 0x0,
    0x0, 0x1, 0xff, 0x60, 0x0, 0x2, 0x33, 0x0,
    0x0, 0x0, 0x0, 0x0, 0x6b, 0x90, 0x0, 0xa,
    0xff, 0x10, 0x0, 0x0, 0x0, 0x0, 0x0, 0x0,
    0x0, 0xa, 0xff, 0x0, 0x0, 0x0, 0x0, 0x0,
    0x0, 0x0, 0x0, 0x1d, 0xff, 0x0, 0x0, 0x0,
    0x1, 0x7c, 0xef, 0xff, 0xff, 0xff, 0xfa, 0x0,
    0x0, 0x0, 0x8f, 0xff, 0xff, 0xff, 0xff, 0xfe,
    0x90, 0x0, 0x0, 0xb, 0xff, 0xff, 0xec, 0xdf,
    0xff, 0xff, 0x30, 0x0, 0x0, 0xaf, 0xff, 0xa2,
    0x0, 0x0, 0x6e, 0xff, 0xf3, 0x0, 0x5, 0xff,
    0xf6, 0x0, 0x0, 0x0, 0x1, 0xdf, 0xfc, 0x0,
    0xd, 0xff, 0x90, 0x0, 0x0, 0x0, 0x0, 0x2f,
    0xff, 0x50, 0x3f, 0xff, 0x10, 0x0, 0x0, 0x0,
    0x0, 0x9, 0xff, 0xa0, 0x7f, 0xfb, 0x0, 0x0,
    0x0, 0x0, 0x0, 0x3, 0xff, 0xf0, 0x9f, 0xf8,
    0x0, 0x0, 0x0, 0x0, 0x0, 0x0, 0xff, 0xf1,
    0xaf, 0xf7, 0x0, 0x0, 0x0, 0x0, 0x0, 0x0,
    0xff, 0xf2, 0x9f, 0xf8, 0x0, 0x0, 0x0, 0x0,
    0x0, 0x0, 0xff, 0xf1, 0x7f, 0xfb, 0x0, 0x0,
    0x0, 0x0, 0x0, 0x3, 0xff, 0xf0, 0x3f, 0xff,
    0x10, 0x0, 0x0, 0x0, 0x0, 0x9, 0xff, 0xb0,
    0xd, 0xff, 0xa0, 0x0, 0x0, 0x0, 0x0, 0x2f,
    0xff, 0x50, 0x5, 0xff, 0xf7, 0x0, 0x0, 0x0,
    0x1, 0xdf, 0xfd, 0x0, 0x0, 0xaf, 0xff, 0xa2,
    0x0, 0x0, 0x6e, 0xff, 0xf3, 0x0, 0x0, 0xb,
    0xff, 0xff, 0xfd, 0xef, 0xff, 0xff, 0x40, 0x0,
    0x0, 0x0, 0x8f, 0xff, 0xff, 0xff, 0xff, 0xc3,
    0x0, 0x0, 0x0, 0x0, 0x1, 0x7c, 0xef, 0xed,
    0x94, 0x0, 0x0, 0x0,

    /* U+1EDD "ờ" */
    0x0, 0x1, 0xbb, 0x80, 0x0, 0x0, 0x0, 0x0,
    0x0, 0x9, 0xff, 0x20, 0x0, 0x0, 0x0, 0x0,
    0x0, 0x1f, 0xfa, 0x0, 0x0, 0x0, 0x0, 0x0,
    0x0, 0x7f, 0xf1, 0x0, 0x0, 0x0, 0x0, 0x0,
    0x0, 0xdf, 0x90, 0x0, 0xff, 0x70, 0x0, 0x0,
    0x0, 0x0, 0x0, 0xf, 0xf7, 0x0, 0x0, 0x0,
    0x0, 0x0, 0x4, 0xff, 0x60, 0x0, 0x5, 0xbe,
    0xff, 0xff, 0xff, 0xf1, 0x0, 0x1c, 0xff, 0xff,
    0xff, 0xff, 0xb3, 0x0, 0xd, 0xff, 0xfa, 0x8a,
    0xff, 0xfd, 0x0, 0x8, 0xff, 0xd2, 0x0, 0x2,
    0xdf, 0xf8, 0x0, 0xef, 0xf3, 0x0, 0x0, 0x3,
    0xff, 0xf0, 0x4f, 0xfc, 0x0, 0x0, 0x0, 0xd,
    0xff, 0x46, 0xff, 0xa0, 0x0, 0x0, 0x0, 0xaf,
    0xf6, 0x6f, 0xfa, 0x0, 0x0, 0x0, 0xa, 0xff,
    0x64, 0xff, 0xc0, 0x0, 0x0, 0x0, 0xdf, 0xf4,
    0xf, 0xff, 0x30, 0x0, 0x0, 0x3f, 0xfe, 0x0,
    0x8f, 0xfd, 0x20, 0x0, 0x2d, 0xff, 0x80, 0x0,
    0xdf, 0xff, 0xa8, 0xaf, 0xff, 0xd0, 0x0, 0x1,
    0xcf, 0xff, 0xff, 0xff, 0xc1, 0x0, 0x0, 0x0,
    0x5b, 0xef, 0xeb, 0x50, 0x0, 0x0,

    /* U+1EDE "Ở" */
    0x0, 0x0, 0x0, 0x2, 0xcf, 0xe8, 0x0, 0x0,
    0x0, 0x0, 0x0, 0x0, 0x0, 0xe, 0xfb, 0xdf,
    0x80, 0x0, 0x0, 0x0, 0x0, 0x0, 0x0, 0x2c,
    0xa0, 0x3f, 0xd0, 0x0, 0x0, 0x0, 0x0, 0x0,
    0x0, 0x0, 0x0, 0x8f, 0xb0, 0x0, 0x0, 0x0,
    0x0, 0x0, 0x0, 0x0, 0xc, 0xfe, 0x20, 0x0,
    0x0, 0x0, 0x0, 0x0, 0x0, 0x0, 0x3f, 0xc1,
    0x0, 0x9, 0xff, 0x0, 0x0, 0x0, 0x0, 0x0,
    0x15, 0x30, 0x0, 0xa, 0xff, 0x0, 0x0, 0x0,
    0x0, 0x0, 0x0, 0x0, 0x0, 0x1d, 0xff, 0x0,
    0x0, 0x0, 0x1, 0x7c, 0xef, 0xff, 0xff, 0xff,
    0xfb, 0x0, 0x0, 0x0, 0x8f, 0xff, 0xff, 0xff,
    0xff, 0xfe, 0xa1, 0x0, 0x0, 0xb, 0xff, 0xff,
    0xec, 0xdf, 0xff, 0xff, 0x30, 0x0, 0x0, 0xaf,
    0xff, 0xa2, 0x0, 0x0, 0x6e, 0xff, 0xf3, 0x0,
    0x5, 0xff, 0xf6, 0x0, 0x0, 0x0, 0x1, 0xdf,
    0xfc, 0x0, 0xd, 0xff, 0x90, 0x0, 0x0, 0x0,
    0x0, 0x2f, 0xff, 0x50, 0x3f, 0xff, 0x10, 0x0,
    0x0, 0x0, 0x0, 0x9, 0xff, 0xa0, 0x7f, 0xfb,
    0x0, 0x0, 0x0, 0x0, 0x0, 0x3, 0xff, 0xf0,
    0x9f, 0xf8, 0x0, 0x0, 0x0, 0x0, 0x0, 0x0,
    0xff, 0xf1, 0xaf, 0xf7, 0x0, 0x0, 0x0, 0x0,
    0x0, 0x0, 0xff, 0xf2, 0x9f, 0xf8, 0x0, 0x0,
    0x0, 0x0, 0x0, 0x0, 0xff, 0xf1, 0x7f, 0xfb,
    0x0, 0x0, 0x0, 0x0, 0x0, 0x3, 0xff, 0xf0,
    0x3f, 0xff, 0x10, 0x0, 0x0, 0x0, 0x0, 0x9,
    0xff, 0xb0, 0xd, 0xff, 0xa0, 0x0, 0x0, 0x0,
    0x0, 0x2f, 0xff, 0x50, 0x5, 0xff, 0xf7, 0x0,
    0x0, 0x0, 0x1, 0xdf, 0xfd, 0x0, 0x0, 0xaf,
    0xff, 0xa2, 0x0, 0x0, 0x6e, 0xff, 0xf3, 0x0,
    0x0, 0xb, 0xff, 0xff, 0xfd, 0xef, 0xff, 0xff,
    0x40, 0x0, 0x0, 0x0, 0x8f, 0xff, 0xff, 0xff,
    0xff, 0xc3, 0x0, 0x0, 0x0, 0x0, 0x1, 0x7c,
    0xef, 0xed, 0x94, 0x0, 0x0, 0x0,

    /* U+1EDF "ở" */
    0x0, 0x0, 0x1, 0x89, 0x71, 0x0, 0x0, 0x0,
    0x0, 0x1, 0xef, 0xff, 0xe1, 0x0, 0x0, 0x0,
    0x0, 0x6f, 0xa0, 0x9f, 0x80, 0x0, 0x0, 0x0,
    0x0, 0x10, 0xa, 0xf7, 0x0, 0x0, 0x0, 0x0,
    0x0, 0x1c, 0xfd, 0x10, 0x0, 0x0, 0x0, 0x0,
    0x7, 0xfa, 0x0, 0xc, 0xc6, 0x0, 0x0, 0x0,
    0x36, 0x20, 0x0, 0xff, 0x70, 0x0, 0x0, 0x0,
    0x0, 0x0, 0x3f, 0xf6, 0x0, 0x0, 0x5b, 0xef,
    0xff, 0xff, 0xff, 0x20, 0x1, 0xcf, 0xff, 0xff,
    0xff, 0xfb, 0x30, 0x0, 0xdf, 0xff, 0xa8, 0xaf,
    0xff, 0xd0, 0x0, 0x8f, 0xfd, 0x20, 0x0, 0x2d,
    0xff, 0x80, 0xe, 0xff, 0x30, 0x0, 0x0, 0x3f,
    0xff, 0x4, 0xff, 0xc0, 0x0, 0x0, 0x0, 0xdf,
    0xf4, 0x6f, 0xfa, 0x0, 0x0, 0x0, 0xa, 0xff,
    0x66, 0xff, 0xa0, 0x0, 0x0, 0x0, 0xaf, 0xf6,
    0x4f, 0xfc, 0x0, 0x0, 0x0, 0xd, 0xff, 0x40,
    0xff, 0xf3, 0x0, 0x0, 0x3, 0xff, 0xe0, 0x8,
    0xff, 0xd2, 0x0, 0x2, 0xdf, 0xf8, 0x0, 0xd,
    0xff, 0xfa, 0x8a, 0xff, 0xfd, 0x0, 0x0, 0x1c,
    0xff, 0xff, 0xff, 0xfc, 0x10, 0x0, 0x0, 0x5,
    0xbe, 0xfe, 0xb5, 0x0, 0x0,

    /* U+1EE0 "Ỡ" */
    0x0, 0x0, 0x0, 0x8f, 0xeb, 0x31, 0xfd, 0x0,
    0x0, 0x0, 0x0, 0x0, 0x3, 0xff, 0xff, 0xff,
    0xfa, 0x0, 0x0, 0x0, 0x0, 0x0, 0x6, 0xf7,
    0x17, 0xdf, 0xc2, 0x4, 0x77, 0x0, 0x0, 0x0,
    0x0, 0x0, 0x0, 0x0, 0x0, 0xa, 0xff, 0x10,
    0x0, 0x0, 0x0, 0x0, 0x0, 0x0, 0x0, 0xa,
    0xff, 0x0, 0x0, 0x0, 0x0, 0x0, 0x0, 0x0,
    0x0, 0x1d, 0xff, 0x0, 0x0, 0x0, 0x1, 0x7c,
    0xef, 0xff, 0xff, 0xff, 0xfa, 0x0, 0x0, 0x0,
    0x8f, 0xff, 0xff, 0xff, 0xff, 0xfe, 0x90, 0x0,
    0x0, 0xb, 0xff, 0xff, 0xec, 0xdf, 0xff, 0xff,
    0x30, 0x0, 0x0, 0xaf, 0xff, 0xa2, 0x0, 0x0,
    0x6e, 0xff, 0xf3, 0x0, 0x5, 0xff, 0xf6, 0x0,
    0x0, 0x0, 0x1, 0xdf, 0xfc, 0x0, 0xd, 0xff,
    0x90, 0x0, 0x0, 0x0, 0x0, 0x2f, 0xff, 0x50,
    0x3f, 0xff, 0x10, 0x0, 0x0, 0x0, 0x0, 0x9,
    0xff, 0xa0, 0x7f, 0xfb, 0x0, 0x0, 0x0, 0x0,
    0x0, 0x3, 0xff, 0xf0, 0x9f, 0xf8, 0x0, 0x0,
    0x0, 0x0, 0x0, 0x0, 0xff, 0xf1, 0xaf, 0xf7,
    0x0, 0x0, 0x0, 0x0, 0x0, 0x0, 0xff, 0xf2,
    0x9f, 0xf8, 0x0, 0x0, 0x0, 0x0, 0x0, 0x0,
    0xff, 0xf1, 0x7f, 0xfb, 0x0, 0x0, 0x0, 0x0,
    0x0, 0x3, 0xff, 0xf0, 0x3f, 0xff, 0x10, 0x0,
    0x0, 0x0, 0x0, 0x9, 0xff, 0xb0, 0xd, 0xff,
    0xa0, 0x0, 0x0, 0x0, 0x0, 0x2f, 0xff, 0x50,
    0x5, 0xff, 0xf7, 0x0, 0x0, 0x0, 0x1, 0xdf,
    0xfd, 0x0, 0x0, 0xaf, 0xff, 0xa2, 0x0, 0x0,
    0x6e, 0xff, 0xf3, 0x0, 0x0, 0xb, 0xff, 0xff,
    0xfd, 0xef, 0xff, 0xff, 0x40, 0x0, 0x0, 0x0,
    0x8f, 0xff, 0xff, 0xff, 0xff, 0xc3, 0x0, 0x0,
    0x0, 0x0, 0x1, 0x7c, 0xef, 0xed, 0x94, 0x0,
    0x0, 0x0,

    /* U+1EE1 "ỡ" */
    0x0, 0x0, 0xbf, 0xe9, 0x25, 0xf6, 0x0, 0x0,
    0x0, 0x7f, 0xff, 0xff, 0xff, 0x30, 0x0, 0x0,
    0x8, 0xe2, 0x18, 0xdd, 0x70, 0x88, 0x40, 0x0,
    0x0, 0x0, 0x0, 0x0, 0xf, 0xf8, 0x0, 0x0,
    0x0, 0x0, 0x0, 0x3, 0xff, 0x70, 0x0, 0x5,
    0xbe, 0xff, 0xff, 0xff, 0xf2, 0x0, 0x1c, 0xff,
    0xff, 0xff, 0xff, 0xb3, 0x0, 0xd, 0xff, 0xfa,
    0x8a, 0xff, 0xfd, 0x0, 0x8, 0xff, 0xd2, 0x0,
    0x2, 0xdf, 0xf8, 0x0, 0xef, 0xf3, 0x0, 0x0,
    0x3, 0xff, 0xf0, 0x4f, 0xfc, 0x0, 0x0, 0x0,
    0xd, 0xff, 0x46, 0xff, 0xa0, 0x0, 0x0, 0x0,
    0xaf, 0xf6, 0x6f, 0xfa, 0x0, 0x0, 0x0, 0xa,
    0xff, 0x64, 0xff, 0xc0, 0x0, 0x0, 0x0, 0xdf,
    0xf4, 0xf, 0xff, 0x30, 0x0, 0x0, 0x3f, 0xfe,
    0x0, 0x8f, 0xfd, 0x20, 0x0, 0x2d, 0xff, 0x80,
    0x0, 0xdf, 0xff, 0xa8, 0xaf, 0xff, 0xd0, 0x0,
    0x1, 0xcf, 0xff, 0xff, 0xff, 0xc1, 0x0, 0x0,
    0x0, 0x5b, 0xef, 0xeb, 0x50, 0x0, 0x0,

    /* U+1EE2 "Ợ" */
    0x0, 0x0, 0x0, 0x0, 0x0, 0x0, 0x0, 0x5,
    0x88, 0x0, 0x0, 0x0, 0x0, 0x0, 0x0, 0x0,
    0x0, 0xa, 0xff, 0x10, 0x0, 0x0, 0x0, 0x0,
    0x0, 0x0, 0x0, 0xa, 0xff, 0x0, 0x0, 0x0,
    0x0, 0x0, 0x0, 0x0, 0x0, 0x1d, 0xff, 0x0,
    0x0, 0x0, 0x1, 0x7c, 0xef, 0xff, 0xff, 0xff,
    0xf9, 0x0, 0x0, 0x0, 0x8f, 0xff, 0xff, 0xff,
    0xff, 0xfe, 0x90, 0x0, 0x0, 0xb, 0xff, 0xff,
    0xec, 0xdf, 0xff, 0xff, 0x30, 0x0, 0x0, 0xaf,
    0xff, 0xa2, 0x0, 0x0, 0x6e, 0xff, 0xf3, 0x0,
    0x5, 0xff, 0xf6, 0x0, 0x0, 0x0, 0x1, 0xdf,
    0xfc, 0x0, 0xd, 0xff, 0x90, 0x0, 0x0, 0x0,
    0x0, 0x2f, 0xff, 0x50, 0x3f, 0xff, 0x10, 0x0,
    0x0, 0x0, 0x0, 0x9, 0xff, 0xa0, 0x7f, 0xfb,
    0x0, 0x0, 0x0, 0x0, 0x0, 0x3, 0xff, 0xf0,
    0x9f, 0xf8, 0x0, 0x0, 0x0, 0x0, 0x0, 0x0,
    0xff, 0xf1, 0xaf, 0xf7, 0x0, 0x0, 0x0, 0x0,
    0x0, 0x0, 0xff, 0xf2, 0x9f, 0xf8, 0x0, 0x0,
    0x0, 0x0, 0x0, 0x0, 0xff, 0xf1, 0x7f, 0xfb,
    0x0, 0x0, 0x0, 0x0, 0x0, 0x3, 0xff, 0xf0,
    0x3f, 0xff, 0x10, 0x0, 0x0, 0x0, 0x0, 0x9,
    0xff, 0xb0, 0xd, 0xff, 0xa0, 0x0, 0x0, 0x0,
    0x0, 0x2f, 0xff, 0x50, 0x5, 0xff, 0xf7, 0x0,
    0x0, 0x0, 0x1, 0xdf, 0xfd, 0x0, 0x0, 0xaf,
    0xff, 0xa2, 0x0, 0x0, 0x6e, 0xff, 0xf3, 0x0,
    0x0, 0xb, 0xff, 0xff, 0xfd, 0xef, 0xff, 0xff,
    0x40, 0x0, 0x0, 0x0, 0x8f, 0xff, 0xff, 0xff,
    0xff, 0xc3, 0x0, 0x0, 0x0, 0x0, 0x1, 0x7c,
    0xef, 0xed, 0x94, 0x0, 0x0, 0x0, 0x0, 0x0,
    0x0, 0x0, 0x0, 0x0, 0x0, 0x0, 0x0, 0x0,
    0x0, 0x0, 0x0, 0x0, 0x0, 0x0, 0x0, 0x0,
    0x0, 0x0, 0x0, 0x0, 0x0, 0x0, 0x7f, 0xc1,
    0x0, 0x0, 0x0, 0x0, 0x0, 0x0, 0x0, 0x0,
    0xff, 0xf6, 0x0, 0x0, 0x0, 0x0, 0x0, 0x0,
    0x0, 0x0, 0xef, 0xf5, 0x0, 0x0, 0x0, 0x0,
    0x0, 0x0, 0x0, 0x0, 0x29, 0x60, 0x0, 0x0,
    0x0, 0x0,

    /* U+1EE3 "ợ" */
    0x0, 0x0, 0x0, 0x0, 0x0, 0x0, 0xff, 0x80,
    0x0, 0x0, 0x0, 0x0, 0x0, 0xf, 0xf7, 0x0,
    0x0, 0x0, 0x0, 0x0, 0x4, 0xff, 0x60, 0x0,
    0x5, 0xbe, 0xff, 0xff, 0xff, 0xf1, 0x0, 0x1c,
    0xff, 0xff, 0xff, 0xff, 0xb3, 0x0, 0xd, 0xff,
    0xfa, 0x8a, 0xff, 0xfd, 0x0, 0x8, 0xff, 0xd2,
    0x0, 0x2, 0xdf, 0xf8, 0x0, 0xef, 0xf3, 0x0,
    0x0, 0x3, 0xff, 0xf0, 0x4f, 0xfc, 0x0, 0x0,
    0x0, 0xd, 0xff, 0x46, 0xff, 0xa0, 0x0, 0x0,
    0x0, 0xaf, 0xf6, 0x6f, 0xfa, 0x0, 0x0, 0x0,
    0xa, 0xff, 0x64, 0xff, 0xc0, 0x0, 0x0, 0x0,
    0xdf, 0xf4, 0xf, 0xff, 0x30, 0x0, 0x0, 0x3f,
    0xfe, 0x0, 0x8f, 0xfd, 0x20, 0x0, 0x2d, 0xff,
    0x80, 0x0, 0xdf, 0xff, 0xa8, 0xaf, 0xff, 0xd0,
    0x0, 0x1, 0xcf, 0xff, 0xff, 0xff, 0xc1, 0x0,
    0x0, 0x0, 0x5b, 0xef, 0xeb, 0x50, 0x0, 0x0,
    0x0, 0x0, 0x0, 0x0, 0x0, 0x0, 0x0, 0x0,
    0x0, 0x0, 0x0, 0x0, 0x0, 0x0, 0x0, 0x0,
    0x0, 0x6, 0xec, 0x10, 0x0, 0x0, 0x0, 0x0,
    0x0, 0xef, 0xf8, 0x0, 0x0, 0x0, 0x0, 0x0,
    0xd, 0xff, 0x60, 0x0, 0x0, 0x0, 0x0, 0x0,
    0x28, 0x60, 0x0, 0x0, 0x0,

    /* U+1EE4 "Ụ" */
    0xdf, 0xf3, 0x0, 0x0, 0x0, 0x0, 0xdf, 0xf3,
    0xdf, 0xf3, 0x0, 0x0, 0x0, 0x0, 0xdf, 0xf3,
    0xdf, 0xf3, 0x0, 0x0, 0x0, 0x0, 0xdf, 0xf3,
    0xdf, 0xf3, 0x0, 0x0, 0x0, 0x0, 0xdf, 0xf3,
    0xdf, 0xf3, 0x0, 0x0, 0x0, 0x0, 0xdf, 0xf3,
    0xdf, 0xf3, 0x0, 0x0, 0x0, 0x0, 0xdf, 0xf3,
    0xdf, 0xf3, 0x0, 0x0, 0x0, 0x0, 0xdf, 0xf3,
    0xdf, 0xf3, 0x0, 0x0, 0x0, 0x0, 0xdf, 0xf3,
    0xdf, 0xf3, 0x0, 0x0, 0x0, 0x0, 0xdf, 0xf3,
    0xdf, 0xf3, 0x0, 0x0, 0x0, 0x0, 0xdf, 0xf3,
    0xdf, 0xf3, 0x0, 0x0, 0x0, 0x0, 0xdf, 0xf3,
    0xcf, 0xf3, 0x0, 0x0, 0x0, 0x0, 0xdf, 0xf2,
    0xbf, 0xf4, 0x0, 0x0, 0x0, 0x0, 0xef, 0xf1,
    0xaf, 0xf8, 0x0, 0x0, 0x0, 0x2, 0xff, 0xf0,
    0x6f, 0xfe, 0x10, 0x0, 0x0, 0xa, 0xff, 0xb0,
    0xe, 0xff, 0xd4, 0x0, 0x2, 0xaf, 0xff, 0x50,
    0x4, 0xff, 0xff, 0xfe, 0xef, 0xff, 0xfa, 0x0,
    0x0, 0x4e, 0xff, 0xff, 0xff, 0xff, 0x80, 0x0,
    0x0, 0x1, 0x6b, 0xef, 0xec, 0x82, 0x0, 0x0,
    0x0, 0x0, 0x0, 0x0, 0x0, 0x0, 0x0, 0x0,
    0x0, 0x0, 0x0, 0x0, 0x0, 0x0, 0x0, 0x0,
    0x0, 0x0, 0x0, 0x9f, 0xa0, 0x0, 0x0, 0x0,
    0x0, 0x0, 0x2, 0xff, 0xf4, 0x0, 0x0, 0x0,
    0x0, 0x0, 0x1, 0xff, 0xf2, 0x0, 0x0, 0x0,
    0x0, 0x0, 0x0, 0x49, 0x40, 0x0, 0x0, 0x0,

    /* U+1EE5 "ụ" */
    0xff, 0xf0, 0x0, 0x0, 0x7f, 0xf8, 0xff, 0xf0,
    0x0, 0x0, 0x7f, 0xf8, 0xff, 0xf0, 0x0, 0x0,
    0x7f, 0xf8, 0xff, 0xf0, 0x0, 0x0, 0x7f, 0xf8,
    0xff, 0xf0, 0x0, 0x0, 0x7f, 0xf8, 0xff, 0xf0,
    0x0, 0x0, 0x7f, 0xf8, 0xff, 0xf0, 0x0, 0x0,
    0x7f, 0xf8, 0xff, 0xf0, 0x0, 0x0, 0x7f, 0xf8,
    0xff, 0xf0, 0x0, 0x0, 0x8f, 0xf8, 0xef, 0xf1,
    0x0, 0x0, 0xcf, 0xf8, 0xdf, 0xf8, 0x0, 0x5,
    0xff, 0xf8, 0x8f, 0xff, 0xb8, 0xbf, 0xff, 0xf8,
    0xd, 0xff, 0xff, 0xfd, 0x7f, 0xf8, 0x1, 0x9e,
    0xfe, 0x91, 0x7f, 0xf8, 0x0, 0x0, 0x0, 0x0,
    0x0, 0x0, 0x0, 0x0, 0x0, 0x0, 0x0, 0x0,
    0x0, 0x0, 0x7f, 0xc1, 0x0, 0x0, 0x0, 0x0,
    0xff, 0xf7, 0x0, 0x0, 0x0, 0x0, 0xef, 0xf6,
    0x0, 0x0, 0x0, 0x0, 0x29, 0x60, 0x0, 0x0,

    /* U+1EE6 "Ủ" */
    0x0, 0x0, 0x3, 0xcf, 0xe7, 0x0, 0x0, 0x0,
    0x0, 0x0, 0x1f, 0xfb, 0xef, 0x60, 0x0, 0x0,
    0x0, 0x0, 0x3c, 0x80, 0x4f, 0xb0, 0x0, 0x0,
    0x0, 0x0, 0x0, 0x0, 0xbf, 0x80, 0x0, 0x0,
    0x0, 0x0, 0x0, 0x1e, 0xfb, 0x0, 0x0, 0x0,
    0x0, 0x0, 0x0, 0x5f, 0xa0, 0x0, 0x0, 0x0,
    0x0, 0x0, 0x0, 0x1, 0x0, 0x0, 0x0, 0x0,
    0x0, 0x0, 0x0, 0x0, 0x0, 0x0, 0x0, 0x0,
    0xdf, 0xf3, 0x0, 0x0, 0x0, 0x0, 0xdf, 0xf3,
    0xdf, 0xf3, 0x0, 0x0, 0x0, 0x0, 0xdf, 0xf3,
    0xdf, 0xf3, 0x0, 0x0, 0x0, 0x0, 0xdf, 0xf3,
    0xdf, 0xf3, 0x0, 0x0, 0x0, 0x0, 0xdf, 0xf3,
    0xdf, 0xf3, 0x0, 0x0, 0x0, 0x0, 0xdf, 0xf3,
    0xdf, 0xf3, 0x0, 0x0, 0x0, 0x0, 0xdf, 0xf3,
    0xdf, 0xf3, 0x0, 0x0, 0x0, 0x0, 0xdf, 0xf3,
    0xdf, 0xf3, 0x0, 0x0, 0x0, 0x0, 0xdf, 0xf3,
    0xdf, 0xf3, 0x0, 0x0, 0x0, 0x0, 0xdf, 0xf3,
    0xdf, 0xf3, 0x0, 0x0, 0x0, 0x0, 0xdf, 0xf3,
    0xdf, 0xf3, 0x0, 0x0, 0x0, 0x0, 0xdf, 0xf3,
    0xcf, 0xf3, 0x0, 0x0, 0x0, 0x0, 0xdf, 0xf2,
    0xbf, 0xf4, 0x0, 0x0, 0x0, 0x0, 0xef, 0xf1,
    0xaf, 0xf8, 0x0, 0x0, 0x0, 0x2, 0xff, 0xf0,
    0x6f, 0xfe, 0x10, 0x0, 0x0, 0xa, 0xff, 0xb0,
    0xe, 0xff, 0xd4, 0x0, 0x2, 0xaf, 0xff, 0x50,
    0x4, 0xff, 0xff, 0xfe, 0xef, 0xff, 0xfa, 0x0,
    0x0, 0x4e, 0xff, 0xff, 0xff, 0xff, 0x80, 0x0,
    0x0, 0x1, 0x6b, 0xef, 0xec, 0x82, 0x0, 0x0,

    /* U+1EE7 "ủ" */
    0x0, 0x0, 0x69, 0x83, 0x0, 0x0, 0x0, 0xa,
    0xff, 0xff, 0x60, 0x0, 0x0, 0x1f, 0xe1, 0x4f,
    0xd0, 0x0, 0x0, 0x0, 0x0, 0x6f, 0xc0, 0x0,
    0x0, 0x0, 0xa, 0xfe, 0x30, 0x0, 0x0, 0x0,
    0x2f, 0xd1, 0x0, 0x0, 0x0, 0x0, 0x3, 0x20,
    0x0, 0x0, 0x0, 0x0, 0x0, 0x0, 0x0, 0x0,
    0xff, 0xf0, 0x0, 0x0, 0x7f, 0xf8, 0xff, 0xf0,
    0x0, 0x0, 0x7f, 0xf8, 0xff, 0xf0, 0x0, 0x0,
    0x7f, 0xf8, 0xff, 0xf0, 0x0, 0x0, 0x7f, 0xf8,
    0xff, 0xf0, 0x0, 0x0, 0x7f, 0xf8, 0xff, 0xf0,
    0x0, 0x0, 0x7f, 0xf8, 0xff, 0xf0, 0x0, 0x0,
    0x7f, 0xf8, 0xff, 0xf0, 0x0, 0x0, 0x7f, 0xf8,
    0xff, 0xf0, 0x0, 0x0, 0x8f, 0xf8, 0xef, 0xf1,
    0x0, 0x0, 0xcf, 0xf8, 0xdf, 0xf8, 0x0, 0x5,
    0xff, 0xf8, 0x8f, 0xff, 0xb8, 0xbf, 0xff, 0xf8,
    0xd, 0xff, 0xff, 0xfd, 0x7f, 0xf8, 0x1, 0x9e,
    0xfe, 0x91, 0x7f, 0xf8,

    /* U+1EE8 "Ứ" */
    0x0, 0x0, 0x0, 0x0, 0x5f, 0xf8, 0x0, 0x0,
    0x0, 0x0, 0x0, 0x0, 0x0, 0xc, 0xfe, 0x0,
    0x0, 0x0, 0x0, 0x0, 0x0, 0x0, 0x4, 0xff,
    0x60, 0x0, 0x0, 0x0, 0x0, 0x0, 0x0, 0x0,
    0xbf, 0xc0, 0x0, 0x0, 0x0, 0x0, 0x0, 0x0,
    0x0, 0x1a, 0xb3, 0x0, 0x0, 0x6, 0xff, 0x30,
    0x0, 0x0, 0x0, 0x0, 0x0, 0x0, 0x0, 0x6f,
    0xf3, 0x0, 0x0, 0x0, 0x0, 0x0, 0x0, 0x0,
    0x9, 0xff, 0x2d, 0xff, 0x30, 0x0, 0x0, 0x0,
    0xd, 0xff, 0xff, 0xc0, 0xdf, 0xf3, 0x0, 0x0,
    0x0, 0x0, 0xdf, 0xfc, 0x91, 0xd, 0xff, 0x30,
    0x0, 0x0, 0x0, 0xd, 0xff, 0x30, 0x0, 0xdf,
    0xf3, 0x0, 0x0, 0x0, 0x0, 0xdf, 0xf3, 0x0,
    0xd, 0xff, 0x30, 0x0, 0x0, 0x0, 0xd, 0xff,
    0x30, 0x0, 0xdf, 0xf3, 0x0, 0x0, 0x0, 0x0,
    0xdf, 0xf3, 0x0, 0xd, 0xff, 0x30, 0x0, 0x0,
    0x0, 0xd, 0xff, 0x30, 0x0, 0xdf, 0xf3, 0x0,
    0x0, 0x0, 0x0, 0xdf, 0xf3, 0x0, 0xd, 0xff,
    0x30, 0x0, 0x0, 0x0, 0xd, 0xff, 0x30, 0x0,
    0xdf, 0xf3, 0x0, 0x0, 0x0, 0x0, 0xdf, 0xf3,
    0x0, 0xd, 0xff, 0x30, 0x0, 0x0, 0x0, 0xd,
    0xff, 0x30, 0x0, 0xcf, 0xf3, 0x0, 0x0, 0x0,
    0x0, 0xdf, 0xf2, 0x0, 0xb, 0xff, 0x40, 0x0,
    0x0, 0x0, 0xe, 0xff, 0x10, 0x0, 0xaf, 0xf8,
    0x0, 0x0, 0x0, 0x2, 0xff, 0xf0, 0x0, 0x6,
    0xff, 0xe1, 0x0, 0x0, 0x0, 0xaf, 0xfc, 0x0,
    0x0, 0xe, 0xff, 0xd4, 0x0, 0x2, 0xaf, 0xff,
    0x50, 0x0, 0x0, 0x4f, 0xff, 0xff, 0xee, 0xff,
    0xff, 0xa0, 0x0, 0x0, 0x0, 0x4e, 0xff, 0xff,
    0xff, 0xff, 0x90, 0x0, 0x0, 0x0, 0x0, 0x16,
    0xbe, 0xfe, 0xd8, 0x30, 0x0, 0x0, 0x0,

    /* U+1EE9 "ứ" */
    0x0, 0x0, 0x0, 0x6b, 0xb3, 0x0, 0x0, 0x0,
    0x0, 0x0, 0xf, 0xfc, 0x0, 0x0, 0x0, 0x0,
    0x0, 0x7, 0xff, 0x30, 0x0, 0x0, 0x0, 0x0,
    0x0, 0xef, 0xa0, 0x0, 0x0, 0x0, 0x0, 0x0,
    0x6f, 0xf1, 0x0, 0x1, 0xaa, 0x40, 0x0, 0x0,
    0x0, 0x0, 0x0, 0x1f, 0xf6, 0x0, 0x0, 0x0,
    0x0, 0x0, 0x4, 0xff, 0x5f, 0xff, 0x0, 0x0,
    0x7, 0xff, 0xff, 0xe1, 0xff, 0xf0, 0x0, 0x0,
    0x7f, 0xfd, 0x92, 0xf, 0xff, 0x0, 0x0, 0x7,
    0xff, 0x80, 0x0, 0xff, 0xf0, 0x0, 0x0, 0x7f,
    0xf8, 0x0, 0xf, 0xff, 0x0, 0x0, 0x7, 0xff,
    0x80, 0x0, 0xff, 0xf0, 0x0, 0x0, 0x7f, 0xf8,
    0x0, 0xf, 0xff, 0x0, 0x0, 0x7, 0xff, 0x80,
    0x0, 0xff, 0xf0, 0x0, 0x0, 0x7f, 0xf8, 0x0,
    0xf, 0xff, 0x0, 0x0, 0x8, 0xff, 0x80, 0x0,
    0xef, 0xf1, 0x0, 0x0, 0xcf, 0xf8, 0x0, 0xd,
    0xff, 0x80, 0x0, 0x5f, 0xff, 0x80, 0x0, 0x8f,
    0xff, 0xb8, 0xbf, 0xff, 0xf8, 0x0, 0x0, 0xdf,
    0xff, 0xff, 0xd7, 0xff, 0x80, 0x0, 0x1, 0x9e,
    0xfe, 0x91, 0x7f, 0xf8, 0x0, 0x0,

    /* U+1EEA "Ừ" */
    0x0, 0x0, 0xaf, 0xf3, 0x0, 0x0, 0x0, 0x0,
    0x0, 0x0, 0x0, 0x1, 0xff, 0xb0, 0x0, 0x0,
    0x0, 0x0, 0x0, 0x0, 0x0, 0x7, 0xff, 0x20,
    0x0, 0x0, 0x0, 0x0, 0x0, 0x0, 0x0, 0xd,
    0xfa, 0x0, 0x0, 0x0, 0x0, 0x0, 0x0, 0x0,
    0x0, 0x4b, 0xa0, 0x0, 0x0, 0x6, 0xff, 0x30,
    0x0, 0x0, 0x0, 0x0, 0x0, 0x0, 0x0, 0x6f,
    0xf3, 0x0, 0x0, 0x0, 0x0, 0x0, 0x0, 0x0,
    0x9, 0xff, 0x2d, 0xff, 0x30, 0x0, 0x0, 0x0,
    0xd, 0xff, 0xff, 0xc0, 0xdf, 0xf3, 0x0, 0x0,
    0x0, 0x0, 0xdf, 0xfc, 0x91, 0xd, 0xff, 0x30,
    0x0, 0x0, 0x0, 0xd, 0xff, 0x30, 0x0, 0xdf,
    0xf3, 0x0, 0x0, 0x0, 0x0, 0xdf, 0xf3, 0x0,
    0xd, 0xff, 0x30, 0x0, 0x0, 0x0, 0xd, 0xff,
    0x30, 0x0, 0xdf, 0xf3, 0x0, 0x0, 0x0, 0x0,
    0xdf, 0xf3, 0x0, 0xd, 0xff, 0x30, 0x0, 0x0,
    0x0, 0xd, 0xff, 0x30, 0x0, 0xdf, 0xf3, 0x0,
    0x0, 0x0, 0x0, 0xdf, 0xf3, 0x0, 0xd, 0xff,
    0x30, 0x0, 0x0, 0x0, 0xd, 0xff, 0x30, 0x0,
    0xdf, 0xf3, 0x0, 0x0, 0x0, 0x0, 0xdf, 0xf3,
    0x0, 0xd, 0xff, 0x30, 0x0, 0x0, 0x0, 0xd,
    0xff, 0x30, 0x0, 0xcf, 0xf3, 0x0, 0x0, 0x0,
    0x0, 0xdf, 0xf2, 0x0, 0xb, 0xff, 0x40, 0x0,
    0x0, 0x0, 0xe, 0xff, 0x10, 0x0, 0xaf, 0xf8,
    0x0, 0x0, 0x0, 0x2, 0xff, 0xf0, 0x0, 0x6,
    0xff, 0xe1, 0x0, 0x0, 0x0, 0xaf, 0xfc, 0x0,
    0x0, 0xe, 0xff, 0xd4, 0x0, 0x2, 0xaf, 0xff,
    0x50, 0x0, 0x0, 0x4f, 0xff, 0xff, 0xee, 0xff,
    0xff, 0xa0, 0x0, 0x0, 0x0, 0x4e, 0xff, 0xff,
    0xff, 0xff, 0x90, 0x0, 0x0, 0x0, 0x0, 0x16,
    0xbe, 0xfe, 0xd8, 0x30, 0x0, 0x0, 0x0,

    /* U+1EEB "ừ" */
    0x0, 0xab, 0x90, 0x0, 0x0, 0x0, 0x0, 0x0,
    0x8, 0xff, 0x30, 0x0, 0x0, 0x0, 0x0, 0x0,
    0xe, 0xfb, 0x0, 0x0, 0x0, 0x0, 0x0, 0x0,
    0x6f, 0xf2, 0x0, 0x0, 0x0, 0x0, 0x0, 0x0,
    0xcf, 0xa0, 0x0, 0x1, 0xaa, 0x40, 0x0, 0x0,
    0x0, 0x0, 0x0, 0x1f, 0xf6, 0x0, 0x0, 0x0,
    0x0, 0x0, 0x4, 0xff, 0x5f, 0xff, 0x0, 0x0,
    0x7, 0xff, 0xff, 0xe1, 0xff, 0xf0, 0x0, 0x0,
    0x7f, 0xfd, 0x92, 0xf, 0xff, 0x0, 0x0, 0x7,
    0xff, 0x80, 0x0, 0xff, 0xf0, 0x0, 0x0, 0x7f,
    0xf8, 0x0, 0xf, 0xff, 0x0, 0x0, 0x7, 0xff,
    0x80, 0x0, 0xff, 0xf0, 0x0, 0x0, 0x7f, 0xf8,
    0x0, 0xf, 0xff, 0x0, 0x0, 0x7, 0xff, 0x80,
    0x0, 0xff, 0xf0, 0x0, 0x0, 0x7f, 0xf8, 0x0,
    0xf, 0xff, 0x0, 0x0, 0x8, 0xff, 0x80, 0x0,
    0xef, 0xf1, 0x0, 0x0, 0xcf, 0xf8, 0x0, 0xd,
    0xff, 0x80, 0x0, 0x5f, 0xff, 0x80, 0x0, 0x8f,
    0xff, 0xb8, 0xbf, 0xff, 0xf8, 0x0, 0x0, 0xdf,
    0xff, 0xff, 0xd7, 0xff, 0x80, 0x0, 0x1, 0x9e,
    0xfe, 0x91, 0x7f, 0xf8, 0x0, 0x0,

    /* U+1EEC "Ử" */
    0x0, 0x0, 0x1, 0xaf, 0xea, 0x10, 0x0, 0x0,
    0x0, 0x0, 0x0, 0x0, 0xbf, 0xcc, 0xfb, 0x0,
    0x0, 0x0, 0x0, 0x0, 0x0, 0xb, 0xb0, 0xf,
    0xf0, 0x0, 0x0, 0x0, 0x0, 0x0, 0x0, 0x0,
    0x7, 0xfd, 0x0, 0x0, 0x0, 0x0, 0x0, 0x0,
    0x0, 0xb, 0xfe, 0x30, 0x0, 0x0, 0x0, 0x0,
    0x0, 0x0, 0x0, 0xfe, 0x0, 0x0, 0x0, 0x5d,
    0xd3, 0x0, 0x0, 0x0, 0x1, 0x10, 0x0, 0x0,
    0x6, 0xff, 0x30, 0x0, 0x0, 0x0, 0x0, 0x0,
    0x0, 0x0, 0x9f, 0xf2, 0xdf, 0xf3, 0x0, 0x0,
    0x0, 0x0, 0xdf, 0xff, 0xfd, 0xd, 0xff, 0x30,
    0x0, 0x0, 0x0, 0xd, 0xff, 0xc9, 0x10, 0xdf,
    0xf3, 0x0, 0x0, 0x0, 0x0, 0xdf, 0xf3, 0x0,
    0xd, 0xff, 0x30, 0x0, 0x0, 0x0, 0xd, 0xff,
    0x30, 0x0, 0xdf, 0xf3, 0x0, 0x0, 0x0, 0x0,
    0xdf, 0xf3, 0x0, 0xd, 0xff, 0x30, 0x0, 0x0,
    0x0, 0xd, 0xff, 0x30, 0x0, 0xdf, 0xf3, 0x0,
    0x0, 0x0, 0x0, 0xdf, 0xf3, 0x0, 0xd, 0xff,
    0x30, 0x0, 0x0, 0x0, 0xd, 0xff, 0x30, 0x0,
    0xdf, 0xf3, 0x0, 0x0, 0x0, 0x0, 0xdf, 0xf3,
    0x0, 0xd, 0xff, 0x30, 0x0, 0x0, 0x0, 0xd,
    0xff, 0x30, 0x0, 0xdf, 0xf3, 0x0, 0x0, 0x0,
    0x0, 0xdf, 0xf3, 0x0, 0xc, 0xff, 0x30, 0x0,
    0x0, 0x0, 0xd, 0xff, 0x20, 0x0, 0xbf, 0xf4,
    0x0, 0x0, 0x0, 0x0, 0xef, 0xf1, 0x0, 0xa,
    0xff, 0x80, 0x0, 0x0, 0x0, 0x2f, 0xff, 0x0,
    0x0, 0x6f, 0xfe, 0x10, 0x0, 0x0, 0xa, 0xff,
    0xc0, 0x0, 0x0, 0xef, 0xfd, 0x40, 0x0, 0x2a,
    0xff, 0xf5, 0x0, 0x0, 0x4, 0xff, 0xff, 0xfe,
    0xef, 0xff, 0xfa, 0x0, 0x0, 0x0, 0x4, 0xef,
    0xff, 0xff, 0xff, 0xf9, 0x0, 0x0, 0x0, 0x0,
    0x1, 0x6b, 0xef, 0xed, 0x83, 0x0, 0x0, 0x0,
    0x0,

    /* U+1EED "ử" */
    0x0, 0x1, 0x79, 0x82, 0x0, 0x0, 0x0, 0x0,
    0x0, 0xdf, 0xff, 0xf3, 0x0, 0x0, 0x0, 0x0,
    0x4f, 0xc0, 0x7f, 0xa0, 0x0, 0x0, 0x0, 0x0,
    0x0, 0x9, 0xf9, 0x0, 0x0, 0x0, 0x0, 0x0,
    0x1c, 0xfd, 0x10, 0x0, 0x0, 0x0, 0x0, 0x5,
    0xfa, 0x0, 0x0, 0x1b, 0xb4, 0x0, 0x0, 0x13,
    0x10, 0x0, 0x1, 0xff, 0x60, 0x0, 0x0, 0x0,
    0x0, 0x0, 0x4f, 0xf5, 0xff, 0xf0, 0x0, 0x0,
    0x7f, 0xff, 0xfe, 0x1f, 0xff, 0x0, 0x0, 0x7,
    0xff, 0xd9, 0x20, 0xff, 0xf0, 0x0, 0x0, 0x7f,
    0xf8, 0x0, 0xf, 0xff, 0x0, 0x0, 0x7, 0xff,
    0x80, 0x0, 0xff, 0xf0, 0x0, 0x0, 0x7f, 0xf8,
    0x0, 0xf, 0xff, 0x0, 0x0, 0x7, 0xff, 0x80,
    0x0, 0xff, 0xf0, 0x0, 0x0, 0x7f, 0xf8, 0x0,
    0xf, 0xff, 0x0, 0x0, 0x7, 0xff, 0x80, 0x0,
    0xff, 0xf0, 0x0, 0x0, 0x8f, 0xf8, 0x0, 0xe,
    0xff, 0x10, 0x0, 0xc, 0xff, 0x80, 0x0, 0xdf,
    0xf8, 0x0, 0x5, 0xff, 0xf8, 0x0, 0x8, 0xff,
    0xfb, 0x8b, 0xff, 0xff, 0x80, 0x0, 0xd, 0xff,
    0xff, 0xfd, 0x7f, 0xf8, 0x0, 0x0, 0x19, 0xef,
    0xe9, 0x17, 0xff, 0x80, 0x0,

    /* U+1EEE "Ữ" */
    0x0, 0x0, 0x5e, 0xfc, 0x50, 0xdf, 0x10, 0x0,
    0x0, 0x0, 0x0, 0xf, 0xff, 0xff, 0xff, 0xd0,
    0x0, 0x0, 0x0, 0x0, 0x3, 0xfa, 0x6, 0xcf,
    0xd4, 0x0, 0x1, 0x44, 0x10, 0x0, 0x0, 0x0,
    0x0, 0x0, 0x0, 0x0, 0x6f, 0xf4, 0x0, 0x0,
    0x0, 0x0, 0x0, 0x0, 0x0, 0x6, 0xff, 0x30,
    0x0, 0x0, 0x0, 0x0, 0x0, 0x0, 0x0, 0x9f,
    0xf1, 0xdf, 0xf3, 0x0, 0x0, 0x0, 0x0, 0xdf,
    0xff, 0xfc, 0xd, 0xff, 0x30, 0x0, 0x0, 0x0,
    0xd, 0xff, 0xc9, 0x10, 0xdf, 0xf3, 0x0, 0x0,
    0x0, 0x0, 0xdf, 0xf3, 0x0, 0xd, 0xff, 0x30,
    0x0, 0x0, 0x0, 0xd, 0xff, 0x30, 0x0, 0xdf,
    0xf3, 0x0, 0x0, 0x0, 0x0, 0xdf, 0xf3, 0x0,
    0xd, 0xff, 0x30, 0x0, 0x0, 0x0, 0xd, 0xff,
    0x30, 0x0, 0xdf, 0xf3, 0x0, 0x0, 0x0, 0x0,
    0xdf, 0xf3, 0x0, 0xd, 0xff, 0x30, 0x0, 0x0,
    0x0, 0xd, 0xff, 0x30, 0x0, 0xdf, 0xf3, 0x0,
    0x0, 0x0, 0x0, 0xdf, 0xf3, 0x0, 0xd, 0xff,
    0x30, 0x0, 0x0, 0x0, 0xd, 0xff, 0x30, 0x0,
    0xdf, 0xf3, 0x0, 0x0, 0x0, 0x0, 0xdf, 0xf3,
    0x0, 0xc, 0xff, 0x30, 0x0, 0x0, 0x0, 0xd,
    0xff, 0x20, 0x0, 0xbf, 0xf4, 0x0, 0x0, 0x0,
    0x0, 0xef, 0xf1, 0x0, 0xa, 0xff, 0x80, 0x0,
    0x0, 0x0, 0x2f, 0xff, 0x0, 0x0, 0x6f, 0xfe,
    0x10, 0x0, 0x0, 0xa, 0xff, 0xc0, 0x0, 0x0,
    0xef, 0xfd, 0x40, 0x0, 0x2a, 0xff, 0xf5, 0x0,
    0x0, 0x4, 0xff, 0xff, 0xfe, 0xef, 0xff, 0xfa,
    0x0, 0x0, 0x0, 0x4, 0xef, 0xff, 0xff, 0xff,
    0xf9, 0x0, 0x0, 0x0, 0x0, 0x1, 0x6b, 0xef,
    0xed, 0x83, 0x0, 0x0, 0x0, 0x0,

    /* U+1EEF "ữ" */
    0x0, 0x7f, 0xe5, 0x0, 0xfb, 0x0, 0x0, 0x0,
    0x3f, 0xff, 0xf6, 0x4f, 0xa0, 0x0, 0x0, 0x7,
    0xf6, 0x3f, 0xff, 0xf5, 0x0, 0x0, 0x0, 0x9f,
    0x30, 0x2c, 0xf9, 0x0, 0x9, 0x93, 0x0, 0x0,
    0x0, 0x0, 0x0, 0x1, 0xff, 0x60, 0x0, 0x0,
    0x0, 0x0, 0x0, 0x4f, 0xf5, 0xff, 0xf0, 0x0,
    0x0, 0x7f, 0xff, 0xff, 0x1f, 0xff, 0x0, 0x0,
    0x7, 0xff, 0xd9, 0x20, 0xff, 0xf0, 0x0, 0x0,
    0x7f, 0xf8, 0x0, 0xf, 0xff, 0x0, 0x0, 0x7,
    0xff, 0x80, 0x0, 0xff, 0xf0, 0x0, 0x0, 0x7f,
    0xf8, 0x0, 0xf, 0xff, 0x0, 0x0, 0x7, 0xff,
    0x80, 0x0, 0xff, 0xf0, 0x0, 0x0, 0x7f, 0xf8,
    0x0, 0xf, 0xff, 0x0, 0x0, 0x7, 0xff, 0x80,
    0x0, 0xff, 0xf0, 0x0, 0x0, 0x8f, 0xf8, 0x0,
    0xe, 0xff, 0x10, 0x0, 0xc, 0xff, 0x80, 0x0,
    0xdf, 0xf8, 0x0, 0x5, 0xff, 0xf8, 0x0, 0x8,
    0xff, 0xfb, 0x8b, 0xff, 0xff, 0x80, 0x0, 0xd,
    0xff, 0xff, 0xfd, 0x7f, 0xf8, 0x0, 0x0, 0x19,
    0xef, 0xe9, 0x17, 0xff, 0x80, 0x0,

    /* U+1EF0 "Ự" */
    0x0, 0x0, 0x0, 0x0, 0x0, 0x0, 0x0, 0x6,
    0xff, 0x40, 0x0, 0x0, 0x0, 0x0, 0x0, 0x0,
    0x0, 0x6f, 0xf3, 0x0, 0x0, 0x0, 0x0, 0x0,
    0x0, 0x0, 0x9, 0xff, 0x2d, 0xff, 0x30, 0x0,
    0x0, 0x0, 0xd, 0xff, 0xff, 0xc0, 0xdf, 0xf3,
    0x0, 0x0, 0x0, 0x0, 0xdf, 0xfc, 0x91, 0xd,
    0xff, 0x30, 0x0, 0x0, 0x0, 0xd, 0xff, 0x30,
    0x0, 0xdf, 0xf3, 0x0, 0x0, 0x0, 0x0, 0xdf,
    0xf3, 0x0, 0xd, 0xff, 0x30, 0x0, 0x0, 0x0,
    0xd, 0xff, 0x30, 0x0, 0xdf, 0xf3, 0x0, 0x0,
    0x0, 0x0, 0xdf, 0xf3, 0x0, 0xd, 0xff, 0x30,
    0x0, 0x0, 0x0, 0xd, 0xff, 0x30, 0x0, 0xdf,
    0xf3, 0x0, 0x0, 0x0, 0x0, 0xdf, 0xf3, 0x0,
    0xd, 0xff, 0x30, 0x0, 0x0, 0x0, 0xd, 0xff,
    0x30, 0x0, 0xdf, 0xf3, 0x0, 0x0, 0x0, 0x0,
    0xdf, 0xf3, 0x0, 0xd, 0xff, 0x30, 0x0, 0x0,
    0x0, 0xd, 0xff, 0x30, 0x0, 0xcf, 0xf3, 0x0,
    0x0, 0x0, 0x0, 0xdf, 0xf2, 0x0, 0xb, 0xff,
    0x40, 0x0, 0x0, 0x0, 0xe, 0xff, 0x10, 0x0,
    0xaf, 0xf8, 0x0, 0x0, 0x0, 0x2, 0xff, 0xf0,
    0x0, 0x6, 0xff, 0xe1, 0x0, 0x0, 0x0, 0xaf,
    0xfc, 0x0, 0x0, 0xe, 0xff, 0xd4, 0x0, 0x2,
    0xaf, 0xff, 0x50, 0x0, 0x0, 0x4f, 0xff, 0xff,
    0xee, 0xff, 0xff, 0xa0, 0x0, 0x0, 0x0, 0x4e,
    0xff, 0xff, 0xff, 0xff, 0x90, 0x0, 0x0, 0x0,
    0x0, 0x16, 0xbe, 0xfe, 0xd8, 0x30, 0x0, 0x0,
    0x0, 0x0, 0x0, 0x0, 0x0, 0x0, 0x0, 0x0,
    0x0, 0x0, 0x0, 0x0, 0x0, 0x0, 0x0, 0x0,
    0x0, 0x0, 0x0, 0x0, 0x0, 0x0, 0x0, 0x5e,
    0xd2, 0x0, 0x0, 0x0, 0x0, 0x0, 0x0, 0x0,
    0xd, 0xff, 0xa0, 0x0, 0x0, 0x0, 0x0, 0x0,
    0x0, 0x0, 0xbf, 0xf8, 0x0, 0x0, 0x0, 0x0,
    0x0, 0x0, 0x0, 0x1, 0x87, 0x0, 0x0, 0x0,
    0x0, 0x0,

    /* U+1EF1 "ự" */
    0x0, 0x0, 0x0, 0x0, 0x0, 0x0, 0x88, 0x30,
    0x0, 0x0, 0x0, 0x0, 0x0, 0x1f, 0xf6, 0x0,
    0x0, 0x0, 0x0, 0x0, 0x4, 0xff, 0x5f, 0xff,
    0x0, 0x0, 0x7, 0xff, 0xff, 0xf1, 0xff, 0xf0,
    0x0, 0x0, 0x7f, 0xfd, 0x92, 0xf, 0xff, 0x0,
    0x0, 0x7, 0xff, 0x80, 0x0, 0xff, 0xf0, 0x0,
    0x0, 0x7f, 0xf8, 0x0, 0xf, 0xff, 0x0, 0x0,
    0x7, 0xff, 0x80, 0x0, 0xff, 0xf0, 0x0, 0x0,
    0x7f, 0xf8, 0x0, 0xf, 0xff, 0x0, 0x0, 0x7,
    0xff, 0x80, 0x0, 0xff, 0xf0, 0x0, 0x0, 0x7f,
    0xf8, 0x0, 0xf, 0xff, 0x0, 0x0, 0x8, 0xff,
    0x80, 0x0, 0xef, 0xf1, 0x0, 0x0, 0xcf, 0xf8,
    0x0, 0xd, 0xff, 0x80, 0x0, 0x5f, 0xff, 0x80,
    0x0, 0x8f, 0xff, 0xb8, 0xbf, 0xff, 0xf8, 0x0,
    0x0, 0xdf, 0xff, 0xff, 0xd7, 0xff, 0x80, 0x0,
    0x1, 0x9e, 0xfe, 0x91, 0x7f, 0xf8, 0x0, 0x0,
    0x0, 0x0, 0x0, 0x0, 0x0, 0x0, 0x0, 0x0,
    0x0, 0x0, 0x0, 0x0, 0x0, 0x0, 0x0, 0x0,
    0x9, 0xfb, 0x0, 0x0, 0x0, 0x0, 0x0, 0x2,
    0xff, 0xf5, 0x0, 0x0, 0x0, 0x0, 0x0, 0x1f,
    0xff, 0x30, 0x0, 0x0, 0x0, 0x0, 0x0, 0x49,
    0x50, 0x0, 0x0, 0x0, 0x0,

    /* U+1EF2 "Ỳ" */
    0x0, 0x0, 0x7, 0xbb, 0x20, 0x0, 0x0, 0x0,
    0x0, 0x0, 0x0, 0x3, 0xff, 0x90, 0x0, 0x0,
    0x0, 0x0, 0x0, 0x0, 0x0, 0x9f, 0xf1, 0x0,
    0x0, 0x0, 0x0, 0x0, 0x0, 0x0, 0x1e, 0xf8,
    0x0, 0x0, 0x0, 0x0, 0x0, 0x0, 0x0, 0x6,
    0xff, 0x10, 0x0, 0x0, 0x0, 0x0, 0x0, 0x0,
    0x0, 0x0, 0x0, 0x0, 0x0, 0x0, 0x0, 0x0,
    0x0, 0x0, 0x0, 0x0, 0x0, 0x0, 0x0, 0x2f,
    0xff, 0x30, 0x0, 0x0, 0x0, 0x7, 0xff, 0xd0,
    0x8, 0xff, 0xb0, 0x0, 0x0, 0x0, 0xe, 0xff,
    0x50, 0x1, 0xef, 0xf4, 0x0, 0x0, 0x0, 0x8f,
    0xfc, 0x0, 0x0, 0x7f, 0xfc, 0x0, 0x0, 0x1,
    0xff, 0xf3, 0x0, 0x0, 0xe, 0xff, 0x50, 0x0,
    0x9, 0xff, 0xa0, 0x0, 0x0, 0x5, 0xff, 0xd0,
    0x0, 0x2f, 0xff, 0x20, 0x0, 0x0, 0x0, 0xdf,
    0xf6, 0x0, 0xaf, 0xf9, 0x0, 0x0, 0x0, 0x0,
    0x4f, 0xfe, 0x3, 0xff, 0xf1, 0x0, 0x0, 0x0,
    0x0, 0xb, 0xff, 0x7b, 0xff, 0x70, 0x0, 0x0,
    0x0, 0x0, 0x3, 0xff, 0xff, 0xfe, 0x0, 0x0,
    0x0, 0x0, 0x0, 0x0, 0xaf, 0xff, 0xf6, 0x0,
    0x0, 0x0, 0x0, 0x0, 0x0, 0x1f, 0xff, 0xd0,
    0x0, 0x0, 0x0, 0x0, 0x0, 0x0, 0xa, 0xff,
    0x60, 0x0, 0x0, 0x0, 0x0, 0x0, 0x0, 0xa,
    0xff, 0x60, 0x0, 0x0, 0x0, 0x0, 0x0, 0x0,
    0xa, 0xff, 0x60, 0x0, 0x0, 0x0, 0x0, 0x0,
    0x0, 0xa, 0xff, 0x60, 0x0, 0x0, 0x0, 0x0,
    0x0, 0x0, 0xa, 0xff, 0x60, 0x0, 0x0, 0x0,
    0x0, 0x0, 0x0, 0xa, 0xff, 0x60, 0x0, 0x0,
    0x0, 0x0, 0x0, 0x0, 0xa, 0xff, 0x60, 0x0,
    0x0, 0x0,

    /* U+1EF3 "ỳ" */
    0x0, 0x1, 0xbb, 0x80, 0x0, 0x0, 0x0, 0x0,
    0x0, 0x9, 0xff, 0x20, 0x0, 0x0, 0x0, 0x0,
    0x0, 0x1e, 0xfa, 0x0, 0x0, 0x0, 0x0, 0x0,
    0x0, 0x6f, 0xf2, 0x0, 0x0, 0x0, 0x0, 0x0,
    0x0, 0xdf, 0x90, 0x0, 0x0, 0x0, 0x0, 0x0,
    0x0, 0x0, 0x0, 0x0, 0x0, 0x0, 0x0, 0x0,
    0x0, 0x0, 0x0, 0x0, 0x0, 0xdf, 0xf2, 0x0,
    0x0, 0x0, 0xcf, 0xf4, 0x7, 0xff, 0x80, 0x0,
    0x0, 0x2f, 0xfe, 0x0, 0x1f, 0xfd, 0x0, 0x0,
    0x7, 0xff, 0x80, 0x0, 0xbf, 0xf3, 0x0, 0x0,
    0xdf, 0xf2, 0x0, 0x5, 0xff, 0x90, 0x0, 0x3f,
    0xfc, 0x0, 0x0, 0xf, 0xfe, 0x0, 0x8, 0xff,
    0x60, 0x0, 0x0, 0x9f, 0xf4, 0x0, 0xef, 0xf0,
    0x0, 0x0, 0x3, 0xff, 0xa0, 0x4f, 0xfa, 0x0,
    0x0, 0x0, 0xd, 0xff, 0x9, 0xff, 0x40, 0x0,
    0x0, 0x0, 0x7f, 0xf6, 0xff, 0xe0, 0x0, 0x0,
    0x0, 0x2, 0xff, 0xef, 0xf8, 0x0, 0x0, 0x0,
    0x0, 0xc, 0xff, 0xff, 0x20, 0x0, 0x0, 0x0,
    0x0, 0x6f, 0xff, 0xb0, 0x0, 0x0, 0x0, 0x0,
    0x0, 0xff, 0xf5, 0x0, 0x0, 0x0, 0x0, 0x0,
    0x1f, 0xfe, 0x0, 0x0, 0x0, 0x0, 0x0, 0xc,
    0xff, 0x60, 0x0, 0x0, 0x0, 0x88, 0xae, 0xff,
    0xc0, 0x0, 0x0, 0x0, 0xf, 0xff, 0xff, 0xc1,
    0x0, 0x0, 0x0, 0x0, 0xff, 0xeb, 0x60, 0x0,
    0x0, 0x0, 0x0,

    /* U+1EF4 "Ỵ" */
    0x2f, 0xff, 0x30, 0x0, 0x0, 0x0, 0x7, 0xff,
    0xd0, 0x8, 0xff, 0xb0, 0x0, 0x0, 0x0, 0xe,
    0xff, 0x50, 0x1, 0xef, 0xf4, 0x0, 0x0, 0x0,
    0x8f, 0xfc, 0x0, 0x0, 0x7f, 0xfc, 0x0, 0x0,
    0x1, 0xff, 0xf3, 0x0, 0x0, 0xe, 0xff, 0x50,
    0x0, 0x9, 0xff, 0xa0, 0x0, 0x0, 0x5, 0xff,
    0xd0, 0x0, 0x2f, 0xff, 0x20, 0x0, 0x0, 0x0,
    0xdf, 0xf6, 0x0, 0xaf, 0xf9, 0x0, 0x0, 0x0,
    0x0, 0x4f, 0xfe, 0x3, 0xff, 0xf1, 0x0, 0x0,
    0x0, 0x0, 0xb, 0xff, 0x7b, 0xff, 0x70, 0x0,
    0x0, 0x0, 0x0, 0x3, 0xff, 0xff, 0xfe, 0x0,
    0x0, 0x0, 0x0, 0x0, 0x0, 0xaf, 0xff, 0xf6,
    0x0, 0x0, 0x0, 0x0, 0x0, 0x0, 0x1f, 0xff,
    0xd0, 0x0, 0x0, 0x0, 0x0, 0x0, 0x0, 0xa,
    0xff, 0x60, 0x0, 0x0, 0x0, 0x0, 0x0, 0x0,
    0xa, 0xff, 0x60, 0x0, 0x0, 0x0, 0x0, 0x0,
    0x0, 0xa, 0xff, 0x60, 0x0, 0x0, 0x0, 0x0,
    0x0, 0x0, 0xa, 0xff, 0x60, 0x0, 0x0, 0x0,
    0x0, 0x0, 0x0, 0xa, 0xff, 0x60, 0x0, 0x0,
    0x0, 0x0, 0x0, 0x0, 0xa, 0xff, 0x60, 0x0,
    0x0, 0x0, 0x0, 0x0, 0x0, 0xa, 0xff, 0x60,
    0x0, 0x0, 0x0, 0x0, 0x0, 0x0, 0x0, 0x0,
    0x0, 0x0, 0x0, 0x0, 0x0, 0x0, 0x0, 0x0,
    0x0, 0x0, 0x0, 0x0, 0x0, 0x0, 0x0, 0x0,
    0x1, 0x87, 0x0, 0x0, 0x0, 0x0, 0x0, 0x0,
    0x0, 0xb, 0xff, 0x90, 0x0, 0x0, 0x0, 0x0,
    0x0, 0x0, 0xc, 0xff, 0xb0, 0x0, 0x0, 0x0,
    0x0, 0x0, 0x0, 0x4, 0xed, 0x30, 0x0, 0x0,
    0x0,

    /* U+1EF5 "ỵ" */
    0xd, 0xff, 0x20, 0x0, 0x0, 0xc, 0xff, 0x40,
    0x7f, 0xf8, 0x0, 0x0, 0x2, 0xff, 0xe0, 0x1,
    0xff, 0xd0, 0x0, 0x0, 0x7f, 0xf8, 0x0, 0xb,
    0xff, 0x30, 0x0, 0xd, 0xff, 0x20, 0x0, 0x5f,
    0xf9, 0x0, 0x3, 0xff, 0xc0, 0x0, 0x0, 0xff,
    0xe0, 0x0, 0x8f, 0xf6, 0x0, 0x0, 0x9, 0xff,
    0x40, 0xe, 0xff, 0x0, 0x0, 0x0, 0x3f, 0xfa,
    0x4, 0xff, 0xa0, 0x0, 0x0, 0x0, 0xdf, 0xf0,
    0x9f, 0xf4, 0x0, 0x0, 0x0, 0x7, 0xff, 0x6f,
    0xfe, 0x0, 0x0, 0x0, 0x0, 0x2f, 0xfe, 0xff,
    0x80, 0x0, 0x0, 0x0, 0x0, 0xcf, 0xff, 0xf2,
    0x0, 0x0, 0x0, 0x0, 0x6, 0xff, 0xfb, 0x0,
    0x0, 0x0, 0x0, 0x0, 0xf, 0xff, 0x50, 0x0,
    0x0, 0x0, 0x0, 0x1, 0xff, 0xe0, 0x0, 0x0,
    0x0, 0x0, 0x0, 0xcf, 0xf6, 0x0, 0x0, 0x0,
    0x8, 0x8a, 0xef, 0xfc, 0x0, 0x27, 0x20, 0x0,
    0xff, 0xff, 0xfc, 0x10, 0x1f, 0xff, 0x20, 0xf,
    0xfe, 0xb6, 0x0, 0x3, 0xff, 0xf4, 0x0, 0x0,
    0x0, 0x0, 0x0, 0xa, 0xfa, 0x0, 0x0, 0x0,
    0x0, 0x0, 0x0, 0x0, 0x0, 0x0,

    /* U+1EF6 "Ỷ" */
    0x0, 0x0, 0x0, 0x5, 0x99, 0x50, 0x0, 0x0,
    0x0, 0x0, 0x0, 0x0, 0x7f, 0xff, 0xf9, 0x0,
    0x0, 0x0, 0x0, 0x0, 0x0, 0xef, 0x32, 0xff,
    0x0, 0x0, 0x0, 0x0, 0x0, 0x0, 0x0, 0x2,
    0xff, 0x0, 0x0, 0x0, 0x0, 0x0, 0x0, 0x0,
    0x7f, 0xf5, 0x0, 0x0, 0x0, 0x0, 0x0, 0x0,
    0x0, 0xff, 0x20, 0x0, 0x0, 0x0, 0x0, 0x0,
    0x0, 0x0, 0x33, 0x0, 0x0, 0x0, 0x0, 0x0,
    0x0, 0x0, 0x0, 0x0, 0x0, 0x0, 0x0, 0x0,
    0x2f, 0xff, 0x30, 0x0, 0x0, 0x0, 0x7, 0xff,
    0xd0, 0x8, 0xff, 0xb0, 0x0, 0x0, 0x0, 0xe,
    0xff, 0x50, 0x1, 0xef, 0xf4, 0x0, 0x0, 0x0,
    0x8f, 0xfc, 0x0, 0x0, 0x7f, 0xfc, 0x0, 0x0,
    0x1, 0xff, 0xf3, 0x0, 0x0, 0xe, 0xff, 0x50,
    0x0, 0x9, 0xff, 0xa0, 0x0, 0x0, 0x5, 0xff,
    0xd0, 0x0, 0x2f, 0xff, 0x20, 0x0, 0x0, 0x0,
    0xdf, 0xf6, 0x0, 0xaf, 0xf9, 0x0, 0x0, 0x0,
    0x0, 0x4f, 0xfe, 0x3, 0xff, 0xf1, 0x0, 0x0,
    0x0, 0x0, 0xb, 0xff, 0x7b, 0xff, 0x70, 0x0,
    0x0, 0x0, 0x0, 0x3, 0xff, 0xff, 0xfe, 0x0,
    0x0, 0x0, 0x0, 0x0, 0x0, 0xaf, 0xff, 0xf6,
    0x0, 0x0, 0x0, 0x0, 0x0, 0x0, 0x1f, 0xff,
    0xd0, 0x0, 0x0, 0x0, 0x0, 0x0, 0x0, 0xa,
    0xff, 0x60, 0x0, 0x0, 0x0, 0x0, 0x0, 0x0,
    0xa, 0xff, 0x60, 0x0, 0x0, 0x0, 0x0, 0x0,
    0x0, 0xa, 0xff, 0x60, 0x0, 0x0, 0x0, 0x0,
    0x0, 0x0, 0xa, 0xff, 0x60, 0x0, 0x0, 0x0,
    0x0, 0x0, 0x0, 0xa, 0xff, 0x60, 0x0, 0x0,
    0x0, 0x0, 0x0, 0x0, 0xa, 0xff, 0x60, 0x0,
    0x0, 0x0, 0x0, 0x0, 0x0, 0xa, 0xff, 0x60,
    0x0, 0x0, 0x0,

    /* U+1EF7 "ỷ" */
    0x0, 0x0, 0x1, 0x79, 0x82, 0x0, 0x0, 0x0,
    0x0, 0x0, 0xdf, 0xff, 0xf3, 0x0, 0x0, 0x0,
    0x0, 0x4f, 0xb0, 0x8f, 0xa0, 0x0, 0x0, 0x0,
    0x0, 0x0, 0x9, 0xf9, 0x0, 0x0, 0x0, 0x0,
    0x0, 0x1c, 0xfd, 0x10, 0x0, 0x0, 0x0, 0x0,
    0x6, 0xfa, 0x0, 0x0, 0x0, 0x0, 0x0, 0x0,
    0x13, 0x10, 0x0, 0x0, 0x0, 0x0, 0x0, 0x0,
    0x0, 0x0, 0x0, 0x0, 0xd, 0xff, 0x20, 0x0,
    0x0, 0xc, 0xff, 0x40, 0x7f, 0xf8, 0x0, 0x0,
    0x2, 0xff, 0xe0, 0x1, 0xff, 0xd0, 0x0, 0x0,
    0x7f, 0xf8, 0x0, 0xb, 0xff, 0x30, 0x0, 0xd,
    0xff, 0x20, 0x0, 0x5f, 0xf9, 0x0, 0x3, 0xff,
    0xc0, 0x0, 0x0, 0xff, 0xe0, 0x0, 0x8f, 0xf6,
    0x0, 0x0, 0x9, 0xff, 0x40, 0xe, 0xff, 0x0,
    0x0, 0x0, 0x3f, 0xfa, 0x4, 0xff, 0xa0, 0x0,
    0x0, 0x0, 0xdf, 0xf0, 0x9f, 0xf4, 0x0, 0x0,
    0x0, 0x7, 0xff, 0x6f, 0xfe, 0x0, 0x0, 0x0,
    0x0, 0x2f, 0xfe, 0xff, 0x80, 0x0, 0x0, 0x0,
    0x0, 0xcf, 0xff, 0xf2, 0x0, 0x0, 0x0, 0x0,
    0x6, 0xff, 0xfb, 0x0, 0x0, 0x0, 0x0, 0x0,
    0xf, 0xff, 0x50, 0x0, 0x0, 0x0, 0x0, 0x1,
    0xff, 0xe0, 0x0, 0x0, 0x0, 0x0, 0x0, 0xcf,
    0xf6, 0x0, 0x0, 0x0, 0x8, 0x8a, 0xef, 0xfc,
    0x0, 0x0, 0x0, 0x0, 0xff, 0xff, 0xfc, 0x10,
    0x0, 0x0, 0x0, 0xf, 0xfe, 0xb6, 0x0, 0x0,
    0x0, 0x0, 0x0,

    /* U+1EF8 "Ỹ" */
    0x0, 0x0, 0x3, 0xdf, 0x90, 0xa, 0xf2, 0x0,
    0x0, 0x0, 0x0, 0xd, 0xff, 0xfb, 0x1d, 0xf0,
    0x0, 0x0, 0x0, 0x0, 0x1f, 0xc1, 0xbf, 0xff,
    0xc0, 0x0, 0x0, 0x0, 0x0, 0x2f, 0x90, 0x9,
    0xfd, 0x20, 0x0, 0x0, 0x0, 0x0, 0x0, 0x0,
    0x0, 0x0, 0x0, 0x0, 0x0, 0x0, 0x0, 0x0,
    0x0, 0x0, 0x0, 0x0, 0x0, 0x0, 0x2f, 0xff,
    0x30, 0x0, 0x0, 0x0, 0x7, 0xff, 0xd0, 0x8,
    0xff, 0xb0, 0x0, 0x0, 0x0, 0xe, 0xff, 0x50,
    0x1, 0xef, 0xf4, 0x0, 0x0, 0x0, 0x8f, 0xfc,
    0x0, 0x0, 0x7f, 0xfc, 0x0, 0x0, 0x1, 0xff,
    0xf3, 0x0, 0x0, 0xe, 0xff, 0x50, 0x0, 0x9,
    0xff, 0xa0, 0x0, 0x0, 0x5, 0xff, 0xd0, 0x0,
    0x2f, 0xff, 0x20, 0x0, 0x0, 0x0, 0xdf, 0xf6,
    0x0, 0xaf, 0xf9, 0x0, 0x0, 0x0, 0x0, 0x4f,
    0xfe, 0x3, 0xff, 0xf1, 0x0, 0x0, 0x0, 0x0,
    0xb, 0xff, 0x7b, 0xff, 0x70, 0x0, 0x0, 0x0,
    0x0, 0x3, 0xff, 0xff, 0xfe, 0x0, 0x0, 0x0,
    0x0, 0x0, 0x0, 0xaf, 0xff, 0xf6, 0x0, 0x0,
    0x0, 0x0, 0x0, 0x0, 0x1f, 0xff, 0xd0, 0x0,
    0x0, 0x0, 0x0, 0x0, 0x0, 0xa, 0xff, 0x60,
    0x0, 0x0, 0x0, 0x0, 0x0, 0x0, 0xa, 0xff,
    0x60, 0x0, 0x0, 0x0, 0x0, 0x0, 0x0, 0xa,
    0xff, 0x60, 0x0, 0x0, 0x0, 0x0, 0x0, 0x0,
    0xa, 0xff, 0x60, 0x0, 0x0, 0x0, 0x0, 0x0,
    0x0, 0xa, 0xff, 0x60, 0x0, 0x0, 0x0, 0x0,
    0x0, 0x0, 0xa, 0xff, 0x60, 0x0, 0x0, 0x0,
    0x0, 0x0, 0x0, 0xa, 0xff, 0x60, 0x0, 0x0,
    0x0,

    /* U+1EF9 "ỹ" */
    0x0, 0x0, 0x8f, 0xd4, 0x1, 0xfb, 0x0, 0x0,
    0x0, 0x3f, 0xff, 0xf5, 0x5f, 0x90, 0x0, 0x0,
    0x8, 0xf6, 0x3f, 0xff, 0xf5, 0x0, 0x0, 0x0,
    0x9f, 0x20, 0x3c, 0xf9, 0x0, 0x0, 0x0, 0x0,
    0x0, 0x0, 0x0, 0x0, 0x0, 0x0, 0x0, 0x0,
    0x0, 0x0, 0x0, 0x0, 0x0, 0xd, 0xff, 0x20,
    0x0, 0x0, 0xc, 0xff, 0x40, 0x7f, 0xf8, 0x0,
    0x0, 0x2, 0xff, 0xe0, 0x1, 0xff, 0xd0, 0x0,
    0x0, 0x7f, 0xf8, 0x0, 0xb, 0xff, 0x30, 0x0,
    0xd, 0xff, 0x20, 0x0, 0x5f, 0xf9, 0x0, 0x3,
    0xff, 0xc0, 0x0, 0x0, 0xff, 0xe0, 0x0, 0x8f,
    0xf6, 0x0, 0x0, 0x9, 0xff, 0x40, 0xe, 0xff,
    0x0, 0x0, 0x0, 0x3f, 0xfa, 0x4, 0xff, 0xa0,
    0x0, 0x0, 0x0, 0xdf, 0xf0, 0x9f, 0xf4, 0x0,
    0x0, 0x0, 0x7, 0xff, 0x6f, 0xfe, 0x0, 0x0,
    0x0, 0x0, 0x2f, 0xfe, 0xff, 0x80, 0x0, 0x0,
    0x0, 0x0, 0xcf, 0xff, 0xf2, 0x0, 0x0, 0x0,
    0x0, 0x6, 0xff, 0xfb, 0x0, 0x0, 0x0, 0x0,
    0x0, 0xf, 0xff, 0x50, 0x0, 0x0, 0x0, 0x0,
    0x1, 0xff, 0xe0, 0x0, 0x0, 0x0, 0x0, 0x0,
    0xcf, 0xf6, 0x0, 0x0, 0x0, 0x8, 0x8a, 0xef,
    0xfc, 0x0, 0x0, 0x0, 0x0, 0xff, 0xff, 0xfc,
    0x10, 0x0, 0x0, 0x0, 0xf, 0xfe, 0xb6, 0x0,
    0x0, 0x0, 0x0, 0x0,

    /* U+2013 "–" */
    0x66, 0x66, 0x66, 0x66, 0x66, 0x65, 0xff, 0xff,
    0xff, 0xff, 0xff, 0xfe, 0xff, 0xff, 0xff, 0xff,
    0xff, 0xfe,

    /* U+2014 "—" */
    0x66, 0x66, 0x66, 0x66, 0x66, 0x66, 0x66, 0x66,
    0x3f, 0xff, 0xff, 0xff, 0xff, 0xff, 0xff, 0xff,
    0xf8, 0xff, 0xff, 0xff, 0xff, 0xff, 0xff, 0xff,
    0xff, 0x80,

    /* U+2018 "‘" */
    0x0, 0x4f, 0x30, 0x1e, 0x90, 0x9, 0xe1, 0x2,
    0xfd, 0x40, 0x8f, 0xff, 0x8, 0xff, 0xf1, 0x1c,
    0xf8, 0x0,

    /* U+2019 "’" */
    0x1c, 0xf9, 0x7, 0xff, 0xf3, 0x6f, 0xff, 0x20,
    0x8f, 0xc0, 0x5, 0xf3, 0x0, 0xe9, 0x0, 0x8d,
    0x0, 0x0,

    /* U+201A "‚" */
    0x2c, 0xf7, 0x9, 0xff, 0xf1, 0x8f, 0xff, 0x0,
    0x9f, 0xb0, 0x6, 0xf2, 0x1, 0xf7, 0x0, 0xac,
    0x0, 0x0,

    /* U+201C "“" */
    0x0, 0x1e, 0x60, 0x2, 0xf6, 0x0, 0xbc, 0x0,
    0xb, 0xc0, 0x6, 0xf3, 0x0, 0x6f, 0x20, 0xe,
    0xf7, 0x0, 0xee, 0x60, 0x4f, 0xff, 0x45, 0xff,
    0xf3, 0x4f, 0xff, 0x55, 0xff, 0xf5, 0xa, 0xfb,
    0x0, 0xaf, 0xa0,

    /* U+201D "”" */
    0x7, 0xfc, 0x20, 0x7f, 0xc1, 0xf, 0xff, 0x91,
    0xff, 0xf9, 0xf, 0xff, 0x90, 0xff, 0xf8, 0x4,
    0xdf, 0x30, 0x4d, 0xf2, 0x0, 0xea, 0x0, 0xe,
    0x90, 0x8, 0xe1, 0x0, 0x8e, 0x10, 0x2f, 0x50,
    0x2, 0xf4, 0x0,

    /* U+2026 "…" */
    0x3, 0xa8, 0x0, 0x0, 0x8a, 0x30, 0x0, 0x3a,
    0x80, 0xe, 0xff, 0x80, 0x7, 0xff, 0xe0, 0x0,
    0xef, 0xf7, 0xf, 0xff, 0x90, 0x8, 0xff, 0xf0,
    0x0, 0xff, 0xf9, 0x6, 0xed, 0x20, 0x1, 0xcf,
    0x70, 0x0, 0x6f, 0xc1
};


/*---------------------
 *  GLYPH DESCRIPTION
 *--------------------*/

static const lv_font_fmt_txt_glyph_dsc_t glyph_dsc[] = {
    {.bitmap_index = 0, .adv_w = 0, .box_w = 0, .box_h = 0, .ofs_x = 0, .ofs_y = 0} /* id = 0 reserved */,
    {.bitmap_index = 0, .adv_w = 96, .box_w = 0, .box_h = 0, .ofs_x = 0, .ofs_y = 0},
    {.bitmap_index = 0, .adv_w = 125, .box_w = 4, .box_h = 19, .ofs_x = 2, .ofs_y = 0},
    {.bitmap_index = 38, .adv_w = 142, .box_w = 8, .box_h = 6, .ofs_x = 1, .ofs_y = 13},
    {.bitmap_index = 62, .adv_w = 341, .box_w = 20, .box_h = 19, .ofs_x = 1, .ofs_y = 0},
    {.bitmap_index = 252, .adv_w = 269, .box_w = 15, .box_h = 25, .ofs_x = 1, .ofs_y = -3},
    {.bitmap_index = 440, .adv_w = 356, .box_w = 20, .box_h = 19, .ofs_x = 1, .ofs_y = 0},
    {.bitmap_index = 630, .adv_w = 311, .box_w = 18, .box_h = 19, .ofs_x = 1, .ofs_y = 0},
    {.bitmap_index = 801, .adv_w = 80, .box_w = 4, .box_h = 6, .ofs_x = 1, .ofs_y = 13},
    {.bitmap_index = 813, .adv_w = 185, .box_w = 10, .box_h = 28, .ofs_x = 1, .ofs_y = -6},
    {.bitmap_index = 953, .adv_w = 185, .box_w = 10, .box_h = 28, .ofs_x = 1, .ofs_y = -6},
    {.bitmap_index = 1093, .adv_w = 209, .box_w = 12, .box_h = 11, .ofs_x = 1, .ofs_y = 8},
    {.bitmap_index = 1159, .adv_w = 259, .box_w = 11, .box_h = 11, .ofs_x = 3, .ofs_y = 3},
    {.bitmap_index = 1220, .adv_w = 132, .box_w = 5, .box_h = 7, .ofs_x = 2, .ofs_y = -3},
    {.bitmap_index = 1238, .adv_w = 253, .box_w = 10, .box_h = 3, .ofs_x = 3, .ofs_y = 7},
    {.bitmap_index = 1253, .adv_w = 126, .box_w = 4, .box_h = 4, .ofs_x = 2, .ofs_y = 0},
    {.bitmap_index = 1261, .adv_w = 215, .box_w = 13, .box_h = 26, .ofs_x = 0, .ofs_y = -4},
    {.bitmap_index = 1430, .adv_w = 285, .box_w = 16, .box_h = 19, .ofs_x = 1, .ofs_y = 0},
    {.bitmap_index = 1582, .adv_w = 166, .box_w = 7, .box_h = 19, .ofs_x = 1, .ofs_y = 0},
    {.bitmap_index = 1649, .adv_w = 272, .box_w = 15, .box_h = 19, .ofs_x = 1, .ofs_y = 0},
    {.bitmap_index = 1792, .adv_w = 277, .box_w = 15, .box_h = 19, .ofs_x = 1, .ofs_y = 0},
    {.bitmap_index = 1935, .adv_w = 297, .box_w = 16, .box_h = 19, .ofs_x = 1, .ofs_y = 0},
    {.bitmap_index = 2087, .adv_w = 277, .box_w = 15, .box_h = 19, .ofs_x = 1, .ofs_y = 0},
    {.bitmap_index = 2230, .adv_w = 286, .box_w = 16, .box_h = 19, .ofs_x = 1, .ofs_y = 0},
    {.bitmap_index = 2382, .adv_w = 248, .box_w = 14, .box_h = 19, .ofs_x = 1, .ofs_y = 0},
    {.bitmap_index = 2515, .adv_w = 268, .box_w = 15, .box_h = 19, .ofs_x = 1, .ofs_y = 0},
    {.bitmap_index = 2658, .adv_w = 286, .box_w = 16, .box_h = 19, .ofs_x = 1, .ofs_y = 0},
    {.bitmap_index = 2810, .adv_w = 126, .box_w = 4, .box_h = 14, .ofs_x = 2, .ofs_y = 0},
    {.bitmap_index = 2838, .adv_w = 132, .box_w = 5, .box_h = 18, .ofs_x = 2, .ofs_y = -4},
    {.bitmap_index = 2883, .adv_w = 234, .box_w = 11, .box_h = 13, .ofs_x = 2, .ofs_y = 2},
    {.bitmap_index = 2955, .adv_w = 306, .box_w = 14, .box_h = 9, .ofs_x = 3, .ofs_y = 4},
    {.bitmap_index = 3018, .adv_w = 234, .box_w = 11, .box_h = 13, .ofs_x = 2, .ofs_y = 2},
    {.bitmap_index = 3090, .adv_w = 245, .box_w = 13, .box_h = 19, .ofs_x = 1, .ofs_y = 0},
    {.bitmap_index = 3214, .adv_w = 420, .box_w = 24, .box_h = 23, .ofs_x = 1, .ofs_y = -4},
    {.bitmap_index = 3490, .adv_w = 311, .box_w = 18, .box_h = 19, .ofs_x = 1, .ofs_y = 0},
    {.bitmap_index = 3661, .adv_w = 285, .box_w = 16, .box_h = 19, .ofs_x = 1, .ofs_y = 0},
    {.bitmap_index = 3813, .adv_w = 323, .box_w = 18, .box_h = 19, .ofs_x = 1, .ofs_y = 0},
    {.bitmap_index = 3984, .adv_w = 306, .box_w = 17, .box_h = 19, .ofs_x = 1, .ofs_y = 0},
    {.bitmap_index = 4146, .adv_w = 261, .box_w = 14, .box_h = 19, .ofs_x = 1, .ofs_y = 0},
    {.bitmap_index = 4279, .adv_w = 265, .box_w = 14, .box_h = 19, .ofs_x = 1, .ofs_y = 0},
    {.bitmap_index = 4412, .adv_w = 327, .box_w = 19, .box_h = 19, .ofs_x = 1, .ofs_y = 0},
    {.bitmap_index = 4593, .adv_w = 298, .box_w = 16, .box_h = 19, .ofs_x = 1, .ofs_y = 0},
    {.bitmap_index = 4745, .adv_w = 112, .box_w = 5, .box_h = 19, .ofs_x = 1, .ofs_y = 0},
    {.bitmap_index = 4793, .adv_w = 197, .box_w = 10, .box_h = 19, .ofs_x = 1, .ofs_y = 0},
    {.bitmap_index = 4888, .adv_w = 287, .box_w = 17, .box_h = 19, .ofs_x = 1, .ofs_y = 0},
    {.bitmap_index = 5050, .adv_w = 262, .box_w = 14, .box_h = 19, .ofs_x = 1, .ofs_y = 0},
    {.bitmap_index = 5183, .adv_w = 360, .box_w = 20, .box_h = 19, .ofs_x = 1, .ofs_y = 0},
    {.bitmap_index = 5373, .adv_w = 307, .box_w = 17, .box_h = 19, .ofs_x = 1, .ofs_y = 0},
    {.bitmap_index = 5535, .adv_w = 344, .box_w = 20, .box_h = 19, .ofs_x = 1, .ofs_y = 0},
    {.bitmap_index = 5725, .adv_w = 273, .box_w = 15, .box_h = 19, .ofs_x = 1, .ofs_y = 0},
    {.bitmap_index = 5868, .adv_w = 342, .box_w = 20, .box_h = 19, .ofs_x = 1, .ofs_y = 0},
    {.bitmap_index = 6058, .adv_w = 284, .box_w = 16, .box_h = 19, .ofs_x = 1, .ofs_y = 0},
    {.bitmap_index = 6210, .adv_w = 268, .box_w = 15, .box_h = 19, .ofs_x = 1, .ofs_y = 0},
    {.bitmap_index = 6353, .adv_w = 275, .box_w = 16, .box_h = 19, .ofs_x = 1, .ofs_y = 0},
    {.bitmap_index = 6505, .adv_w = 303, .box_w = 16, .box_h = 19, .ofs_x = 1, .ofs_y = 0},
    {.bitmap_index = 6657, .adv_w = 299, .box_w = 19, .box_h = 19, .ofs_x = 0, .ofs_y = 0},
    {.bitmap_index = 6838, .adv_w = 425, .box_w = 26, .box_h = 19, .ofs_x = 0, .ofs_y = 0},
    {.bitmap_index = 7085, .adv_w = 306, .box_w = 17, .box_h = 19, .ofs_x = 1, .ofs_y = 0},
    {.bitmap_index = 7247, .adv_w = 284, .box_w = 18, .box_h = 19, .ofs_x = 0, .ofs_y = 0},
    {.bitmap_index = 7418, .adv_w = 275, .box_w = 15, .box_h = 19, .ofs_x = 1, .ofs_y = 0},
    {.bitmap_index = 7561, .adv_w = 197, .box_w = 10, .box_h = 27, .ofs_x = 1, .ofs_y = -5},
    {.bitmap_index = 7696, .adv_w = 208, .box_w = 13, .box_h = 26, .ofs_x = 0, .ofs_y = -4},
    {.bitmap_index = 7865, .adv_w = 197, .box_w = 9, .box_h = 27, .ofs_x = 2, .ofs_y = -5},
    {.bitmap_index = 7987, .adv_w = 240, .box_w = 9, .box_h = 5, .ofs_x = 3, .ofs_y = 15},
    {.bitmap_index = 8010, .adv_w = 297, .box_w = 13, .box_h = 3, .ofs_x = 3, .ofs_y = -2},
    {.bitmap_index = 8030, .adv_w = 96, .box_w = 6, .box_h = 5, .ofs_x = 0, .ofs_y = 16},
    {.bitmap_index = 8045, .adv_w = 269, .box_w = 15, .box_h = 14, .ofs_x = 1, .ofs_y = 0},
    {.bitmap_index = 8150, .adv_w = 273, .box_w = 15, .box_h = 20, .ofs_x = 1, .ofs_y = 0},
    {.bitmap_index = 8300, .adv_w = 257, .box_w = 14, .box_h = 14, .ofs_x = 1, .ofs_y = 0},
    {.bitmap_index = 8398, .adv_w = 273, .box_w = 15, .box_h = 20, .ofs_x = 1, .ofs_y = 0},
    {.bitmap_index = 8548, .adv_w = 252, .box_w = 14, .box_h = 14, .ofs_x = 1, .ofs_y = 0},
    {.bitmap_index = 8646, .adv_w = 164, .box_w = 9, .box_h = 20, .ofs_x = 1, .ofs_y = 0},
    {.bitmap_index = 8736, .adv_w = 270, .box_w = 15, .box_h = 19, .ofs_x = 1, .ofs_y = -5},
    {.bitmap_index = 8879, .adv_w = 246, .box_w = 13, .box_h = 20, .ofs_x = 1, .ofs_y = 0},
    {.bitmap_index = 9009, .adv_w = 114, .box_w = 5, .box_h = 20, .ofs_x = 1, .ofs_y = 0},
    {.bitmap_index = 9059, .adv_w = 118, .box_w = 8, .box_h = 25, .ofs_x = -2, .ofs_y = -5},
    {.bitmap_index = 9159, .adv_w = 237, .box_w = 13, .box_h = 20, .ofs_x = 1, .ofs_y = 0},
    {.bitmap_index = 9289, .adv_w = 111, .box_w = 4, .box_h = 20, .ofs_x = 1, .ofs_y = 0},
    {.bitmap_index = 9329, .adv_w = 372, .box_w = 21, .box_h = 14, .ofs_x = 1, .ofs_y = 0},
    {.bitmap_index = 9476, .adv_w = 242, .box_w = 13, .box_h = 14, .ofs_x = 1, .ofs_y = 0},
    {.bitmap_index = 9567, .adv_w = 269, .box_w = 15, .box_h = 14, .ofs_x = 1, .ofs_y = 0},
    {.bitmap_index = 9672, .adv_w = 273, .box_w = 15, .box_h = 19, .ofs_x = 1, .ofs_y = -5},
    {.bitmap_index = 9815, .adv_w = 273, .box_w = 15, .box_h = 19, .ofs_x = 1, .ofs_y = -5},
    {.bitmap_index = 9958, .adv_w = 168, .box_w = 9, .box_h = 14, .ofs_x = 1, .ofs_y = 0},
    {.bitmap_index = 10021, .adv_w = 215, .box_w = 12, .box_h = 14, .ofs_x = 1, .ofs_y = 0},
    {.bitmap_index = 10105, .adv_w = 179, .box_w = 10, .box_h = 18, .ofs_x = 0, .ofs_y = 0},
    {.bitmap_index = 10195, .adv_w = 238, .box_w = 13, .box_h = 14, .ofs_x = 1, .ofs_y = 0},
    {.bitmap_index = 10286, .adv_w = 242, .box_w = 15, .box_h = 14, .ofs_x = 0, .ofs_y = 0},
    {.bitmap_index = 10391, .adv_w = 364, .box_w = 22, .box_h = 14, .ofs_x = 0, .ofs_y = 0},
    {.bitmap_index = 10545, .adv_w = 239, .box_w = 13, .box_h = 14, .ofs_x = 1, .ofs_y = 0},
    {.bitmap_index = 10636, .adv_w = 245, .box_w = 15, .box_h = 19, .ofs_x = 0, .ofs_y = -5},
    {.bitmap_index = 10779, .adv_w = 211, .box_w = 12, .box_h = 14, .ofs_x = 1, .ofs_y = 0},
    {.bitmap_index = 10863, .adv_w = 185, .box_w = 11, .box_h = 27, .ofs_x = 0, .ofs_y = -5},
    {.bitmap_index = 11012, .adv_w = 173, .box_w = 3, .box_h = 31, .ofs_x = 4, .ofs_y = -6},
    {.bitmap_index = 11059, .adv_w = 185, .box_w = 10, .box_h = 27, .ofs_x = 1, .ofs_y = -5},
    {.bitmap_index = 11194, .adv_w = 198, .box_w = 10, .box_h = 4, .ofs_x = 1, .ofs_y = 8},
    {.bitmap_index = 11214, .adv_w = 96, .box_w = 0, .box_h = 0, .ofs_x = 0, .ofs_y = 0},
    {.bitmap_index = 11214, .adv_w = 125, .box_w = 4, .box_h = 19, .ofs_x = 2, .ofs_y = -5},
    {.bitmap_index = 11252, .adv_w = 257, .box_w = 14, .box_h = 19, .ofs_x = 1, .ofs_y = -2},
    {.bitmap_index = 11385, .adv_w = 261, .box_w = 14, .box_h = 19, .ofs_x = 1, .ofs_y = 0},
    {.bitmap_index = 11518, .adv_w = 257, .box_w = 14, .box_h = 15, .ofs_x = 1, .ofs_y = 2},
    {.bitmap_index = 11623, .adv_w = 284, .box_w = 18, .box_h = 19, .ofs_x = 0, .ofs_y = 0},
    {.bitmap_index = 11794, .adv_w = 173, .box_w = 3, .box_h = 31, .ofs_x = 4, .ofs_y = -6},
    {.bitmap_index = 11841, .adv_w = 290, .box_w = 16, .box_h = 28, .ofs_x = 1, .ofs_y = -6},
    {.bitmap_index = 12065, .adv_w = 136, .box_w = 10, .box_h = 4, .ofs_x = 0, .ofs_y = 16},
    {.bitmap_index = 12085, .adv_w = 340, .box_w = 19, .box_h = 19, .ofs_x = 1, .ofs_y = 0},
    {.bitmap_index = 12266, .adv_w = 176, .box_w = 9, .box_h = 9, .ofs_x = 1, .ofs_y = 11},
    {.bitmap_index = 12307, .adv_w = 281, .box_w = 16, .box_h = 12, .ofs_x = 1, .ofs_y = 2},
    {.bitmap_index = 12403, .adv_w = 272, .box_w = 13, .box_h = 7, .ofs_x = 2, .ofs_y = 7},
    {.bitmap_index = 12449, .adv_w = 250, .box_w = 10, .box_h = 3, .ofs_x = 3, .ofs_y = 7},
    {.bitmap_index = 12464, .adv_w = 180, .box_w = 11, .box_h = 10, .ofs_x = 0, .ofs_y = 9},
    {.bitmap_index = 12519, .adv_w = 146, .box_w = 9, .box_h = 3, .ofs_x = 0, .ofs_y = 17},
    {.bitmap_index = 12533, .adv_w = 197, .box_w = 10, .box_h = 10, .ofs_x = 1, .ofs_y = 10},
    {.bitmap_index = 12583, .adv_w = 272, .box_w = 11, .box_h = 14, .ofs_x = 3, .ofs_y = 0},
    {.bitmap_index = 12660, .adv_w = 184, .box_w = 9, .box_h = 10, .ofs_x = 1, .ofs_y = 11},
    {.bitmap_index = 12705, .adv_w = 188, .box_w = 9, .box_h = 10, .ofs_x = 1, .ofs_y = 11},
    {.bitmap_index = 12750, .adv_w = 96, .box_w = 6, .box_h = 5, .ofs_x = 0, .ofs_y = 16},
    {.bitmap_index = 12765, .adv_w = 256, .box_w = 15, .box_h = 19, .ofs_x = 1, .ofs_y = -5},
    {.bitmap_index = 12908, .adv_w = 218, .box_w = 13, .box_h = 18, .ofs_x = 0, .ofs_y = 0},
    {.bitmap_index = 13025, .adv_w = 113, .box_w = 4, .box_h = 4, .ofs_x = 2, .ofs_y = 8},
    {.bitmap_index = 13033, .adv_w = 100, .box_w = 7, .box_h = 8, .ofs_x = -1, .ofs_y = -6},
    {.bitmap_index = 13061, .adv_w = 134, .box_w = 5, .box_h = 10, .ofs_x = 1, .ofs_y = 11},
    {.bitmap_index = 13086, .adv_w = 190, .box_w = 10, .box_h = 9, .ofs_x = 1, .ofs_y = 11},
    {.bitmap_index = 13131, .adv_w = 281, .box_w = 16, .box_h = 12, .ofs_x = 1, .ofs_y = 2},
    {.bitmap_index = 13227, .adv_w = 329, .box_w = 22, .box_h = 19, .ofs_x = 0, .ofs_y = 0},
    {.bitmap_index = 13436, .adv_w = 333, .box_w = 23, .box_h = 19, .ofs_x = 0, .ofs_y = 0},
    {.bitmap_index = 13655, .adv_w = 336, .box_w = 25, .box_h = 19, .ofs_x = 0, .ofs_y = 0},
    {.bitmap_index = 13893, .adv_w = 245, .box_w = 13, .box_h = 20, .ofs_x = 1, .ofs_y = -6},
    {.bitmap_index = 14023, .adv_w = 311, .box_w = 18, .box_h = 26, .ofs_x = 1, .ofs_y = 0},
    {.bitmap_index = 14257, .adv_w = 311, .box_w = 18, .box_h = 26, .ofs_x = 1, .ofs_y = 0},
    {.bitmap_index = 14491, .adv_w = 311, .box_w = 18, .box_h = 25, .ofs_x = 1, .ofs_y = 0},
    {.bitmap_index = 14716, .adv_w = 311, .box_w = 18, .box_h = 25, .ofs_x = 1, .ofs_y = 0},
    {.bitmap_index = 14941, .adv_w = 311, .box_w = 18, .box_h = 25, .ofs_x = 1, .ofs_y = 0},
    {.bitmap_index = 15166, .adv_w = 311, .box_w = 18, .box_h = 28, .ofs_x = 1, .ofs_y = 0},
    {.bitmap_index = 15418, .adv_w = 427, .box_w = 25, .box_h = 19, .ofs_x = 1, .ofs_y = 0},
    {.bitmap_index = 15656, .adv_w = 323, .box_w = 18, .box_h = 26, .ofs_x = 1, .ofs_y = -7},
    {.bitmap_index = 15890, .adv_w = 264, .box_w = 13, .box_h = 26, .ofs_x = 2, .ofs_y = 0},
    {.bitmap_index = 16059, .adv_w = 264, .box_w = 13, .box_h = 26, .ofs_x = 2, .ofs_y = 0},
    {.bitmap_index = 16228, .adv_w = 264, .box_w = 13, .box_h = 25, .ofs_x = 2, .ofs_y = 0},
    {.bitmap_index = 16391, .adv_w = 264, .box_w = 13, .box_h = 25, .ofs_x = 2, .ofs_y = 0},
    {.bitmap_index = 16554, .adv_w = 119, .box_w = 7, .box_h = 26, .ofs_x = -1, .ofs_y = 0},
    {.bitmap_index = 16645, .adv_w = 119, .box_w = 6, .box_h = 26, .ofs_x = 2, .ofs_y = 0},
    {.bitmap_index = 16723, .adv_w = 119, .box_w = 10, .box_h = 26, .ofs_x = -1, .ofs_y = 0},
    {.bitmap_index = 16853, .adv_w = 119, .box_w = 10, .box_h = 25, .ofs_x = -1, .ofs_y = 0},
    {.bitmap_index = 16978, .adv_w = 327, .box_w = 20, .box_h = 19, .ofs_x = 0, .ofs_y = 0},
    {.bitmap_index = 17168, .adv_w = 314, .box_w = 16, .box_h = 25, .ofs_x = 2, .ofs_y = 0},
    {.bitmap_index = 17368, .adv_w = 344, .box_w = 20, .box_h = 27, .ofs_x = 1, .ofs_y = 0},
    {.bitmap_index = 17638, .adv_w = 344, .box_w = 20, .box_h = 27, .ofs_x = 1, .ofs_y = 0},
    {.bitmap_index = 17908, .adv_w = 344, .box_w = 20, .box_h = 26, .ofs_x = 1, .ofs_y = 0},
    {.bitmap_index = 18168, .adv_w = 344, .box_w = 20, .box_h = 26, .ofs_x = 1, .ofs_y = 0},
    {.bitmap_index = 18428, .adv_w = 344, .box_w = 20, .box_h = 25, .ofs_x = 1, .ofs_y = 0},
    {.bitmap_index = 18678, .adv_w = 248, .box_w = 10, .box_h = 10, .ofs_x = 3, .ofs_y = 3},
    {.bitmap_index = 18728, .adv_w = 344, .box_w = 20, .box_h = 21, .ofs_x = 1, .ofs_y = -1},
    {.bitmap_index = 18938, .adv_w = 310, .box_w = 16, .box_h = 26, .ofs_x = 2, .ofs_y = 0},
    {.bitmap_index = 19146, .adv_w = 310, .box_w = 16, .box_h = 26, .ofs_x = 2, .ofs_y = 0},
    {.bitmap_index = 19354, .adv_w = 310, .box_w = 16, .box_h = 26, .ofs_x = 2, .ofs_y = 0},
    {.bitmap_index = 19562, .adv_w = 310, .box_w = 16, .box_h = 25, .ofs_x = 2, .ofs_y = 0},
    {.bitmap_index = 19762, .adv_w = 284, .box_w = 18, .box_h = 26, .ofs_x = 0, .ofs_y = 0},
    {.bitmap_index = 19996, .adv_w = 273, .box_w = 15, .box_h = 19, .ofs_x = 1, .ofs_y = 0},
    {.bitmap_index = 20139, .adv_w = 286, .box_w = 15, .box_h = 19, .ofs_x = 1, .ofs_y = 0},
    {.bitmap_index = 20282, .adv_w = 273, .box_w = 15, .box_h = 21, .ofs_x = 1, .ofs_y = 0},
    {.bitmap_index = 20440, .adv_w = 273, .box_w = 15, .box_h = 21, .ofs_x = 1, .ofs_y = 0},
    {.bitmap_index = 20598, .adv_w = 273, .box_w = 15, .box_h = 20, .ofs_x = 1, .ofs_y = 0},
    {.bitmap_index = 20748, .adv_w = 273, .box_w = 15, .box_h = 20, .ofs_x = 1, .ofs_y = 0},
    {.bitmap_index = 20898, .adv_w = 273, .box_w = 15, .box_h = 19, .ofs_x = 1, .ofs_y = 0},
    {.bitmap_index = 21041, .adv_w = 273, .box_w = 15, .box_h = 23, .ofs_x = 1, .ofs_y = 0},
    {.bitmap_index = 21214, .adv_w = 401, .box_w = 23, .box_h = 14, .ofs_x = 1, .ofs_y = 0},
    {.bitmap_index = 21375, .adv_w = 260, .box_w = 14, .box_h = 21, .ofs_x = 1, .ofs_y = -7},
    {.bitmap_index = 21522, .adv_w = 255, .box_w = 14, .box_h = 21, .ofs_x = 1, .ofs_y = 0},
    {.bitmap_index = 21669, .adv_w = 255, .box_w = 14, .box_h = 21, .ofs_x = 1, .ofs_y = 0},
    {.bitmap_index = 21816, .adv_w = 255, .box_w = 14, .box_h = 20, .ofs_x = 1, .ofs_y = 0},
    {.bitmap_index = 21956, .adv_w = 255, .box_w = 14, .box_h = 19, .ofs_x = 1, .ofs_y = 0},
    {.bitmap_index = 22089, .adv_w = 119, .box_w = 7, .box_h = 21, .ofs_x = -1, .ofs_y = 0},
    {.bitmap_index = 22163, .adv_w = 119, .box_w = 6, .box_h = 21, .ofs_x = 2, .ofs_y = 0},
    {.bitmap_index = 22226, .adv_w = 119, .box_w = 10, .box_h = 20, .ofs_x = -1, .ofs_y = 0},
    {.bitmap_index = 22326, .adv_w = 119, .box_w = 10, .box_h = 19, .ofs_x = -1, .ofs_y = 0},
    {.bitmap_index = 22421, .adv_w = 269, .box_w = 15, .box_h = 22, .ofs_x = 1, .ofs_y = 0},
    {.bitmap_index = 22586, .adv_w = 250, .box_w = 12, .box_h = 20, .ofs_x = 2, .ofs_y = 0},
    {.bitmap_index = 22706, .adv_w = 272, .box_w = 15, .box_h = 21, .ofs_x = 1, .ofs_y = 0},
    {.bitmap_index = 22864, .adv_w = 272, .box_w = 15, .box_h = 21, .ofs_x = 1, .ofs_y = 0},
    {.bitmap_index = 23022, .adv_w = 272, .box_w = 15, .box_h = 20, .ofs_x = 1, .ofs_y = 0},
    {.bitmap_index = 23172, .adv_w = 272, .box_w = 15, .box_h = 20, .ofs_x = 1, .ofs_y = 0},
    {.bitmap_index = 23322, .adv_w = 272, .box_w = 15, .box_h = 19, .ofs_x = 1, .ofs_y = 0},
    {.bitmap_index = 23465, .adv_w = 283, .box_w = 12, .box_h = 13, .ofs_x = 3, .ofs_y = 1},
    {.bitmap_index = 23543, .adv_w = 269, .box_w = 15, .box_h = 16, .ofs_x = 1, .ofs_y = -1},
    {.bitmap_index = 23663, .adv_w = 247, .box_w = 12, .box_h = 21, .ofs_x = 2, .ofs_y = 0},
    {.bitmap_index = 23789, .adv_w = 247, .box_w = 12, .box_h = 21, .ofs_x = 2, .ofs_y = 0},
    {.bitmap_index = 23915, .adv_w = 247, .box_w = 12, .box_h = 20, .ofs_x = 2, .ofs_y = 0},
    {.bitmap_index = 24035, .adv_w = 247, .box_w = 12, .box_h = 19, .ofs_x = 2, .ofs_y = 0},
    {.bitmap_index = 24149, .adv_w = 245, .box_w = 15, .box_h = 26, .ofs_x = 0, .ofs_y = -5},
    {.bitmap_index = 24344, .adv_w = 273, .box_w = 15, .box_h = 25, .ofs_x = 1, .ofs_y = -5},
    {.bitmap_index = 24532, .adv_w = 245, .box_w = 15, .box_h = 24, .ofs_x = 0, .ofs_y = -5},
    {.bitmap_index = 24712, .adv_w = 311, .box_w = 18, .box_h = 25, .ofs_x = 1, .ofs_y = 0},
    {.bitmap_index = 24937, .adv_w = 273, .box_w = 15, .box_h = 20, .ofs_x = 1, .ofs_y = 0},
    {.bitmap_index = 25087, .adv_w = 327, .box_w = 20, .box_h = 19, .ofs_x = 0, .ofs_y = 0},
    {.bitmap_index = 25277, .adv_w = 278, .box_w = 17, .box_h = 20, .ofs_x = 1, .ofs_y = 0},
    {.bitmap_index = 25447, .adv_w = 119, .box_w = 9, .box_h = 25, .ofs_x = -1, .ofs_y = 0},
    {.bitmap_index = 25560, .adv_w = 119, .box_w = 9, .box_h = 20, .ofs_x = -1, .ofs_y = 0},
    {.bitmap_index = 25650, .adv_w = 310, .box_w = 16, .box_h = 25, .ofs_x = 2, .ofs_y = 0},
    {.bitmap_index = 25850, .adv_w = 247, .box_w = 12, .box_h = 20, .ofs_x = 2, .ofs_y = 0},
    {.bitmap_index = 25970, .adv_w = 344, .box_w = 20, .box_h = 23, .ofs_x = 1, .ofs_y = 0},
    {.bitmap_index = 26200, .adv_w = 271, .box_w = 15, .box_h = 17, .ofs_x = 1, .ofs_y = 0},
    {.bitmap_index = 26328, .adv_w = 310, .box_w = 19, .box_h = 22, .ofs_x = 2, .ofs_y = 0},
    {.bitmap_index = 26537, .adv_w = 242, .box_w = 16, .box_h = 17, .ofs_x = 1, .ofs_y = 0},
    {.bitmap_index = 26673, .adv_w = 311, .box_w = 18, .box_h = 25, .ofs_x = 1, .ofs_y = -6},
    {.bitmap_index = 26898, .adv_w = 273, .box_w = 15, .box_h = 20, .ofs_x = 1, .ofs_y = -6},
    {.bitmap_index = 27048, .adv_w = 311, .box_w = 18, .box_h = 27, .ofs_x = 1, .ofs_y = 0},
    {.bitmap_index = 27291, .adv_w = 273, .box_w = 15, .box_h = 22, .ofs_x = 1, .ofs_y = 0},
    {.bitmap_index = 27456, .adv_w = 311, .box_w = 18, .box_h = 29, .ofs_x = 1, .ofs_y = 0},
    {.bitmap_index = 27717, .adv_w = 273, .box_w = 16, .box_h = 24, .ofs_x = 1, .ofs_y = 0},
    {.bitmap_index = 27909, .adv_w = 311, .box_w = 18, .box_h = 29, .ofs_x = 1, .ofs_y = 0},
    {.bitmap_index = 28170, .adv_w = 273, .box_w = 15, .box_h = 24, .ofs_x = 1, .ofs_y = 0},
    {.bitmap_index = 28350, .adv_w = 311, .box_w = 18, .box_h = 30, .ofs_x = 1, .ofs_y = 0},
    {.bitmap_index = 28620, .adv_w = 273, .box_w = 16, .box_h = 25, .ofs_x = 1, .ofs_y = 0},
    {.bitmap_index = 28820, .adv_w = 311, .box_w = 18, .box_h = 30, .ofs_x = 1, .ofs_y = 0},
    {.bitmap_index = 29090, .adv_w = 273, .box_w = 15, .box_h = 24, .ofs_x = 1, .ofs_y = 0},
    {.bitmap_index = 29270, .adv_w = 311, .box_w = 18, .box_h = 31, .ofs_x = 1, .ofs_y = -6},
    {.bitmap_index = 29549, .adv_w = 273, .box_w = 15, .box_h = 26, .ofs_x = 1, .ofs_y = -6},
    {.bitmap_index = 29744, .adv_w = 311, .box_w = 18, .box_h = 30, .ofs_x = 1, .ofs_y = 0},
    {.bitmap_index = 30014, .adv_w = 273, .box_w = 15, .box_h = 25, .ofs_x = 1, .ofs_y = 0},
    {.bitmap_index = 30202, .adv_w = 311, .box_w = 18, .box_h = 30, .ofs_x = 1, .ofs_y = 0},
    {.bitmap_index = 30472, .adv_w = 273, .box_w = 15, .box_h = 25, .ofs_x = 1, .ofs_y = 0},
    {.bitmap_index = 30660, .adv_w = 311, .box_w = 18, .box_h = 31, .ofs_x = 1, .ofs_y = 0},
    {.bitmap_index = 30939, .adv_w = 273, .box_w = 15, .box_h = 26, .ofs_x = 1, .ofs_y = 0},
    {.bitmap_index = 31134, .adv_w = 311, .box_w = 18, .box_h = 30, .ofs_x = 1, .ofs_y = 0},
    {.bitmap_index = 31404, .adv_w = 273, .box_w = 15, .box_h = 25, .ofs_x = 1, .ofs_y = 0},
    {.bitmap_index = 31592, .adv_w = 311, .box_w = 18, .box_h = 31, .ofs_x = 1, .ofs_y = -6},
    {.bitmap_index = 31871, .adv_w = 273, .box_w = 15, .box_h = 26, .ofs_x = 1, .ofs_y = -6},
    {.bitmap_index = 32066, .adv_w = 264, .box_w = 13, .box_h = 25, .ofs_x = 2, .ofs_y = -6},
    {.bitmap_index = 32229, .adv_w = 255, .box_w = 14, .box_h = 20, .ofs_x = 1, .ofs_y = -6},
    {.bitmap_index = 32369, .adv_w = 264, .box_w = 13, .box_h = 27, .ofs_x = 2, .ofs_y = 0},
    {.bitmap_index = 32545, .adv_w = 255, .box_w = 14, .box_h = 22, .ofs_x = 1, .ofs_y = 0},
    {.bitmap_index = 32699, .adv_w = 264, .box_w = 13, .box_h = 25, .ofs_x = 2, .ofs_y = 0},
    {.bitmap_index = 32862, .adv_w = 255, .box_w = 14, .box_h = 20, .ofs_x = 1, .ofs_y = 0},
    {.bitmap_index = 33002, .adv_w = 264, .box_w = 15, .box_h = 29, .ofs_x = 2, .ofs_y = 0},
    {.bitmap_index = 33220, .adv_w = 255, .box_w = 16, .box_h = 24, .ofs_x = 1, .ofs_y = 0},
    {.bitmap_index = 33412, .adv_w = 264, .box_w = 13, .box_h = 29, .ofs_x = 2, .ofs_y = 0},
    {.bitmap_index = 33601, .adv_w = 255, .box_w = 14, .box_h = 24, .ofs_x = 1, .ofs_y = 0},
    {.bitmap_index = 33769, .adv_w = 264, .box_w = 15, .box_h = 30, .ofs_x = 2, .ofs_y = 0},
    {.bitmap_index = 33994, .adv_w = 255, .box_w = 15, .box_h = 25, .ofs_x = 1, .ofs_y = 0},
    {.bitmap_index = 34182, .adv_w = 264, .box_w = 13, .box_h = 30, .ofs_x = 2, .ofs_y = 0},
    {.bitmap_index = 34377, .adv_w = 255, .box_w = 14, .box_h = 24, .ofs_x = 1, .ofs_y = 0},
    {.bitmap_index = 34545, .adv_w = 264, .box_w = 13, .box_h = 31, .ofs_x = 2, .ofs_y = -6},
    {.bitmap_index = 34747, .adv_w = 255, .box_w = 14, .box_h = 26, .ofs_x = 1, .ofs_y = -6},
    {.bitmap_index = 34929, .adv_w = 119, .box_w = 7, .box_h = 27, .ofs_x = 0, .ofs_y = 0},
    {.bitmap_index = 35024, .adv_w = 119, .box_w = 7, .box_h = 22, .ofs_x = 0, .ofs_y = 0},
    {.bitmap_index = 35101, .adv_w = 119, .box_w = 5, .box_h = 25, .ofs_x = 1, .ofs_y = -6},
    {.bitmap_index = 35164, .adv_w = 119, .box_w = 5, .box_h = 26, .ofs_x = 1, .ofs_y = -6},
    {.bitmap_index = 35229, .adv_w = 344, .box_w = 20, .box_h = 25, .ofs_x = 1, .ofs_y = -6},
    {.bitmap_index = 35479, .adv_w = 272, .box_w = 15, .box_h = 20, .ofs_x = 1, .ofs_y = -6},
    {.bitmap_index = 35629, .adv_w = 344, .box_w = 20, .box_h = 28, .ofs_x = 1, .ofs_y = 0},
    {.bitmap_index = 35909, .adv_w = 272, .box_w = 15, .box_h = 22, .ofs_x = 1, .ofs_y = 0},
    {.bitmap_index = 36074, .adv_w = 344, .box_w = 20, .box_h = 30, .ofs_x = 1, .ofs_y = 0},
    {.bitmap_index = 36374, .adv_w = 272, .box_w = 16, .box_h = 24, .ofs_x = 1, .ofs_y = 0},
    {.bitmap_index = 36566, .adv_w = 344, .box_w = 20, .box_h = 30, .ofs_x = 1, .ofs_y = 0},
    {.bitmap_index = 36866, .adv_w = 272, .box_w = 15, .box_h = 24, .ofs_x = 1, .ofs_y = 0},
    {.bitmap_index = 37046, .adv_w = 344, .box_w = 20, .box_h = 31, .ofs_x = 1, .ofs_y = 0},
    {.bitmap_index = 37356, .adv_w = 272, .box_w = 15, .box_h = 25, .ofs_x = 1, .ofs_y = 0},
    {.bitmap_index = 37544, .adv_w = 344, .box_w = 20, .box_h = 30, .ofs_x = 1, .ofs_y = 0},
    {.bitmap_index = 37844, .adv_w = 272, .box_w = 15, .box_h = 24, .ofs_x = 1, .ofs_y = 0},
    {.bitmap_index = 38024, .adv_w = 344, .box_w = 20, .box_h = 32, .ofs_x = 1, .ofs_y = -6},
    {.bitmap_index = 38344, .adv_w = 272, .box_w = 15, .box_h = 26, .ofs_x = 1, .ofs_y = -6},
    {.bitmap_index = 38539, .adv_w = 344, .box_w = 20, .box_h = 26, .ofs_x = 1, .ofs_y = 0},
    {.bitmap_index = 38799, .adv_w = 272, .box_w = 15, .box_h = 21, .ofs_x = 1, .ofs_y = 0},
    {.bitmap_index = 38957, .adv_w = 344, .box_w = 20, .box_h = 26, .ofs_x = 1, .ofs_y = 0},
    {.bitmap_index = 39217, .adv_w = 272, .box_w = 15, .box_h = 21, .ofs_x = 1, .ofs_y = 0},
    {.bitmap_index = 39375, .adv_w = 344, .box_w = 20, .box_h = 27, .ofs_x = 1, .ofs_y = 0},
    {.bitmap_index = 39645, .adv_w = 272, .box_w = 15, .box_h = 22, .ofs_x = 1, .ofs_y = 0},
    {.bitmap_index = 39810, .adv_w = 344, .box_w = 20, .box_h = 25, .ofs_x = 1, .ofs_y = 0},
    {.bitmap_index = 40060, .adv_w = 271, .box_w = 15, .box_h = 19, .ofs_x = 1, .ofs_y = 0},
    {.bitmap_index = 40203, .adv_w = 344, .box_w = 20, .box_h = 29, .ofs_x = 1, .ofs_y = -6},
    {.bitmap_index = 40493, .adv_w = 272, .box_w = 15, .box_h = 23, .ofs_x = 1, .ofs_y = -6},
    {.bitmap_index = 40666, .adv_w = 310, .box_w = 16, .box_h = 25, .ofs_x = 2, .ofs_y = -6},
    {.bitmap_index = 40866, .adv_w = 247, .box_w = 12, .box_h = 20, .ofs_x = 2, .ofs_y = -6},
    {.bitmap_index = 40986, .adv_w = 310, .box_w = 16, .box_h = 27, .ofs_x = 2, .ofs_y = 0},
    {.bitmap_index = 41202, .adv_w = 247, .box_w = 12, .box_h = 22, .ofs_x = 2, .ofs_y = 0},
    {.bitmap_index = 41334, .adv_w = 310, .box_w = 19, .box_h = 26, .ofs_x = 2, .ofs_y = 0},
    {.bitmap_index = 41581, .adv_w = 247, .box_w = 15, .box_h = 21, .ofs_x = 2, .ofs_y = 0},
    {.bitmap_index = 41739, .adv_w = 310, .box_w = 19, .box_h = 26, .ofs_x = 2, .ofs_y = 0},
    {.bitmap_index = 41986, .adv_w = 247, .box_w = 15, .box_h = 21, .ofs_x = 2, .ofs_y = 0},
    {.bitmap_index = 42144, .adv_w = 310, .box_w = 19, .box_h = 27, .ofs_x = 2, .ofs_y = 0},
    {.bitmap_index = 42401, .adv_w = 247, .box_w = 15, .box_h = 22, .ofs_x = 2, .ofs_y = 0},
    {.bitmap_index = 42566, .adv_w = 310, .box_w = 19, .box_h = 25, .ofs_x = 2, .ofs_y = 0},
    {.bitmap_index = 42804, .adv_w = 247, .box_w = 15, .box_h = 20, .ofs_x = 2, .ofs_y = 0},
    {.bitmap_index = 42954, .adv_w = 310, .box_w = 19, .box_h = 28, .ofs_x = 2, .ofs_y = -6},
    {.bitmap_index = 43220, .adv_w = 247, .box_w = 15, .box_h = 23, .ofs_x = 2, .ofs_y = -6},
    {.bitmap_index = 43393, .adv_w = 284, .box_w = 18, .box_h = 26, .ofs_x = 0, .ofs_y = 0},
    {.bitmap_index = 43627, .adv_w = 245, .box_w = 15, .box_h = 26, .ofs_x = 0, .ofs_y = -5},
    {.bitmap_index = 43822, .adv_w = 284, .box_w = 18, .box_h = 25, .ofs_x = 0, .ofs_y = -6},
    {.bitmap_index = 44047, .adv_w = 245, .box_w = 15, .box_h = 21, .ofs_x = 0, .ofs_y = -7},
    {.bitmap_index = 44205, .adv_w = 284, .box_w = 18, .box_h = 27, .ofs_x = 0, .ofs_y = 0},
    {.bitmap_index = 44448, .adv_w = 245, .box_w = 15, .box_h = 27, .ofs_x = 0, .ofs_y = -5},
    {.bitmap_index = 44651, .adv_w = 284, .box_w = 18, .box_h = 25, .ofs_x = 0, .ofs_y = 0},
    {.bitmap_index = 44876, .adv_w = 245, .box_w = 15, .box_h = 25, .ofs_x = 0, .ofs_y = -5},
    {.bitmap_index = 45064, .adv_w = 287, .box_w = 12, .box_h = 3, .ofs_x = 3, .ofs_y = 7},
    {.bitmap_index = 45082, .adv_w = 361, .box_w = 17, .box_h = 3, .ofs_x = 3, .ofs_y = 7},
    {.bitmap_index = 45108, .adv_w = 116, .box_w = 5, .box_h = 7, .ofs_x = 1, .ofs_y = 12},
    {.bitmap_index = 45126, .adv_w = 93, .box_w = 5, .box_h = 7, .ofs_x = 1, .ofs_y = 12},
    {.bitmap_index = 45144, .adv_w = 124, .box_w = 5, .box_h = 7, .ofs_x = 2, .ofs_y = -3},
    {.bitmap_index = 45162, .adv_w = 164, .box_w = 10, .box_h = 7, .ofs_x = -1, .ofs_y = 12},
    {.bitmap_index = 45197, .adv_w = 176, .box_w = 10, .box_h = 7, .ofs_x = 1, .ofs_y = 12},
    {.bitmap_index = 45232, .adv_w = 321, .box_w = 18, .box_h = 4, .ofs_x = 1, .ofs_y = 0}
};

/*---------------------
 *  CHARACTER MAPPING
 *--------------------*/

static const uint16_t unicode_list_2[] = {
    0x0, 0x1, 0xe, 0xf, 0x26, 0x27, 0x66, 0x67,
    0x9e, 0x9f, 0xad, 0xae
};

static const uint16_t unicode_list_4[] = {
    0x0, 0x1, 0x5, 0x6, 0x7, 0x9, 0xa, 0x13
};

/*Collect the unicode lists and glyph_id offsets*/
static const lv_font_fmt_txt_cmap_t cmaps[] =
{
    {
        .range_start = 32, .range_length = 95, .glyph_id_start = 1,
        .unicode_list = NULL, .glyph_id_ofs_list = NULL, .list_length = 0, .type = LV_FONT_FMT_TXT_CMAP_FORMAT0_TINY
    },
    {
        .range_start = 160, .range_length = 96, .glyph_id_start = 96,
        .unicode_list = NULL, .glyph_id_ofs_list = NULL, .list_length = 0, .type = LV_FONT_FMT_TXT_CMAP_FORMAT0_TINY
    },
    {
        .range_start = 258, .range_length = 175, .glyph_id_start = 192,
        .unicode_list = unicode_list_2, .glyph_id_ofs_list = NULL, .list_length = 12, .type = LV_FONT_FMT_TXT_CMAP_SPARSE_TINY
    },
    {
        .range_start = 7840, .range_length = 90, .glyph_id_start = 204,
        .unicode_list = NULL, .glyph_id_ofs_list = NULL, .list_length = 0, .type = LV_FONT_FMT_TXT_CMAP_FORMAT0_TINY
    },
    {
        .range_start = 8211, .range_length = 20, .glyph_id_start = 294,
        .unicode_list = unicode_list_4, .glyph_id_ofs_list = NULL, .list_length = 8, .type = LV_FONT_FMT_TXT_CMAP_SPARSE_TINY
    }
};

/*-----------------
 *    KERNING
 *----------------*/


/*Map glyph_ids to kern left classes*/
static const uint8_t kern_left_class_mapping[] =
{
    0, 0, 0, 1, 2, 3, 4, 0,
    1, 0, 4, 0, 0, 5, 0, 5,
    6, 7, 0, 8, 9, 10, 11, 12,
    13, 14, 15, 0, 0, 0, 0, 16,
    0, 0, 17, 9, 18, 4, 19, 20,
    0, 21, 21, 22, 23, 24, 21, 21,
    4, 25, 0, 26, 3, 27, 22, 28,
    28, 29, 30, 31, 0, 32, 0, 0,
    0, 0, 33, 34, 35, 21, 34, 36,
    37, 38, 39, 40, 41, 21, 38, 38,
    34, 34, 42, 43, 44, 45, 46, 47,
    47, 48, 49, 50, 0, 0, 0, 0,
    0, 0, 0, 3, 0, 30, 0, 3,
    0, 0, 0, 0, 0, 0, 0, 0,
    0, 0, 0, 0, 0, 51, 0, 0,
    0, 0, 0, 0, 0, 0, 0, 0,
    17, 17, 17, 17, 17, 17, 19, 4,
    19, 19, 19, 19, 21, 21, 21, 21,
    4, 21, 4, 4, 4, 4, 4, 0,
    4, 22, 22, 22, 22, 30, 0, 9,
    33, 33, 33, 33, 33, 33, 34, 52,
    34, 34, 34, 34, 39, 39, 39, 39,
    53, 38, 34, 34, 34, 34, 34, 0,
    0, 46, 46, 46, 46, 49, 34, 49,
    17, 33, 4, 53, 21, 39, 22, 46,
    4, 54, 55, 56, 17, 33, 17, 33,
    17, 33, 17, 33, 17, 33, 17, 33,
    17, 33, 17, 33, 17, 33, 17, 33,
    17, 33, 17, 33, 19, 34, 19, 34,
    19, 34, 19, 34, 19, 34, 19, 34,
    19, 34, 19, 34, 21, 39, 21, 39,
    4, 34, 4, 34, 4, 34, 4, 34,
    4, 34, 4, 34, 4, 34, 4, 54,
    4, 54, 4, 54, 4, 54, 4, 54,
    22, 46, 22, 46, 55, 56, 55, 56,
    55, 56, 55, 56, 55, 56, 30, 49,
    30, 49, 30, 49, 30, 49, 0, 0,
    0, 57, 0, 0, 0, 0
};

/*Map glyph_ids to kern right classes*/
static const uint8_t kern_right_class_mapping[] =
{
    0, 0, 1, 2, 3, 4, 5, 0,
    6, 5, 7, 8, 0, 9, 0, 9,
    10, 11, 12, 13, 14, 15, 16, 17,
    18, 19, 20, 0, 0, 0, 0, 21,
    22, 0, 23, 24, 5, 25, 24, 24,
    5, 24, 24, 26, 24, 24, 24, 24,
    5, 24, 5, 24, 4, 27, 28, 29,
    29, 30, 31, 32, 0, 33, 0, 0,
    0, 0, 17, 24, 17, 17, 17, 34,
    17, 24, 35, 36, 24, 24, 37, 37,
    17, 37, 17, 38, 39, 40, 41, 42,
    42, 43, 44, 45, 0, 0, 46, 0,
    0, 0, 0, 4, 0, 31, 0, 4,
    0, 0, 0, 0, 0, 0, 0, 0,
    0, 0, 0, 0, 0, 41, 0, 0,
    0, 0, 0, 0, 0, 0, 0, 0,
    23, 23, 23, 23, 23, 23, 23, 5,
    24, 24, 24, 24, 24, 24, 24, 24,
    0, 24, 5, 5, 5, 5, 5, 0,
    5, 28, 28, 28, 28, 31, 24, 24,
    17, 17, 17, 17, 17, 17, 47, 17,
    17, 17, 17, 17, 48, 35, 35, 35,
    17, 35, 17, 17, 17, 17, 17, 0,
    0, 41, 41, 41, 41, 44, 24, 44,
    23, 17, 0, 17, 24, 49, 28, 41,
    5, 17, 28, 41, 23, 17, 23, 17,
    23, 17, 23, 17, 23, 17, 23, 17,
    23, 17, 23, 17, 23, 17, 23, 17,
    23, 17, 23, 17, 24, 17, 24, 17,
    24, 17, 24, 17, 24, 17, 24, 17,
    24, 17, 24, 17, 24, 35, 24, 35,
    5, 17, 5, 17, 5, 17, 5, 17,
    5, 17, 5, 17, 5, 17, 5, 17,
    5, 17, 5, 17, 5, 17, 5, 17,
    28, 41, 28, 41, 28, 41, 28, 41,
    28, 41, 28, 41, 28, 41, 31, 44,
    31, 44, 31, 44, 31, 44, 0, 0,
    0, 0, 0, 0, 0, 0
};

/*Kern values between classes*/
static const int8_t kern_class_values[] =
{
    0, 0, 0, 0, 0, 0, 0, 0,
    0, 0, 0, 0, 0, 0, 0, 0,
    0, 12, 0, 0, 0, 0, -17, 0,
    0, 0, 0, 0, 0, 0, 18, 0,
    0, 0, 0, 0, 0, 0, 0, 0,
    0, 0, 0, 0, 0, 0, 0, 0,
    0, 0, 0, 0, 0, 0, 0, 0,
    0, 0, 0, 0, 0, 0, 0, 0,
    0, 0, 0, 0, 0, 0, 0, -24,
    0, 0, 0, 0, 0, 0, 0, 0,
    0, 0, 0, 0, 0, 0, 0, 0,
    0, 0, 0, 0, 0, 0, 0, 0,
    0, 0, 0, 0, 0, 2, 6, 0,
    0, 0, 0, 0, 6, 0, 0, 0,
    0, 0, 0, 2, 2, 0, 0, 0,
    -9, 0, 1, 0, -8, 0, -5, 0,
    -10, 0, 0, 0, 0, 0, 0, 0,
    0, 0, 0, 0, -2, -2, 0, 0,
    0, 0, 0, 0, 0, 0, 0, 0,
    0, 0, 0, 0, 0, 0, 0, 0,
    0, 0, 0, 0, -3, 0, 0, 0,
    0, -17, 0, 0, -18, -26, 0, -8,
    -14, -20, 0, 0, 0, 0, -17, 0,
    0, 0, 0, 0, 0, 0, 0, 0,
    0, 0, 0, 0, 0, 0, 0, 0,
    0, 0, 0, 0, -10, 0, 0, 0,
    0, 0, 0, 0, 0, 0, 0, 0,
    12, 0, 0, 0, 0, 0, -40, 0,
    0, 0, 0, 0, 0, 0, 0, 0,
    0, 0, 0, 0, 0, 0, 0, 0,
    0, 0, 0, 0, 0, 0, 0, 0,
    0, 0, 0, 0, 0, 0, -56, 0,
    0, -17, -17, -20, 0, -20, 31, -13,
    0, 0, 0, 0, 0, 0, 0, 17,
    0, 21, 0, 23, 0, 0, 0, 0,
    0, 0, 0, 0, 0, 0, 0, 0,
    0, 0, 0, 0, 0, 0, 0, 0,
    0, 0, 0, 0, 0, 0, 0, 0,
    0, 0, 0, 0, 0, 0, 0, -3,
    0, 0, 0, 0, -17, 0, 0, -18,
    -25, 0, -8, -14, -20, 0, 0, 0,
    0, -17, 0, 0, 0, 0, 0, 0,
    0, 0, 0, 0, 0, 0, 0, 0,
    0, 0, 0, 0, 0, 0, 0, 0,
    0, 0, 0, 0, 0, -10, 0, 0,
    -2, 0, 0, 0, 0, 0, 0, 0,
    0, 0, 0, 0, 0, 0, 0, 0,
    0, 0, 0, 0, 0, 0, 0, 0,
    0, 0, 0, 0, 0, 0, 0, 0,
    0, 0, 0, 0, -5, 0, 0, 0,
    0, -7, -5, 0, 0, 0, 0, 0,
    0, 0, 0, 0, 0, 0, -1, 0,
    0, 0, -15, 0, -13, -10, -18, 0,
    0, 0, 0, -22, 0, 0, 0, 0,
    0, 0, -7, -5, 0, 0, 0, 0,
    0, 0, 0, 0, 0, 0, 0, 0,
    0, 0, 0, 0, 0, -7, 0, 0,
    0, 0, -16, 7, 0, 0, 0, -7,
    7, 0, 0, -31, 0, -22, -18, -22,
    0, 0, 0, 0, 0, 0, 0, 0,
    0, 0, 0, 0, 0, 0, 0, 0,
    0, 0, 0, 0, 0, 0, 0, 0,
    0, 0, 0, 0, 0, 0, 0, 0,
    0, 0, 0, 0, 0, -7, 0, 0,
    0, 0, 0, 0, 0, 0, 0, 0,
    0, 0, 0, 0, 0, 0, 0, 0,
    0, 0, 0, 0, 0, 0, 0, 0,
    0, 0, 0, 0, 0, 0, 0, 0,
    0, 0, 0, 0, 0, 0, 0, 0,
    0, 0, 0, 0, -10, 0, -8, 0,
    0, 0, 0, 0, 0, 0, 0, 0,
    0, 0, 0, 0, 0, 0, 0, 0,
    0, 0, 0, 0, 0, 0, 0, 0,
    0, 0, 0, 0, 0, 0, 0, 0,
    -17, 0, 0, 0, 0, -18, -17, 7,
    -7, -10, -32, 0, -22, 7, 0, 5,
    0, 0, -28, 0, 10, -42, 8, 0,
    0, 0, 12, 0, 0, 0, -17, 0,
    0, -21, -21, 0, -21, -17, -17, -21,
    -17, 0, -22, -17, -17, 0, 0, 0,
    0, 0, 0, 0, 0, 0, 0, 0,
    0, 0, 0, 0, 0, 0, -2, 0,
    0, 0, 0, 0, 0, 0, 0, 0,
    0, 0, 0, 0, 0, 0, 0, 0,
    0, 0, 0, 0, 0, 0, 0, 0,
    0, 0, 0, 0, 0, 0, 0, 0,
    0, 0, 0, 0, 0, 0, 0, 0,
    0, 0, 0, 0, 0, 0, 0, 7,
    0, 0, 0, 0, -17, 0, 7, 0,
    0, 0, 0, 0, 0, 0, 0, 0,
    0, 0, 0, 2, 0, 4, 0, 0,
    0, 0, 0, 0, 0, 0, 0, 0,
    0, 0, 0, 0, 0, 0, 0, -17,
    0, 0, 0, 0, 0, 0, 0, 0,
    0, 0, 0, 0, 0, 0, 0, 0,
    -36, 0, 0, 0, 0, 0, 0, 0,
    0, 0, 0, 0, 0, 0, 0, 0,
    0, 0, 0, 0, 0, 0, 0, 0,
    0, -17, -7, -9, -16, -17, 0, 0,
    0, 0, -16, 0, 0, 0, 0, 0,
    -7, 0, 0, -2, 0, 0, 0, 0,
    0, 0, -39, 0, -37, 0, -36, 0,
    0, -17, 0, 0, 0, 0, 0, -3,
    -7, -25, 0, -25, 0, 0, -3, 0,
    0, 0, 0, 0, 0, 0, 0, 0,
    0, 0, 0, 0, 0, 0, 0, 0,
    0, 0, -3, 0, 0, 0, 0, -17,
    0, 0, -18, -26, 0, 1, -14, -20,
    0, 0, 0, 0, -17, 0, 0, 0,
    0, 0, 0, 0, 0, 0, 0, 0,
    0, 0, 0, 0, 0, -3, -2, 0,
    0, 0, 0, 0, -2, 0, 0, 0,
    0, 0, -4, 0, 0, 0, 0, 0,
    0, 0, 0, 0, 0, 0, 0, 0,
    0, 0, 0, 0, 0, 0, 0, 0,
    0, 0, 0, 0, 0, 0, 0, 0,
    0, 0, 0, 0, 0, 0, 0, -10,
    0, 0, 0, 0, 0, -10, 0, -16,
    0, -24, 0, -22, 0, 0, 0, 0,
    0, -34, 0, 0, -47, 0, 0, 0,
    0, 3, 0, 0, 0, 0, 0, 0,
    -20, 0, 0, 0, 0, 0, 0, -21,
    0, -21, 0, 0, 0, 0, 0, 0,
    0, 0, 0, 0, 0, 0, 0, 0,
    3, 13, 13, 0, -1, 0, 7, 10,
    0, 0, 0, 0, 0, 0, 0, 0,
    0, 0, 0, 0, 0, 0, 0, -7,
    0, 0, 0, 0, 0, 0, 0, 0,
    0, 0, 0, 0, 0, 0, 0, 0,
    0, 0, 0, 0, 0, 0, 0, 0,
    0, 0, 0, 0, 0, 0, 0, 0,
    0, 0, 0, -7, 0, 1, 0, 0,
    0, 7, 0, 10, 0, 0, 0, 0,
    0, 0, 0, 0, 0, 0, 0, 0,
    0, 0, 0, 0, 0, 0, 0, 0,
    0, -13, -25, 0, 0, 0, 0, 0,
    -25, 0, 0, 0, -24, 0, -20, 0,
    0, 0, 0, 0, 0, 0, 0, 0,
    0, 0, 0, 0, 0, 0, 0, 0,
    0, 0, 0, 0, 0, -17, -21, -23,
    0, -28, 0, 0, -14, 0, 0, 0,
    0, 0, 0, -26, 0, 0, 0, 0,
    0, -26, 0, 0, 0, -32, 0, -15,
    0, 0, 0, 0, 0, 0, 0, 0,
    0, -67, 0, -48, 0, -63, 0, 0,
    0, 0, 0, 0, 0, 0, 0, -10,
    -31, 0, -23, 0, 0, 0, 0, 0,
    0, 0, 0, 0, 0, 0, 0, 0,
    0, 0, 0, 0, 0, 0, 0, 0,
    -9, 0, 0, 0, 0, 0, -30, 0,
    0, -38, -11, 0, 0, 0, 0, 0,
    0, 0, 0, -3, 0, 0, 0, 0,
    0, 0, 0, 0, 0, 0, -2, 0,
    0, 0, 0, 0, -5, -10, 0, 0,
    0, 0, 0, -10, 0, 0, 0, -20,
    0, -21, -12, 0, 0, 0, 0, 0,
    0, 0, 0, -13, -12, -13, 0, -17,
    0, 0, 0, 0, 0, 0, 0, 0,
    0, -22, -10, 0, -10, 0, 0, 0,
    0, 0, 0, 0, 0, -9, -26, 0,
    0, 0, -40, -23, -25, 0, 0, 0,
    -43, 0, -39, 8, 0, 0, 0, 0,
    -36, 0, -3, -54, 0, 0, 0, 0,
    3, 0, 0, 0, 0, 0, -25, -27,
    -5, 0, -37, -45, -36, -35, -36, 0,
    -36, 0, 10, 0, 0, 0, 0, -8,
    0, 0, 0, 0, -49, -8, 0, 0,
    0, -28, 0, -21, 0, 0, 0, 0,
    0, -36, 0, 2, -46, 0, 0, 7,
    0, 8, 0, 0, 0, 0, 0, -12,
    0, -22, 0, -17, 0, 0, -8, 0,
    0, -26, 19, 0, 0, 0, 0, 0,
    -14, 0, 0, 0, 0, 0, -14, 0,
    0, 0, -18, 0, -17, 0, 0, 0,
    0, 0, 0, 0, 0, 0, 0, 0,
    0, 0, 0, 0, 0, 0, 0, 0,
    0, 0, 0, 0, -13, 0, 0, -20,
    0, 0, 0, 0, 0, 0, 0, 0,
    -10, -17, 0, 0, 0, 0, -40, -17,
    0, 0, 0, -44, 0, -42, 0, 0,
    -17, 0, 0, -36, 0, -2, -48, 3,
    0, 8, 0, 0, 0, 0, 0, -2,
    -3, -29, 0, 0, 0, -36, -22, 0,
    0, 0, 0, -37, -2, -2, 0, 0,
    0, 0, 0, 0, 0, 0, 0, 0,
    0, 0, 0, 0, 0, 0, 0, 0,
    0, 0, 0, 0, 0, 0, 0, 0,
    0, 0, 0, 0, 0, 0, 0, 0,
    0, 0, 0, 0, 0, 0, -10, 0,
    0, 0, 0, 0, 0, 0, 0, 0,
    0, 0, 0, 0, 0, 0, 0, 0,
    0, 0, 0, 0, 0, 0, 0, 0,
    0, 0, 0, 0, 0, 0, 0, 0,
    0, 0, 0, 0, 0, 0, 0, -56,
    0, 0, 0, 0, 0, 0, 0, 0,
    0, 0, 0, 0, 0, 0, 0, 0,
    0, 0, 0, 0, 0, 0, 0, 0,
    0, 0, 0, 0, 0, 0, 0, 0,
    1, 0, 0, 0, 0, 0, 0, 0,
    0, 0, -27, 0, -12, 0, -17, 0,
    0, -4, 0, 2, 0, 0, 0, -7,
    1, -8, 0, -6, 0, 0, 0, 0,
    0, 0, 0, 0, 0, 0, 0, 0,
    0, 0, 0, 0, 0, 0, 0, 0,
    0, -2, -12, 0, 0, 0, 0, -7,
    -1, 0, 0, -37, 0, -17, -17, -36,
    0, 0, -2, 0, -7, -1, 0, 0,
    -4, 0, -9, -12, -14, 0, 0, -3,
    0, 0, 0, 0, 0, 0, 0, 0,
    0, 0, 0, 0, 0, 0, 0, 0,
    0, 0, -1, 0, 0, 0, 0, 0,
    0, 0, 0, 0, -37, 0, 0, 0,
    -37, 0, 0, 0, 0, -23, 0, 0,
    0, 0, 0, -9, 0, -12, 0, 0,
    -8, 0, 0, 0, 0, 0, 0, 0,
    0, 0, 0, 0, 0, 0, 0, 0,
    0, 0, 0, -11, 0, 0, 0, 0,
    0, 0, 0, 0, 0, 0, 0, 0,
    0, 0, 0, 0, 0, 0, 0, 0,
    0, 0, 0, 2, 0, 0, 0, 0,
    0, -14, 0, 0, 0, 0, 0, 0,
    0, 0, 0, 0, 0, 0, 0, 0,
    0, 0, 0, 0, -7, 0, 0, 0,
    0, 0, 0, 0, 1, 0, 0, 0,
    0, 0, -28, 0, 0, 0, 0, 10,
    0, 0, 0, 0, 0, 0, 0, 0,
    0, 0, 0, 0, 0, 0, 0, 0,
    0, 0, 0, 0, 0, 0, 0, 0,
    0, 0, 0, 0, 0, -1, -20, 0,
    0, 0, 0, 0, 0, 1, 0, -30,
    0, 0, 0, -32, 0, 0, 0, 0,
    -3, 0, 0, 0, -7, 0, -8, 0,
    -11, 0, 0, 0, 0, 0, 0, 0,
    0, 0, 0, 0, 0, 0, 0, 0,
    0, 0, 0, 0, 0, 0, 0, 0,
    0, 0, 0, 0, 0, 0, 1, 0,
    0, 0, 0, 0, 0, 0, 0, 0,
    0, 0, 0, 0, 0, 0, 0, 0,
    0, 0, 0, 0, 0, 0, 0, 0,
    0, 0, 0, 0, 0, 0, 0, 0,
    0, 0, 0, 0, 0, 0, 0, -7,
    0, 0, 0, 0, 0, 0, 0, 1,
    0, 0, 0, 0, 0, -13, 0, 0,
    0, 0, 10, 0, 0, 0, 0, 0,
    0, 0, 0, 0, 0, 0, 0, 0,
    0, 0, 0, 0, 0, 0, 0, 0,
    0, 0, 0, 0, 0, 0, 0, 0,
    -18, 0, 0, 0, 0, 0, -3, 0,
    0, 0, -11, 0, -8, 0, -30, 0,
    0, 0, 0, 0, 0, 0, -10, 0,
    0, 0, 0, 0, 0, 0, -11, 0,
    0, 0, 0, 0, 0, 0, 0, 0,
    0, 0, 0, 0, 0, 0, 0, 0,
    0, 0, 0, 0, 0, 0, 0, 0,
    0, 1, 0, 0, 0, 0, 0, -30,
    0, 0, 0, 0, 7, 0, 0, 0,
    0, 0, 0, 0, 0, 0, 0, 0,
    0, 0, 0, 0, 0, 0, 0, 0,
    0, 0, 0, 0, 0, 0, 0, 0,
    0, 0, -14, 0, 0, 0, 0, 0,
    0, 0, 2, -26, -17, 0, 0, 0,
    -11, 0, 0, 3, 7, 0, 0, 0,
    0, 1, 0, 1, 13, 1, 0, 0,
    -10, 7, 7, 0, 0, 0, 0, 0,
    0, 0, 0, 0, 0, 0, 0, 0,
    0, 0, 0, -3, 0, 0, 0, 0,
    0, 0, -1, 0, 0, 0, 0, 0,
    0, -35, 0, 0, 0, 0, 0, 0,
    0, -1, -4, 0, -8, 0, -10, 0,
    0, 0, 0, 0, 0, 0, 0, 0,
    -3, 0, 0, 0, 0, 0, -3, 0,
    0, 0, 0, 0, -7, 0, 0, 0,
    0, 0, 0, 0, 3, 0, 0, 0,
    0, 0, -34, 0, 0, -15, 0, 0,
    0, 0, 0, -3, 0, 0, 0, -3,
    0, 0, 0, 0, 0, 0, 0, 0,
    0, 0, 0, 0, 0, 0, 0, 0,
    0, 0, 0, 0, 0, 0, 0, 0,
    0, 0, 0, 0, 0, 1, 0, 0,
    0, 0, 0, -23, 0, 0, 0, 0,
    0, 0, 0, 0, 0, 0, 5, 0,
    0, 0, 0, 0, 0, 0, 0, 0,
    0, 0, 0, 0, 0, 0, 0, 0,
    0, 0, 0, 0, 0, 0, -9, -2,
    0, 0, 0, 0, -5, 0, 2, -20,
    0, 0, 0, 0, -24, 0, 0, 3,
    0, 0, 0, 0, -6, 6, 0, 13,
    7, 1, -10, 0, -11, 0, 0, 0,
    0, 0, 0, 0, 0, 0, 0, 0,
    0, 0, 0, 0, 0, 0, 0, -13,
    0, 0, 0, 0, 0, 0, 0, 0,
    0, -36, 0, 0, 0, -17, 0, 0,
    0, 0, 0, 0, 0, 0, 0, 0,
    0, 0, 0, 0, 0, -7, 0, 0,
    0, 0, 0, 0, 0, 0, 0, 0,
    0, 0, 0, 0, 0, 0, 0, 0,
    -14, 0, 0, 0, 0, 0, 0, 0,
    0, 0, 0, 0, 0, 0, 0, 0,
    0, 0, 0, 0, 0, 0, -6, 7,
    0, 1, 0, 0, 0, 0, 0, 0,
    0, 0, 0, 0, 0, 0, 0, 0,
    0, 0, 0, 0, 0, 0, 0, 0,
    0, -3, 0, 0, 0, 0, 0, 0,
    0, 0, 0, 0, 0, 0, 0, -23,
    0, 0, 0, 0, 10, 0, 0, 0,
    0, 0, 12, 0, 0, 0, 0, 0,
    0, 0, 0, 0, 0, 0, -3, 0,
    0, 0, 0, 0, -3, 0, 0, 0,
    0, 0, -7, 0, 0, 0, 0, 0,
    0, 0, 0, 0, 0, 0, 0, 0,
    -34, 0, 0, -15, 0, 0, 0, 0,
    0, -3, 0, 0, 0, -10, 0, 0,
    0, 0, 0, 0, 0, 0, 0, 0,
    0, 0, 0, 0, 0, 0, 0, 0,
    0, 0, 0, -1, 0, 0, 0, 0,
    0, 0, 0, 0, 0, -37, 0, 0,
    0, -37, 0, 0, 0, 0, -23, 0,
    0, 0, 0, 0, -9, 0, 0, 0,
    0, -8, 0, 0, 0, 0, 0, 0,
    0, 0, 0, 8, 0, 0, 0, 0,
    0, 0, 0, 0, 7, 0, 0, 0,
    0, 0, 0, 15, 0, 0, 0, 0,
    12, 0, 0, 0, 0, 3, 15, 0,
    0, 0, 0, 0, 0, 0, 0, 0,
    0, 0, -2, 8, 15, 0, 0, 0,
    0, 0, 0, 0, 0, 0, 0, 0,
    0, 0, 0, 0, 0, 0, 0, 0,
    0, 0, 0, 0, 0, 0, 0, 0,
    0, 0, 0, 0, 0, 0, 0, 1,
    0, 0, 0, 0, 0, 0, 0, 0,
    0, 0, 0, 0, 1, 1, 0, 29,
    0, 0, 0, 29, 15, 0, 0, 0,
    0, 3, 3, 0, 0, 0, 0, 21,
    0, 0, 0, 0, 0, 18, 16, 0,
    27, 15, 35, 26, 30, 27, 0, 0,
    22, 25, 0, 0, 0, 19, 0, 0,
    0, 0, 0, 19, 0, 22, 22, 33,
    35, 0, 27, 27, 38, 37, 28, 0,
    0, 27, 0, 0, 0, 0, 13, 7,
    0, 0, 0, 0, 42, 0, 27, 20,
    0, 20, 15, 17, 0, 0, 17, 0,
    23, 28, 0, 18, 0, 8, 23, 16,
    27, 32, 27, 32, 0, 13, 28, 28,
    0, 0, 0, 0, 0, 0, 0, 0,
    0, 0, 0, 0, 0, 0, 0, 0,
    -15, 0, 0, 0, 0, 0, 0, 0,
    0, 0, 0, 0, 0, 0, 0, 0,
    0, 0, 0, 0, 0, 0, -11, 0,
    0, 0, 0, 0, 0, 0, 0, 0,
    0
};


/*Collect the kern class' data in one place*/
static const lv_font_fmt_txt_kern_classes_t kern_classes =
{
    .class_pair_values   = kern_class_values,
    .left_class_mapping  = kern_left_class_mapping,
    .right_class_mapping = kern_right_class_mapping,
    .left_class_cnt      = 57,
    .right_class_cnt     = 49,
};

/*--------------------
 *  ALL CUSTOM DATA
 *--------------------*/

#if LVGL_VERSION_MAJOR == 8
/*Store all the custom data of the font*/
static  lv_font_fmt_txt_glyph_cache_t cache;
#endif

#if LVGL_VERSION_MAJOR >= 8
static const lv_font_fmt_txt_dsc_t font_dsc = {
#else
static lv_font_fmt_txt_dsc_t font_dsc = {
#endif
    .glyph_bitmap = glyph_bitmap,
    .glyph_dsc = glyph_dsc,
    .cmaps = cmaps,
    .kern_dsc = &kern_classes,
    .kern_scale = 16,
    .cmap_num = 5,
    .bpp = 4,
    .kern_classes = 1,
    .bitmap_format = 0,
#if LVGL_VERSION_MAJOR == 8
    .cache = &cache
#endif
};



/*-----------------
 *  PUBLIC FONT
 *----------------*/

/*Initialize a public general font descriptor*/
#if LVGL_VERSION_MAJOR >= 8
const lv_font_t font_vi_26 = {
#else
lv_font_t font_vi_26 = {
#endif
    .get_glyph_dsc = lv_font_get_glyph_dsc_fmt_txt,    /*Function pointer to get glyph's data*/
    .get_glyph_bitmap = lv_font_get_bitmap_fmt_txt,    /*Function pointer to get glyph's bitmap*/
    .line_height = 38,          /*The maximum line height required by the font*/
    .base_line = 7,             /*Baseline measured from the bottom of the line*/
#if !(LVGL_VERSION_MAJOR == 6 && LVGL_VERSION_MINOR == 0)
    .subpx = LV_FONT_SUBPX_NONE,
#endif
#if LV_VERSION_CHECK(7, 4, 0) || LVGL_VERSION_MAJOR >= 8
    .underline_position = -3,
    .underline_thickness = 1,
#endif
    .dsc = &font_dsc,          /*The custom font data. Will be accessed by `get_glyph_bitmap/dsc` */
#if LV_VERSION_CHECK(8, 2, 0) || LVGL_VERSION_MAJOR >= 9
    .fallback = NULL,
#endif
    .user_data = NULL,
};



#endif /*#if FONT_VI_26*/

