/*******************************************************************************
 * Size: 22 px
 * Bpp: 4
 * Opts: --font BeVietnamPro-SemiBold.ttf -r 0x20-0x7E,0xA0-0xFF,0x102-0x103,0x110-0x111,0x128-0x129,0x168-0x169,0x1A0-0x1A1,0x1AF-0x1B0,0x1EA0-0x1EF9,0x2013-0x2014,0x2018-0x201D,0x2026 --size 22 --bpp 4 --format lvgl --no-compress --lv-include lvgl.h --lv-font-name font_vi_22 -o ../firmware/main/font_vi_22.c
 ******************************************************************************/

#ifdef LV_LVGL_H_INCLUDE_SIMPLE
#include "lvgl.h"
#else
#include "lvgl.h"
#endif

#ifndef FONT_VI_22
#define FONT_VI_22 1
#endif

#if FONT_VI_22

/*-----------------
 *    BITMAPS
 *----------------*/

/*Store the image of the glyphs*/
static LV_ATTRIBUTE_LARGE_CONST const uint8_t glyph_bitmap[] = {
    /* U+0020 " " */

    /* U+0021 "!" */
    0xf, 0xff, 0x0, 0xff, 0xf0, 0xf, 0xff, 0x0,
    0xff, 0xf0, 0xe, 0xff, 0x0, 0xef, 0xe0, 0xe,
    0xfe, 0x0, 0xdf, 0xd0, 0xd, 0xfd, 0x0, 0xcf,
    0xc0, 0xc, 0xfc, 0x0, 0x9c, 0x90, 0x0, 0x40,
    0x0, 0xdf, 0xd0, 0x1f, 0xff, 0x10, 0x9f, 0x90,

    /* U+0022 "\"" */
    0x7f, 0xe0, 0xff, 0x78, 0xfb, 0xf, 0xf3, 0x9f,
    0x81, 0xff, 0xa, 0xf4, 0x2f, 0xc0, 0x9d, 0x12,
    0xd8, 0x0,

    /* U+0023 "#" */
    0x0, 0x0, 0x6, 0xff, 0x10, 0xb, 0xfc, 0x0,
    0x0, 0x0, 0x0, 0x9f, 0xd0, 0x0, 0xff, 0x80,
    0x0, 0x0, 0x0, 0xd, 0xfa, 0x0, 0x3f, 0xf4,
    0x0, 0x0, 0x28, 0x88, 0xff, 0xb8, 0x8b, 0xff,
    0x98, 0x81, 0x7, 0xff, 0xff, 0xff, 0xff, 0xff,
    0xff, 0xff, 0x10, 0xaf, 0xff, 0xff, 0xff, 0xff,
    0xff, 0xff, 0xd0, 0x0, 0x0, 0xaf, 0xc0, 0x0,
    0xff, 0x70, 0x0, 0x0, 0x0, 0xd, 0xf9, 0x0,
    0x3f, 0xf4, 0x0, 0x0, 0x0, 0x0, 0xff, 0x70,
    0x6, 0xff, 0x10, 0x0, 0x4, 0x88, 0x9f, 0xfa,
    0x88, 0xcf, 0xf8, 0x88, 0x0, 0xaf, 0xff, 0xff,
    0xff, 0xff, 0xff, 0xff, 0xd0, 0xd, 0xff, 0xff,
    0xff, 0xff, 0xff, 0xff, 0xfa, 0x0, 0x0, 0xd,
    0xfa, 0x0, 0x2f, 0xf5, 0x0, 0x0, 0x0, 0x0,
    0xff, 0x70, 0x6, 0xff, 0x10, 0x0, 0x0, 0x0,
    0x3f, 0xf3, 0x0, 0x9f, 0xe0, 0x0, 0x0, 0x0,
    0x7, 0xff, 0x0, 0xc, 0xfb, 0x0, 0x0, 0x0,

    /* U+0024 "$" */
    0x0, 0x0, 0x0, 0x6c, 0x20, 0x0, 0x0, 0x0,
    0x0, 0x0, 0x8f, 0x30, 0x0, 0x0, 0x0, 0x0,
    0x49, 0xef, 0xc8, 0x10, 0x0, 0x0, 0x1c, 0xff,
    0xff, 0xff, 0xf5, 0x0, 0x0, 0xcf, 0xfd, 0xcf,
    0xdf, 0xff, 0x40, 0x4, 0xff, 0xb0, 0x8f, 0x35,
    0xff, 0xc0, 0x8, 0xff, 0x40, 0x8f, 0x30, 0xcf,
    0xf1, 0x7, 0xff, 0x60, 0x8f, 0x30, 0x1, 0x10,
    0x4, 0xff, 0xf7, 0x9f, 0x30, 0x0, 0x0, 0x0,
    0xaf, 0xff, 0xff, 0xa5, 0x0, 0x0, 0x0, 0x7,
    0xef, 0xff, 0xff, 0xe7, 0x0, 0x0, 0x0, 0x4,
    0xcf, 0xff, 0xff, 0x90, 0x0, 0x0, 0x0, 0x8f,
    0x47, 0xff, 0xf1, 0x5, 0x54, 0x0, 0x8f, 0x30,
    0x9f, 0xf5, 0xe, 0xff, 0x10, 0x8f, 0x30, 0x7f,
    0xf5, 0x9, 0xff, 0x90, 0x8f, 0x31, 0xdf, 0xf2,
    0x2, 0xff, 0xfc, 0xcf, 0xae, 0xff, 0xa0, 0x0,
    0x5f, 0xff, 0xff, 0xff, 0xfb, 0x0, 0x0, 0x2,
    0x9d, 0xff, 0xfc, 0x50, 0x0, 0x0, 0x0, 0x0,
    0x8f, 0x30, 0x0, 0x0, 0x0, 0x0, 0x0, 0x8f,
    0x30, 0x0, 0x0,

    /* U+0025 "%" */
    0x5, 0xcf, 0xea, 0x10, 0x0, 0x8, 0xfe, 0x0,
    0x5, 0xff, 0xef, 0xfd, 0x0, 0x2, 0xff, 0x50,
    0x0, 0xbf, 0x60, 0xc, 0xf4, 0x0, 0xaf, 0xc0,
    0x0, 0xb, 0xf8, 0x2, 0xdf, 0x40, 0x3f, 0xf3,
    0x0, 0x0, 0x4f, 0xff, 0xff, 0xc0, 0xc, 0xfa,
    0x0, 0x0, 0x0, 0x3a, 0xdc, 0x80, 0x5, 0xff,
    0x20, 0x0, 0x0, 0x0, 0x0, 0x0, 0x0, 0xdf,
    0x90, 0x0, 0x0, 0x0, 0x0, 0x0, 0x0, 0x7f,
    0xe1, 0x0, 0x0, 0x0, 0x0, 0x0, 0x0, 0x1e,
    0xf7, 0x0, 0x0, 0x0, 0x0, 0x0, 0x0, 0x9,
    0xfd, 0x0, 0x7c, 0xda, 0x20, 0x0, 0x0, 0x2,
    0xff, 0x50, 0xbf, 0xff, 0xff, 0x20, 0x0, 0x0,
    0xaf, 0xc0, 0x3f, 0xf3, 0x1b, 0xf9, 0x0, 0x0,
    0x3f, 0xf3, 0x5, 0xfa, 0x0, 0x4f, 0xc0, 0x0,
    0xc, 0xfa, 0x0, 0x3f, 0xd0, 0x6, 0xfa, 0x0,
    0x5, 0xff, 0x10, 0x0, 0xcf, 0xdb, 0xff, 0x30,
    0x0, 0xef, 0x80, 0x0, 0x1, 0x9e, 0xfc, 0x40,

    /* U+0026 "&" */
    0x0, 0x5, 0xcf, 0xfb, 0x40, 0x0, 0x0, 0x0,
    0x8, 0xff, 0xff, 0xff, 0x60, 0x0, 0x0, 0x1,
    0xff, 0xb2, 0x3d, 0xfe, 0x0, 0x0, 0x0, 0x3f,
    0xf4, 0x0, 0x6f, 0xf0, 0x0, 0x0, 0x1, 0xff,
    0x80, 0xb, 0xfc, 0x0, 0x0, 0x0, 0xb, 0xff,
    0x7b, 0xff, 0x30, 0x0, 0x0, 0x0, 0x1f, 0xff,
    0xfd, 0x30, 0x5, 0x51, 0x0, 0x1a, 0xff, 0xff,
    0x50, 0x1, 0xff, 0x40, 0xc, 0xff, 0x9f, 0xff,
    0x30, 0x2f, 0xf3, 0x7, 0xff, 0x60, 0x5f, 0xff,
    0x36, 0xff, 0x0, 0xbf, 0xe0, 0x0, 0x6f, 0xfe,
    0xcf, 0xd0, 0xd, 0xfe, 0x0, 0x0, 0x8f, 0xff,
    0xf7, 0x0, 0xaf, 0xf6, 0x0, 0x0, 0xaf, 0xff,
    0x20, 0x3, 0xff, 0xfa, 0x66, 0x9f, 0xff, 0xfb,
    0x0, 0x6, 0xff, 0xff, 0xff, 0xff, 0xef, 0xf9,
    0x0, 0x2, 0x9d, 0xff, 0xd9, 0x22, 0xff, 0xf7,

    /* U+0027 "'" */
    0x7f, 0xe0, 0x8f, 0xb0, 0x9f, 0x80, 0xaf, 0x40,
    0x9d, 0x10,

    /* U+0028 "(" */
    0x0, 0x0, 0x0, 0x2, 0x50, 0x0, 0x0, 0x2b,
    0xff, 0x0, 0x0, 0x4f, 0xff, 0xf0, 0x0, 0x3f,
    0xff, 0xd5, 0x0, 0xe, 0xff, 0xa0, 0x0, 0x7,
    0xff, 0xd0, 0x0, 0x0, 0xef, 0xf3, 0x0, 0x0,
    0x4f, 0xfc, 0x0, 0x0, 0x9, 0xff, 0x70, 0x0,
    0x0, 0xcf, 0xf3, 0x0, 0x0, 0xe, 0xff, 0x10,
    0x0, 0x0, 0xff, 0xf0, 0x0, 0x0, 0xf, 0xff,
    0x0, 0x0, 0x0, 0xef, 0xf0, 0x0, 0x0, 0xd,
    0xff, 0x20, 0x0, 0x0, 0xaf, 0xf6, 0x0, 0x0,
    0x6, 0xff, 0xa0, 0x0, 0x0, 0x1f, 0xff, 0x10,
    0x0, 0x0, 0xaf, 0xfa, 0x0, 0x0, 0x2, 0xff,
    0xf6, 0x0, 0x0, 0x7, 0xff, 0xf8, 0x10, 0x0,
    0x9, 0xff, 0xff, 0x0, 0x0, 0x7, 0xff, 0xf0,
    0x0, 0x0, 0x1, 0x7a,

    /* U+0029 ")" */
    0x15, 0x10, 0x0, 0x0, 0x2, 0xff, 0xa1, 0x0,
    0x0, 0x2f, 0xff, 0xe3, 0x0, 0x0, 0x6e, 0xff,
    0xf2, 0x0, 0x0, 0xc, 0xff, 0xc0, 0x0, 0x0,
    0x1e, 0xff, 0x50, 0x0, 0x0, 0x6f, 0xfd, 0x0,
    0x0, 0x0, 0xef, 0xf2, 0x0, 0x0, 0x9, 0xff,
    0x70, 0x0, 0x0, 0x5f, 0xfa, 0x0, 0x0, 0x3,
    0xff, 0xc0, 0x0, 0x0, 0x1f, 0xfd, 0x0, 0x0,
    0x1, 0xff, 0xd0, 0x0, 0x0, 0x2f, 0xfc, 0x0,
    0x0, 0x4, 0xff, 0xb0, 0x0, 0x0, 0x8f, 0xf8,
    0x0, 0x0, 0xd, 0xff, 0x40, 0x0, 0x3, 0xff,
    0xe0, 0x0, 0x0, 0xcf, 0xf8, 0x0, 0x0, 0x8f,
    0xff, 0x10, 0x1, 0x9f, 0xff, 0x50, 0x1, 0xff,
    0xff, 0x70, 0x0, 0x2f, 0xfe, 0x50, 0x0, 0x1,
    0xa6, 0x0, 0x0, 0x0,

    /* U+002A "*" */
    0x0, 0x0, 0x7f, 0xa0, 0x0, 0x0, 0x0, 0x7,
    0xf9, 0x0, 0x0, 0x7, 0x72, 0x7f, 0x91, 0x68,
    0x0, 0xef, 0xfe, 0xfe, 0xff, 0xf1, 0x7, 0xcf,
    0xff, 0xff, 0xc7, 0x10, 0x0, 0x5f, 0xff, 0x80,
    0x0, 0x0, 0x1e, 0xfc, 0xff, 0x30, 0x0, 0xb,
    0xfc, 0xa, 0xfd, 0x0, 0x0, 0x2c, 0x20, 0x1c,
    0x40, 0x0, 0x0, 0x0, 0x0, 0x0, 0x0,

    /* U+002B "+" */
    0x0, 0x2, 0xff, 0x30, 0x0, 0x0, 0x2, 0xff,
    0x30, 0x0, 0x0, 0x2, 0xff, 0x30, 0x0, 0x6f,
    0xff, 0xff, 0xff, 0xf7, 0x6f, 0xff, 0xff, 0xff,
    0xf7, 0x26, 0x67, 0xff, 0x76, 0x62, 0x0, 0x2,
    0xff, 0x30, 0x0, 0x0, 0x2, 0xff, 0x30, 0x0,
    0x0, 0x2, 0xff, 0x20, 0x0,

    /* U+002C "," */
    0x0, 0x53, 0x0, 0xcf, 0xf4, 0xf, 0xff, 0x70,
    0x7f, 0xf3, 0x0, 0xbb, 0x0, 0x5f, 0x20, 0xe,
    0x60, 0x0,

    /* U+002D "-" */
    0x26, 0x66, 0x66, 0x66, 0x46, 0xff, 0xff, 0xff,
    0xfc, 0x6f, 0xff, 0xff, 0xff, 0xc0,

    /* U+002E "." */
    0x2, 0x62, 0x1, 0xef, 0xf1, 0x2f, 0xff, 0x20,
    0x9f, 0x90,

    /* U+002F "/" */
    0x0, 0x0, 0x0, 0x0, 0xbf, 0xe0, 0x0, 0x0,
    0x0, 0x1, 0xff, 0x90, 0x0, 0x0, 0x0, 0x6,
    0xff, 0x30, 0x0, 0x0, 0x0, 0xc, 0xfe, 0x0,
    0x0, 0x0, 0x0, 0x1f, 0xf8, 0x0, 0x0, 0x0,
    0x0, 0x7f, 0xf3, 0x0, 0x0, 0x0, 0x0, 0xcf,
    0xd0, 0x0, 0x0, 0x0, 0x2, 0xff, 0x70, 0x0,
    0x0, 0x0, 0x8, 0xff, 0x20, 0x0, 0x0, 0x0,
    0xd, 0xfc, 0x0, 0x0, 0x0, 0x0, 0x3f, 0xf7,
    0x0, 0x0, 0x0, 0x0, 0x8f, 0xf1, 0x0, 0x0,
    0x0, 0x0, 0xef, 0xc0, 0x0, 0x0, 0x0, 0x3,
    0xff, 0x60, 0x0, 0x0, 0x0, 0x9, 0xff, 0x10,
    0x0, 0x0, 0x0, 0xe, 0xfb, 0x0, 0x0, 0x0,
    0x0, 0x4f, 0xf5, 0x0, 0x0, 0x0, 0x0, 0xaf,
    0xf0, 0x0, 0x0, 0x0, 0x0, 0xff, 0xa0, 0x0,
    0x0, 0x0, 0x5, 0xff, 0x50, 0x0, 0x0, 0x0,
    0xa, 0xff, 0x0, 0x0, 0x0, 0x0, 0xf, 0xfa,
    0x0, 0x0, 0x0, 0x0,

    /* U+0030 "0" */
    0x0, 0x0, 0x29, 0xef, 0xeb, 0x40, 0x0, 0x0,
    0x0, 0x7f, 0xff, 0xff, 0xff, 0xa0, 0x0, 0x0,
    0x5f, 0xff, 0xec, 0xef, 0xff, 0x90, 0x0, 0xe,
    0xff, 0x90, 0x0, 0x6f, 0xff, 0x30, 0x6, 0xff,
    0xc0, 0x0, 0x0, 0x9f, 0xf9, 0x0, 0xbf, 0xf6,
    0x0, 0x0, 0x2, 0xff, 0xe0, 0xe, 0xff, 0x20,
    0x0, 0x0, 0xf, 0xff, 0x10, 0xff, 0xf1, 0x0,
    0x0, 0x0, 0xdf, 0xf3, 0xf, 0xff, 0x10, 0x0,
    0x0, 0xd, 0xff, 0x30, 0xef, 0xf2, 0x0, 0x0,
    0x0, 0xff, 0xf1, 0xb, 0xff, 0x60, 0x0, 0x0,
    0x2f, 0xfe, 0x0, 0x6f, 0xfc, 0x0, 0x0, 0x9,
    0xff, 0xa0, 0x0, 0xef, 0xf9, 0x0, 0x6, 0xff,
    0xf3, 0x0, 0x5, 0xff, 0xfe, 0xbd, 0xff, 0xf9,
    0x0, 0x0, 0x7, 0xff, 0xff, 0xff, 0xfa, 0x0,
    0x0, 0x0, 0x3, 0xae, 0xfe, 0xb4, 0x0, 0x0,

    /* U+0031 "1" */
    0x0, 0x0, 0x4f, 0xf0, 0x1, 0x8f, 0xff, 0xb,
    0xff, 0xff, 0xf1, 0xff, 0xff, 0xff, 0x3, 0x33,
    0xff, 0xf0, 0x0, 0xf, 0xff, 0x0, 0x0, 0xff,
    0xf0, 0x0, 0xf, 0xff, 0x0, 0x0, 0xff, 0xf0,
    0x0, 0xf, 0xff, 0x0, 0x0, 0xff, 0xf0, 0x0,
    0xf, 0xff, 0x0, 0x0, 0xff, 0xf0, 0x0, 0xf,
    0xff, 0x0, 0x0, 0xff, 0xf0, 0x0, 0xf, 0xff,

    /* U+0032 "2" */
    0x0, 0x6, 0xcf, 0xfd, 0x92, 0x0, 0x0, 0xc,
    0xff, 0xff, 0xff, 0xf5, 0x0, 0x9, 0xff, 0xfb,
    0xae, 0xff, 0xf3, 0x2, 0xff, 0xe2, 0x0, 0xc,
    0xff, 0xa0, 0x7f, 0xf7, 0x0, 0x0, 0x3f, 0xfd,
    0x5, 0x88, 0x20, 0x0, 0x2, 0xff, 0xc0, 0x0,
    0x0, 0x0, 0x0, 0x6f, 0xf9, 0x0, 0x0, 0x0,
    0x0, 0x2e, 0xff, 0x20, 0x0, 0x0, 0x0, 0x2e,
    0xff, 0x60, 0x0, 0x0, 0x0, 0x4f, 0xff, 0x70,
    0x0, 0x0, 0x0, 0x7f, 0xff, 0x50, 0x0, 0x0,
    0x0, 0xaf, 0xfe, 0x30, 0x0, 0x0, 0x1, 0xcf,
    0xfc, 0x10, 0x0, 0x0, 0x2, 0xdf, 0xff, 0xaa,
    0xaa, 0xaa, 0xa1, 0x8f, 0xff, 0xff, 0xff, 0xff,
    0xff, 0x28, 0xff, 0xff, 0xff, 0xff, 0xff, 0xf2,

    /* U+0033 "3" */
    0x0, 0x6, 0xce, 0xfe, 0xa5, 0x0, 0x0, 0xc,
    0xff, 0xff, 0xff, 0xfb, 0x0, 0xa, 0xff, 0xe9,
    0x8a, 0xff, 0xf9, 0x1, 0xff, 0xd1, 0x0, 0x3,
    0xff, 0xf0, 0x2a, 0xa5, 0x0, 0x0, 0xf, 0xff,
    0x0, 0x0, 0x0, 0x0, 0x29, 0xff, 0x80, 0x0,
    0x0, 0x9f, 0xff, 0xff, 0x90, 0x0, 0x0, 0x9,
    0xff, 0xff, 0xd4, 0x0, 0x0, 0x0, 0x35, 0x57,
    0xef, 0xf6, 0x0, 0x0, 0x0, 0x0, 0x1, 0xff,
    0xf1, 0x35, 0x51, 0x0, 0x0, 0xb, 0xff, 0x47,
    0xff, 0x50, 0x0, 0x0, 0xcf, 0xf4, 0x3f, 0xfd,
    0x10, 0x0, 0x5f, 0xff, 0x10, 0xbf, 0xfe, 0x98,
    0xbf, 0xff, 0x90, 0x1, 0xcf, 0xff, 0xff, 0xff,
    0xa0, 0x0, 0x0, 0x6c, 0xef, 0xea, 0x40, 0x0,

    /* U+0034 "4" */
    0x0, 0x0, 0x0, 0x2f, 0xff, 0xe0, 0x0, 0x0,
    0x0, 0x0, 0xdf, 0xff, 0xe0, 0x0, 0x0, 0x0,
    0x9, 0xff, 0xff, 0xe0, 0x0, 0x0, 0x0, 0x5f,
    0xfc, 0xff, 0xe0, 0x0, 0x0, 0x1, 0xef, 0xe2,
    0xff, 0xe0, 0x0, 0x0, 0xc, 0xff, 0x41, 0xff,
    0xe0, 0x0, 0x0, 0x8f, 0xf8, 0x1, 0xff, 0xe0,
    0x0, 0x3, 0xff, 0xc0, 0x1, 0xff, 0xe0, 0x0,
    0x1e, 0xff, 0x20, 0x1, 0xff, 0xe0, 0x0, 0xaf,
    0xf5, 0x0, 0x1, 0xff, 0xe0, 0x0, 0xff, 0xff,
    0xff, 0xff, 0xff, 0xff, 0xf8, 0xff, 0xff, 0xff,
    0xff, 0xff, 0xff, 0xf8, 0x88, 0x88, 0x88, 0x89,
    0xff, 0xf8, 0x84, 0x0, 0x0, 0x0, 0x1, 0xff,
    0xe0, 0x0, 0x0, 0x0, 0x0, 0x1, 0xff, 0xe0,
    0x0, 0x0, 0x0, 0x0, 0x1, 0xff, 0xe0, 0x0,

    /* U+0035 "5" */
    0x0, 0xff, 0xff, 0xff, 0xff, 0xf6, 0x0, 0x2f,
    0xff, 0xff, 0xff, 0xff, 0x60, 0x5, 0xff, 0xaa,
    0xaa, 0xaa, 0xa4, 0x0, 0x7f, 0xf0, 0x0, 0x0,
    0x0, 0x0, 0xa, 0xfd, 0x2, 0x44, 0x20, 0x0,
    0x0, 0xcf, 0xba, 0xff, 0xff, 0xc2, 0x0, 0xf,
    0xff, 0xff, 0xff, 0xff, 0xf2, 0x1, 0xff, 0xfa,
    0x20, 0x3c, 0xff, 0xc0, 0x3b, 0xb9, 0x0, 0x0,
    0xe, 0xff, 0x30, 0x0, 0x0, 0x0, 0x0, 0x8f,
    0xf6, 0x23, 0x30, 0x0, 0x0, 0x7, 0xff, 0x78,
    0xff, 0x50, 0x0, 0x0, 0xaf, 0xf5, 0x2f, 0xfd,
    0x10, 0x0, 0x4f, 0xff, 0x10, 0xaf, 0xfe, 0x98,
    0xaf, 0xff, 0x70, 0x0, 0xcf, 0xff, 0xff, 0xff,
    0x90, 0x0, 0x0, 0x6c, 0xef, 0xea, 0x40, 0x0,

    /* U+0036 "6" */
    0x0, 0x0, 0x5, 0xae, 0xff, 0xe5, 0x0, 0x0,
    0x3d, 0xff, 0xff, 0xff, 0x70, 0x0, 0x3f, 0xff,
    0xfd, 0xbb, 0xc6, 0x0, 0x1e, 0xff, 0xb2, 0x0,
    0x0, 0x0, 0x8, 0xff, 0x90, 0x0, 0x0, 0x0,
    0x0, 0xff, 0xe2, 0xae, 0xfe, 0xa2, 0x0, 0x4f,
    0xfc, 0xef, 0xff, 0xff, 0xf4, 0x7, 0xff, 0xff,
    0xb6, 0x7d, 0xff, 0xe1, 0x8f, 0xff, 0x80, 0x0,
    0xc, 0xff, 0x78, 0xff, 0xf0, 0x0, 0x0, 0x4f,
    0xfb, 0x6f, 0xfe, 0x0, 0x0, 0x2, 0xff, 0xc3,
    0xff, 0xf0, 0x0, 0x0, 0x4f, 0xfa, 0xc, 0xff,
    0xa0, 0x0, 0x1d, 0xff, 0x60, 0x3f, 0xff, 0xd9,
    0x9e, 0xff, 0xd0, 0x0, 0x5f, 0xff, 0xff, 0xff,
    0xd2, 0x0, 0x0, 0x29, 0xdf, 0xfc, 0x70, 0x0,

    /* U+0037 "7" */
    0x1f, 0xff, 0xff, 0xff, 0xff, 0xff, 0x81, 0xff,
    0xff, 0xff, 0xff, 0xff, 0xf8, 0xa, 0xaa, 0xaa,
    0xaa, 0xaf, 0xff, 0x40, 0x0, 0x0, 0x0, 0x7,
    0xff, 0x60, 0x0, 0x0, 0x0, 0x3, 0xff, 0xa0,
    0x0, 0x0, 0x0, 0x0, 0xdf, 0xe1, 0x0, 0x0,
    0x0, 0x0, 0x8f, 0xf6, 0x0, 0x0, 0x0, 0x0,
    0x1f, 0xfd, 0x0, 0x0, 0x0, 0x0, 0x8, 0xff,
    0x60, 0x0, 0x0, 0x0, 0x0, 0xff, 0xe0, 0x0,
    0x0, 0x0, 0x0, 0x5f, 0xf9, 0x0, 0x0, 0x0,
    0x0, 0xa, 0xff, 0x40, 0x0, 0x0, 0x0, 0x0,
    0xef, 0xf0, 0x0, 0x0, 0x0, 0x0, 0x2f, 0xfd,
    0x0, 0x0, 0x0, 0x0, 0x4, 0xff, 0xb0, 0x0,
    0x0, 0x0, 0x0, 0x5f, 0xf9, 0x0, 0x0, 0x0,

    /* U+0038 "8" */
    0x0, 0x17, 0xce, 0xfe, 0xa3, 0x0, 0x0, 0x3e,
    0xff, 0xff, 0xff, 0xf8, 0x0, 0xe, 0xff, 0xb6,
    0x58, 0xff, 0xf4, 0x4, 0xff, 0xb0, 0x0, 0x4,
    0xff, 0xa0, 0x5f, 0xf9, 0x0, 0x0, 0x2f, 0xfb,
    0x2, 0xff, 0xf6, 0x10, 0x3c, 0xff, 0x80, 0x7,
    0xff, 0xff, 0xff, 0xff, 0xd1, 0x0, 0x5, 0xff,
    0xff, 0xff, 0xb0, 0x0, 0x5, 0xff, 0xa4, 0x47,
    0xef, 0xb0, 0x3, 0xff, 0x80, 0x0, 0x2, 0xff,
    0xa0, 0xaf, 0xf1, 0x0, 0x0, 0xb, 0xff, 0x1b,
    0xff, 0x20, 0x0, 0x0, 0xcf, 0xf2, 0x9f, 0xfa,
    0x0, 0x0, 0x4f, 0xff, 0x3, 0xff, 0xfc, 0x76,
    0x9f, 0xff, 0x90, 0x5, 0xff, 0xff, 0xff, 0xff,
    0xb0, 0x0, 0x1, 0x8d, 0xff, 0xea, 0x40, 0x0,

    /* U+0039 "9" */
    0x0, 0x6, 0xce, 0xfe, 0xa4, 0x0, 0x0, 0x1c,
    0xff, 0xff, 0xff, 0xf9, 0x0, 0xb, 0xff, 0xfa,
    0x8b, 0xff, 0xf7, 0x3, 0xff, 0xe2, 0x0, 0x5,
    0xff, 0xf1, 0x7f, 0xf7, 0x0, 0x0, 0xb, 0xff,
    0x68, 0xff, 0x60, 0x0, 0x0, 0xaf, 0xfa, 0x6f,
    0xfa, 0x0, 0x0, 0xe, 0xff, 0xc1, 0xff, 0xf9,
    0x20, 0x3c, 0xff, 0xfc, 0x6, 0xff, 0xff, 0xff,
    0xfd, 0xff, 0xb0, 0x6, 0xef, 0xff, 0xf9, 0x8f,
    0xf8, 0x0, 0x0, 0x35, 0x41, 0xe, 0xff, 0x30,
    0x0, 0x0, 0x0, 0x9, 0xff, 0xc0, 0x0, 0x0,
    0x0, 0x1a, 0xff, 0xf3, 0x0, 0x2d, 0xbb, 0xdf,
    0xff, 0xf7, 0x0, 0x3, 0xff, 0xff, 0xff, 0xf5,
    0x0, 0x0, 0x2d, 0xff, 0xeb, 0x71, 0x0, 0x0,

    /* U+003A ":" */
    0x9, 0xf9, 0x2, 0xff, 0xf2, 0x1f, 0xff, 0x10,
    0x27, 0x20, 0x0, 0x0, 0x0, 0x0, 0x0, 0x0,
    0x0, 0x0, 0x0, 0x0, 0x2, 0x62, 0x1, 0xef,
    0xf1, 0x2f, 0xff, 0x20, 0x9f, 0x90,

    /* U+003B ";" */
    0x7, 0xfb, 0x0, 0xff, 0xf5, 0xd, 0xff, 0x20,
    0x16, 0x30, 0x0, 0x0, 0x0, 0x0, 0x0, 0x0,
    0x0, 0x0, 0x0, 0x0, 0x0, 0x63, 0x0, 0xcf,
    0xf4, 0xf, 0xff, 0x70, 0x7f, 0xf3, 0x0, 0xbb,
    0x0, 0x5f, 0x20, 0xe, 0x60, 0x0,

    /* U+003C "<" */
    0x0, 0x0, 0x0, 0x0, 0x4, 0x0, 0x0, 0x0,
    0x17, 0xed, 0x0, 0x0, 0x29, 0xff, 0xfd, 0x0,
    0x3a, 0xff, 0xfe, 0x81, 0x2c, 0xff, 0xfd, 0x60,
    0x0, 0x5f, 0xff, 0x80, 0x0, 0x0, 0x2c, 0xff,
    0xfd, 0x60, 0x0, 0x0, 0x3a, 0xff, 0xfe, 0x81,
    0x0, 0x0, 0x29, 0xff, 0xfd, 0x0, 0x0, 0x0,
    0x17, 0xed, 0x0, 0x0, 0x0, 0x0, 0x4,

    /* U+003D "=" */
    0x37, 0x77, 0x77, 0x77, 0x77, 0x75, 0x6f, 0xff,
    0xff, 0xff, 0xff, 0xfc, 0x6f, 0xff, 0xff, 0xff,
    0xff, 0xfc, 0x0, 0x0, 0x0, 0x0, 0x0, 0x0,
    0x0, 0x0, 0x0, 0x0, 0x0, 0x0, 0x37, 0x77,
    0x77, 0x77, 0x77, 0x75, 0x6f, 0xff, 0xff, 0xff,
    0xff, 0xfc, 0x6f, 0xff, 0xff, 0xff, 0xff, 0xfc,

    /* U+003E ">" */
    0x22, 0x0, 0x0, 0x0, 0x0, 0x5f, 0xb4, 0x0,
    0x0, 0x0, 0x5f, 0xff, 0xc5, 0x0, 0x0, 0x5,
    0xbf, 0xff, 0xe7, 0x0, 0x0, 0x2, 0x9f, 0xff,
    0xe7, 0x0, 0x0, 0x2, 0xdf, 0xfd, 0x0, 0x2,
    0x9f, 0xff, 0xe7, 0x5, 0xbf, 0xff, 0xe7, 0x0,
    0x5f, 0xff, 0xc5, 0x0, 0x0, 0x5f, 0xb4, 0x0,
    0x0, 0x0, 0x22, 0x0, 0x0, 0x0, 0x0,

    /* U+003F "?" */
    0x0, 0x29, 0xdf, 0xeb, 0x60, 0x0, 0x5, 0xff,
    0xff, 0xff, 0xfc, 0x0, 0x2f, 0xff, 0xda, 0xcf,
    0xff, 0x90, 0x9f, 0xf9, 0x0, 0x5, 0xff, 0xf0,
    0xcf, 0xf1, 0x0, 0x0, 0xef, 0xf2, 0x23, 0x30,
    0x0, 0x1, 0xff, 0xf0, 0x0, 0x0, 0x0, 0x1c,
    0xff, 0x80, 0x0, 0x0, 0x2, 0xdf, 0xfb, 0x0,
    0x0, 0x0, 0x2e, 0xff, 0x90, 0x0, 0x0, 0x0,
    0xbf, 0xf8, 0x0, 0x0, 0x0, 0x0, 0xef, 0xf0,
    0x0, 0x0, 0x0, 0x0, 0x44, 0x40, 0x0, 0x0,
    0x0, 0x0, 0x4, 0x10, 0x0, 0x0, 0x0, 0x0,
    0xdf, 0xd0, 0x0, 0x0, 0x0, 0x0, 0xff, 0xf2,
    0x0, 0x0, 0x0, 0x0, 0x9f, 0x90, 0x0, 0x0,

    /* U+0040 "@" */
    0x0, 0x0, 0x0, 0x16, 0xad, 0xef, 0xec, 0x83,
    0x0, 0x0, 0x0, 0x0, 0x0, 0x7, 0xff, 0xff,
    0xff, 0xff, 0xff, 0xc3, 0x0, 0x0, 0x0, 0x1,
    0xcf, 0xff, 0xa6, 0x43, 0x47, 0xcf, 0xff, 0x70,
    0x0, 0x0, 0xc, 0xff, 0xa1, 0x0, 0x0, 0x0,
    0x3, 0xcf, 0xf6, 0x0, 0x0, 0x8f, 0xf7, 0x1,
    0x9e, 0xfc, 0x3c, 0xfb, 0xb, 0xff, 0x20, 0x1,
    0xff, 0xa0, 0xc, 0xff, 0xff, 0xfe, 0xfb, 0x1,
    0xef, 0xa0, 0x7, 0xff, 0x20, 0x6f, 0xfc, 0x33,
    0xdf, 0xfb, 0x0, 0x7f, 0xf0, 0xc, 0xfc, 0x0,
    0xbf, 0xf1, 0x0, 0x2f, 0xfb, 0x0, 0x2f, 0xf2,
    0xe, 0xf8, 0x0, 0xdf, 0xc0, 0x0, 0xe, 0xfb,
    0x0, 0x1f, 0xf4, 0xf, 0xf7, 0x0, 0xdf, 0xc0,
    0x0, 0xe, 0xfc, 0x0, 0x1f, 0xf4, 0xe, 0xf8,
    0x0, 0xaf, 0xf1, 0x0, 0x3f, 0xff, 0x0, 0x3f,
    0xf1, 0xc, 0xfb, 0x0, 0x5f, 0xfc, 0x34, 0xdf,
    0xff, 0x83, 0xcf, 0xc0, 0x8, 0xff, 0x10, 0xb,
    0xff, 0xff, 0xf6, 0xef, 0xff, 0xff, 0x30, 0x2,
    0xff, 0xa0, 0x0, 0x8e, 0xfd, 0x50, 0x2b, 0xff,
    0xb3, 0x0, 0x0, 0x9f, 0xf7, 0x0, 0x0, 0x0,
    0x0, 0x0, 0x0, 0x0, 0x0, 0x0, 0xd, 0xff,
    0xa1, 0x0, 0x0, 0x0, 0x0, 0x30, 0x0, 0x0,
    0x0, 0x1, 0xcf, 0xff, 0xb7, 0x54, 0x57, 0xbf,
    0xe0, 0x0, 0x0, 0x0, 0x0, 0x8, 0xff, 0xff,
    0xff, 0xff, 0xff, 0xf3, 0x0, 0x0, 0x0, 0x0,
    0x0, 0x16, 0xad, 0xef, 0xfd, 0xa6, 0x10, 0x0,
    0x0,

    /* U+0041 "A" */
    0x0, 0x0, 0x0, 0xcf, 0xff, 0x70, 0x0, 0x0,
    0x0, 0x0, 0x2, 0xff, 0xff, 0xc0, 0x0, 0x0,
    0x0, 0x0, 0x8, 0xff, 0xff, 0xf2, 0x0, 0x0,
    0x0, 0x0, 0xd, 0xff, 0xaf, 0xf8, 0x0, 0x0,
    0x0, 0x0, 0x3f, 0xfd, 0x2f, 0xfd, 0x0, 0x0,
    0x0, 0x0, 0x8f, 0xf7, 0xc, 0xff, 0x30, 0x0,
    0x0, 0x0, 0xef, 0xf2, 0x7, 0xff, 0x90, 0x0,
    0x0, 0x4, 0xff, 0xc0, 0x1, 0xff, 0xe0, 0x0,
    0x0, 0x9, 0xff, 0x70, 0x0, 0xcf, 0xf4, 0x0,
    0x0, 0xe, 0xff, 0x10, 0x0, 0x6f, 0xf9, 0x0,
    0x0, 0x4f, 0xff, 0xff, 0xff, 0xff, 0xff, 0x0,
    0x0, 0xaf, 0xff, 0xff, 0xff, 0xff, 0xff, 0x50,
    0x0, 0xff, 0xfa, 0xaa, 0xaa, 0xab, 0xff, 0xa0,
    0x5, 0xff, 0xc0, 0x0, 0x0, 0x1, 0xff, 0xf0,
    0xb, 0xff, 0x60, 0x0, 0x0, 0x0, 0xbf, 0xf6,
    0x1f, 0xff, 0x10, 0x0, 0x0, 0x0, 0x6f, 0xfb,

    /* U+0042 "B" */
    0x6f, 0xff, 0xff, 0xff, 0xeb, 0x50, 0x0, 0x6f,
    0xff, 0xff, 0xff, 0xff, 0xf9, 0x0, 0x6f, 0xfd,
    0x99, 0x99, 0xdf, 0xff, 0x40, 0x6f, 0xf9, 0x0,
    0x0, 0xa, 0xff, 0x80, 0x6f, 0xf9, 0x0, 0x0,
    0x5, 0xff, 0x90, 0x6f, 0xf9, 0x0, 0x0, 0x8,
    0xff, 0x50, 0x6f, 0xfb, 0x55, 0x55, 0x9f, 0xfa,
    0x0, 0x6f, 0xff, 0xff, 0xff, 0xff, 0x90, 0x0,
    0x6f, 0xff, 0xff, 0xff, 0xff, 0xfb, 0x10, 0x6f,
    0xf9, 0x0, 0x0, 0x2a, 0xff, 0xb0, 0x6f, 0xf9,
    0x0, 0x0, 0x0, 0xef, 0xf2, 0x6f, 0xf9, 0x0,
    0x0, 0x0, 0xcf, 0xf3, 0x6f, 0xf9, 0x0, 0x0,
    0x3, 0xff, 0xf2, 0x6f, 0xfd, 0x99, 0x99, 0xbf,
    0xff, 0xc0, 0x6f, 0xff, 0xff, 0xff, 0xff, 0xfe,
    0x20, 0x6f, 0xff, 0xff, 0xff, 0xfd, 0x81, 0x0,

    /* U+0043 "C" */
    0x0, 0x0, 0x4, 0xad, 0xff, 0xda, 0x40, 0x0,
    0x0, 0x0, 0x1c, 0xff, 0xff, 0xff, 0xff, 0xb0,
    0x0, 0x0, 0x1d, 0xff, 0xfe, 0xcc, 0xef, 0xff,
    0xc0, 0x0, 0xb, 0xff, 0xf5, 0x0, 0x0, 0x5f,
    0xff, 0x50, 0x4, 0xff, 0xf3, 0x0, 0x0, 0x0,
    0x5f, 0xfd, 0x0, 0xaf, 0xf9, 0x0, 0x0, 0x0,
    0x0, 0x9a, 0x90, 0xd, 0xff, 0x40, 0x0, 0x0,
    0x0, 0x0, 0x0, 0x0, 0xff, 0xf1, 0x0, 0x0,
    0x0, 0x0, 0x0, 0x0, 0xf, 0xff, 0x10, 0x0,
    0x0, 0x0, 0x0, 0x0, 0x0, 0xdf, 0xf4, 0x0,
    0x0, 0x0, 0x0, 0x0, 0x0, 0xa, 0xff, 0x90,
    0x0, 0x0, 0x0, 0x9, 0xaa, 0x0, 0x4f, 0xff,
    0x30, 0x0, 0x0, 0x5, 0xff, 0xd0, 0x0, 0xbf,
    0xff, 0x50, 0x0, 0x5, 0xff, 0xf5, 0x0, 0x1,
    0xdf, 0xff, 0xec, 0xce, 0xff, 0xfb, 0x0, 0x0,
    0x1, 0xcf, 0xff, 0xff, 0xff, 0xfb, 0x0, 0x0,
    0x0, 0x0, 0x4a, 0xdf, 0xfd, 0xa4, 0x0, 0x0,

    /* U+0044 "D" */
    0x6f, 0xff, 0xff, 0xfe, 0xc7, 0x0, 0x0, 0x6,
    0xff, 0xff, 0xff, 0xff, 0xfe, 0x40, 0x0, 0x6f,
    0xfd, 0xaa, 0xac, 0xff, 0xff, 0x50, 0x6, 0xff,
    0x90, 0x0, 0x2, 0xbf, 0xff, 0x10, 0x6f, 0xf9,
    0x0, 0x0, 0x0, 0xcf, 0xf9, 0x6, 0xff, 0x90,
    0x0, 0x0, 0x3, 0xff, 0xf0, 0x6f, 0xf9, 0x0,
    0x0, 0x0, 0xd, 0xff, 0x36, 0xff, 0x90, 0x0,
    0x0, 0x0, 0xbf, 0xf5, 0x6f, 0xf9, 0x0, 0x0,
    0x0, 0xb, 0xff, 0x56, 0xff, 0x90, 0x0, 0x0,
    0x0, 0xdf, 0xf3, 0x6f, 0xf9, 0x0, 0x0, 0x0,
    0x3f, 0xff, 0x6, 0xff, 0x90, 0x0, 0x0, 0xc,
    0xff, 0x90, 0x6f, 0xf9, 0x0, 0x0, 0x2c, 0xff,
    0xf2, 0x6, 0xff, 0xda, 0xab, 0xdf, 0xff, 0xf5,
    0x0, 0x6f, 0xff, 0xff, 0xff, 0xff, 0xe4, 0x0,
    0x6, 0xff, 0xff, 0xff, 0xec, 0x70, 0x0, 0x0,

    /* U+0045 "E" */
    0x6f, 0xff, 0xff, 0xff, 0xff, 0xf8, 0x6f, 0xff,
    0xff, 0xff, 0xff, 0xf8, 0x6f, 0xfd, 0xaa, 0xaa,
    0xaa, 0xa5, 0x6f, 0xf9, 0x0, 0x0, 0x0, 0x0,
    0x6f, 0xf9, 0x0, 0x0, 0x0, 0x0, 0x6f, 0xf9,
    0x0, 0x0, 0x0, 0x0, 0x6f, 0xfd, 0x99, 0x99,
    0x99, 0x40, 0x6f, 0xff, 0xff, 0xff, 0xff, 0x80,
    0x6f, 0xff, 0xff, 0xff, 0xff, 0x80, 0x6f, 0xf9,
    0x0, 0x0, 0x0, 0x0, 0x6f, 0xf9, 0x0, 0x0,
    0x0, 0x0, 0x6f, 0xf9, 0x0, 0x0, 0x0, 0x0,
    0x6f, 0xf9, 0x0, 0x0, 0x0, 0x0, 0x6f, 0xfd,
    0xaa, 0xaa, 0xaa, 0xa6, 0x6f, 0xff, 0xff, 0xff,
    0xff, 0xf9, 0x6f, 0xff, 0xff, 0xff, 0xff, 0xf9,

    /* U+0046 "F" */
    0x6f, 0xff, 0xff, 0xff, 0xff, 0xfb, 0x6f, 0xff,
    0xff, 0xff, 0xff, 0xfb, 0x6f, 0xfd, 0xaa, 0xaa,
    0xaa, 0xa7, 0x6f, 0xf9, 0x0, 0x0, 0x0, 0x0,
    0x6f, 0xf9, 0x0, 0x0, 0x0, 0x0, 0x6f, 0xf9,
    0x0, 0x0, 0x0, 0x0, 0x6f, 0xf9, 0x0, 0x0,
    0x0, 0x0, 0x6f, 0xff, 0xff, 0xff, 0xff, 0xc0,
    0x6f, 0xff, 0xff, 0xff, 0xff, 0xc0, 0x6f, 0xfd,
    0x99, 0x99, 0x99, 0x60, 0x6f, 0xf9, 0x0, 0x0,
    0x0, 0x0, 0x6f, 0xf9, 0x0, 0x0, 0x0, 0x0,
    0x6f, 0xf9, 0x0, 0x0, 0x0, 0x0, 0x6f, 0xf9,
    0x0, 0x0, 0x0, 0x0, 0x6f, 0xf9, 0x0, 0x0,
    0x0, 0x0, 0x6f, 0xf9, 0x0, 0x0, 0x0, 0x0,

    /* U+0047 "G" */
    0x0, 0x0, 0x4, 0x9d, 0xff, 0xeb, 0x60, 0x0,
    0x0, 0x0, 0x1b, 0xff, 0xff, 0xff, 0xff, 0xd2,
    0x0, 0x0, 0x1d, 0xff, 0xfe, 0xcb, 0xdf, 0xff,
    0xe1, 0x0, 0xb, 0xff, 0xf6, 0x0, 0x0, 0x2d,
    0xff, 0x90, 0x3, 0xff, 0xf3, 0x0, 0x0, 0x0,
    0x2f, 0xff, 0x0, 0x9f, 0xf9, 0x0, 0x0, 0x0,
    0x0, 0x22, 0x20, 0xd, 0xff, 0x30, 0x0, 0x0,
    0x0, 0x0, 0x0, 0x0, 0xff, 0xf1, 0x0, 0x0,
    0xff, 0xff, 0xff, 0xf6, 0xf, 0xff, 0x10, 0x0,
    0xf, 0xff, 0xff, 0xff, 0x50, 0xdf, 0xf4, 0x0,
    0x0, 0x66, 0x66, 0xcf, 0xf4, 0xa, 0xff, 0x90,
    0x0, 0x0, 0x0, 0xc, 0xff, 0x20, 0x4f, 0xff,
    0x40, 0x0, 0x0, 0x4, 0xff, 0xc0, 0x0, 0xbf,
    0xff, 0x60, 0x0, 0x4, 0xef, 0xf6, 0x0, 0x1,
    0xef, 0xff, 0xec, 0xbd, 0xff, 0xfa, 0x0, 0x0,
    0x1, 0xcf, 0xff, 0xff, 0xff, 0xf9, 0x0, 0x0,
    0x0, 0x0, 0x4a, 0xdf, 0xfd, 0x93, 0x0, 0x0,

    /* U+0048 "H" */
    0x6f, 0xf9, 0x0, 0x0, 0x0, 0xaf, 0xf5, 0x6f,
    0xf9, 0x0, 0x0, 0x0, 0xaf, 0xf5, 0x6f, 0xf9,
    0x0, 0x0, 0x0, 0xaf, 0xf5, 0x6f, 0xf9, 0x0,
    0x0, 0x0, 0xaf, 0xf5, 0x6f, 0xf9, 0x0, 0x0,
    0x0, 0xaf, 0xf5, 0x6f, 0xf9, 0x0, 0x0, 0x0,
    0xaf, 0xf5, 0x6f, 0xfd, 0xaa, 0xaa, 0xaa, 0xdf,
    0xf5, 0x6f, 0xff, 0xff, 0xff, 0xff, 0xff, 0xf5,
    0x6f, 0xff, 0xff, 0xff, 0xff, 0xff, 0xf5, 0x6f,
    0xf9, 0x0, 0x0, 0x0, 0xaf, 0xf5, 0x6f, 0xf9,
    0x0, 0x0, 0x0, 0xaf, 0xf5, 0x6f, 0xf9, 0x0,
    0x0, 0x0, 0xaf, 0xf5, 0x6f, 0xf9, 0x0, 0x0,
    0x0, 0xaf, 0xf5, 0x6f, 0xf9, 0x0, 0x0, 0x0,
    0xaf, 0xf5, 0x6f, 0xf9, 0x0, 0x0, 0x0, 0xaf,
    0xf5, 0x6f, 0xf9, 0x0, 0x0, 0x0, 0xaf, 0xf5,

    /* U+0049 "I" */
    0x6f, 0xf9, 0x6f, 0xf9, 0x6f, 0xf9, 0x6f, 0xf9,
    0x6f, 0xf9, 0x6f, 0xf9, 0x6f, 0xf9, 0x6f, 0xf9,
    0x6f, 0xf9, 0x6f, 0xf9, 0x6f, 0xf9, 0x6f, 0xf9,
    0x6f, 0xf9, 0x6f, 0xf9, 0x6f, 0xf9, 0x6f, 0xf9,

    /* U+004A "J" */
    0x0, 0x0, 0x0, 0xff, 0xf0, 0x0, 0x0, 0x0,
    0xff, 0xf0, 0x0, 0x0, 0x0, 0xff, 0xf0, 0x0,
    0x0, 0x0, 0xff, 0xf0, 0x0, 0x0, 0x0, 0xff,
    0xf0, 0x0, 0x0, 0x0, 0xff, 0xf0, 0x0, 0x0,
    0x0, 0xff, 0xf0, 0x0, 0x0, 0x0, 0xff, 0xf0,
    0x0, 0x0, 0x0, 0xff, 0xf0, 0x0, 0x0, 0x0,
    0xff, 0xf0, 0x0, 0x0, 0x0, 0xff, 0xf0, 0x0,
    0x0, 0x2, 0xff, 0xe0, 0x0, 0x0, 0x1b, 0xff,
    0x90, 0x1a, 0xab, 0xff, 0xff, 0x20, 0x2f, 0xff,
    0xff, 0xf6, 0x0, 0x1e, 0xff, 0xd9, 0x30, 0x0,

    /* U+004B "K" */
    0x6f, 0xf9, 0x0, 0x0, 0xa, 0xff, 0xe2, 0x6f,
    0xf9, 0x0, 0x0, 0x8f, 0xff, 0x30, 0x6f, 0xf9,
    0x0, 0x7, 0xff, 0xf4, 0x0, 0x6f, 0xf9, 0x0,
    0x5f, 0xff, 0x50, 0x0, 0x6f, 0xf9, 0x4, 0xff,
    0xf6, 0x0, 0x0, 0x6f, 0xf9, 0x3f, 0xff, 0x70,
    0x0, 0x0, 0x6f, 0xfb, 0xef, 0xf8, 0x0, 0x0,
    0x0, 0x6f, 0xff, 0xff, 0xb0, 0x0, 0x0, 0x0,
    0x6f, 0xff, 0xff, 0xf3, 0x0, 0x0, 0x0, 0x6f,
    0xf9, 0xbf, 0xfe, 0x20, 0x0, 0x0, 0x6f, 0xf9,
    0xc, 0xff, 0xd1, 0x0, 0x0, 0x6f, 0xf9, 0x1,
    0xef, 0xfc, 0x0, 0x0, 0x6f, 0xf9, 0x0, 0x2f,
    0xff, 0xb0, 0x0, 0x6f, 0xf9, 0x0, 0x4, 0xff,
    0xf9, 0x0, 0x6f, 0xf9, 0x0, 0x0, 0x5f, 0xff,
    0x70, 0x6f, 0xf9, 0x0, 0x0, 0x7, 0xff, 0xf5,

    /* U+004C "L" */
    0x6f, 0xf9, 0x0, 0x0, 0x0, 0x0, 0x6f, 0xf9,
    0x0, 0x0, 0x0, 0x0, 0x6f, 0xf9, 0x0, 0x0,
    0x0, 0x0, 0x6f, 0xf9, 0x0, 0x0, 0x0, 0x0,
    0x6f, 0xf9, 0x0, 0x0, 0x0, 0x0, 0x6f, 0xf9,
    0x0, 0x0, 0x0, 0x0, 0x6f, 0xf9, 0x0, 0x0,
    0x0, 0x0, 0x6f, 0xf9, 0x0, 0x0, 0x0, 0x0,
    0x6f, 0xf9, 0x0, 0x0, 0x0, 0x0, 0x6f, 0xf9,
    0x0, 0x0, 0x0, 0x0, 0x6f, 0xf9, 0x0, 0x0,
    0x0, 0x0, 0x6f, 0xf9, 0x0, 0x0, 0x0, 0x0,
    0x6f, 0xf9, 0x0, 0x0, 0x0, 0x0, 0x6f, 0xfd,
    0xaa, 0xaa, 0xaa, 0xa6, 0x6f, 0xff, 0xff, 0xff,
    0xff, 0xfa, 0x6f, 0xff, 0xff, 0xff, 0xff, 0xfa,

    /* U+004D "M" */
    0x6f, 0xff, 0xc0, 0x0, 0x0, 0x0, 0x7f, 0xff,
    0xb6, 0xff, 0xff, 0x40, 0x0, 0x0, 0xe, 0xff,
    0xfb, 0x6f, 0xff, 0xfb, 0x0, 0x0, 0x6, 0xff,
    0xff, 0xb6, 0xff, 0xff, 0xf3, 0x0, 0x0, 0xdf,
    0xff, 0xfb, 0x6f, 0xfe, 0xff, 0xa0, 0x0, 0x5f,
    0xfe, 0xff, 0xb6, 0xff, 0x9e, 0xff, 0x20, 0xd,
    0xff, 0x7f, 0xfb, 0x6f, 0xf8, 0x7f, 0xf9, 0x5,
    0xff, 0xc3, 0xff, 0xb6, 0xff, 0x80, 0xef, 0xf1,
    0xcf, 0xf4, 0x3f, 0xfb, 0x6f, 0xf8, 0x7, 0xff,
    0xcf, 0xfc, 0x3, 0xff, 0xb6, 0xff, 0x80, 0x1f,
    0xff, 0xff, 0x40, 0x3f, 0xfb, 0x6f, 0xf8, 0x0,
    0x8f, 0xff, 0xc0, 0x3, 0xff, 0xb6, 0xff, 0x80,
    0x1, 0xff, 0xf5, 0x0, 0x3f, 0xfb, 0x6f, 0xf8,
    0x0, 0x1, 0x22, 0x0, 0x3, 0xff, 0xb6, 0xff,
    0x80, 0x0, 0x0, 0x0, 0x0, 0x3f, 0xfb, 0x6f,
    0xf8, 0x0, 0x0, 0x0, 0x0, 0x3, 0xff, 0xb6,
    0xff, 0x80, 0x0, 0x0, 0x0, 0x0, 0x3f, 0xfb,

    /* U+004E "N" */
    0x6f, 0xfa, 0x0, 0x0, 0x0, 0x3f, 0xfc, 0x6f,
    0xff, 0x50, 0x0, 0x0, 0x3f, 0xfc, 0x6f, 0xff,
    0xe1, 0x0, 0x0, 0x3f, 0xfc, 0x6f, 0xff, 0xfb,
    0x0, 0x0, 0x3f, 0xfc, 0x6f, 0xff, 0xff, 0x60,
    0x0, 0x3f, 0xfc, 0x6f, 0xfd, 0xff, 0xf2, 0x0,
    0x3f, 0xfc, 0x6f, 0xf8, 0xaf, 0xfc, 0x0, 0x3f,
    0xfc, 0x6f, 0xf8, 0xe, 0xff, 0x70, 0x3f, 0xfc,
    0x6f, 0xf8, 0x3, 0xff, 0xf3, 0x3f, 0xfc, 0x6f,
    0xf8, 0x0, 0x8f, 0xfd, 0x3f, 0xfc, 0x6f, 0xf8,
    0x0, 0xc, 0xff, 0xbf, 0xfc, 0x6f, 0xf8, 0x0,
    0x2, 0xff, 0xff, 0xfc, 0x6f, 0xf8, 0x0, 0x0,
    0x6f, 0xff, 0xfc, 0x6f, 0xf8, 0x0, 0x0, 0xb,
    0xff, 0xfc, 0x6f, 0xf8, 0x0, 0x0, 0x1, 0xef,
    0xfc, 0x6f, 0xf8, 0x0, 0x0, 0x0, 0x5f, 0xfc,

    /* U+004F "O" */
    0x0, 0x0, 0x3, 0x9d, 0xff, 0xda, 0x50, 0x0,
    0x0, 0x0, 0x1, 0xbf, 0xff, 0xff, 0xff, 0xfc,
    0x20, 0x0, 0x0, 0x1d, 0xff, 0xff, 0xdc, 0xef,
    0xff, 0xe2, 0x0, 0x0, 0xaf, 0xff, 0x70, 0x0,
    0x5, 0xef, 0xfd, 0x0, 0x3, 0xff, 0xf4, 0x0,
    0x0, 0x0, 0x2f, 0xff, 0x60, 0x9, 0xff, 0xa0,
    0x0, 0x0, 0x0, 0x7, 0xff, 0xd0, 0xd, 0xff,
    0x40, 0x0, 0x0, 0x0, 0x1, 0xff, 0xf1, 0xf,
    0xff, 0x10, 0x0, 0x0, 0x0, 0x0, 0xef, 0xf2,
    0xf, 0xff, 0x10, 0x0, 0x0, 0x0, 0x0, 0xef,
    0xf2, 0xd, 0xff, 0x40, 0x0, 0x0, 0x0, 0x1,
    0xff, 0xf1, 0x9, 0xff, 0xa0, 0x0, 0x0, 0x0,
    0x7, 0xff, 0xc0, 0x3, 0xff, 0xf4, 0x0, 0x0,
    0x0, 0x2f, 0xff, 0x60, 0x0, 0xaf, 0xff, 0x60,
    0x0, 0x5, 0xef, 0xfd, 0x0, 0x0, 0x1d, 0xff,
    0xff, 0xcc, 0xef, 0xff, 0xe2, 0x0, 0x0, 0x1,
    0xbf, 0xff, 0xff, 0xff, 0xfd, 0x20, 0x0, 0x0,
    0x0, 0x4, 0x9d, 0xff, 0xea, 0x50, 0x0, 0x0,

    /* U+0050 "P" */
    0x6f, 0xff, 0xff, 0xff, 0xd8, 0x10, 0x6, 0xff,
    0xff, 0xff, 0xff, 0xfe, 0x30, 0x6f, 0xfd, 0xaa,
    0xab, 0xff, 0xfe, 0x16, 0xff, 0x90, 0x0, 0x1,
    0xdf, 0xf7, 0x6f, 0xf9, 0x0, 0x0, 0x4, 0xff,
    0xc6, 0xff, 0x90, 0x0, 0x0, 0x2f, 0xfd, 0x6f,
    0xf9, 0x0, 0x0, 0x7, 0xff, 0xa6, 0xff, 0x90,
    0x0, 0x6, 0xff, 0xf5, 0x6f, 0xff, 0xff, 0xff,
    0xff, 0xfb, 0x6, 0xff, 0xff, 0xff, 0xff, 0xfa,
    0x0, 0x6f, 0xfd, 0xaa, 0xa9, 0x72, 0x0, 0x6,
    0xff, 0x90, 0x0, 0x0, 0x0, 0x0, 0x6f, 0xf9,
    0x0, 0x0, 0x0, 0x0, 0x6, 0xff, 0x90, 0x0,
    0x0, 0x0, 0x0, 0x6f, 0xf9, 0x0, 0x0, 0x0,
    0x0, 0x6, 0xff, 0x90, 0x0, 0x0, 0x0, 0x0,

    /* U+0051 "Q" */
    0x0, 0x0, 0x3, 0x9d, 0xff, 0xda, 0x50, 0x0,
    0x0, 0x0, 0x1, 0xbf, 0xff, 0xff, 0xff, 0xfd,
    0x20, 0x0, 0x0, 0x1d, 0xff, 0xff, 0xdc, 0xef,
    0xff, 0xe3, 0x0, 0x0, 0xaf, 0xff, 0x70, 0x0,
    0x5, 0xef, 0xfd, 0x0, 0x3, 0xff, 0xf4, 0x0,
    0x0, 0x0, 0x2f, 0xff, 0x70, 0x9, 0xff, 0xa0,
    0x0, 0x0, 0x0, 0x7, 0xff, 0xd0, 0xd, 0xff,
    0x40, 0x0, 0x0, 0x0, 0x1, 0xff, 0xf1, 0xf,
    0xff, 0x10, 0x0, 0x0, 0x0, 0x0, 0xef, 0xf2,
    0xf, 0xff, 0x10, 0x0, 0x0, 0x10, 0x0, 0xef,
    0xf2, 0xd, 0xff, 0x40, 0x0, 0x4, 0xe8, 0x1,
    0xff, 0xf0, 0x9, 0xff, 0xa0, 0x0, 0xc, 0xff,
    0x87, 0xff, 0xc0, 0x3, 0xff, 0xf4, 0x0, 0x1,
    0xcf, 0xff, 0xff, 0x50, 0x0, 0xaf, 0xff, 0x60,
    0x0, 0x1e, 0xff, 0xfc, 0x0, 0x0, 0x1d, 0xff,
    0xff, 0xcc, 0xef, 0xff, 0xf8, 0x0, 0x0, 0x1,
    0xbf, 0xff, 0xff, 0xff, 0xff, 0xff, 0x50, 0x0,
    0x0, 0x4, 0x9d, 0xff, 0xea, 0x42, 0xff, 0xf3,

    /* U+0052 "R" */
    0x6f, 0xff, 0xff, 0xff, 0xd8, 0x10, 0x6, 0xff,
    0xff, 0xff, 0xff, 0xfe, 0x20, 0x6f, 0xfd, 0xaa,
    0xab, 0xff, 0xfd, 0x6, 0xff, 0x90, 0x0, 0x2,
    0xef, 0xf4, 0x6f, 0xf9, 0x0, 0x0, 0x9, 0xff,
    0x66, 0xff, 0x90, 0x0, 0x0, 0xbf, 0xf5, 0x6f,
    0xf9, 0x0, 0x1, 0x8f, 0xff, 0x16, 0xff, 0xff,
    0xff, 0xff, 0xff, 0x70, 0x6f, 0xff, 0xff, 0xff,
    0xfe, 0x60, 0x6, 0xff, 0xc7, 0x7d, 0xff, 0x60,
    0x0, 0x6f, 0xf9, 0x0, 0x4f, 0xfe, 0x0, 0x6,
    0xff, 0x90, 0x0, 0xcf, 0xf8, 0x0, 0x6f, 0xf9,
    0x0, 0x3, 0xff, 0xf1, 0x6, 0xff, 0x90, 0x0,
    0xb, 0xff, 0x90, 0x6f, 0xf9, 0x0, 0x0, 0x2f,
    0xff, 0x26, 0xff, 0x90, 0x0, 0x0, 0xaf, 0xfa,

    /* U+0053 "S" */
    0x0, 0x2, 0x9d, 0xff, 0xea, 0x30, 0x0, 0x0,
    0x5f, 0xff, 0xff, 0xff, 0xf6, 0x0, 0x2, 0xff,
    0xfd, 0x99, 0xcf, 0xff, 0x40, 0x7, 0xff, 0xa0,
    0x0, 0x7, 0xff, 0xb0, 0x9, 0xff, 0x50, 0x0,
    0x0, 0x9a, 0x90, 0x8, 0xff, 0xb1, 0x0, 0x0,
    0x0, 0x0, 0x2, 0xff, 0xff, 0xb7, 0x40, 0x0,
    0x0, 0x0, 0x4e, 0xff, 0xff, 0xff, 0xb3, 0x0,
    0x0, 0x0, 0x5a, 0xef, 0xff, 0xff, 0x60, 0x0,
    0x0, 0x0, 0x2, 0x5b, 0xff, 0xf2, 0x1, 0x11,
    0x0, 0x0, 0x0, 0xaf, 0xf7, 0xe, 0xff, 0x30,
    0x0, 0x0, 0x7f, 0xf8, 0x8, 0xff, 0xc1, 0x0,
    0x1, 0xdf, 0xf5, 0x1, 0xef, 0xff, 0xa9, 0xaf,
    0xff, 0xe0, 0x0, 0x3e, 0xff, 0xff, 0xff, 0xfe,
    0x20, 0x0, 0x1, 0x7c, 0xff, 0xec, 0x70, 0x0,

    /* U+0054 "T" */
    0x1f, 0xff, 0xff, 0xff, 0xff, 0xff, 0xfe, 0x1f,
    0xff, 0xff, 0xff, 0xff, 0xff, 0xfe, 0xa, 0xaa,
    0xaa, 0xff, 0xfa, 0xaa, 0xa9, 0x0, 0x0, 0x1,
    0xff, 0xe0, 0x0, 0x0, 0x0, 0x0, 0x1, 0xff,
    0xe0, 0x0, 0x0, 0x0, 0x0, 0x1, 0xff, 0xe0,
    0x0, 0x0, 0x0, 0x0, 0x1, 0xff, 0xe0, 0x0,
    0x0, 0x0, 0x0, 0x1, 0xff, 0xe0, 0x0, 0x0,
    0x0, 0x0, 0x1, 0xff, 0xe0, 0x0, 0x0, 0x0,
    0x0, 0x1, 0xff, 0xe0, 0x0, 0x0, 0x0, 0x0,
    0x1, 0xff, 0xe0, 0x0, 0x0, 0x0, 0x0, 0x1,
    0xff, 0xe0, 0x0, 0x0, 0x0, 0x0, 0x1, 0xff,
    0xe0, 0x0, 0x0, 0x0, 0x0, 0x1, 0xff, 0xe0,
    0x0, 0x0, 0x0, 0x0, 0x1, 0xff, 0xe0, 0x0,
    0x0, 0x0, 0x0, 0x1, 0xff, 0xe0, 0x0, 0x0,

    /* U+0055 "U" */
    0x6f, 0xf9, 0x0, 0x0, 0x0, 0x6f, 0xf8, 0x6f,
    0xf9, 0x0, 0x0, 0x0, 0x6f, 0xf8, 0x6f, 0xf9,
    0x0, 0x0, 0x0, 0x6f, 0xf8, 0x6f, 0xf9, 0x0,
    0x0, 0x0, 0x6f, 0xf8, 0x6f, 0xf9, 0x0, 0x0,
    0x0, 0x6f, 0xf8, 0x6f, 0xf9, 0x0, 0x0, 0x0,
    0x6f, 0xf8, 0x6f, 0xf9, 0x0, 0x0, 0x0, 0x6f,
    0xf8, 0x6f, 0xf9, 0x0, 0x0, 0x0, 0x6f, 0xf8,
    0x6f, 0xf9, 0x0, 0x0, 0x0, 0x6f, 0xf8, 0x6f,
    0xf9, 0x0, 0x0, 0x0, 0x6f, 0xf8, 0x5f, 0xfb,
    0x0, 0x0, 0x0, 0x8f, 0xf7, 0x3f, 0xff, 0x10,
    0x0, 0x0, 0xdf, 0xf5, 0xe, 0xff, 0xc2, 0x0,
    0x1a, 0xff, 0xf0, 0x5, 0xff, 0xff, 0xee, 0xff,
    0xff, 0x70, 0x0, 0x7f, 0xff, 0xff, 0xff, 0xf9,
    0x0, 0x0, 0x2, 0x9d, 0xff, 0xd9, 0x30, 0x0,

    /* U+0056 "V" */
    0x5f, 0xfc, 0x0, 0x0, 0x0, 0x0, 0xaf, 0xf7,
    0xf, 0xff, 0x10, 0x0, 0x0, 0x0, 0xff, 0xf1,
    0xa, 0xff, 0x70, 0x0, 0x0, 0x5, 0xff, 0xb0,
    0x4, 0xff, 0xc0, 0x0, 0x0, 0xb, 0xff, 0x60,
    0x0, 0xef, 0xf2, 0x0, 0x0, 0x1f, 0xff, 0x10,
    0x0, 0x9f, 0xf7, 0x0, 0x0, 0x6f, 0xfa, 0x0,
    0x0, 0x3f, 0xfd, 0x0, 0x0, 0xbf, 0xf5, 0x0,
    0x0, 0xe, 0xff, 0x20, 0x1, 0xff, 0xf0, 0x0,
    0x0, 0x8, 0xff, 0x80, 0x6, 0xff, 0xa0, 0x0,
    0x0, 0x3, 0xff, 0xd0, 0xc, 0xff, 0x40, 0x0,
    0x0, 0x0, 0xdf, 0xf3, 0x1f, 0xfe, 0x0, 0x0,
    0x0, 0x0, 0x7f, 0xf8, 0x7f, 0xf9, 0x0, 0x0,
    0x0, 0x0, 0x2f, 0xfd, 0xcf, 0xf3, 0x0, 0x0,
    0x0, 0x0, 0xc, 0xff, 0xff, 0xd0, 0x0, 0x0,
    0x0, 0x0, 0x6, 0xff, 0xff, 0x80, 0x0, 0x0,
    0x0, 0x0, 0x1, 0xff, 0xff, 0x20, 0x0, 0x0,

    /* U+0057 "W" */
    0x2f, 0xfd, 0x0, 0x0, 0x3, 0xff, 0xf1, 0x0,
    0x0, 0xf, 0xff, 0x0, 0xef, 0xf1, 0x0, 0x0,
    0x7f, 0xff, 0x50, 0x0, 0x3, 0xff, 0xc0, 0xa,
    0xff, 0x50, 0x0, 0xb, 0xff, 0xf9, 0x0, 0x0,
    0x7f, 0xf8, 0x0, 0x6f, 0xf9, 0x0, 0x0, 0xff,
    0xff, 0xe0, 0x0, 0xb, 0xff, 0x30, 0x2, 0xff,
    0xd0, 0x0, 0x4f, 0xff, 0xff, 0x20, 0x0, 0xff,
    0xf0, 0x0, 0xd, 0xff, 0x10, 0x8, 0xff, 0xcf,
    0xf6, 0x0, 0x3f, 0xfb, 0x0, 0x0, 0x9f, 0xf5,
    0x0, 0xcf, 0xf4, 0xff, 0xa0, 0x7, 0xff, 0x70,
    0x0, 0x5, 0xff, 0x90, 0x1f, 0xfc, 0xe, 0xfe,
    0x0, 0xbf, 0xf3, 0x0, 0x0, 0x1f, 0xfd, 0x5,
    0xff, 0x80, 0xaf, 0xf3, 0xf, 0xff, 0x0, 0x0,
    0x0, 0xdf, 0xf1, 0x9f, 0xf4, 0x6, 0xff, 0x73,
    0xff, 0xb0, 0x0, 0x0, 0x9, 0xff, 0x5d, 0xff,
    0x0, 0x2f, 0xfb, 0x7f, 0xf7, 0x0, 0x0, 0x0,
    0x5f, 0xfb, 0xff, 0xb0, 0x0, 0xef, 0xfc, 0xff,
    0x20, 0x0, 0x0, 0x1, 0xff, 0xff, 0xf7, 0x0,
    0x9, 0xff, 0xff, 0xe0, 0x0, 0x0, 0x0, 0xc,
    0xff, 0xff, 0x30, 0x0, 0x5f, 0xff, 0xfa, 0x0,
    0x0, 0x0, 0x0, 0x8f, 0xff, 0xf0, 0x0, 0x1,
    0xff, 0xff, 0x60, 0x0, 0x0, 0x0, 0x4, 0xff,
    0xfb, 0x0, 0x0, 0xd, 0xff, 0xf2, 0x0, 0x0,

    /* U+0058 "X" */
    0x8f, 0xfe, 0x10, 0x0, 0x0, 0x7f, 0xff, 0x20,
    0xef, 0xf9, 0x0, 0x0, 0x1f, 0xff, 0x70, 0x4,
    0xff, 0xf3, 0x0, 0xa, 0xff, 0xc0, 0x0, 0xa,
    0xff, 0xd0, 0x4, 0xff, 0xf3, 0x0, 0x0, 0x1e,
    0xff, 0x70, 0xdf, 0xf8, 0x0, 0x0, 0x0, 0x6f,
    0xff, 0x9f, 0xfd, 0x0, 0x0, 0x0, 0x0, 0xbf,
    0xff, 0xff, 0x30, 0x0, 0x0, 0x0, 0x2, 0xff,
    0xff, 0x90, 0x0, 0x0, 0x0, 0x0, 0x2f, 0xff,
    0xf9, 0x0, 0x0, 0x0, 0x0, 0xb, 0xff, 0xff,
    0xf4, 0x0, 0x0, 0x0, 0x6, 0xff, 0xf9, 0xff,
    0xd0, 0x0, 0x0, 0x1, 0xef, 0xf7, 0xd, 0xff,
    0x80, 0x0, 0x0, 0xaf, 0xfd, 0x0, 0x4f, 0xff,
    0x30, 0x0, 0x4f, 0xff, 0x30, 0x0, 0xaf, 0xfc,
    0x0, 0xe, 0xff, 0x90, 0x0, 0x1, 0xff, 0xf7,
    0x8, 0xff, 0xe1, 0x0, 0x0, 0x6, 0xff, 0xf2,

    /* U+0059 "Y" */
    0x3f, 0xff, 0x10, 0x0, 0x0, 0xa, 0xff, 0xa0,
    0xaf, 0xf8, 0x0, 0x0, 0x2, 0xff, 0xf2, 0x2,
    0xff, 0xf1, 0x0, 0x0, 0xaf, 0xf8, 0x0, 0x9,
    0xff, 0x90, 0x0, 0x3f, 0xfe, 0x10, 0x0, 0x1f,
    0xff, 0x20, 0xb, 0xff, 0x70, 0x0, 0x0, 0x7f,
    0xfa, 0x4, 0xff, 0xe0, 0x0, 0x0, 0x0, 0xef,
    0xf3, 0xcf, 0xf5, 0x0, 0x0, 0x0, 0x6, 0xff,
    0xef, 0xfc, 0x0, 0x0, 0x0, 0x0, 0xd, 0xff,
    0xff, 0x40, 0x0, 0x0, 0x0, 0x0, 0x4f, 0xff,
    0xb0, 0x0, 0x0, 0x0, 0x0, 0x0, 0xdf, 0xf4,
    0x0, 0x0, 0x0, 0x0, 0x0, 0xc, 0xff, 0x30,
    0x0, 0x0, 0x0, 0x0, 0x0, 0xcf, 0xf3, 0x0,
    0x0, 0x0, 0x0, 0x0, 0xc, 0xff, 0x30, 0x0,
    0x0, 0x0, 0x0, 0x0, 0xcf, 0xf3, 0x0, 0x0,
    0x0, 0x0, 0x0, 0xc, 0xff, 0x30, 0x0, 0x0,

    /* U+005A "Z" */
    0xdf, 0xff, 0xff, 0xff, 0xff, 0xff, 0x6d, 0xff,
    0xff, 0xff, 0xff, 0xff, 0xf6, 0x8a, 0xaa, 0xaa,
    0xaa, 0xdf, 0xff, 0x20, 0x0, 0x0, 0x0, 0x2f,
    0xff, 0x60, 0x0, 0x0, 0x0, 0xc, 0xff, 0xa0,
    0x0, 0x0, 0x0, 0x9, 0xff, 0xd0, 0x0, 0x0,
    0x0, 0x5, 0xff, 0xf2, 0x0, 0x0, 0x0, 0x2,
    0xff, 0xf6, 0x0, 0x0, 0x0, 0x0, 0xcf, 0xfa,
    0x0, 0x0, 0x0, 0x0, 0x9f, 0xfd, 0x0, 0x0,
    0x0, 0x0, 0x5f, 0xff, 0x20, 0x0, 0x0, 0x0,
    0x2f, 0xff, 0x50, 0x0, 0x0, 0x0, 0xc, 0xff,
    0x90, 0x0, 0x0, 0x0, 0x8, 0xff, 0xfa, 0xaa,
    0xaa, 0xaa, 0xa4, 0xdf, 0xff, 0xff, 0xff, 0xff,
    0xff, 0x6d, 0xff, 0xff, 0xff, 0xff, 0xff, 0xf6,

    /* U+005B "[" */
    0x38, 0x88, 0x88, 0x87, 0x6f, 0xff, 0xff, 0xfd,
    0x6f, 0xff, 0xff, 0xfd, 0x6f, 0xf9, 0x0, 0x0,
    0x6f, 0xf9, 0x0, 0x0, 0x6f, 0xf9, 0x0, 0x0,
    0x6f, 0xf9, 0x0, 0x0, 0x6f, 0xf9, 0x0, 0x0,
    0x6f, 0xf9, 0x0, 0x0, 0x6f, 0xf9, 0x0, 0x0,
    0x6f, 0xf9, 0x0, 0x0, 0x6f, 0xf9, 0x0, 0x0,
    0x6f, 0xf9, 0x0, 0x0, 0x6f, 0xf9, 0x0, 0x0,
    0x6f, 0xf9, 0x0, 0x0, 0x6f, 0xf9, 0x0, 0x0,
    0x6f, 0xf9, 0x0, 0x0, 0x6f, 0xf9, 0x0, 0x0,
    0x6f, 0xf9, 0x0, 0x0, 0x6f, 0xf9, 0x0, 0x0,
    0x6f, 0xf9, 0x0, 0x0, 0x6f, 0xfc, 0x88, 0x87,
    0x6f, 0xff, 0xff, 0xfd, 0x6f, 0xff, 0xff, 0xfd,

    /* U+005C "\\" */
    0x9f, 0xf1, 0x0, 0x0, 0x0, 0x4, 0xff, 0x60,
    0x0, 0x0, 0x0, 0xe, 0xfc, 0x0, 0x0, 0x0,
    0x0, 0x9f, 0xf1, 0x0, 0x0, 0x0, 0x3, 0xff,
    0x70, 0x0, 0x0, 0x0, 0xd, 0xfc, 0x0, 0x0,
    0x0, 0x0, 0x8f, 0xf2, 0x0, 0x0, 0x0, 0x2,
    0xff, 0x80, 0x0, 0x0, 0x0, 0xd, 0xfd, 0x0,
    0x0, 0x0, 0x0, 0x7f, 0xf3, 0x0, 0x0, 0x0,
    0x2, 0xff, 0x80, 0x0, 0x0, 0x0, 0xc, 0xfe,
    0x0, 0x0, 0x0, 0x0, 0x6f, 0xf3, 0x0, 0x0,
    0x0, 0x1, 0xff, 0x90, 0x0, 0x0, 0x0, 0xb,
    0xfe, 0x0, 0x0, 0x0, 0x0, 0x6f, 0xf4, 0x0,
    0x0, 0x0, 0x1, 0xff, 0x90, 0x0, 0x0, 0x0,
    0xb, 0xff, 0x0, 0x0, 0x0, 0x0, 0x5f, 0xf5,
    0x0, 0x0, 0x0, 0x0, 0xff, 0xa0, 0x0, 0x0,
    0x0, 0xa, 0xff, 0x0, 0x0, 0x0, 0x0, 0x4f,
    0xf5,

    /* U+005D "]" */
    0x8, 0x88, 0x88, 0x88, 0x11, 0xff, 0xff, 0xff,
    0xf2, 0x1f, 0xff, 0xff, 0xff, 0x20, 0x0, 0x0,
    0xdf, 0xf2, 0x0, 0x0, 0xd, 0xff, 0x20, 0x0,
    0x0, 0xdf, 0xf2, 0x0, 0x0, 0xd, 0xff, 0x20,
    0x0, 0x0, 0xdf, 0xf2, 0x0, 0x0, 0xd, 0xff,
    0x20, 0x0, 0x0, 0xdf, 0xf2, 0x0, 0x0, 0xd,
    0xff, 0x20, 0x0, 0x0, 0xdf, 0xf2, 0x0, 0x0,
    0xd, 0xff, 0x20, 0x0, 0x0, 0xdf, 0xf2, 0x0,
    0x0, 0xd, 0xff, 0x20, 0x0, 0x0, 0xdf, 0xf2,
    0x0, 0x0, 0xd, 0xff, 0x20, 0x0, 0x0, 0xdf,
    0xf2, 0x0, 0x0, 0xd, 0xff, 0x20, 0x0, 0x0,
    0xdf, 0xf2, 0x0, 0x0, 0xd, 0xff, 0x20, 0x88,
    0x88, 0xef, 0xf2, 0x1f, 0xff, 0xff, 0xff, 0x21,
    0xff, 0xff, 0xff, 0xf2,

    /* U+005E "^" */
    0x0, 0x1e, 0xff, 0x10, 0x0, 0xb, 0xfe, 0xfc,
    0x0, 0x6, 0xfe, 0x1d, 0xf7, 0x2, 0xff, 0x40,
    0x3f, 0xf2,

    /* U+005F "_" */
    0x1, 0x11, 0x11, 0x11, 0x11, 0x10, 0x6f, 0xff,
    0xff, 0xff, 0xff, 0xf6, 0x6f, 0xff, 0xff, 0xff,
    0xff, 0xf6,

    /* U+0060 "`" */
    0x2f, 0xf8, 0x0, 0x9, 0xff, 0x0, 0x1, 0xef,
    0x70, 0x0, 0x6f, 0xe0,

    /* U+0061 "a" */
    0x0, 0x2a, 0xef, 0xd7, 0xf, 0xff, 0x3, 0xff,
    0xff, 0xff, 0xaf, 0xff, 0xd, 0xff, 0xe8, 0x7c,
    0xff, 0xff, 0x5f, 0xfe, 0x10, 0x0, 0xbf, 0xff,
    0xaf, 0xf7, 0x0, 0x0, 0x3f, 0xff, 0xcf, 0xf3,
    0x0, 0x0, 0xf, 0xff, 0xcf, 0xf2, 0x0, 0x0,
    0xf, 0xff, 0xaf, 0xf5, 0x0, 0x0, 0x2f, 0xff,
    0x5f, 0xfc, 0x0, 0x0, 0x9f, 0xff, 0xd, 0xff,
    0xc4, 0x49, 0xff, 0xff, 0x3, 0xff, 0xff, 0xff,
    0xcf, 0xff, 0x0, 0x2a, 0xef, 0xd8, 0xf, 0xff,

    /* U+0062 "b" */
    0x6f, 0xf8, 0x0, 0x0, 0x0, 0x0, 0x6, 0xff,
    0x80, 0x0, 0x0, 0x0, 0x0, 0x6f, 0xf8, 0x0,
    0x0, 0x0, 0x0, 0x6, 0xff, 0x80, 0x0, 0x0,
    0x0, 0x0, 0x6f, 0xf8, 0x0, 0x0, 0x0, 0x0,
    0x6, 0xff, 0x82, 0xae, 0xfd, 0x70, 0x0, 0x6f,
    0xfa, 0xef, 0xff, 0xff, 0xb0, 0x6, 0xff, 0xff,
    0x97, 0xaf, 0xff, 0x70, 0x6f, 0xff, 0x40, 0x0,
    0x6f, 0xfe, 0x6, 0xff, 0xb0, 0x0, 0x0, 0xdf,
    0xf3, 0x6f, 0xf8, 0x0, 0x0, 0xa, 0xff, 0x56,
    0xff, 0x80, 0x0, 0x0, 0xaf, 0xf5, 0x6f, 0xfb,
    0x0, 0x0, 0xd, 0xff, 0x36, 0xff, 0xf4, 0x0,
    0x6, 0xff, 0xe0, 0x6f, 0xff, 0xf9, 0x7a, 0xff,
    0xf7, 0x6, 0xff, 0xae, 0xff, 0xff, 0xfb, 0x0,
    0x6f, 0xf8, 0x2a, 0xef, 0xd7, 0x0, 0x0,

    /* U+0063 "c" */
    0x0, 0x7, 0xcf, 0xfd, 0x91, 0x0, 0x1, 0xdf,
    0xff, 0xff, 0xfe, 0x30, 0xc, 0xff, 0xe7, 0x6b,
    0xff, 0xd0, 0x4f, 0xfd, 0x10, 0x0, 0x9f, 0xf4,
    0xaf, 0xf5, 0x0, 0x0, 0x15, 0x52, 0xcf, 0xf2,
    0x0, 0x0, 0x0, 0x0, 0xcf, 0xf2, 0x0, 0x0,
    0x0, 0x0, 0xaf, 0xf5, 0x0, 0x0, 0x15, 0x52,
    0x4f, 0xfd, 0x10, 0x0, 0x9f, 0xf4, 0xc, 0xff,
    0xd7, 0x6b, 0xff, 0xd0, 0x1, 0xdf, 0xff, 0xff,
    0xfe, 0x30, 0x0, 0x7, 0xcf, 0xfd, 0x91, 0x0,

    /* U+0064 "d" */
    0x0, 0x0, 0x0, 0x0, 0xf, 0xff, 0x0, 0x0,
    0x0, 0x0, 0xf, 0xff, 0x0, 0x0, 0x0, 0x0,
    0xf, 0xff, 0x0, 0x0, 0x0, 0x0, 0xf, 0xff,
    0x0, 0x0, 0x0, 0x0, 0xf, 0xff, 0x0, 0x2a,
    0xef, 0xd7, 0xf, 0xff, 0x3, 0xff, 0xff, 0xff,
    0xaf, 0xff, 0xd, 0xff, 0xe8, 0x7c, 0xff, 0xff,
    0x5f, 0xfe, 0x10, 0x0, 0xbf, 0xff, 0xaf, 0xf6,
    0x0, 0x0, 0x2f, 0xff, 0xcf, 0xf3, 0x0, 0x0,
    0xf, 0xff, 0xcf, 0xf3, 0x0, 0x0, 0xf, 0xff,
    0xaf, 0xf6, 0x0, 0x0, 0x3f, 0xff, 0x5f, 0xfe,
    0x10, 0x0, 0xbf, 0xff, 0xd, 0xff, 0xe8, 0x7c,
    0xff, 0xff, 0x3, 0xff, 0xff, 0xff, 0xaf, 0xff,
    0x0, 0x2a, 0xef, 0xd7, 0xf, 0xff,

    /* U+0065 "e" */
    0x0, 0x18, 0xdf, 0xeb, 0x50, 0x0, 0x2, 0xef,
    0xff, 0xff, 0xf9, 0x0, 0xc, 0xff, 0xa5, 0x6d,
    0xff, 0x50, 0x5f, 0xfa, 0x0, 0x1, 0xef, 0xc0,
    0xaf, 0xf4, 0x0, 0x0, 0xaf, 0xf1, 0xcf, 0xff,
    0xff, 0xff, 0xff, 0xf2, 0xcf, 0xff, 0xff, 0xff,
    0xff, 0xf3, 0xaf, 0xf4, 0x0, 0x0, 0x0, 0x0,
    0x5f, 0xfb, 0x0, 0x0, 0xad, 0xc0, 0xc, 0xff,
    0xc6, 0x6b, 0xff, 0xa0, 0x1, 0xdf, 0xff, 0xff,
    0xfd, 0x10, 0x0, 0x7, 0xdf, 0xfd, 0x80, 0x0,

    /* U+0066 "f" */
    0x0, 0x0, 0x7d, 0xfe, 0x20, 0x0, 0x8f, 0xff,
    0xf3, 0x0, 0xf, 0xff, 0x74, 0x10, 0x3, 0xff,
    0xb0, 0x0, 0x0, 0x4f, 0xfa, 0x0, 0x2, 0xff,
    0xff, 0xff, 0xf2, 0x2f, 0xff, 0xff, 0xff, 0x20,
    0x68, 0xff, 0xc6, 0x60, 0x0, 0x4f, 0xfa, 0x0,
    0x0, 0x4, 0xff, 0xa0, 0x0, 0x0, 0x4f, 0xfa,
    0x0, 0x0, 0x4, 0xff, 0xa0, 0x0, 0x0, 0x4f,
    0xfa, 0x0, 0x0, 0x4, 0xff, 0xa0, 0x0, 0x0,
    0x4f, 0xfa, 0x0, 0x0, 0x4, 0xff, 0xa0, 0x0,
    0x0, 0x4f, 0xfa, 0x0, 0x0,

    /* U+0067 "g" */
    0x0, 0x29, 0xef, 0xd7, 0xe, 0xff, 0x0, 0x3f,
    0xff, 0xff, 0xfa, 0xef, 0xf0, 0xd, 0xff, 0xd7,
    0x6b, 0xff, 0xff, 0x5, 0xff, 0xd1, 0x0, 0xa,
    0xff, 0xf0, 0xaf, 0xf6, 0x0, 0x0, 0x2f, 0xff,
    0xc, 0xff, 0x20, 0x0, 0x0, 0xef, 0xf0, 0xcf,
    0xf2, 0x0, 0x0, 0xe, 0xff, 0xa, 0xff, 0x60,
    0x0, 0x2, 0xff, 0xf0, 0x6f, 0xfd, 0x10, 0x0,
    0xaf, 0xff, 0x0, 0xdf, 0xfd, 0x76, 0xcf, 0xff,
    0xf0, 0x3, 0xff, 0xff, 0xff, 0xae, 0xff, 0x0,
    0x2, 0xae, 0xfd, 0x70, 0xff, 0xf0, 0x17, 0x74,
    0x0, 0x0, 0x5f, 0xfb, 0x0, 0xef, 0xfa, 0x66,
    0x9f, 0xff, 0x40, 0x4, 0xff, 0xff, 0xff, 0xff,
    0x70, 0x0, 0x2, 0x9d, 0xff, 0xea, 0x30, 0x0,

    /* U+0068 "h" */
    0x6f, 0xf8, 0x0, 0x0, 0x0, 0x6, 0xff, 0x80,
    0x0, 0x0, 0x0, 0x6f, 0xf8, 0x0, 0x0, 0x0,
    0x6, 0xff, 0x80, 0x0, 0x0, 0x0, 0x6f, 0xf8,
    0x0, 0x0, 0x0, 0x6, 0xff, 0x83, 0xbf, 0xea,
    0x20, 0x6f, 0xfa, 0xff, 0xff, 0xfe, 0x16, 0xff,
    0xfd, 0x79, 0xff, 0xf7, 0x6f, 0xfe, 0x0, 0x6,
    0xff, 0xb6, 0xff, 0xa0, 0x0, 0x2f, 0xfd, 0x6f,
    0xf8, 0x0, 0x1, 0xff, 0xd6, 0xff, 0x80, 0x0,
    0x1f, 0xfd, 0x6f, 0xf8, 0x0, 0x1, 0xff, 0xd6,
    0xff, 0x80, 0x0, 0x1f, 0xfd, 0x6f, 0xf8, 0x0,
    0x1, 0xff, 0xd6, 0xff, 0x80, 0x0, 0x1f, 0xfd,
    0x6f, 0xf8, 0x0, 0x1, 0xff, 0xd0,

    /* U+0069 "i" */
    0x2d, 0xe5, 0x9f, 0xfd, 0x6f, 0xfa, 0x5, 0x60,
    0x0, 0x0, 0x5f, 0xf9, 0x5f, 0xf9, 0x5f, 0xf9,
    0x5f, 0xf9, 0x5f, 0xf9, 0x5f, 0xf9, 0x5f, 0xf9,
    0x5f, 0xf9, 0x5f, 0xf9, 0x5f, 0xf9, 0x5f, 0xf9,
    0x5f, 0xf9,

    /* U+006A "j" */
    0x0, 0x1c, 0xf7, 0x0, 0x6, 0xff, 0xf0, 0x0,
    0x4f, 0xfd, 0x0, 0x0, 0x36, 0x10, 0x0, 0x0,
    0x0, 0x0, 0x2, 0xff, 0xc0, 0x0, 0x2f, 0xfc,
    0x0, 0x2, 0xff, 0xc0, 0x0, 0x2f, 0xfc, 0x0,
    0x2, 0xff, 0xc0, 0x0, 0x2f, 0xfc, 0x0, 0x2,
    0xff, 0xc0, 0x0, 0x2f, 0xfc, 0x0, 0x2, 0xff,
    0xc0, 0x0, 0x2f, 0xfc, 0x0, 0x2, 0xff, 0xc0,
    0x0, 0x2f, 0xfb, 0x0, 0x5, 0xff, 0xa0, 0x78,
    0xef, 0xf7, 0xf, 0xff, 0xfe, 0x10, 0xef, 0xea,
    0x10, 0x0,

    /* U+006B "k" */
    0x6f, 0xf8, 0x0, 0x0, 0x0, 0x0, 0x6f, 0xf8,
    0x0, 0x0, 0x0, 0x0, 0x6f, 0xf8, 0x0, 0x0,
    0x0, 0x0, 0x6f, 0xf8, 0x0, 0x0, 0x0, 0x0,
    0x6f, 0xf8, 0x0, 0x0, 0x0, 0x0, 0x6f, 0xf8,
    0x0, 0xc, 0xff, 0xa0, 0x6f, 0xf8, 0x0, 0xaf,
    0xfb, 0x0, 0x6f, 0xf8, 0x8, 0xff, 0xd0, 0x0,
    0x6f, 0xf8, 0x6f, 0xfe, 0x10, 0x0, 0x6f, 0xfc,
    0xff, 0xe2, 0x0, 0x0, 0x6f, 0xff, 0xff, 0x70,
    0x0, 0x0, 0x6f, 0xfe, 0xff, 0xe1, 0x0, 0x0,
    0x6f, 0xf8, 0xbf, 0xfc, 0x0, 0x0, 0x6f, 0xf8,
    0x1d, 0xff, 0x80, 0x0, 0x6f, 0xf8, 0x3, 0xff,
    0xf5, 0x0, 0x6f, 0xf8, 0x0, 0x6f, 0xff, 0x20,
    0x6f, 0xf8, 0x0, 0xa, 0xff, 0xd0,

    /* U+006C "l" */
    0x6f, 0xf8, 0x6f, 0xf8, 0x6f, 0xf8, 0x6f, 0xf8,
    0x6f, 0xf8, 0x6f, 0xf8, 0x6f, 0xf8, 0x6f, 0xf8,
    0x6f, 0xf8, 0x6f, 0xf8, 0x6f, 0xf8, 0x6f, 0xf8,
    0x6f, 0xf8, 0x6f, 0xf8, 0x6f, 0xf8, 0x6f, 0xf8,
    0x6f, 0xf8,

    /* U+006D "m" */
    0xaf, 0xf4, 0x6d, 0xfe, 0x80, 0x7, 0xdf, 0xe7,
    0x0, 0xaf, 0xfc, 0xff, 0xff, 0xfa, 0x9f, 0xff,
    0xff, 0x80, 0xaf, 0xff, 0x74, 0x9f, 0xff, 0xf7,
    0x49, 0xff, 0xf1, 0xaf, 0xf9, 0x0, 0xd, 0xff,
    0x90, 0x0, 0xdf, 0xf4, 0xaf, 0xf6, 0x0, 0xa,
    0xff, 0x60, 0x0, 0x9f, 0xf5, 0xaf, 0xf4, 0x0,
    0xa, 0xff, 0x50, 0x0, 0x9f, 0xf5, 0xaf, 0xf4,
    0x0, 0xa, 0xff, 0x50, 0x0, 0x9f, 0xf5, 0xaf,
    0xf4, 0x0, 0xa, 0xff, 0x50, 0x0, 0x9f, 0xf5,
    0xaf, 0xf4, 0x0, 0xa, 0xff, 0x50, 0x0, 0x9f,
    0xf5, 0xaf, 0xf4, 0x0, 0xa, 0xff, 0x50, 0x0,
    0x9f, 0xf5, 0xaf, 0xf4, 0x0, 0xa, 0xff, 0x50,
    0x0, 0x9f, 0xf5, 0xaf, 0xf4, 0x0, 0xa, 0xff,
    0x50, 0x0, 0x9f, 0xf5,

    /* U+006E "n" */
    0xaf, 0xf4, 0x6d, 0xfe, 0x90, 0xa, 0xff, 0xbf,
    0xff, 0xff, 0xb0, 0xaf, 0xff, 0x84, 0x7f, 0xff,
    0x4a, 0xff, 0xa0, 0x0, 0x9f, 0xf8, 0xaf, 0xf6,
    0x0, 0x5, 0xff, 0x9a, 0xff, 0x40, 0x0, 0x5f,
    0xf9, 0xaf, 0xf4, 0x0, 0x5, 0xff, 0x9a, 0xff,
    0x40, 0x0, 0x5f, 0xf9, 0xaf, 0xf4, 0x0, 0x5,
    0xff, 0x9a, 0xff, 0x40, 0x0, 0x5f, 0xf9, 0xaf,
    0xf4, 0x0, 0x5, 0xff, 0x9a, 0xff, 0x40, 0x0,
    0x5f, 0xf9,

    /* U+006F "o" */
    0x0, 0x6, 0xce, 0xfd, 0x81, 0x0, 0x0, 0x1c,
    0xff, 0xff, 0xff, 0xe4, 0x0, 0xb, 0xff, 0xe9,
    0x8c, 0xff, 0xf1, 0x4, 0xff, 0xe1, 0x0, 0xa,
    0xff, 0x90, 0x9f, 0xf6, 0x0, 0x0, 0x1f, 0xff,
    0xc, 0xff, 0x30, 0x0, 0x0, 0xdf, 0xf1, 0xcf,
    0xf3, 0x0, 0x0, 0xd, 0xff, 0x19, 0xff, 0x60,
    0x0, 0x1, 0xff, 0xf0, 0x4f, 0xfe, 0x10, 0x0,
    0xaf, 0xf9, 0x0, 0xbf, 0xfe, 0x98, 0xcf, 0xff,
    0x10, 0x1, 0xcf, 0xff, 0xff, 0xff, 0x40, 0x0,
    0x0, 0x6c, 0xef, 0xd8, 0x10, 0x0,

    /* U+0070 "p" */
    0x6f, 0xf8, 0x3b, 0xff, 0xd7, 0x0, 0x6, 0xff,
    0xcf, 0xff, 0xff, 0xfb, 0x0, 0x6f, 0xff, 0xe6,
    0x37, 0xff, 0xf7, 0x6, 0xff, 0xf2, 0x0, 0x4,
    0xff, 0xe0, 0x6f, 0xfb, 0x0, 0x0, 0xc, 0xff,
    0x36, 0xff, 0x80, 0x0, 0x0, 0x9f, 0xf5, 0x6f,
    0xf8, 0x0, 0x0, 0xa, 0xff, 0x56, 0xff, 0xc0,
    0x0, 0x0, 0xdf, 0xf3, 0x6f, 0xff, 0x50, 0x0,
    0x6f, 0xfe, 0x6, 0xff, 0xff, 0x97, 0xaf, 0xff,
    0x70, 0x6f, 0xfa, 0xef, 0xff, 0xff, 0xb0, 0x6,
    0xff, 0x82, 0xae, 0xfd, 0x70, 0x0, 0x6f, 0xf8,
    0x0, 0x0, 0x0, 0x0, 0x6, 0xff, 0x80, 0x0,
    0x0, 0x0, 0x0, 0x6f, 0xf8, 0x0, 0x0, 0x0,
    0x0, 0x6, 0xff, 0x80, 0x0, 0x0, 0x0, 0x0,

    /* U+0071 "q" */
    0x0, 0x2a, 0xef, 0xd7, 0xf, 0xff, 0x3, 0xff,
    0xff, 0xff, 0xaf, 0xff, 0xd, 0xff, 0xe8, 0x7c,
    0xff, 0xff, 0x5f, 0xfe, 0x10, 0x0, 0xbf, 0xff,
    0xaf, 0xf6, 0x0, 0x0, 0x2f, 0xff, 0xcf, 0xf3,
    0x0, 0x0, 0xf, 0xff, 0xcf, 0xf3, 0x0, 0x0,
    0xf, 0xff, 0xaf, 0xf6, 0x0, 0x0, 0x3f, 0xff,
    0x5f, 0xfe, 0x10, 0x0, 0xbf, 0xff, 0xd, 0xff,
    0xe8, 0x7c, 0xff, 0xff, 0x3, 0xff, 0xff, 0xff,
    0xaf, 0xff, 0x0, 0x2a, 0xef, 0xd7, 0xf, 0xff,
    0x0, 0x0, 0x0, 0x0, 0xf, 0xff, 0x0, 0x0,
    0x0, 0x0, 0xf, 0xff, 0x0, 0x0, 0x0, 0x0,
    0xf, 0xff, 0x0, 0x0, 0x0, 0x0, 0xf, 0xff,

    /* U+0072 "r" */
    0xaf, 0xf4, 0x7e, 0xf7, 0xaf, 0xfc, 0xff, 0xf8,
    0xaf, 0xff, 0xfd, 0xb6, 0xaf, 0xff, 0x40, 0x0,
    0xaf, 0xf9, 0x0, 0x0, 0xaf, 0xf5, 0x0, 0x0,
    0xaf, 0xf4, 0x0, 0x0, 0xaf, 0xf4, 0x0, 0x0,
    0xaf, 0xf4, 0x0, 0x0, 0xaf, 0xf4, 0x0, 0x0,
    0xaf, 0xf4, 0x0, 0x0, 0xaf, 0xf4, 0x0, 0x0,

    /* U+0073 "s" */
    0x1, 0x9e, 0xfe, 0xb4, 0x0, 0x1e, 0xff, 0xff,
    0xff, 0x60, 0x9f, 0xf8, 0x35, 0xef, 0xf0, 0xbf,
    0xf0, 0x0, 0x48, 0x82, 0x9f, 0xfc, 0x73, 0x0,
    0x0, 0x1d, 0xff, 0xff, 0xe9, 0x10, 0x0, 0x6c,
    0xff, 0xff, 0xe1, 0x0, 0x0, 0x3, 0xaf, 0xf8,
    0xbd, 0xc0, 0x0, 0x1f, 0xf9, 0x8f, 0xfc, 0x54,
    0xbf, 0xf6, 0xc, 0xff, 0xff, 0xff, 0xc0, 0x0,
    0x7d, 0xff, 0xd7, 0x0,

    /* U+0074 "t" */
    0x0, 0x5f, 0xf9, 0x0, 0x0, 0x5, 0xff, 0x90,
    0x0, 0x0, 0x5f, 0xf9, 0x0, 0x5, 0xff, 0xff,
    0xff, 0xf3, 0x5f, 0xff, 0xff, 0xff, 0x31, 0x69,
    0xff, 0xc6, 0x61, 0x0, 0x5f, 0xf9, 0x0, 0x0,
    0x5, 0xff, 0x90, 0x0, 0x0, 0x5f, 0xf9, 0x0,
    0x0, 0x5, 0xff, 0x90, 0x0, 0x0, 0x5f, 0xf9,
    0x0, 0x0, 0x4, 0xff, 0xb0, 0x0, 0x0, 0x1f,
    0xff, 0x96, 0x30, 0x0, 0xaf, 0xff, 0xf8, 0x0,
    0x0, 0x8e, 0xff, 0x60,

    /* U+0075 "u" */
    0xaf, 0xf4, 0x0, 0x8, 0xff, 0x6a, 0xff, 0x40,
    0x0, 0x8f, 0xf6, 0xaf, 0xf4, 0x0, 0x8, 0xff,
    0x6a, 0xff, 0x40, 0x0, 0x8f, 0xf6, 0xaf, 0xf4,
    0x0, 0x8, 0xff, 0x6a, 0xff, 0x40, 0x0, 0x8f,
    0xf6, 0xaf, 0xf4, 0x0, 0x8, 0xff, 0x6a, 0xff,
    0x40, 0x0, 0xaf, 0xf6, 0x9f, 0xf8, 0x0, 0x1e,
    0xff, 0x66, 0xff, 0xf9, 0x7d, 0xff, 0xf6, 0xd,
    0xff, 0xff, 0xea, 0xff, 0x60, 0x2b, 0xff, 0xb2,
    0x8f, 0xf6,

    /* U+0076 "v" */
    0x3f, 0xfb, 0x0, 0x0, 0xc, 0xff, 0x20, 0xdf,
    0xf1, 0x0, 0x2, 0xff, 0xc0, 0x8, 0xff, 0x60,
    0x0, 0x7f, 0xf6, 0x0, 0x2f, 0xfc, 0x0, 0xc,
    0xff, 0x10, 0x0, 0xcf, 0xf1, 0x2, 0xff, 0xb0,
    0x0, 0x6, 0xff, 0x70, 0x7f, 0xf5, 0x0, 0x0,
    0x1f, 0xfc, 0xd, 0xff, 0x0, 0x0, 0x0, 0xbf,
    0xf4, 0xff, 0x90, 0x0, 0x0, 0x5, 0xff, 0xef,
    0xf4, 0x0, 0x0, 0x0, 0xf, 0xff, 0xfe, 0x0,
    0x0, 0x0, 0x0, 0x9f, 0xff, 0x80, 0x0, 0x0,
    0x0, 0x4, 0xff, 0xf2, 0x0, 0x0,

    /* U+0077 "w" */
    0x4f, 0xfa, 0x0, 0x0, 0xcf, 0xf2, 0x0, 0x5,
    0xff, 0x90, 0xef, 0xe0, 0x0, 0x1f, 0xff, 0x70,
    0x0, 0x9f, 0xf4, 0xa, 0xff, 0x30, 0x6, 0xff,
    0xfc, 0x0, 0xe, 0xff, 0x0, 0x5f, 0xf8, 0x0,
    0xbf, 0xff, 0xf1, 0x2, 0xff, 0xa0, 0x0, 0xff,
    0xc0, 0xf, 0xfe, 0xff, 0x50, 0x7f, 0xf5, 0x0,
    0xb, 0xff, 0x15, 0xff, 0x5f, 0xfa, 0xb, 0xff,
    0x10, 0x0, 0x6f, 0xf5, 0x9f, 0xf0, 0xaf, 0xf1,
    0xff, 0xc0, 0x0, 0x1, 0xff, 0xae, 0xfb, 0x6,
    0xff, 0x9f, 0xf7, 0x0, 0x0, 0xd, 0xff, 0xff,
    0x60, 0x1f, 0xff, 0xff, 0x20, 0x0, 0x0, 0x8f,
    0xff, 0xf2, 0x0, 0xcf, 0xff, 0xd0, 0x0, 0x0,
    0x3, 0xff, 0xfd, 0x0, 0x7, 0xff, 0xf8, 0x0,
    0x0, 0x0, 0xe, 0xff, 0x80, 0x0, 0x2f, 0xff,
    0x30, 0x0,

    /* U+0078 "x" */
    0xc, 0xff, 0x40, 0x0, 0x3f, 0xfc, 0x0, 0x3f,
    0xfd, 0x0, 0xd, 0xff, 0x30, 0x0, 0x9f, 0xf7,
    0x7, 0xff, 0x90, 0x0, 0x1, 0xef, 0xf3, 0xff,
    0xe0, 0x0, 0x0, 0x6, 0xff, 0xff, 0xf5, 0x0,
    0x0, 0x0, 0xc, 0xff, 0xfb, 0x0, 0x0, 0x0,
    0x0, 0xcf, 0xff, 0xa0, 0x0, 0x0, 0x0, 0x5f,
    0xff, 0xff, 0x40, 0x0, 0x0, 0x1e, 0xff, 0x3f,
    0xfe, 0x0, 0x0, 0x9, 0xff, 0x70, 0x7f, 0xf8,
    0x0, 0x3, 0xff, 0xd0, 0x0, 0xdf, 0xf3, 0x0,
    0xcf, 0xf4, 0x0, 0x4, 0xff, 0xc0,

    /* U+0079 "y" */
    0x2f, 0xfd, 0x0, 0x0, 0xb, 0xff, 0x30, 0xcf,
    0xf2, 0x0, 0x1, 0xff, 0xd0, 0x6, 0xff, 0x80,
    0x0, 0x6f, 0xf8, 0x0, 0xf, 0xfe, 0x0, 0xc,
    0xff, 0x20, 0x0, 0xaf, 0xf3, 0x1, 0xff, 0xc0,
    0x0, 0x4, 0xff, 0x90, 0x7f, 0xf6, 0x0, 0x0,
    0xe, 0xfe, 0xc, 0xff, 0x0, 0x0, 0x0, 0x8f,
    0xf6, 0xff, 0xa0, 0x0, 0x0, 0x2, 0xff, 0xff,
    0xf4, 0x0, 0x0, 0x0, 0xc, 0xff, 0xfd, 0x0,
    0x0, 0x0, 0x0, 0x6f, 0xff, 0x80, 0x0, 0x0,
    0x0, 0x1, 0xff, 0xf2, 0x0, 0x0, 0x0, 0x0,
    0x6f, 0xfa, 0x0, 0x0, 0x1, 0x77, 0xbf, 0xff,
    0x20, 0x0, 0x0, 0x2f, 0xff, 0xff, 0x40, 0x0,
    0x0, 0x2, 0xff, 0xe9, 0x20, 0x0, 0x0, 0x0,

    /* U+007A "z" */
    0xc, 0xff, 0xff, 0xff, 0xff, 0xa0, 0xcf, 0xff,
    0xff, 0xff, 0xfa, 0x4, 0x55, 0x55, 0x7f, 0xff,
    0x40, 0x0, 0x0, 0xc, 0xff, 0x70, 0x0, 0x0,
    0x9, 0xff, 0xa0, 0x0, 0x0, 0x6, 0xff, 0xd0,
    0x0, 0x0, 0x4, 0xff, 0xe1, 0x0, 0x0, 0x1,
    0xef, 0xf3, 0x0, 0x0, 0x0, 0xcf, 0xf6, 0x0,
    0x0, 0x0, 0xaf, 0xfd, 0x55, 0x55, 0x53, 0xf,
    0xff, 0xff, 0xff, 0xff, 0xa0, 0xff, 0xff, 0xff,
    0xff, 0xfa,

    /* U+007B "{" */
    0x0, 0x0, 0x5, 0x88, 0x82, 0x0, 0x2, 0xef,
    0xff, 0xf4, 0x0, 0xb, 0xff, 0xff, 0xf4, 0x0,
    0xf, 0xff, 0x30, 0x0, 0x0, 0x2f, 0xfd, 0x0,
    0x0, 0x0, 0x2f, 0xfd, 0x0, 0x0, 0x0, 0x2f,
    0xfd, 0x0, 0x0, 0x0, 0x2f, 0xfd, 0x0, 0x0,
    0x0, 0x2f, 0xfd, 0x0, 0x0, 0x0, 0x2f, 0xfd,
    0x0, 0x0, 0x0, 0x7f, 0xfb, 0x0, 0x0, 0x7f,
    0xff, 0xf4, 0x0, 0x0, 0x7f, 0xff, 0x90, 0x0,
    0x0, 0x38, 0xdf, 0xf9, 0x0, 0x0, 0x0, 0x3f,
    0xfd, 0x0, 0x0, 0x0, 0x2f, 0xfd, 0x0, 0x0,
    0x0, 0x2f, 0xfd, 0x0, 0x0, 0x0, 0x2f, 0xfd,
    0x0, 0x0, 0x0, 0x2f, 0xfd, 0x0, 0x0, 0x0,
    0x2f, 0xfd, 0x0, 0x0, 0x0, 0x1f, 0xfe, 0x0,
    0x0, 0x0, 0xe, 0xff, 0xb8, 0x82, 0x0, 0x6,
    0xff, 0xff, 0xf4, 0x0, 0x0, 0x6c, 0xff, 0xf4,

    /* U+007C "|" */
    0x48, 0x79, 0xff, 0x9f, 0xf9, 0xff, 0x9f, 0xf9,
    0xff, 0x9f, 0xf9, 0xff, 0x9f, 0xf9, 0xff, 0x9f,
    0xf9, 0xff, 0x9f, 0xf9, 0xff, 0x9f, 0xf9, 0xff,
    0x9f, 0xf9, 0xff, 0x9f, 0xf9, 0xff, 0x9f, 0xf9,
    0xff, 0x9f, 0xf9, 0xff, 0x9f, 0xf9, 0xff, 0x9f,
    0xf0,

    /* U+007D "}" */
    0x18, 0x88, 0x61, 0x0, 0x0, 0x2f, 0xff, 0xfe,
    0x30, 0x0, 0x2f, 0xff, 0xff, 0xd0, 0x0, 0x0,
    0x2, 0xef, 0xf2, 0x0, 0x0, 0x0, 0xbf, 0xf4,
    0x0, 0x0, 0x0, 0xbf, 0xf4, 0x0, 0x0, 0x0,
    0xbf, 0xf4, 0x0, 0x0, 0x0, 0xbf, 0xf4, 0x0,
    0x0, 0x0, 0xbf, 0xf4, 0x0, 0x0, 0x0, 0xaf,
    0xf4, 0x0, 0x0, 0x0, 0x9f, 0xf9, 0x0, 0x0,
    0x0, 0x2e, 0xff, 0xfa, 0x0, 0x0, 0x7, 0xff,
    0xfa, 0x0, 0x0, 0x6f, 0xfe, 0x85, 0x0, 0x0,
    0xaf, 0xf6, 0x0, 0x0, 0x0, 0xbf, 0xf4, 0x0,
    0x0, 0x0, 0xbf, 0xf4, 0x0, 0x0, 0x0, 0xbf,
    0xf4, 0x0, 0x0, 0x0, 0xbf, 0xf4, 0x0, 0x0,
    0x0, 0xbf, 0xf4, 0x0, 0x0, 0x0, 0xcf, 0xf4,
    0x0, 0x18, 0x8a, 0xff, 0xf1, 0x0, 0x2f, 0xff,
    0xff, 0x90, 0x0, 0x2f, 0xff, 0xd7, 0x0, 0x0,

    /* U+007E "~" */
    0x9, 0xfd, 0x60, 0x9f, 0x14, 0xfe, 0xff, 0xef,
    0xe0, 0x7f, 0x31, 0x9e, 0xe5, 0x0,

    /* U+00A0 " " */

    /* U+00A1 "¡" */
    0x9, 0xf9, 0x1, 0xff, 0xf1, 0xd, 0xfd, 0x0,
    0x4, 0x0, 0x0, 0x0, 0x0, 0xcf, 0xb0, 0xc,
    0xfc, 0x0, 0xdf, 0xc0, 0xd, 0xfd, 0x0, 0xdf,
    0xd0, 0xe, 0xfe, 0x0, 0xef, 0xe0, 0xf, 0xff,
    0x0, 0xff, 0xf0, 0xf, 0xff, 0x0, 0xff, 0xf0,
    0xc, 0xcc, 0x0,

    /* U+00A2 "¢" */
    0x0, 0x0, 0xc, 0xd0, 0x0, 0x0, 0x0, 0x0,
    0xd, 0xf0, 0x0, 0x0, 0x0, 0x7, 0xcf, 0xfe,
    0x92, 0x0, 0x1, 0xdf, 0xff, 0xff, 0xff, 0x30,
    0xc, 0xff, 0xdf, 0xfb, 0xff, 0xd0, 0x4f, 0xfd,
    0xd, 0xf0, 0x9f, 0xf4, 0x9f, 0xf6, 0xd, 0xf0,
    0x16, 0x63, 0xcf, 0xf2, 0xd, 0xf0, 0x0, 0x0,
    0xcf, 0xf2, 0xd, 0xf0, 0x0, 0x0, 0xaf, 0xf5,
    0xd, 0xf0, 0x4, 0x42, 0x5f, 0xfc, 0xd, 0xf0,
    0x8f, 0xf5, 0xd, 0xff, 0xce, 0xf9, 0xff, 0xe0,
    0x2, 0xef, 0xff, 0xff, 0xff, 0x40, 0x0, 0x19,
    0xef, 0xff, 0xc3, 0x0, 0x0, 0x0, 0xd, 0xf0,
    0x0, 0x0, 0x0, 0x0, 0xd, 0xf0, 0x0, 0x0,

    /* U+00A3 "£" */
    0x0, 0x0, 0x7b, 0xef, 0xfd, 0xb1, 0x0, 0x3e,
    0xff, 0xff, 0xff, 0xf2, 0x1, 0xff, 0xff, 0xca,
    0xab, 0xe1, 0x8, 0xff, 0xd2, 0x0, 0x0, 0x0,
    0xa, 0xff, 0x40, 0x0, 0x0, 0x0, 0xa, 0xff,
    0x40, 0x0, 0x0, 0x0, 0x5, 0xff, 0x90, 0x0,
    0x0, 0x0, 0x12, 0xdf, 0xf4, 0x22, 0x21, 0x0,
    0xaf, 0xff, 0xff, 0xff, 0xfc, 0x0, 0x35, 0x5a,
    0xff, 0x75, 0x54, 0x0, 0x0, 0x4, 0xff, 0x30,
    0x0, 0x0, 0x0, 0x7, 0xff, 0x10, 0x0, 0x0,
    0x0, 0x3f, 0xf7, 0x0, 0x0, 0x0, 0x4b, 0xff,
    0xd8, 0x88, 0x88, 0x86, 0x7f, 0xff, 0xff, 0xff,
    0xff, 0xfc, 0x7f, 0xff, 0xff, 0xff, 0xff, 0xfc,

    /* U+00A4 "¤" */
    0x0, 0x0, 0x0, 0x0, 0x0, 0x0, 0x3, 0xc1,
    0x0, 0x0, 0x0, 0xb, 0x40, 0x9f, 0xd5, 0xcf,
    0xfd, 0x7b, 0xfb, 0x0, 0xaf, 0xff, 0xff, 0xff,
    0xfc, 0x0, 0x3, 0xff, 0x81, 0x6, 0xff, 0x60,
    0x0, 0xaf, 0x90, 0x0, 0x6, 0xfd, 0x0, 0xd,
    0xf3, 0x0, 0x0, 0xf, 0xf0, 0x0, 0xcf, 0x30,
    0x0, 0x0, 0xff, 0x0, 0x9, 0xfa, 0x0, 0x0,
    0x7f, 0xd0, 0x0, 0x3f, 0xfa, 0x32, 0x8f, 0xf6,
    0x0, 0xb, 0xff, 0xff, 0xff, 0xff, 0xc1, 0x9,
    0xfd, 0x4a, 0xef, 0xc5, 0xbf, 0xb0, 0x2b, 0x10,
    0x0, 0x0, 0x0, 0xb4, 0x0,

    /* U+00A5 "¥" */
    0x3f, 0xff, 0x10, 0x0, 0x0, 0xa, 0xff, 0xa0,
    0xaf, 0xf8, 0x0, 0x0, 0x2, 0xff, 0xf1, 0x2,
    0xff, 0xf1, 0x0, 0x0, 0xaf, 0xf8, 0x0, 0x9,
    0xff, 0x90, 0x0, 0x3f, 0xfe, 0x10, 0x0, 0x1f,
    0xff, 0x20, 0xb, 0xff, 0x70, 0x0, 0x0, 0x7f,
    0xfa, 0x4, 0xff, 0xd0, 0x0, 0x0, 0x0, 0xef,
    0xf3, 0xcf, 0xf5, 0x0, 0x0, 0xf, 0xff, 0xff,
    0xef, 0xff, 0xff, 0x60, 0x0, 0xbb, 0xbe, 0xff,
    0xff, 0xbb, 0xb4, 0x0, 0x0, 0x0, 0x3f, 0xff,
    0xa0, 0x0, 0x0, 0x0, 0xff, 0xff, 0xff, 0xff,
    0xff, 0xf6, 0x0, 0xb, 0xbb, 0xbf, 0xff, 0xcb,
    0xbb, 0x40, 0x0, 0x0, 0x0, 0xcf, 0xf3, 0x0,
    0x0, 0x0, 0x0, 0x0, 0xc, 0xff, 0x30, 0x0,
    0x0, 0x0, 0x0, 0x0, 0xcf, 0xf3, 0x0, 0x0,
    0x0, 0x0, 0x0, 0xc, 0xff, 0x30, 0x0, 0x0,

    /* U+00A6 "¦" */
    0x8e, 0xd9, 0xff, 0x9f, 0xf9, 0xff, 0x9f, 0xf9,
    0xff, 0x9f, 0xf9, 0xff, 0x9f, 0xf9, 0xff, 0x9f,
    0xf9, 0xff, 0x0, 0x0, 0x0, 0x0, 0x0, 0x0,
    0x8e, 0xd9, 0xff, 0x9f, 0xf9, 0xff, 0x9f, 0xf9,
    0xff, 0x9f, 0xf9, 0xff, 0x9f, 0xf9, 0xff, 0x9f,
    0xf0,

    /* U+00A7 "§" */
    0x0, 0x0, 0x4a, 0xef, 0xec, 0x70, 0x0, 0x0,
    0x0, 0xaf, 0xff, 0xff, 0xff, 0xd2, 0x0, 0x0,
    0x8f, 0xff, 0xa7, 0x9e, 0xff, 0xd0, 0x0, 0xf,
    0xff, 0x30, 0x0, 0xd, 0xff, 0x50, 0x2, 0xff,
    0xc0, 0x0, 0x0, 0x5f, 0xf9, 0x0, 0x1f, 0xfe,
    0x0, 0x0, 0x0, 0x0, 0x0, 0x0, 0xdf, 0xfd,
    0x51, 0x0, 0x0, 0x0, 0x0, 0x3, 0xff, 0xff,
    0xfe, 0xa6, 0x10, 0x0, 0x0, 0x6, 0xff, 0xff,
    0xff, 0xff, 0xa1, 0x0, 0x1c, 0xff, 0xb9, 0xbf,
    0xff, 0xff, 0xd0, 0xa, 0xff, 0x40, 0x0, 0x2,
    0x8f, 0xff, 0x60, 0xff, 0xe0, 0x0, 0x0, 0x0,
    0x8f, 0xf9, 0xf, 0xff, 0x40, 0x0, 0x0, 0x5,
    0xff, 0x80, 0xbf, 0xff, 0xa5, 0x20, 0x2, 0xdf,
    0xf2, 0x2, 0xef, 0xff, 0xff, 0xed, 0xff, 0xd4,
    0x0, 0x1, 0x9f, 0xff, 0xff, 0xff, 0xe4, 0x0,
    0x0, 0x0, 0x4, 0x8b, 0xef, 0xff, 0xf5, 0x0,
    0x0, 0x0, 0x0, 0x0, 0x2b, 0xff, 0xe0, 0x3,
    0x55, 0x20, 0x0, 0x0, 0xe, 0xff, 0x10, 0x6f,
    0xfa, 0x0, 0x0, 0x0, 0xef, 0xf1, 0x1, 0xff,
    0xf5, 0x0, 0x0, 0x5f, 0xfe, 0x0, 0x8, 0xff,
    0xfb, 0x88, 0xbf, 0xff, 0x60, 0x0, 0x9, 0xff,
    0xff, 0xff, 0xff, 0x80, 0x0, 0x0, 0x3, 0xad,
    0xff, 0xd9, 0x30, 0x0,

    /* U+00A8 "¨" */
    0x1, 0x51, 0x0, 0x25, 0x0, 0xd, 0xff, 0x12,
    0xff, 0xb0, 0x1f, 0xff, 0x35, 0xff, 0xf0, 0x9,
    0xfb, 0x0, 0xcf, 0x70,

    /* U+00A9 "©" */
    0x0, 0x0, 0x4, 0xad, 0xff, 0xd9, 0x30, 0x0,
    0x0, 0x0, 0x1b, 0xff, 0xfe, 0xef, 0xff, 0xa0,
    0x0, 0x0, 0x1d, 0xfd, 0x40, 0x0, 0x6, 0xef,
    0xc0, 0x0, 0xb, 0xfa, 0x1, 0x8b, 0xca, 0x31,
    0xcf, 0x90, 0x4, 0xfd, 0x2, 0xef, 0xff, 0xff,
    0x31, 0xff, 0x10, 0xaf, 0x50, 0xbf, 0xc2, 0x9,
    0xfd, 0x8, 0xf7, 0xd, 0xf1, 0x2f, 0xf2, 0x0,
    0xa, 0xa1, 0x3f, 0xb0, 0xfe, 0x4, 0xfe, 0x0,
    0x0, 0x0, 0x1, 0xfd, 0xf, 0xe0, 0x4f, 0xe0,
    0x0, 0x0, 0x0, 0x1f, 0xd0, 0xdf, 0x12, 0xff,
    0x20, 0x0, 0xaa, 0x13, 0xfb, 0xa, 0xf5, 0xb,
    0xfc, 0x20, 0x9f, 0xd0, 0x8f, 0x70, 0x4f, 0xd0,
    0x2e, 0xff, 0xff, 0xf3, 0x1f, 0xf1, 0x0, 0xbf,
    0xa0, 0x18, 0xbc, 0xa3, 0x1c, 0xf9, 0x0, 0x1,
    0xdf, 0xc4, 0x0, 0x0, 0x5e, 0xfc, 0x0, 0x0,
    0x1, 0xcf, 0xff, 0xee, 0xff, 0xfa, 0x0, 0x0,
    0x0, 0x0, 0x4a, 0xdf, 0xfd, 0x93, 0x0, 0x0,

    /* U+00AA "ª" */
    0x1, 0x8b, 0xa5, 0x0, 0x1e, 0xff, 0xff, 0x70,
    0x6d, 0xa1, 0x8f, 0xe0, 0x1, 0x69, 0xcf, 0xf0,
    0x4f, 0xfd, 0xcf, 0xf0, 0xbf, 0x80, 0x6f, 0xf0,
    0xaf, 0xd9, 0xff, 0xf0, 0x2c, 0xfd, 0x7f, 0xf0,

    /* U+00AB "«" */
    0x0, 0x0, 0x1d, 0xff, 0x40, 0xc, 0xff, 0x40,
    0x0, 0x1c, 0xff, 0x40, 0xc, 0xff, 0x50, 0x0,
    0x1c, 0xff, 0x40, 0xc, 0xff, 0x50, 0x0, 0xc,
    0xff, 0x40, 0xc, 0xff, 0x50, 0x0, 0xc, 0xff,
    0x50, 0xc, 0xff, 0x60, 0x0, 0x0, 0x7f, 0xfa,
    0x0, 0x6f, 0xfb, 0x0, 0x0, 0x0, 0x7f, 0xfa,
    0x0, 0x7f, 0xfb, 0x0, 0x0, 0x0, 0x8f, 0xf9,
    0x0, 0x7f, 0xfa, 0x0, 0x0, 0x0, 0x8f, 0xf9,
    0x0, 0x7f, 0xfa, 0x0, 0x0, 0x0, 0x7a, 0xa4,
    0x0, 0x6a, 0xa4,

    /* U+00AC "¬" */
    0x3f, 0xff, 0xff, 0xff, 0xff, 0xfa, 0x3f, 0xff,
    0xff, 0xff, 0xff, 0xfa, 0x15, 0x55, 0x55, 0x55,
    0x5c, 0xfa, 0x0, 0x0, 0x0, 0x0, 0xa, 0xfa,
    0x0, 0x0, 0x0, 0x0, 0xa, 0xfa, 0x0, 0x0,
    0x0, 0x0, 0x9, 0xd9,

    /* U+00AD "­" */
    0x26, 0x66, 0x66, 0x66, 0x46, 0xff, 0xff, 0xff,
    0xfc, 0x6f, 0xff, 0xff, 0xff, 0xc0,

    /* U+00AE "®" */
    0x0, 0x4b, 0xdd, 0x91, 0x0, 0x6c, 0x20, 0x7,
    0xd0, 0xe, 0x1d, 0xfd, 0x38, 0x73, 0xb0, 0xe3,
    0x99, 0x3b, 0x3b, 0xe, 0xff, 0x33, 0xb0, 0xe1,
    0xe4, 0xe4, 0x87, 0x6, 0xc5, 0x2, 0x8d, 0x0,
    0x5, 0xce, 0xd9, 0x10,

    /* U+00AF "¯" */
    0x7e, 0xee, 0xee, 0xe7, 0x8f, 0xff, 0xff, 0xf8,

    /* U+00B0 "°" */
    0x0, 0x0, 0x0, 0x0, 0x0, 0x1b, 0xff, 0xd4,
    0x0, 0x1e, 0xff, 0xff, 0xf5, 0x8, 0xfd, 0x21,
    0x9f, 0xe0, 0xcf, 0x50, 0x0, 0xef, 0x2b, 0xf5,
    0x0, 0xf, 0xf2, 0x7f, 0xe4, 0x2a, 0xfd, 0x0,
    0xdf, 0xff, 0xff, 0x40, 0x1, 0x9e, 0xfb, 0x30,
    0x0,

    /* U+00B1 "±" */
    0x0, 0x0, 0xef, 0x70, 0x0, 0x0, 0x0, 0xef,
    0x70, 0x0, 0x0, 0x0, 0xef, 0x70, 0x0, 0x2f,
    0xff, 0xff, 0xff, 0xfb, 0x2f, 0xff, 0xff, 0xff,
    0xfb, 0x6, 0x66, 0xff, 0xa6, 0x64, 0x0, 0x0,
    0xef, 0x70, 0x0, 0x0, 0x0, 0xef, 0x70, 0x0,
    0x0, 0x0, 0xef, 0x70, 0x0, 0x0, 0x0, 0x0,
    0x0, 0x0, 0x4b, 0xbb, 0xbb, 0xbb, 0xba, 0x6f,
    0xff, 0xff, 0xff, 0xff,

    /* U+00B2 "²" */
    0x3, 0xbf, 0xfb, 0x20, 0x2f, 0xff, 0xff, 0xe1,
    0x8f, 0xe2, 0x4f, 0xf6, 0x24, 0x30, 0x1f, 0xf5,
    0x0, 0x1, 0xcf, 0xd0, 0x0, 0x3e, 0xfc, 0x10,
    0x7, 0xff, 0x81, 0x0, 0x7f, 0xff, 0xff, 0xf9,
    0x9f, 0xff, 0xff, 0xf9,

    /* U+00B3 "³" */
    0x2, 0xbf, 0xfc, 0x50, 0xe, 0xff, 0xff, 0xf4,
    0x3b, 0xa0, 0xe, 0xf7, 0x0, 0x1b, 0xdf, 0xd1,
    0x0, 0x2f, 0xff, 0xa0, 0x12, 0x10, 0x1e, 0xf8,
    0x7f, 0xd0, 0x1e, 0xfa, 0x1f, 0xff, 0xff, 0xf4,
    0x3, 0xbf, 0xfc, 0x50,

    /* U+00B4 "´" */
    0x1, 0xff, 0xa0, 0x8f, 0xf1, 0xe, 0xf7, 0x7,
    0xfd, 0x0,

    /* U+00B5 "µ" */
    0xf, 0xfe, 0x0, 0x0, 0xef, 0xf0, 0x0, 0xf,
    0xfe, 0x0, 0x0, 0xef, 0xf0, 0x0, 0xf, 0xfe,
    0x0, 0x0, 0xef, 0xf0, 0x0, 0xf, 0xfe, 0x0,
    0x0, 0xef, 0xf0, 0x0, 0xf, 0xfe, 0x0, 0x0,
    0xef, 0xf0, 0x0, 0xf, 0xfe, 0x0, 0x0, 0xef,
    0xf0, 0x0, 0xf, 0xfe, 0x0, 0x0, 0xef, 0xf0,
    0x0, 0xf, 0xfe, 0x0, 0x0, 0xff, 0xf0, 0x0,
    0xf, 0xff, 0x20, 0x5, 0xff, 0xf2, 0x0, 0xf,
    0xff, 0xd7, 0x9f, 0xff, 0xfc, 0x72, 0xf, 0xff,
    0xff, 0xff, 0x6f, 0xff, 0xf6, 0xf, 0xfa, 0xdf,
    0xd4, 0x4, 0xcf, 0xf5, 0xf, 0xfa, 0x0, 0x0,
    0x0, 0x0, 0x0, 0xf, 0xfc, 0x0, 0x0, 0x0,
    0x0, 0x0, 0xf, 0xfd, 0x0, 0x0, 0x0, 0x0,
    0x0, 0xf, 0xfe, 0x0, 0x0, 0x0, 0x0, 0x0,

    /* U+00B6 "¶" */
    0x0, 0x27, 0x99, 0x99, 0x99, 0x90, 0x8f, 0xff,
    0xff, 0xff, 0xff, 0x5f, 0xff, 0xff, 0xff, 0xff,
    0xfc, 0xff, 0xff, 0xff, 0xa0, 0xdf, 0xef, 0xff,
    0xff, 0xfa, 0xd, 0xfd, 0xff, 0xff, 0xff, 0xa0,
    0xdf, 0x8f, 0xff, 0xff, 0xfa, 0xd, 0xf1, 0xdf,
    0xff, 0xff, 0xa0, 0xdf, 0x1, 0x8c, 0xde, 0xfa,
    0xd, 0xf0, 0x0, 0x0, 0x2f, 0xa0, 0xdf, 0x0,
    0x0, 0x2, 0xfa, 0xd, 0xf0, 0x0, 0x0, 0x2f,
    0xa0, 0xdf, 0x0, 0x0, 0x2, 0xfa, 0xd, 0xf0,
    0x0, 0x0, 0x2f, 0xa0, 0xdf, 0x0, 0x0, 0x2,
    0xfa, 0xd, 0xf0, 0x0, 0x0, 0x2f, 0xa0, 0xdf,

    /* U+00B7 "·" */
    0x2, 0x73, 0x0, 0xef, 0xf1, 0x1f, 0xff, 0x30,
    0x9f, 0xa0,

    /* U+00B8 "¸" */
    0x2, 0xfc, 0x0, 0xb, 0xfb, 0x70, 0xc, 0xfe,
    0xfa, 0x0, 0x0, 0xfe, 0xb, 0xad, 0xfa, 0xe,
    0xfe, 0x91,

    /* U+00B9 "¹" */
    0x0, 0x1c, 0xf1, 0xa, 0xff, 0xf1, 0x1e, 0xff,
    0xf1, 0x0, 0x3f, 0xf1, 0x0, 0x3f, 0xf1, 0x0,
    0x3f, 0xf1, 0x0, 0x3f, 0xf1, 0x0, 0x3f, 0xf1,
    0x0, 0x3f, 0xf1,

    /* U+00BA "º" */
    0x1, 0x9d, 0xd9, 0x10, 0xd, 0xff, 0xff, 0xe1,
    0x8f, 0xe2, 0x2e, 0xf8, 0xcf, 0x80, 0x8, 0xfc,
    0xcf, 0x80, 0x7, 0xfc, 0x8f, 0xd1, 0x1d, 0xf9,
    0x1e, 0xff, 0xff, 0xe1, 0x2, 0xbf, 0xfb, 0x20,

    /* U+00BB "»" */
    0xa, 0xff, 0x60, 0x9, 0xff, 0x80, 0x0, 0x0,
    0xa, 0xff, 0x60, 0xa, 0xff, 0x70, 0x0, 0x0,
    0xb, 0xff, 0x60, 0xa, 0xff, 0x70, 0x0, 0x0,
    0xb, 0xff, 0x60, 0xa, 0xff, 0x70, 0x0, 0x0,
    0xc, 0xff, 0x60, 0xb, 0xff, 0x60, 0x0, 0x3,
    0xff, 0xe2, 0x2, 0xef, 0xe2, 0x0, 0x2, 0xef,
    0xe2, 0x2, 0xef, 0xe2, 0x0, 0x2, 0xef, 0xe2,
    0x2, 0xef, 0xe3, 0x0, 0x2, 0xef, 0xe2, 0x1,
    0xef, 0xe3, 0x0, 0x0, 0x8a, 0xa2, 0x0, 0x8a,
    0xa3, 0x0, 0x0,

    /* U+00BC "¼" */
    0x3, 0xec, 0x0, 0x0, 0x0, 0x0, 0xdf, 0x70,
    0x0, 0xa, 0xff, 0xc0, 0x0, 0x0, 0x0, 0x7f,
    0xd0, 0x0, 0x0, 0x6a, 0xfc, 0x0, 0x0, 0x0,
    0x1f, 0xf4, 0x0, 0x0, 0x0, 0x4f, 0xc0, 0x0,
    0x0, 0xa, 0xfa, 0x0, 0x0, 0x0, 0x4, 0xfc,
    0x0, 0x0, 0x3, 0xff, 0x10, 0x0, 0x0, 0x0,
    0x4f, 0xc0, 0x0, 0x0, 0xdf, 0x70, 0x0, 0x0,
    0x0, 0x4, 0xfc, 0x0, 0x0, 0x7f, 0xd0, 0x0,
    0x0, 0x0, 0x0, 0x3c, 0x90, 0x0, 0x1f, 0xf4,
    0x0, 0x0, 0x11, 0x10, 0x0, 0x0, 0x0, 0xa,
    0xfa, 0x0, 0x0, 0x4f, 0xfc, 0x0, 0x0, 0x0,
    0x3, 0xff, 0x10, 0x0, 0x1e, 0xff, 0xc0, 0x0,
    0x0, 0x0, 0xdf, 0x70, 0x0, 0xa, 0xf9, 0xfc,
    0x0, 0x0, 0x0, 0x6f, 0xd0, 0x0, 0x4, 0xf9,
    0x5f, 0xc0, 0x0, 0x0, 0x1e, 0xf4, 0x0, 0x0,
    0xef, 0xab, 0xfe, 0x80, 0x0, 0x9, 0xfa, 0x0,
    0x0, 0xf, 0xff, 0xff, 0xfd, 0x0, 0x3, 0xff,
    0x10, 0x0, 0x0, 0x0, 0x5, 0xfc, 0x0, 0x0,
    0x58, 0x50, 0x0, 0x0, 0x0, 0x0, 0x28, 0x60,

    /* U+00BD "½" */
    0x0, 0x98, 0x0, 0x0, 0x0, 0x0, 0x8a, 0x60,
    0x0, 0x6, 0xef, 0xc0, 0x0, 0x0, 0x0, 0x4f,
    0xf1, 0x0, 0x0, 0xad, 0xfc, 0x0, 0x0, 0x0,
    0xd, 0xf7, 0x0, 0x0, 0x0, 0x4f, 0xc0, 0x0,
    0x0, 0x6, 0xfd, 0x0, 0x0, 0x0, 0x4, 0xfc,
    0x0, 0x0, 0x1, 0xff, 0x40, 0x0, 0x0, 0x0,
    0x4f, 0xc0, 0x0, 0x0, 0x9f, 0xb0, 0x0, 0x0,
    0x0, 0x4, 0xfc, 0x0, 0x0, 0x3f, 0xf2, 0x0,
    0x0, 0x0, 0x0, 0x4f, 0xc0, 0x0, 0xc, 0xf8,
    0x0, 0x0, 0x0, 0x0, 0x0, 0x0, 0x0, 0x6,
    0xfe, 0x0, 0x2, 0xbf, 0xe8, 0x0, 0x0, 0x0,
    0x0, 0xef, 0x50, 0x0, 0xdf, 0xef, 0xf8, 0x0,
    0x0, 0x0, 0x9f, 0xb0, 0x0, 0x2f, 0xd0, 0x5f,
    0xc0, 0x0, 0x0, 0x2f, 0xf2, 0x0, 0x0, 0x0,
    0x9, 0xfa, 0x0, 0x0, 0xb, 0xf8, 0x0, 0x0,
    0x0, 0x9, 0xfe, 0x10, 0x0, 0x5, 0xfe, 0x0,
    0x0, 0x0, 0x1c, 0xfc, 0x10, 0x0, 0x0, 0xef,
    0x50, 0x0, 0x0, 0x1e, 0xff, 0xbb, 0xa0, 0x0,
    0x8f, 0xc0, 0x0, 0x0, 0x3, 0xff, 0xff, 0xfe,

    /* U+00BE "¾" */
    0x2, 0xbf, 0xea, 0x10, 0x0, 0x0, 0x0, 0xbc,
    0x30, 0x0, 0x0, 0xcf, 0xbd, 0xfa, 0x0, 0x0,
    0x0, 0x8f, 0xc0, 0x0, 0x0, 0x6, 0x60, 0x5f,
    0xb0, 0x0, 0x0, 0x2f, 0xf2, 0x0, 0x0, 0x0,
    0x0, 0xff, 0xd2, 0x0, 0x0, 0xc, 0xf8, 0x0,
    0x0, 0x0, 0x0, 0x8, 0xbf, 0x80, 0x0, 0x5,
    0xfe, 0x0, 0x0, 0x0, 0x1, 0xdb, 0x14, 0xfe,
    0x0, 0x0, 0xef, 0x50, 0x0, 0x0, 0x0, 0xb,
    0xff, 0xff, 0x80, 0x0, 0x9f, 0xb0, 0x0, 0x0,
    0x0, 0x0, 0x6, 0x99, 0x40, 0x0, 0x3f, 0xf2,
    0x0, 0x1, 0x55, 0x20, 0x0, 0x0, 0x0, 0x0,
    0xc, 0xf8, 0x0, 0x0, 0xaf, 0xf8, 0x0, 0x0,
    0x0, 0x0, 0x6, 0xfd, 0x0, 0x0, 0x4f, 0xff,
    0x80, 0x0, 0x0, 0x0, 0x1, 0xef, 0x40, 0x0,
    0xe, 0xea, 0xf8, 0x0, 0x0, 0x0, 0x0, 0x9f,
    0xb0, 0x0, 0x9, 0xf5, 0x9f, 0x80, 0x0, 0x0,
    0x0, 0x3f, 0xf1, 0x0, 0x2, 0xff, 0x9d, 0xfc,
    0x50, 0x0, 0x0, 0xd, 0xf7, 0x0, 0x0, 0x3f,
    0xff, 0xff, 0xf9, 0x0, 0x0, 0x7, 0xfd, 0x0,
    0x0, 0x0, 0x0, 0x9, 0xf8, 0x0, 0x0, 0x0,
    0x78, 0x30, 0x0, 0x0, 0x0, 0x0, 0x48, 0x40,

    /* U+00BF "¿" */
    0x0, 0x0, 0x5f, 0xc0, 0x0, 0x0, 0x0, 0x0,
    0xdf, 0xf5, 0x0, 0x0, 0x0, 0x0, 0x9f, 0xf2,
    0x0, 0x0, 0x0, 0x0, 0x4, 0x20, 0x0, 0x0,
    0x0, 0x0, 0x35, 0x51, 0x0, 0x0, 0x0, 0x0,
    0xbf, 0xf3, 0x0, 0x0, 0x0, 0x3, 0xff, 0xf0,
    0x0, 0x0, 0x0, 0x5f, 0xff, 0x50, 0x0, 0x0,
    0x7, 0xff, 0xf5, 0x0, 0x0, 0x0, 0x4f, 0xfe,
    0x30, 0x0, 0x0, 0x0, 0xbf, 0xf5, 0x0, 0x0,
    0x23, 0x30, 0xdf, 0xf2, 0x0, 0x0, 0xcf, 0xf1,
    0xbf, 0xf9, 0x0, 0x4, 0xff, 0xe0, 0x4f, 0xff,
    0xda, 0xcf, 0xff, 0x60, 0x8, 0xff, 0xff, 0xff,
    0xf9, 0x0, 0x0, 0x3a, 0xef, 0xea, 0x40, 0x0,

    /* U+00C0 "À" */
    0x0, 0x0, 0xc, 0xfe, 0x0, 0x0, 0x0, 0x0,
    0x0, 0x0, 0x3, 0xff, 0x60, 0x0, 0x0, 0x0,
    0x0, 0x0, 0x0, 0x9f, 0xd0, 0x0, 0x0, 0x0,
    0x0, 0x0, 0x0, 0x1e, 0xf4, 0x0, 0x0, 0x0,
    0x0, 0x0, 0x0, 0x0, 0x0, 0x0, 0x0, 0x0,
    0x0, 0x0, 0x0, 0x0, 0x0, 0x0, 0x0, 0x0,
    0x0, 0x0, 0x0, 0xcf, 0xff, 0x70, 0x0, 0x0,
    0x0, 0x0, 0x2, 0xff, 0xff, 0xc0, 0x0, 0x0,
    0x0, 0x0, 0x8, 0xff, 0xff, 0xf2, 0x0, 0x0,
    0x0, 0x0, 0xd, 0xff, 0xaf, 0xf8, 0x0, 0x0,
    0x0, 0x0, 0x3f, 0xfd, 0x2f, 0xfd, 0x0, 0x0,
    0x0, 0x0, 0x8f, 0xf7, 0xc, 0xff, 0x30, 0x0,
    0x0, 0x0, 0xef, 0xf2, 0x7, 0xff, 0x90, 0x0,
    0x0, 0x4, 0xff, 0xc0, 0x1, 0xff, 0xe0, 0x0,
    0x0, 0x9, 0xff, 0x70, 0x0, 0xcf, 0xf4, 0x0,
    0x0, 0xe, 0xff, 0x10, 0x0, 0x6f, 0xf9, 0x0,
    0x0, 0x4f, 0xff, 0xff, 0xff, 0xff, 0xff, 0x0,
    0x0, 0xaf, 0xff, 0xff, 0xff, 0xff, 0xff, 0x50,
    0x0, 0xff, 0xfa, 0xaa, 0xaa, 0xab, 0xff, 0xa0,
    0x5, 0xff, 0xc0, 0x0, 0x0, 0x1, 0xff, 0xf0,
    0xb, 0xff, 0x60, 0x0, 0x0, 0x0, 0xbf, 0xf6,
    0x1f, 0xff, 0x10, 0x0, 0x0, 0x0, 0x6f, 0xfb,

    /* U+00C1 "Á" */
    0x0, 0x0, 0x0, 0x0, 0x2f, 0xf8, 0x0, 0x0,
    0x0, 0x0, 0x0, 0x0, 0xaf, 0xe0, 0x0, 0x0,
    0x0, 0x0, 0x0, 0x1, 0xff, 0x50, 0x0, 0x0,
    0x0, 0x0, 0x0, 0x8, 0xfc, 0x0, 0x0, 0x0,
    0x0, 0x0, 0x0, 0x0, 0x0, 0x0, 0x0, 0x0,
    0x0, 0x0, 0x0, 0x0, 0x0, 0x0, 0x0, 0x0,
    0x0, 0x0, 0x0, 0xcf, 0xff, 0x70, 0x0, 0x0,
    0x0, 0x0, 0x2, 0xff, 0xff, 0xc0, 0x0, 0x0,
    0x0, 0x0, 0x8, 0xff, 0xff, 0xf2, 0x0, 0x0,
    0x0, 0x0, 0xd, 0xff, 0xaf, 0xf8, 0x0, 0x0,
    0x0, 0x0, 0x3f, 0xfd, 0x2f, 0xfd, 0x0, 0x0,
    0x0, 0x0, 0x8f, 0xf7, 0xc, 0xff, 0x30, 0x0,
    0x0, 0x0, 0xef, 0xf2, 0x7, 0xff, 0x90, 0x0,
    0x0, 0x4, 0xff, 0xc0, 0x1, 0xff, 0xe0, 0x0,
    0x0, 0x9, 0xff, 0x70, 0x0, 0xcf, 0xf4, 0x0,
    0x0, 0xe, 0xff, 0x10, 0x0, 0x6f, 0xf9, 0x0,
    0x0, 0x4f, 0xff, 0xff, 0xff, 0xff, 0xff, 0x0,
    0x0, 0xaf, 0xff, 0xff, 0xff, 0xff, 0xff, 0x50,
    0x0, 0xff, 0xfa, 0xaa, 0xaa, 0xab, 0xff, 0xa0,
    0x5, 0xff, 0xc0, 0x0, 0x0, 0x1, 0xff, 0xf0,
    0xb, 0xff, 0x60, 0x0, 0x0, 0x0, 0xbf, 0xf6,
    0x1f, 0xff, 0x10, 0x0, 0x0, 0x0, 0x6f, 0xfb,

    /* U+00C2 "Â" */
    0x0, 0x0, 0x0, 0x7, 0x85, 0x0, 0x0, 0x0,
    0x0, 0x0, 0x0, 0xaf, 0xff, 0x50, 0x0, 0x0,
    0x0, 0x0, 0x6, 0xfd, 0x5f, 0xf2, 0x0, 0x0,
    0x0, 0x0, 0x3f, 0xf2, 0x7, 0xfd, 0x0, 0x0,
    0x0, 0x0, 0x0, 0x0, 0x0, 0x0, 0x0, 0x0,
    0x0, 0x0, 0x0, 0x0, 0x0, 0x0, 0x0, 0x0,
    0x0, 0x0, 0x0, 0xcf, 0xff, 0x70, 0x0, 0x0,
    0x0, 0x0, 0x2, 0xff, 0xff, 0xc0, 0x0, 0x0,
    0x0, 0x0, 0x8, 0xff, 0xff, 0xf2, 0x0, 0x0,
    0x0, 0x0, 0xd, 0xff, 0xaf, 0xf8, 0x0, 0x0,
    0x0, 0x0, 0x3f, 0xfd, 0x2f, 0xfd, 0x0, 0x0,
    0x0, 0x0, 0x8f, 0xf7, 0xc, 0xff, 0x30, 0x0,
    0x0, 0x0, 0xef, 0xf2, 0x7, 0xff, 0x90, 0x0,
    0x0, 0x4, 0xff, 0xc0, 0x1, 0xff, 0xe0, 0x0,
    0x0, 0x9, 0xff, 0x70, 0x0, 0xcf, 0xf4, 0x0,
    0x0, 0xe, 0xff, 0x10, 0x0, 0x6f, 0xf9, 0x0,
    0x0, 0x4f, 0xff, 0xff, 0xff, 0xff, 0xff, 0x0,
    0x0, 0xaf, 0xff, 0xff, 0xff, 0xff, 0xff, 0x50,
    0x0, 0xff, 0xfa, 0xaa, 0xaa, 0xab, 0xff, 0xa0,
    0x5, 0xff, 0xc0, 0x0, 0x0, 0x1, 0xff, 0xf0,
    0xb, 0xff, 0x60, 0x0, 0x0, 0x0, 0xbf, 0xf6,
    0x1f, 0xff, 0x10, 0x0, 0x0, 0x0, 0x6f, 0xfb,

    /* U+00C3 "Ã" */
    0x0, 0x0, 0x4, 0xcb, 0x20, 0x8d, 0x0, 0x0,
    0x0, 0x0, 0xe, 0xff, 0xe2, 0xce, 0x0, 0x0,
    0x0, 0x0, 0x2f, 0x94, 0xff, 0xfa, 0x0, 0x0,
    0x0, 0x0, 0x3d, 0x50, 0x3c, 0xb1, 0x0, 0x0,
    0x0, 0x0, 0x0, 0x0, 0x0, 0x0, 0x0, 0x0,
    0x0, 0x0, 0x0, 0x0, 0x0, 0x0, 0x0, 0x0,
    0x0, 0x0, 0x0, 0xcf, 0xff, 0x70, 0x0, 0x0,
    0x0, 0x0, 0x2, 0xff, 0xff, 0xc0, 0x0, 0x0,
    0x0, 0x0, 0x8, 0xff, 0xff, 0xf2, 0x0, 0x0,
    0x0, 0x0, 0xd, 0xff, 0xaf, 0xf8, 0x0, 0x0,
    0x0, 0x0, 0x3f, 0xfd, 0x2f, 0xfd, 0x0, 0x0,
    0x0, 0x0, 0x8f, 0xf7, 0xc, 0xff, 0x30, 0x0,
    0x0, 0x0, 0xef, 0xf2, 0x7, 0xff, 0x90, 0x0,
    0x0, 0x4, 0xff, 0xc0, 0x1, 0xff, 0xe0, 0x0,
    0x0, 0x9, 0xff, 0x70, 0x0, 0xcf, 0xf4, 0x0,
    0x0, 0xe, 0xff, 0x10, 0x0, 0x6f, 0xf9, 0x0,
    0x0, 0x4f, 0xff, 0xff, 0xff, 0xff, 0xff, 0x0,
    0x0, 0xaf, 0xff, 0xff, 0xff, 0xff, 0xff, 0x50,
    0x0, 0xff, 0xfa, 0xaa, 0xaa, 0xab, 0xff, 0xa0,
    0x5, 0xff, 0xc0, 0x0, 0x0, 0x1, 0xff, 0xf0,
    0xb, 0xff, 0x60, 0x0, 0x0, 0x0, 0xbf, 0xf6,
    0x1f, 0xff, 0x10, 0x0, 0x0, 0x0, 0x6f, 0xfb,

    /* U+00C4 "Ä" */
    0x0, 0x0, 0x4, 0x40, 0x0, 0x52, 0x0, 0x0,
    0x0, 0x0, 0x7f, 0xf7, 0xc, 0xff, 0x20, 0x0,
    0x0, 0x0, 0xaf, 0xfa, 0xf, 0xff, 0x50, 0x0,
    0x0, 0x0, 0x3e, 0xd3, 0x7, 0xfc, 0x0, 0x0,
    0x0, 0x0, 0x0, 0x0, 0x0, 0x0, 0x0, 0x0,
    0x0, 0x0, 0x0, 0x0, 0x0, 0x0, 0x0, 0x0,
    0x0, 0x0, 0x0, 0xcf, 0xff, 0x70, 0x0, 0x0,
    0x0, 0x0, 0x2, 0xff, 0xff, 0xc0, 0x0, 0x0,
    0x0, 0x0, 0x8, 0xff, 0xff, 0xf2, 0x0, 0x0,
    0x0, 0x0, 0xd, 0xff, 0xaf, 0xf8, 0x0, 0x0,
    0x0, 0x0, 0x3f, 0xfd, 0x2f, 0xfd, 0x0, 0x0,
    0x0, 0x0, 0x8f, 0xf7, 0xc, 0xff, 0x30, 0x0,
    0x0, 0x0, 0xef, 0xf2, 0x7, 0xff, 0x90, 0x0,
    0x0, 0x4, 0xff, 0xc0, 0x1, 0xff, 0xe0, 0x0,
    0x0, 0x9, 0xff, 0x70, 0x0, 0xcf, 0xf4, 0x0,
    0x0, 0xe, 0xff, 0x10, 0x0, 0x6f, 0xf9, 0x0,
    0x0, 0x4f, 0xff, 0xff, 0xff, 0xff, 0xff, 0x0,
    0x0, 0xaf, 0xff, 0xff, 0xff, 0xff, 0xff, 0x50,
    0x0, 0xff, 0xfa, 0xaa, 0xaa, 0xab, 0xff, 0xa0,
    0x5, 0xff, 0xc0, 0x0, 0x0, 0x1, 0xff, 0xf0,
    0xb, 0xff, 0x60, 0x0, 0x0, 0x0, 0xbf, 0xf6,
    0x1f, 0xff, 0x10, 0x0, 0x0, 0x0, 0x6f, 0xfb,

    /* U+00C5 "Å" */
    0x0, 0x0, 0x0, 0x18, 0xa7, 0x0, 0x0, 0x0,
    0x0, 0x0, 0x1, 0xef, 0xff, 0xa0, 0x0, 0x0,
    0x0, 0x0, 0x8, 0xf6, 0xb, 0xf2, 0x0, 0x0,
    0x0, 0x0, 0x8, 0xf3, 0x8, 0xf3, 0x0, 0x0,
    0x0, 0x0, 0x3, 0xff, 0xcf, 0xd0, 0x0, 0x0,
    0x0, 0x0, 0x0, 0x5d, 0xfb, 0x20, 0x0, 0x0,
    0x0, 0x0, 0x0, 0x0, 0x0, 0x0, 0x0, 0x0,
    0x0, 0x0, 0x0, 0x0, 0x0, 0x0, 0x0, 0x0,
    0x0, 0x0, 0x0, 0xcf, 0xff, 0x70, 0x0, 0x0,
    0x0, 0x0, 0x2, 0xff, 0xff, 0xc0, 0x0, 0x0,
    0x0, 0x0, 0x8, 0xff, 0xff, 0xf2, 0x0, 0x0,
    0x0, 0x0, 0xd, 0xff, 0xaf, 0xf8, 0x0, 0x0,
    0x0, 0x0, 0x3f, 0xfd, 0x2f, 0xfd, 0x0, 0x0,
    0x0, 0x0, 0x8f, 0xf7, 0xc, 0xff, 0x30, 0x0,
    0x0, 0x0, 0xef, 0xf2, 0x7, 0xff, 0x90, 0x0,
    0x0, 0x4, 0xff, 0xc0, 0x1, 0xff, 0xe0, 0x0,
    0x0, 0x9, 0xff, 0x70, 0x0, 0xcf, 0xf4, 0x0,
    0x0, 0xe, 0xff, 0x10, 0x0, 0x6f, 0xf9, 0x0,
    0x0, 0x4f, 0xff, 0xff, 0xff, 0xff, 0xff, 0x0,
    0x0, 0xaf, 0xff, 0xff, 0xff, 0xff, 0xff, 0x50,
    0x0, 0xff, 0xfa, 0xaa, 0xaa, 0xab, 0xff, 0xa0,
    0x5, 0xff, 0xc0, 0x0, 0x0, 0x1, 0xff, 0xf0,
    0xb, 0xff, 0x60, 0x0, 0x0, 0x0, 0xbf, 0xf6,
    0x1f, 0xff, 0x10, 0x0, 0x0, 0x0, 0x6f, 0xfb,

    /* U+00C6 "Æ" */
    0x0, 0x0, 0x0, 0x0, 0xcf, 0xff, 0xff, 0xff,
    0xff, 0xff, 0xf4, 0x0, 0x0, 0x0, 0x3, 0xff,
    0xff, 0xff, 0xff, 0xff, 0xff, 0xf4, 0x0, 0x0,
    0x0, 0xb, 0xff, 0xff, 0xfc, 0xaa, 0xaa, 0xaa,
    0xa2, 0x0, 0x0, 0x0, 0x3f, 0xff, 0xaf, 0xf6,
    0x0, 0x0, 0x0, 0x0, 0x0, 0x0, 0x0, 0xbf,
    0xf8, 0x9f, 0xf6, 0x0, 0x0, 0x0, 0x0, 0x0,
    0x0, 0x2, 0xff, 0xf1, 0x9f, 0xf6, 0x0, 0x0,
    0x0, 0x0, 0x0, 0x0, 0xa, 0xff, 0x80, 0x9f,
    0xfb, 0x99, 0x99, 0x99, 0x20, 0x0, 0x0, 0x2f,
    0xff, 0x10, 0x9f, 0xff, 0xff, 0xff, 0xff, 0x50,
    0x0, 0x0, 0x9f, 0xf8, 0x0, 0x9f, 0xff, 0xff,
    0xff, 0xff, 0x50, 0x0, 0x1, 0xff, 0xf1, 0x0,
    0x9f, 0xf6, 0x0, 0x0, 0x0, 0x0, 0x0, 0x9,
    0xff, 0xff, 0xff, 0xff, 0xf6, 0x0, 0x0, 0x0,
    0x0, 0x0, 0x1f, 0xff, 0xff, 0xff, 0xff, 0xf6,
    0x0, 0x0, 0x0, 0x0, 0x0, 0x8f, 0xfc, 0x99,
    0x99, 0xdf, 0xf6, 0x0, 0x0, 0x0, 0x0, 0x1,
    0xff, 0xf1, 0x0, 0x0, 0x9f, 0xfc, 0xaa, 0xaa,
    0xaa, 0xa4, 0x8, 0xff, 0x90, 0x0, 0x0, 0x9f,
    0xff, 0xff, 0xff, 0xff, 0xf6, 0xe, 0xff, 0x20,
    0x0, 0x0, 0x9f, 0xff, 0xff, 0xff, 0xff, 0xf6,

    /* U+00C7 "Ç" */
    0x0, 0x0, 0x4, 0xad, 0xff, 0xda, 0x40, 0x0,
    0x0, 0x0, 0x1b, 0xff, 0xff, 0xff, 0xff, 0xb0,
    0x0, 0x0, 0x1d, 0xff, 0xfe, 0xcc, 0xef, 0xff,
    0xb0, 0x0, 0xb, 0xff, 0xf6, 0x0, 0x0, 0x5f,
    0xff, 0x50, 0x3, 0xff, 0xf3, 0x0, 0x0, 0x0,
    0x5f, 0xfc, 0x0, 0x9f, 0xf9, 0x0, 0x0, 0x0,
    0x0, 0x9a, 0xa0, 0xd, 0xff, 0x40, 0x0, 0x0,
    0x0, 0x0, 0x0, 0x0, 0xff, 0xf1, 0x0, 0x0,
    0x0, 0x0, 0x0, 0x0, 0xf, 0xff, 0x10, 0x0,
    0x0, 0x0, 0x0, 0x0, 0x0, 0xdf, 0xf3, 0x0,
    0x0, 0x0, 0x0, 0x0, 0x0, 0xa, 0xff, 0x90,
    0x0, 0x0, 0x0, 0x8, 0x99, 0x0, 0x4f, 0xff,
    0x30, 0x0, 0x0, 0x5, 0xff, 0xd0, 0x0, 0xbf,
    0xfe, 0x50, 0x0, 0x4, 0xef, 0xf6, 0x0, 0x1,
    0xef, 0xff, 0xeb, 0xbe, 0xff, 0xfc, 0x0, 0x0,
    0x2, 0xcf, 0xff, 0xff, 0xff, 0xfc, 0x10, 0x0,
    0x0, 0x0, 0x5b, 0xff, 0xfe, 0xb6, 0x0, 0x0,
    0x0, 0x0, 0x0, 0x9, 0xf4, 0x0, 0x0, 0x0,
    0x0, 0x0, 0x0, 0x1, 0xff, 0xfd, 0x30, 0x0,
    0x0, 0x0, 0x0, 0x0, 0x5, 0x56, 0xfb, 0x0,
    0x0, 0x0, 0x0, 0x0, 0x0, 0x0, 0x4f, 0xc0,
    0x0, 0x0, 0x0, 0x0, 0x0, 0x2f, 0xff, 0xf5,
    0x0, 0x0, 0x0, 0x0, 0x0, 0x1, 0x89, 0x83,
    0x0, 0x0, 0x0,

    /* U+00C8 "È" */
    0x0, 0xc, 0xfe, 0x0, 0x0, 0x0, 0x0, 0x3,
    0xff, 0x50, 0x0, 0x0, 0x0, 0x0, 0xaf, 0xc0,
    0x0, 0x0, 0x0, 0x0, 0x1f, 0xf4, 0x0, 0x0,
    0x0, 0x0, 0x0, 0x0, 0x0, 0x0, 0x0, 0x0,
    0x0, 0x0, 0x0, 0x0, 0x4f, 0xff, 0xff, 0xff,
    0xff, 0xfa, 0x4f, 0xff, 0xff, 0xff, 0xff, 0xfa,
    0x4f, 0xfe, 0xaa, 0xaa, 0xaa, 0xa6, 0x4f, 0xfb,
    0x0, 0x0, 0x0, 0x0, 0x4f, 0xfb, 0x0, 0x0,
    0x0, 0x0, 0x4f, 0xfb, 0x0, 0x0, 0x0, 0x0,
    0x4f, 0xfd, 0x99, 0x99, 0x99, 0x50, 0x4f, 0xff,
    0xff, 0xff, 0xff, 0xa0, 0x4f, 0xff, 0xff, 0xff,
    0xff, 0xa0, 0x4f, 0xfb, 0x0, 0x0, 0x0, 0x0,
    0x4f, 0xfb, 0x0, 0x0, 0x0, 0x0, 0x4f, 0xfb,
    0x0, 0x0, 0x0, 0x0, 0x4f, 0xfb, 0x0, 0x0,
    0x0, 0x0, 0x4f, 0xfe, 0xaa, 0xaa, 0xaa, 0xa7,
    0x4f, 0xff, 0xff, 0xff, 0xff, 0xfb, 0x4f, 0xff,
    0xff, 0xff, 0xff, 0xfb,

    /* U+00C9 "É" */
    0x0, 0x0, 0x0, 0x3f, 0xf7, 0x0, 0x0, 0x0,
    0x0, 0xaf, 0xd0, 0x0, 0x0, 0x0, 0x2, 0xff,
    0x40, 0x0, 0x0, 0x0, 0x9, 0xfb, 0x0, 0x0,
    0x0, 0x0, 0x0, 0x0, 0x0, 0x0, 0x0, 0x0,
    0x0, 0x0, 0x0, 0x0, 0x4f, 0xff, 0xff, 0xff,
    0xff, 0xfa, 0x4f, 0xff, 0xff, 0xff, 0xff, 0xfa,
    0x4f, 0xfe, 0xaa, 0xaa, 0xaa, 0xa6, 0x4f, 0xfb,
    0x0, 0x0, 0x0, 0x0, 0x4f, 0xfb, 0x0, 0x0,
    0x0, 0x0, 0x4f, 0xfb, 0x0, 0x0, 0x0, 0x0,
    0x4f, 0xfd, 0x99, 0x99, 0x99, 0x50, 0x4f, 0xff,
    0xff, 0xff, 0xff, 0xa0, 0x4f, 0xff, 0xff, 0xff,
    0xff, 0xa0, 0x4f, 0xfb, 0x0, 0x0, 0x0, 0x0,
    0x4f, 0xfb, 0x0, 0x0, 0x0, 0x0, 0x4f, 0xfb,
    0x0, 0x0, 0x0, 0x0, 0x4f, 0xfb, 0x0, 0x0,
    0x0, 0x0, 0x4f, 0xfe, 0xaa, 0xaa, 0xaa, 0xa7,
    0x4f, 0xff, 0xff, 0xff, 0xff, 0xfb, 0x4f, 0xff,
    0xff, 0xff, 0xff, 0xfb,

    /* U+00CA "Ê" */
    0x0, 0x0, 0x7, 0x85, 0x0, 0x0, 0x0, 0x0,
    0xaf, 0xff, 0x40, 0x0, 0x0, 0x7, 0xfd, 0x5f,
    0xe2, 0x0, 0x0, 0x4f, 0xf2, 0x7, 0xfd, 0x0,
    0x0, 0x0, 0x0, 0x0, 0x0, 0x0, 0x0, 0x0,
    0x0, 0x0, 0x0, 0x0, 0x4f, 0xff, 0xff, 0xff,
    0xff, 0xfa, 0x4f, 0xff, 0xff, 0xff, 0xff, 0xfa,
    0x4f, 0xfe, 0xaa, 0xaa, 0xaa, 0xa6, 0x4f, 0xfb,
    0x0, 0x0, 0x0, 0x0, 0x4f, 0xfb, 0x0, 0x0,
    0x0, 0x0, 0x4f, 0xfb, 0x0, 0x0, 0x0, 0x0,
    0x4f, 0xfd, 0x99, 0x99, 0x99, 0x50, 0x4f, 0xff,
    0xff, 0xff, 0xff, 0xa0, 0x4f, 0xff, 0xff, 0xff,
    0xff, 0xa0, 0x4f, 0xfb, 0x0, 0x0, 0x0, 0x0,
    0x4f, 0xfb, 0x0, 0x0, 0x0, 0x0, 0x4f, 0xfb,
    0x0, 0x0, 0x0, 0x0, 0x4f, 0xfb, 0x0, 0x0,
    0x0, 0x0, 0x4f, 0xfe, 0xaa, 0xaa, 0xaa, 0xa7,
    0x4f, 0xff, 0xff, 0xff, 0xff, 0xfb, 0x4f, 0xff,
    0xff, 0xff, 0xff, 0xfb,

    /* U+00CB "Ë" */
    0x0, 0x4, 0x40, 0x1, 0x52, 0x0, 0x0, 0x8f,
    0xf6, 0xc, 0xff, 0x20, 0x0, 0xbf, 0xf9, 0xf,
    0xff, 0x50, 0x0, 0x4e, 0xd2, 0x7, 0xfb, 0x0,
    0x0, 0x0, 0x0, 0x0, 0x0, 0x0, 0x0, 0x0,
    0x0, 0x0, 0x0, 0x0, 0x4f, 0xff, 0xff, 0xff,
    0xff, 0xfa, 0x4f, 0xff, 0xff, 0xff, 0xff, 0xfa,
    0x4f, 0xfe, 0xaa, 0xaa, 0xaa, 0xa6, 0x4f, 0xfb,
    0x0, 0x0, 0x0, 0x0, 0x4f, 0xfb, 0x0, 0x0,
    0x0, 0x0, 0x4f, 0xfb, 0x0, 0x0, 0x0, 0x0,
    0x4f, 0xfd, 0x99, 0x99, 0x99, 0x50, 0x4f, 0xff,
    0xff, 0xff, 0xff, 0xa0, 0x4f, 0xff, 0xff, 0xff,
    0xff, 0xa0, 0x4f, 0xfb, 0x0, 0x0, 0x0, 0x0,
    0x4f, 0xfb, 0x0, 0x0, 0x0, 0x0, 0x4f, 0xfb,
    0x0, 0x0, 0x0, 0x0, 0x4f, 0xfb, 0x0, 0x0,
    0x0, 0x0, 0x4f, 0xfe, 0xaa, 0xaa, 0xaa, 0xa7,
    0x4f, 0xff, 0xff, 0xff, 0xff, 0xfb, 0x4f, 0xff,
    0xff, 0xff, 0xff, 0xfb,

    /* U+00CC "Ì" */
    0xe, 0xfd, 0x0, 0x5, 0xff, 0x40, 0x0, 0xbf,
    0xb0, 0x0, 0x2f, 0xf2, 0x0, 0x0, 0x0, 0x0,
    0x0, 0x0, 0x0, 0x4f, 0xfb, 0x0, 0x4f, 0xfb,
    0x0, 0x4f, 0xfb, 0x0, 0x4f, 0xfb, 0x0, 0x4f,
    0xfb, 0x0, 0x4f, 0xfb, 0x0, 0x4f, 0xfb, 0x0,
    0x4f, 0xfb, 0x0, 0x4f, 0xfb, 0x0, 0x4f, 0xfb,
    0x0, 0x4f, 0xfb, 0x0, 0x4f, 0xfb, 0x0, 0x4f,
    0xfb, 0x0, 0x4f, 0xfb, 0x0, 0x4f, 0xfb, 0x0,
    0x4f, 0xfb,

    /* U+00CD "Í" */
    0x0, 0x4f, 0xf6, 0x0, 0xcf, 0xc0, 0x3, 0xff,
    0x30, 0xa, 0xf9, 0x0, 0x0, 0x0, 0x0, 0x0,
    0x0, 0x0, 0x4f, 0xfb, 0x0, 0x4f, 0xfb, 0x0,
    0x4f, 0xfb, 0x0, 0x4f, 0xfb, 0x0, 0x4f, 0xfb,
    0x0, 0x4f, 0xfb, 0x0, 0x4f, 0xfb, 0x0, 0x4f,
    0xfb, 0x0, 0x4f, 0xfb, 0x0, 0x4f, 0xfb, 0x0,
    0x4f, 0xfb, 0x0, 0x4f, 0xfb, 0x0, 0x4f, 0xfb,
    0x0, 0x4f, 0xfb, 0x0, 0x4f, 0xfb, 0x0, 0x4f,
    0xfb, 0x0,

    /* U+00CE "Î" */
    0x0, 0x4f, 0xfb, 0x0, 0x0, 0x1e, 0xfe, 0xf7,
    0x0, 0xb, 0xf9, 0x3f, 0xf2, 0x6, 0xfe, 0x10,
    0x8f, 0xd0, 0x0, 0x0, 0x0, 0x0, 0x0, 0x0,
    0x0, 0x0, 0x0, 0x0, 0x4f, 0xfb, 0x0, 0x0,
    0x4, 0xff, 0xb0, 0x0, 0x0, 0x4f, 0xfb, 0x0,
    0x0, 0x4, 0xff, 0xb0, 0x0, 0x0, 0x4f, 0xfb,
    0x0, 0x0, 0x4, 0xff, 0xb0, 0x0, 0x0, 0x4f,
    0xfb, 0x0, 0x0, 0x4, 0xff, 0xb0, 0x0, 0x0,
    0x4f, 0xfb, 0x0, 0x0, 0x4, 0xff, 0xb0, 0x0,
    0x0, 0x4f, 0xfb, 0x0, 0x0, 0x4, 0xff, 0xb0,
    0x0, 0x0, 0x4f, 0xfb, 0x0, 0x0, 0x4, 0xff,
    0xb0, 0x0, 0x0, 0x4f, 0xfb, 0x0, 0x0, 0x4,
    0xff, 0xb0, 0x0,

    /* U+00CF "Ï" */
    0x5, 0x30, 0x1, 0x52, 0x9, 0xff, 0x40, 0xef,
    0xe1, 0xdf, 0xf7, 0x1f, 0xff, 0x35, 0xed, 0x10,
    0x9f, 0xa0, 0x0, 0x0, 0x0, 0x0, 0x0, 0x0,
    0x0, 0x0, 0x0, 0x0, 0x4f, 0xfb, 0x0, 0x0,
    0x4, 0xff, 0xb0, 0x0, 0x0, 0x4f, 0xfb, 0x0,
    0x0, 0x4, 0xff, 0xb0, 0x0, 0x0, 0x4f, 0xfb,
    0x0, 0x0, 0x4, 0xff, 0xb0, 0x0, 0x0, 0x4f,
    0xfb, 0x0, 0x0, 0x4, 0xff, 0xb0, 0x0, 0x0,
    0x4f, 0xfb, 0x0, 0x0, 0x4, 0xff, 0xb0, 0x0,
    0x0, 0x4f, 0xfb, 0x0, 0x0, 0x4, 0xff, 0xb0,
    0x0, 0x0, 0x4f, 0xfb, 0x0, 0x0, 0x4, 0xff,
    0xb0, 0x0, 0x0, 0x4f, 0xfb, 0x0, 0x0, 0x4,
    0xff, 0xb0, 0x0,

    /* U+00D0 "Ð" */
    0x0, 0x7f, 0xff, 0xff, 0xfe, 0xb6, 0x0, 0x0,
    0x0, 0x7, 0xff, 0xff, 0xff, 0xff, 0xfe, 0x40,
    0x0, 0x0, 0x7f, 0xfd, 0xaa, 0xac, 0xff, 0xff,
    0x40, 0x0, 0x7, 0xff, 0x80, 0x0, 0x2, 0xcf,
    0xfe, 0x10, 0x0, 0x7f, 0xf8, 0x0, 0x0, 0x0,
    0xdf, 0xf8, 0x0, 0x7, 0xff, 0x80, 0x0, 0x0,
    0x4, 0xff, 0xe0, 0x37, 0xbf, 0xfb, 0x77, 0x50,
    0x0, 0xe, 0xff, 0x26, 0xff, 0xff, 0xff, 0xfa,
    0x0, 0x0, 0xbf, 0xf4, 0x6f, 0xff, 0xff, 0xff,
    0xa0, 0x0, 0xb, 0xff, 0x40, 0x7, 0xff, 0x80,
    0x0, 0x0, 0x0, 0xef, 0xf2, 0x0, 0x7f, 0xf8,
    0x0, 0x0, 0x0, 0x4f, 0xfe, 0x0, 0x7, 0xff,
    0x80, 0x0, 0x0, 0xd, 0xff, 0x80, 0x0, 0x7f,
    0xf8, 0x0, 0x0, 0x2c, 0xff, 0xe1, 0x0, 0x7,
    0xff, 0xda, 0xab, 0xdf, 0xff, 0xf4, 0x0, 0x0,
    0x7f, 0xff, 0xff, 0xff, 0xff, 0xe4, 0x0, 0x0,
    0x7, 0xff, 0xff, 0xff, 0xeb, 0x60, 0x0, 0x0,

    /* U+00D1 "Ñ" */
    0x0, 0x0, 0x5d, 0xa1, 0xa, 0xc0, 0x0, 0x0,
    0x0, 0xff, 0xfd, 0x1e, 0xd0, 0x0, 0x0, 0x4,
    0xf7, 0x5f, 0xff, 0x80, 0x0, 0x0, 0x5, 0xd3,
    0x5, 0xca, 0x10, 0x0, 0x0, 0x0, 0x0, 0x0,
    0x0, 0x0, 0x0, 0x0, 0x0, 0x0, 0x0, 0x0,
    0x0, 0x0, 0x4f, 0xfc, 0x0, 0x0, 0x0, 0x1f,
    0xfe, 0x4f, 0xff, 0x70, 0x0, 0x0, 0x1f, 0xfe,
    0x4f, 0xff, 0xf2, 0x0, 0x0, 0x1f, 0xfe, 0x4f,
    0xff, 0xfd, 0x0, 0x0, 0x1f, 0xfe, 0x4f, 0xff,
    0xff, 0x80, 0x0, 0x1f, 0xfe, 0x4f, 0xfd, 0xff,
    0xf3, 0x0, 0x1f, 0xfe, 0x4f, 0xfb, 0x8f, 0xfd,
    0x0, 0x1f, 0xfe, 0x4f, 0xfb, 0xc, 0xff, 0x90,
    0x1f, 0xfe, 0x4f, 0xfb, 0x2, 0xff, 0xf4, 0x1f,
    0xfe, 0x4f, 0xfb, 0x0, 0x6f, 0xfe, 0x2f, 0xfe,
    0x4f, 0xfb, 0x0, 0xb, 0xff, 0xbf, 0xfe, 0x4f,
    0xfb, 0x0, 0x1, 0xef, 0xff, 0xfe, 0x4f, 0xfb,
    0x0, 0x0, 0x4f, 0xff, 0xfe, 0x4f, 0xfb, 0x0,
    0x0, 0x9, 0xff, 0xfe, 0x4f, 0xfb, 0x0, 0x0,
    0x0, 0xdf, 0xfe, 0x4f, 0xfb, 0x0, 0x0, 0x0,
    0x3f, 0xfe,

    /* U+00D2 "Ò" */
    0x0, 0x0, 0x1, 0xef, 0xb0, 0x0, 0x0, 0x0,
    0x0, 0x0, 0x0, 0x0, 0x6f, 0xf2, 0x0, 0x0,
    0x0, 0x0, 0x0, 0x0, 0x0, 0xd, 0xf9, 0x0,
    0x0, 0x0, 0x0, 0x0, 0x0, 0x0, 0x4, 0xff,
    0x10, 0x0, 0x0, 0x0, 0x0, 0x0, 0x0, 0x0,
    0x0, 0x0, 0x0, 0x0, 0x0, 0x0, 0x0, 0x0,
    0x0, 0x0, 0x0, 0x0, 0x0, 0x0, 0x0, 0x0,
    0x0, 0x0, 0x0, 0x0, 0x0, 0x0, 0x0, 0x0,
    0x0, 0x3, 0x9d, 0xff, 0xda, 0x50, 0x0, 0x0,
    0x0, 0x1, 0xbf, 0xff, 0xff, 0xff, 0xfc, 0x20,
    0x0, 0x0, 0x1d, 0xff, 0xff, 0xdc, 0xef, 0xff,
    0xe2, 0x0, 0x0, 0xaf, 0xff, 0x70, 0x0, 0x5,
    0xef, 0xfd, 0x0, 0x3, 0xff, 0xf4, 0x0, 0x0,
    0x0, 0x2f, 0xff, 0x60, 0x9, 0xff, 0xa0, 0x0,
    0x0, 0x0, 0x7, 0xff, 0xd0, 0xd, 0xff, 0x40,
    0x0, 0x0, 0x0, 0x1, 0xff, 0xf1, 0xf, 0xff,
    0x10, 0x0, 0x0, 0x0, 0x0, 0xef, 0xf2, 0xf,
    0xff, 0x10, 0x0, 0x0, 0x0, 0x0, 0xef, 0xf2,
    0xd, 0xff, 0x40, 0x0, 0x0, 0x0, 0x1, 0xff,
    0xf1, 0x9, 0xff, 0xa0, 0x0, 0x0, 0x0, 0x7,
    0xff, 0xc0, 0x3, 0xff, 0xf4, 0x0, 0x0, 0x0,
    0x2f, 0xff, 0x60, 0x0, 0xaf, 0xff, 0x60, 0x0,
    0x5, 0xef, 0xfd, 0x0, 0x0, 0x1d, 0xff, 0xff,
    0xcc, 0xef, 0xff, 0xe2, 0x0, 0x0, 0x1, 0xbf,
    0xff, 0xff, 0xff, 0xfd, 0x20, 0x0, 0x0, 0x0,
    0x4, 0x9d, 0xff, 0xea, 0x50, 0x0, 0x0,

    /* U+00D3 "Ó" */
    0x0, 0x0, 0x0, 0x0, 0x6, 0xff, 0x40, 0x0,
    0x0, 0x0, 0x0, 0x0, 0x0, 0xd, 0xfb, 0x0,
    0x0, 0x0, 0x0, 0x0, 0x0, 0x0, 0x5f, 0xf2,
    0x0, 0x0, 0x0, 0x0, 0x0, 0x0, 0x0, 0xcf,
    0x80, 0x0, 0x0, 0x0, 0x0, 0x0, 0x0, 0x0,
    0x0, 0x0, 0x0, 0x0, 0x0, 0x0, 0x0, 0x0,
    0x0, 0x0, 0x0, 0x0, 0x0, 0x0, 0x0, 0x0,
    0x0, 0x0, 0x0, 0x0, 0x0, 0x0, 0x0, 0x0,
    0x0, 0x3, 0x9d, 0xff, 0xda, 0x50, 0x0, 0x0,
    0x0, 0x1, 0xbf, 0xff, 0xff, 0xff, 0xfc, 0x20,
    0x0, 0x0, 0x1d, 0xff, 0xff, 0xdc, 0xef, 0xff,
    0xe2, 0x0, 0x0, 0xaf, 0xff, 0x70, 0x0, 0x5,
    0xef, 0xfd, 0x0, 0x3, 0xff, 0xf4, 0x0, 0x0,
    0x0, 0x2f, 0xff, 0x60, 0x9, 0xff, 0xa0, 0x0,
    0x0, 0x0, 0x7, 0xff, 0xd0, 0xd, 0xff, 0x40,
    0x0, 0x0, 0x0, 0x1, 0xff, 0xf1, 0xf, 0xff,
    0x10, 0x0, 0x0, 0x0, 0x0, 0xef, 0xf2, 0xf,
    0xff, 0x10, 0x0, 0x0, 0x0, 0x0, 0xef, 0xf2,
    0xd, 0xff, 0x40, 0x0, 0x0, 0x0, 0x1, 0xff,
    0xf1, 0x9, 0xff, 0xa0, 0x0, 0x0, 0x0, 0x7,
    0xff, 0xc0, 0x3, 0xff, 0xf4, 0x0, 0x0, 0x0,
    0x2f, 0xff, 0x60, 0x0, 0xaf, 0xff, 0x60, 0x0,
    0x5, 0xef, 0xfd, 0x0, 0x0, 0x1d, 0xff, 0xff,
    0xcc, 0xef, 0xff, 0xe2, 0x0, 0x0, 0x1, 0xbf,
    0xff, 0xff, 0xff, 0xfd, 0x20, 0x0, 0x0, 0x0,
    0x4, 0x9d, 0xff, 0xea, 0x50, 0x0, 0x0,

    /* U+00D4 "Ô" */
    0x0, 0x0, 0x0, 0x7, 0xff, 0xb0, 0x0, 0x0,
    0x0, 0x0, 0x0, 0x0, 0x4f, 0xfd, 0xf7, 0x0,
    0x0, 0x0, 0x0, 0x0, 0x2, 0xef, 0x42, 0xef,
    0x40, 0x0, 0x0, 0x0, 0x0, 0x5, 0x85, 0x0,
    0x38, 0x70, 0x0, 0x0, 0x0, 0x0, 0x0, 0x0,
    0x0, 0x0, 0x0, 0x0, 0x0, 0x0, 0x0, 0x0,
    0x0, 0x0, 0x0, 0x0, 0x0, 0x0, 0x0, 0x0,
    0x3, 0x9d, 0xff, 0xda, 0x50, 0x0, 0x0, 0x0,
    0x1, 0xbf, 0xff, 0xff, 0xff, 0xfc, 0x20, 0x0,
    0x0, 0x1d, 0xff, 0xff, 0xdc, 0xef, 0xff, 0xe2,
    0x0, 0x0, 0xaf, 0xff, 0x70, 0x0, 0x5, 0xef,
    0xfd, 0x0, 0x3, 0xff, 0xf4, 0x0, 0x0, 0x0,
    0x2f, 0xff, 0x60, 0x9, 0xff, 0xa0, 0x0, 0x0,
    0x0, 0x7, 0xff, 0xd0, 0xd, 0xff, 0x40, 0x0,
    0x0, 0x0, 0x1, 0xff, 0xf1, 0xf, 0xff, 0x10,
    0x0, 0x0, 0x0, 0x0, 0xef, 0xf2, 0xf, 0xff,
    0x10, 0x0, 0x0, 0x0, 0x0, 0xef, 0xf2, 0xd,
    0xff, 0x40, 0x0, 0x0, 0x0, 0x1, 0xff, 0xf1,
    0x9, 0xff, 0xa0, 0x0, 0x0, 0x0, 0x7, 0xff,
    0xc0, 0x3, 0xff, 0xf4, 0x0, 0x0, 0x0, 0x2f,
    0xff, 0x60, 0x0, 0xaf, 0xff, 0x60, 0x0, 0x5,
    0xef, 0xfd, 0x0, 0x0, 0x1d, 0xff, 0xff, 0xcc,
    0xef, 0xff, 0xe2, 0x0, 0x0, 0x1, 0xbf, 0xff,
    0xff, 0xff, 0xfd, 0x20, 0x0, 0x0, 0x0, 0x4,
    0x9d, 0xff, 0xea, 0x50, 0x0, 0x0,

    /* U+00D5 "Õ" */
    0x0, 0x0, 0x0, 0xaf, 0xd5, 0xe, 0xb0, 0x0,
    0x0, 0x0, 0x0, 0x4, 0xff, 0xff, 0xff, 0x90,
    0x0, 0x0, 0x0, 0x0, 0x7, 0xf3, 0x2b, 0xfc,
    0x10, 0x0, 0x0, 0x0, 0x0, 0x0, 0x0, 0x0,
    0x0, 0x0, 0x0, 0x0, 0x0, 0x0, 0x0, 0x0,
    0x0, 0x0, 0x0, 0x0, 0x0, 0x0, 0x0, 0x0,
    0x0, 0x0, 0x0, 0x0, 0x0, 0x0, 0x0, 0x0,
    0x3, 0x9d, 0xff, 0xda, 0x50, 0x0, 0x0, 0x0,
    0x1, 0xbf, 0xff, 0xff, 0xff, 0xfc, 0x20, 0x0,
    0x0, 0x1d, 0xff, 0xff, 0xdc, 0xef, 0xff, 0xe2,
    0x0, 0x0, 0xaf, 0xff, 0x70, 0x0, 0x5, 0xef,
    0xfd, 0x0, 0x3, 0xff, 0xf4, 0x0, 0x0, 0x0,
    0x2f, 0xff, 0x60, 0x9, 0xff, 0xa0, 0x0, 0x0,
    0x0, 0x7, 0xff, 0xd0, 0xd, 0xff, 0x40, 0x0,
    0x0, 0x0, 0x1, 0xff, 0xf1, 0xf, 0xff, 0x10,
    0x0, 0x0, 0x0, 0x0, 0xef, 0xf2, 0xf, 0xff,
    0x10, 0x0, 0x0, 0x0, 0x0, 0xef, 0xf2, 0xd,
    0xff, 0x40, 0x0, 0x0, 0x0, 0x1, 0xff, 0xf1,
    0x9, 0xff, 0xa0, 0x0, 0x0, 0x0, 0x7, 0xff,
    0xc0, 0x3, 0xff, 0xf4, 0x0, 0x0, 0x0, 0x2f,
    0xff, 0x60, 0x0, 0xaf, 0xff, 0x60, 0x0, 0x5,
    0xef, 0xfd, 0x0, 0x0, 0x1d, 0xff, 0xff, 0xcc,
    0xef, 0xff, 0xe2, 0x0, 0x0, 0x1, 0xbf, 0xff,
    0xff, 0xff, 0xfd, 0x20, 0x0, 0x0, 0x0, 0x4,
    0x9d, 0xff, 0xea, 0x50, 0x0, 0x0,

    /* U+00D6 "Ö" */
    0x0, 0x0, 0x6, 0xfc, 0x10, 0xaf, 0x90, 0x0,
    0x0, 0x0, 0x0, 0xe, 0xff, 0x63, 0xff, 0xf1,
    0x0, 0x0, 0x0, 0x0, 0xb, 0xff, 0x31, 0xef,
    0xe0, 0x0, 0x0, 0x0, 0x0, 0x0, 0x53, 0x0,
    0x25, 0x10, 0x0, 0x0, 0x0, 0x0, 0x0, 0x0,
    0x0, 0x0, 0x0, 0x0, 0x0, 0x0, 0x0, 0x0,
    0x0, 0x0, 0x0, 0x0, 0x0, 0x0, 0x0, 0x0,
    0x3, 0x9d, 0xff, 0xda, 0x50, 0x0, 0x0, 0x0,
    0x1, 0xbf, 0xff, 0xff, 0xff, 0xfc, 0x20, 0x0,
    0x0, 0x1d, 0xff, 0xff, 0xdc, 0xef, 0xff, 0xe2,
    0x0, 0x0, 0xaf, 0xff, 0x70, 0x0, 0x5, 0xef,
    0xfd, 0x0, 0x3, 0xff, 0xf4, 0x0, 0x0, 0x0,
    0x2f, 0xff, 0x60, 0x9, 0xff, 0xa0, 0x0, 0x0,
    0x0, 0x7, 0xff, 0xd0, 0xd, 0xff, 0x40, 0x0,
    0x0, 0x0, 0x1, 0xff, 0xf1, 0xf, 0xff, 0x10,
    0x0, 0x0, 0x0, 0x0, 0xef, 0xf2, 0xf, 0xff,
    0x10, 0x0, 0x0, 0x0, 0x0, 0xef, 0xf2, 0xd,
    0xff, 0x40, 0x0, 0x0, 0x0, 0x1, 0xff, 0xf1,
    0x9, 0xff, 0xa0, 0x0, 0x0, 0x0, 0x7, 0xff,
    0xc0, 0x3, 0xff, 0xf4, 0x0, 0x0, 0x0, 0x2f,
    0xff, 0x60, 0x0, 0xaf, 0xff, 0x60, 0x0, 0x5,
    0xef, 0xfd, 0x0, 0x0, 0x1d, 0xff, 0xff, 0xcc,
    0xef, 0xff, 0xe2, 0x0, 0x0, 0x1, 0xbf, 0xff,
    0xff, 0xff, 0xfd, 0x20, 0x0, 0x0, 0x0, 0x4,
    0x9d, 0xff, 0xea, 0x50, 0x0, 0x0,

    /* U+00D7 "×" */
    0x0, 0x0, 0x0, 0x0, 0x0, 0x4d, 0x10, 0x8,
    0xb0, 0x2f, 0xfd, 0x18, 0xff, 0x90, 0x9f, 0xfe,
    0xff, 0xe2, 0x0, 0x9f, 0xff, 0xe2, 0x0, 0x7,
    0xff, 0xfd, 0x10, 0x7, 0xff, 0xff, 0xfd, 0x12,
    0xff, 0xe3, 0xaf, 0xfa, 0x6, 0xe2, 0x0, 0xac,
    0x0, 0x1, 0x0, 0x0, 0x0,

    /* U+00D8 "Ø" */
    0x0, 0x0, 0x0, 0x0, 0x0, 0x0, 0xf, 0xfd,
    0x0, 0x0, 0x0, 0x4, 0x9d, 0xff, 0xda, 0x9f,
    0xf5, 0x0, 0x0, 0x1, 0xbf, 0xff, 0xff, 0xff,
    0xff, 0xd0, 0x0, 0x0, 0x1d, 0xff, 0xff, 0xdc,
    0xef, 0xff, 0xe1, 0x0, 0x0, 0xbf, 0xff, 0x70,
    0x0, 0x4f, 0xff, 0xfd, 0x0, 0x3, 0xff, 0xf4,
    0x0, 0x1, 0xef, 0xef, 0xff, 0x60, 0xa, 0xff,
    0xa0, 0x0, 0xa, 0xff, 0x47, 0xff, 0xc0, 0xd,
    0xff, 0x40, 0x0, 0x5f, 0xf9, 0x1, 0xff, 0xf0,
    0xf, 0xff, 0x10, 0x1, 0xef, 0xd0, 0x0, 0xef,
    0xf2, 0xf, 0xff, 0x10, 0xb, 0xff, 0x30, 0x0,
    0xef, 0xf2, 0xd, 0xff, 0x40, 0x6f, 0xf8, 0x0,
    0x1, 0xff, 0xf1, 0x9, 0xff, 0xa2, 0xff, 0xc0,
    0x0, 0x7, 0xff, 0xd0, 0x3, 0xff, 0xfd, 0xff,
    0x20, 0x0, 0x2f, 0xff, 0x70, 0x0, 0x9f, 0xff,
    0xf7, 0x0, 0x5, 0xef, 0xfd, 0x0, 0x0, 0xc,
    0xff, 0xff, 0xcc, 0xef, 0xff, 0xe3, 0x0, 0x0,
    0xb, 0xff, 0xff, 0xff, 0xff, 0xfd, 0x20, 0x0,
    0x0, 0x5f, 0xfa, 0x9d, 0xff, 0xea, 0x50, 0x0,
    0x0, 0x0, 0x68, 0x81, 0x0, 0x0, 0x0, 0x0,
    0x0, 0x0,

    /* U+00D9 "Ù" */
    0x0, 0x0, 0xef, 0xc0, 0x0, 0x0, 0x0, 0x0,
    0x0, 0x6f, 0xf3, 0x0, 0x0, 0x0, 0x0, 0x0,
    0xc, 0xfa, 0x0, 0x0, 0x0, 0x0, 0x0, 0x3,
    0xff, 0x10, 0x0, 0x0, 0x0, 0x0, 0x0, 0x0,
    0x0, 0x0, 0x0, 0x0, 0x0, 0x0, 0x0, 0x0,
    0x0, 0x0, 0x4f, 0xfb, 0x0, 0x0, 0x0, 0x4f,
    0xfa, 0x4f, 0xfb, 0x0, 0x0, 0x0, 0x4f, 0xfa,
    0x4f, 0xfb, 0x0, 0x0, 0x0, 0x4f, 0xfa, 0x4f,
    0xfb, 0x0, 0x0, 0x0, 0x4f, 0xfa, 0x4f, 0xfb,
    0x0, 0x0, 0x0, 0x4f, 0xfa, 0x4f, 0xfb, 0x0,
    0x0, 0x0, 0x4f, 0xfa, 0x4f, 0xfb, 0x0, 0x0,
    0x0, 0x4f, 0xfa, 0x4f, 0xfb, 0x0, 0x0, 0x0,
    0x4f, 0xfa, 0x4f, 0xfb, 0x0, 0x0, 0x0, 0x4f,
    0xfa, 0x4f, 0xfb, 0x0, 0x0, 0x0, 0x4f, 0xfa,
    0x3f, 0xfd, 0x0, 0x0, 0x0, 0x6f, 0xf9, 0x1f,
    0xff, 0x20, 0x0, 0x0, 0xcf, 0xf7, 0xc, 0xff,
    0xd3, 0x0, 0x19, 0xff, 0xf2, 0x4, 0xff, 0xff,
    0xfe, 0xff, 0xff, 0x90, 0x0, 0x5f, 0xff, 0xff,
    0xff, 0xfa, 0x0, 0x0, 0x2, 0x8d, 0xff, 0xea,
    0x40, 0x0,

    /* U+00DA "Ú" */
    0x0, 0x0, 0x0, 0x6, 0xff, 0x50, 0x0, 0x0,
    0x0, 0x0, 0xd, 0xfb, 0x0, 0x0, 0x0, 0x0,
    0x0, 0x4f, 0xf2, 0x0, 0x0, 0x0, 0x0, 0x0,
    0xcf, 0x80, 0x0, 0x0, 0x0, 0x0, 0x0, 0x0,
    0x0, 0x0, 0x0, 0x0, 0x0, 0x0, 0x0, 0x0,
    0x0, 0x0, 0x4f, 0xfb, 0x0, 0x0, 0x0, 0x4f,
    0xfa, 0x4f, 0xfb, 0x0, 0x0, 0x0, 0x4f, 0xfa,
    0x4f, 0xfb, 0x0, 0x0, 0x0, 0x4f, 0xfa, 0x4f,
    0xfb, 0x0, 0x0, 0x0, 0x4f, 0xfa, 0x4f, 0xfb,
    0x0, 0x0, 0x0, 0x4f, 0xfa, 0x4f, 0xfb, 0x0,
    0x0, 0x0, 0x4f, 0xfa, 0x4f, 0xfb, 0x0, 0x0,
    0x0, 0x4f, 0xfa, 0x4f, 0xfb, 0x0, 0x0, 0x0,
    0x4f, 0xfa, 0x4f, 0xfb, 0x0, 0x0, 0x0, 0x4f,
    0xfa, 0x4f, 0xfb, 0x0, 0x0, 0x0, 0x4f, 0xfa,
    0x3f, 0xfd, 0x0, 0x0, 0x0, 0x6f, 0xf9, 0x1f,
    0xff, 0x20, 0x0, 0x0, 0xcf, 0xf7, 0xc, 0xff,
    0xd3, 0x0, 0x19, 0xff, 0xf2, 0x4, 0xff, 0xff,
    0xfe, 0xff, 0xff, 0x90, 0x0, 0x5f, 0xff, 0xff,
    0xff, 0xfa, 0x0, 0x0, 0x2, 0x8d, 0xff, 0xea,
    0x40, 0x0,

    /* U+00DB "Û" */
    0x0, 0x0, 0x6, 0xff, 0xa0, 0x0, 0x0, 0x0,
    0x0, 0x2f, 0xfe, 0xf5, 0x0, 0x0, 0x0, 0x0,
    0xcf, 0x84, 0xff, 0x20, 0x0, 0x0, 0x7, 0xfd,
    0x0, 0x9f, 0xc0, 0x0, 0x0, 0x0, 0x0, 0x0,
    0x0, 0x0, 0x0, 0x0, 0x0, 0x0, 0x0, 0x0,
    0x0, 0x0, 0x4f, 0xfb, 0x0, 0x0, 0x0, 0x4f,
    0xfa, 0x4f, 0xfb, 0x0, 0x0, 0x0, 0x4f, 0xfa,
    0x4f, 0xfb, 0x0, 0x0, 0x0, 0x4f, 0xfa, 0x4f,
    0xfb, 0x0, 0x0, 0x0, 0x4f, 0xfa, 0x4f, 0xfb,
    0x0, 0x0, 0x0, 0x4f, 0xfa, 0x4f, 0xfb, 0x0,
    0x0, 0x0, 0x4f, 0xfa, 0x4f, 0xfb, 0x0, 0x0,
    0x0, 0x4f, 0xfa, 0x4f, 0xfb, 0x0, 0x0, 0x0,
    0x4f, 0xfa, 0x4f, 0xfb, 0x0, 0x0, 0x0, 0x4f,
    0xfa, 0x4f, 0xfb, 0x0, 0x0, 0x0, 0x4f, 0xfa,
    0x3f, 0xfd, 0x0, 0x0, 0x0, 0x6f, 0xf9, 0x1f,
    0xff, 0x20, 0x0, 0x0, 0xcf, 0xf7, 0xc, 0xff,
    0xd3, 0x0, 0x19, 0xff, 0xf2, 0x4, 0xff, 0xff,
    0xfe, 0xff, 0xff, 0x90, 0x0, 0x5f, 0xff, 0xff,
    0xff, 0xfa, 0x0, 0x0, 0x2, 0x8d, 0xff, 0xea,
    0x40, 0x0,

    /* U+00DC "Ü" */
    0x0, 0x0, 0x53, 0x0, 0x15, 0x10, 0x0, 0x0,
    0xb, 0xff, 0x30, 0xef, 0xe0, 0x0, 0x0, 0xe,
    0xff, 0x72, 0xff, 0xf2, 0x0, 0x0, 0x6, 0xec,
    0x10, 0x9f, 0x90, 0x0, 0x0, 0x0, 0x0, 0x0,
    0x0, 0x0, 0x0, 0x0, 0x0, 0x0, 0x0, 0x0,
    0x0, 0x0, 0x4f, 0xfb, 0x0, 0x0, 0x0, 0x4f,
    0xfa, 0x4f, 0xfb, 0x0, 0x0, 0x0, 0x4f, 0xfa,
    0x4f, 0xfb, 0x0, 0x0, 0x0, 0x4f, 0xfa, 0x4f,
    0xfb, 0x0, 0x0, 0x0, 0x4f, 0xfa, 0x4f, 0xfb,
    0x0, 0x0, 0x0, 0x4f, 0xfa, 0x4f, 0xfb, 0x0,
    0x0, 0x0, 0x4f, 0xfa, 0x4f, 0xfb, 0x0, 0x0,
    0x0, 0x4f, 0xfa, 0x4f, 0xfb, 0x0, 0x0, 0x0,
    0x4f, 0xfa, 0x4f, 0xfb, 0x0, 0x0, 0x0, 0x4f,
    0xfa, 0x4f, 0xfb, 0x0, 0x0, 0x0, 0x4f, 0xfa,
    0x3f, 0xfd, 0x0, 0x0, 0x0, 0x6f, 0xf9, 0x1f,
    0xff, 0x20, 0x0, 0x0, 0xcf, 0xf7, 0xc, 0xff,
    0xd3, 0x0, 0x19, 0xff, 0xf2, 0x4, 0xff, 0xff,
    0xfe, 0xff, 0xff, 0x90, 0x0, 0x5f, 0xff, 0xff,
    0xff, 0xfa, 0x0, 0x0, 0x2, 0x8d, 0xff, 0xea,
    0x40, 0x0,

    /* U+00DD "Ý" */
    0x0, 0x0, 0x0, 0x0, 0xcf, 0xe0, 0x0, 0x0,
    0x0, 0x0, 0x0, 0x3f, 0xf5, 0x0, 0x0, 0x0,
    0x0, 0x0, 0xa, 0xfc, 0x0, 0x0, 0x0, 0x0,
    0x0, 0x2, 0xff, 0x30, 0x0, 0x0, 0x0, 0x0,
    0x0, 0x0, 0x0, 0x0, 0x0, 0x0, 0x0, 0x0,
    0x0, 0x0, 0x0, 0x0, 0x0, 0x3f, 0xff, 0x10,
    0x0, 0x0, 0xa, 0xff, 0xa0, 0xaf, 0xf8, 0x0,
    0x0, 0x2, 0xff, 0xf2, 0x2, 0xff, 0xf1, 0x0,
    0x0, 0xaf, 0xf8, 0x0, 0x9, 0xff, 0x90, 0x0,
    0x3f, 0xfe, 0x10, 0x0, 0x1f, 0xff, 0x20, 0xb,
    0xff, 0x70, 0x0, 0x0, 0x7f, 0xfa, 0x4, 0xff,
    0xe0, 0x0, 0x0, 0x0, 0xef, 0xf3, 0xcf, 0xf5,
    0x0, 0x0, 0x0, 0x6, 0xff, 0xef, 0xfc, 0x0,
    0x0, 0x0, 0x0, 0xd, 0xff, 0xff, 0x40, 0x0,
    0x0, 0x0, 0x0, 0x4f, 0xff, 0xb0, 0x0, 0x0,
    0x0, 0x0, 0x0, 0xdf, 0xf4, 0x0, 0x0, 0x0,
    0x0, 0x0, 0xc, 0xff, 0x30, 0x0, 0x0, 0x0,
    0x0, 0x0, 0xcf, 0xf3, 0x0, 0x0, 0x0, 0x0,
    0x0, 0xc, 0xff, 0x30, 0x0, 0x0, 0x0, 0x0,
    0x0, 0xcf, 0xf3, 0x0, 0x0, 0x0, 0x0, 0x0,
    0xc, 0xff, 0x30, 0x0, 0x0,

    /* U+00DE "Þ" */
    0x6f, 0xf9, 0x0, 0x0, 0x0, 0x0, 0x6, 0xff,
    0x90, 0x0, 0x0, 0x0, 0x0, 0x6f, 0xfd, 0xaa,
    0xa9, 0x72, 0x0, 0x6, 0xff, 0xff, 0xff, 0xff,
    0xfa, 0x0, 0x6f, 0xff, 0xff, 0xff, 0xff, 0xfb,
    0x6, 0xff, 0x90, 0x0, 0x6, 0xff, 0xf5, 0x6f,
    0xf9, 0x0, 0x0, 0x7, 0xff, 0xb6, 0xff, 0x90,
    0x0, 0x0, 0x2f, 0xfd, 0x6f, 0xf9, 0x0, 0x0,
    0x4, 0xff, 0xc6, 0xff, 0x90, 0x0, 0x1, 0xcf,
    0xf7, 0x6f, 0xfd, 0xaa, 0xaa, 0xef, 0xfe, 0x16,
    0xff, 0xff, 0xff, 0xff, 0xfe, 0x30, 0x6f, 0xff,
    0xff, 0xff, 0xd8, 0x10, 0x6, 0xff, 0x90, 0x0,
    0x0, 0x0, 0x0, 0x6f, 0xf9, 0x0, 0x0, 0x0,
    0x0, 0x6, 0xff, 0x90, 0x0, 0x0, 0x0, 0x0,

    /* U+00DF "ß" */
    0x0, 0x4, 0xae, 0xfe, 0xb6, 0x0, 0x0, 0x8,
    0xff, 0xff, 0xff, 0xfd, 0x10, 0x5, 0xff, 0xfc,
    0x8a, 0xff, 0xfc, 0x0, 0xef, 0xf7, 0x0, 0x2,
    0xff, 0xf2, 0x3f, 0xfd, 0x0, 0x0, 0xa, 0xff,
    0x45, 0xff, 0x90, 0x0, 0x0, 0xcf, 0xf2, 0x6f,
    0xf8, 0x0, 0x1, 0x8f, 0xfb, 0x6, 0xff, 0x80,
    0xaf, 0xff, 0xfb, 0x0, 0x6f, 0xf8, 0xa, 0xff,
    0xff, 0x70, 0x6, 0xff, 0x80, 0x36, 0x7b, 0xff,
    0xc0, 0x6f, 0xf8, 0x0, 0x0, 0x8, 0xff, 0x86,
    0xff, 0x80, 0x0, 0x0, 0x2f, 0xfd, 0x6f, 0xf8,
    0x0, 0x0, 0x3, 0xff, 0xe6, 0xff, 0x80, 0x0,
    0x0, 0xbf, 0xfb, 0x6f, 0xf8, 0x19, 0x8a, 0xef,
    0xff, 0x46, 0xff, 0x82, 0xff, 0xff, 0xff, 0x60,
    0x6f, 0xf8, 0x1e, 0xff, 0xd8, 0x20, 0x0,

    /* U+00E0 "à" */
    0x0, 0xd, 0xfd, 0x0, 0x0, 0x0, 0x0, 0x0,
    0x4f, 0xf5, 0x0, 0x0, 0x0, 0x0, 0x0, 0xaf,
    0xc0, 0x0, 0x0, 0x0, 0x0, 0x1, 0xff, 0x30,
    0x0, 0x0, 0x0, 0x0, 0x0, 0x0, 0x0, 0x0,
    0x0, 0x1, 0x9e, 0xfd, 0x70, 0xef, 0xf0, 0x2,
    0xef, 0xff, 0xff, 0xae, 0xff, 0x0, 0xdf, 0xfe,
    0x87, 0xcf, 0xff, 0xf0, 0x4f, 0xfe, 0x20, 0x0,
    0xaf, 0xff, 0x9, 0xff, 0x80, 0x0, 0x2, 0xff,
    0xf0, 0xbf, 0xf4, 0x0, 0x0, 0xe, 0xff, 0xb,
    0xff, 0x30, 0x0, 0x0, 0xef, 0xf0, 0x9f, 0xf6,
    0x0, 0x0, 0x1f, 0xff, 0x4, 0xff, 0xd0, 0x0,
    0x8, 0xff, 0xf0, 0xd, 0xff, 0xc5, 0x49, 0xff,
    0xff, 0x0, 0x2e, 0xff, 0xff, 0xfc, 0xef, 0xf0,
    0x0, 0x19, 0xef, 0xe8, 0xe, 0xff, 0x0,

    /* U+00E1 "á" */
    0x0, 0x0, 0x0, 0x4f, 0xf7, 0x0, 0x0, 0x0,
    0x0, 0xb, 0xfd, 0x0, 0x0, 0x0, 0x0, 0x2,
    0xff, 0x40, 0x0, 0x0, 0x0, 0x0, 0x9f, 0xa0,
    0x0, 0x0, 0x0, 0x0, 0x0, 0x0, 0x0, 0x0,
    0x0, 0x1, 0x9e, 0xfd, 0x70, 0xef, 0xf0, 0x2,
    0xef, 0xff, 0xff, 0xae, 0xff, 0x0, 0xdf, 0xfe,
    0x87, 0xcf, 0xff, 0xf0, 0x4f, 0xfe, 0x20, 0x0,
    0xaf, 0xff, 0x9, 0xff, 0x80, 0x0, 0x2, 0xff,
    0xf0, 0xbf, 0xf4, 0x0, 0x0, 0xe, 0xff, 0xb,
    0xff, 0x30, 0x0, 0x0, 0xef, 0xf0, 0x9f, 0xf6,
    0x0, 0x0, 0x1f, 0xff, 0x4, 0xff, 0xd0, 0x0,
    0x8, 0xff, 0xf0, 0xd, 0xff, 0xc5, 0x49, 0xff,
    0xff, 0x0, 0x2e, 0xff, 0xff, 0xfc, 0xef, 0xf0,
    0x0, 0x19, 0xef, 0xe8, 0xe, 0xff, 0x0,

    /* U+00E2 "â" */
    0x0, 0x0, 0x4f, 0xfc, 0x0, 0x0, 0x0, 0x0,
    0x1e, 0xfd, 0xf9, 0x0, 0x0, 0x0, 0xc, 0xf9,
    0x1e, 0xf4, 0x0, 0x0, 0x5, 0xca, 0x0, 0x4c,
    0xa0, 0x0, 0x0, 0x0, 0x0, 0x0, 0x0, 0x0,
    0x0, 0x1, 0x9e, 0xfd, 0x70, 0xef, 0xf0, 0x2,
    0xef, 0xff, 0xff, 0xae, 0xff, 0x0, 0xdf, 0xfe,
    0x87, 0xcf, 0xff, 0xf0, 0x4f, 0xfe, 0x20, 0x0,
    0xaf, 0xff, 0x9, 0xff, 0x80, 0x0, 0x2, 0xff,
    0xf0, 0xbf, 0xf4, 0x0, 0x0, 0xe, 0xff, 0xb,
    0xff, 0x30, 0x0, 0x0, 0xef, 0xf0, 0x9f, 0xf6,
    0x0, 0x0, 0x1f, 0xff, 0x4, 0xff, 0xd0, 0x0,
    0x8, 0xff, 0xf0, 0xd, 0xff, 0xc5, 0x49, 0xff,
    0xff, 0x0, 0x2e, 0xff, 0xff, 0xfc, 0xef, 0xf0,
    0x0, 0x19, 0xef, 0xe8, 0xe, 0xff, 0x0,

    /* U+00E3 "ã" */
    0x0, 0x8, 0xfd, 0x60, 0xce, 0x0, 0x0, 0x2,
    0xff, 0xff, 0xff, 0xb0, 0x0, 0x0, 0x5f, 0x61,
    0xaf, 0xd3, 0x0, 0x0, 0x0, 0x0, 0x0, 0x0,
    0x0, 0x0, 0x0, 0x0, 0x0, 0x0, 0x0, 0x0,
    0x0, 0x1, 0x9e, 0xfd, 0x70, 0xef, 0xf0, 0x2,
    0xef, 0xff, 0xff, 0xae, 0xff, 0x0, 0xdf, 0xfe,
    0x87, 0xcf, 0xff, 0xf0, 0x4f, 0xfe, 0x20, 0x0,
    0xaf, 0xff, 0x9, 0xff, 0x80, 0x0, 0x2, 0xff,
    0xf0, 0xbf, 0xf4, 0x0, 0x0, 0xe, 0xff, 0xb,
    0xff, 0x30, 0x0, 0x0, 0xef, 0xf0, 0x9f, 0xf6,
    0x0, 0x0, 0x1f, 0xff, 0x4, 0xff, 0xd0, 0x0,
    0x8, 0xff, 0xf0, 0xd, 0xff, 0xc5, 0x49, 0xff,
    0xff, 0x0, 0x2e, 0xff, 0xff, 0xfc, 0xef, 0xf0,
    0x0, 0x19, 0xef, 0xe8, 0xe, 0xff, 0x0,

    /* U+00E4 "ä" */
    0x0, 0x4e, 0xd2, 0x8, 0xfb, 0x0, 0x0, 0xc,
    0xff, 0x90, 0xff, 0xf4, 0x0, 0x0, 0x8f, 0xf5,
    0xd, 0xff, 0x10, 0x0, 0x0, 0x43, 0x0, 0x15,
    0x20, 0x0, 0x0, 0x19, 0xef, 0xd7, 0xe, 0xff,
    0x0, 0x2e, 0xff, 0xff, 0xfa, 0xef, 0xf0, 0xd,
    0xff, 0xe8, 0x7c, 0xff, 0xff, 0x4, 0xff, 0xe2,
    0x0, 0xa, 0xff, 0xf0, 0x9f, 0xf8, 0x0, 0x0,
    0x2f, 0xff, 0xb, 0xff, 0x40, 0x0, 0x0, 0xef,
    0xf0, 0xbf, 0xf3, 0x0, 0x0, 0xe, 0xff, 0x9,
    0xff, 0x60, 0x0, 0x1, 0xff, 0xf0, 0x4f, 0xfd,
    0x0, 0x0, 0x8f, 0xff, 0x0, 0xdf, 0xfc, 0x54,
    0x9f, 0xff, 0xf0, 0x2, 0xef, 0xff, 0xff, 0xce,
    0xff, 0x0, 0x1, 0x9e, 0xfe, 0x80, 0xef, 0xf0,

    /* U+00E5 "å" */
    0x0, 0x0, 0x6d, 0xfb, 0x10, 0x0, 0x0, 0x0,
    0x4f, 0xec, 0xfc, 0x0, 0x0, 0x0, 0xa, 0xf1,
    0x9, 0xf2, 0x0, 0x0, 0x0, 0x9f, 0x51, 0xcf,
    0x10, 0x0, 0x0, 0x2, 0xef, 0xff, 0x90, 0x0,
    0x0, 0x0, 0x2, 0x9a, 0x60, 0x0, 0x0, 0x0,
    0x0, 0x0, 0x0, 0x0, 0x0, 0x0, 0x1, 0x9e,
    0xfd, 0x70, 0xef, 0xf0, 0x2, 0xef, 0xff, 0xff,
    0xae, 0xff, 0x0, 0xdf, 0xfe, 0x87, 0xcf, 0xff,
    0xf0, 0x4f, 0xfe, 0x20, 0x0, 0xaf, 0xff, 0x9,
    0xff, 0x80, 0x0, 0x2, 0xff, 0xf0, 0xbf, 0xf4,
    0x0, 0x0, 0xe, 0xff, 0xb, 0xff, 0x30, 0x0,
    0x0, 0xef, 0xf0, 0x9f, 0xf6, 0x0, 0x0, 0x1f,
    0xff, 0x4, 0xff, 0xd0, 0x0, 0x8, 0xff, 0xf0,
    0xd, 0xff, 0xc5, 0x49, 0xff, 0xff, 0x0, 0x2e,
    0xff, 0xff, 0xfc, 0xef, 0xf0, 0x0, 0x19, 0xef,
    0xe8, 0xe, 0xff, 0x0,

    /* U+00E6 "æ" */
    0x0, 0x4b, 0xef, 0xe9, 0x10, 0x2a, 0xef, 0xe9,
    0x20, 0x0, 0x6f, 0xff, 0xff, 0xfe, 0x4f, 0xff,
    0xff, 0xff, 0x40, 0x2f, 0xff, 0x64, 0x7f, 0xff,
    0xfe, 0x74, 0x7f, 0xfe, 0x17, 0xee, 0x50, 0x0,
    0x8f, 0xff, 0x20, 0x0, 0x4f, 0xf7, 0x0, 0x0,
    0x0, 0x5, 0xff, 0xb0, 0x0, 0x0, 0xff, 0xc0,
    0x2a, 0xdf, 0xff, 0xff, 0xff, 0xff, 0xff, 0xff,
    0xfe, 0x3f, 0xff, 0xfe, 0xee, 0xff, 0xfe, 0xee,
    0xee, 0xee, 0xdb, 0xff, 0x50, 0x0, 0x6f, 0xfb,
    0x0, 0x0, 0x0, 0x0, 0xef, 0xf0, 0x0, 0xb,
    0xff, 0xf3, 0x0, 0x1, 0xdd, 0x9b, 0xff, 0xb5,
    0x5b, 0xfc, 0xff, 0xe7, 0x46, 0xef, 0xf4, 0x4f,
    0xff, 0xff, 0xfe, 0x16, 0xff, 0xff, 0xff, 0xf7,
    0x0, 0x3b, 0xef, 0xd9, 0x10, 0x3, 0xae, 0xfe,
    0xb4, 0x0,

    /* U+00E7 "ç" */
    0x0, 0x6, 0xce, 0xfd, 0x91, 0x0, 0x0, 0xcf,
    0xff, 0xff, 0xfe, 0x30, 0xa, 0xff, 0xe8, 0x6b,
    0xff, 0xd0, 0x3f, 0xfe, 0x10, 0x0, 0xaf, 0xf5,
    0x8f, 0xf7, 0x0, 0x0, 0x17, 0x73, 0xbf, 0xf3,
    0x0, 0x0, 0x0, 0x0, 0xbf, 0xf2, 0x0, 0x0,
    0x0, 0x0, 0x9f, 0xf5, 0x0, 0x0, 0x1, 0x10,
    0x5f, 0xfb, 0x0, 0x0, 0x6f, 0xf7, 0xd, 0xff,
    0x91, 0x4, 0xef, 0xf1, 0x3, 0xff, 0xff, 0xff,
    0xff, 0x70, 0x0, 0x3c, 0xff, 0xff, 0xe7, 0x0,
    0x0, 0x0, 0x3f, 0xd3, 0x0, 0x0, 0x0, 0x0,
    0xaf, 0xeb, 0x30, 0x0, 0x0, 0x0, 0x7d, 0xbf,
    0xe0, 0x0, 0x0, 0x0, 0x0, 0xc, 0xf1, 0x0,
    0x0, 0x0, 0x99, 0xbf, 0xd0, 0x0, 0x0, 0x0,
    0xcf, 0xfb, 0x20, 0x0,

    /* U+00E8 "è" */
    0x0, 0x3f, 0xf8, 0x0, 0x0, 0x0, 0x0, 0x9,
    0xff, 0x0, 0x0, 0x0, 0x0, 0x1, 0xef, 0x70,
    0x0, 0x0, 0x0, 0x0, 0x6f, 0xe0, 0x0, 0x0,
    0x0, 0x0, 0x0, 0x0, 0x0, 0x0, 0x0, 0x0,
    0x0, 0x0, 0x0, 0x0, 0x0, 0x8, 0xdf, 0xec,
    0x50, 0x0, 0x1, 0xdf, 0xff, 0xff, 0xfa, 0x0,
    0xc, 0xff, 0xb5, 0x6d, 0xff, 0x60, 0x4f, 0xfb,
    0x0, 0x1, 0xef, 0xd0, 0x9f, 0xf4, 0x0, 0x0,
    0x9f, 0xf2, 0xbf, 0xff, 0xff, 0xff, 0xff, 0xf3,
    0xbf, 0xff, 0xff, 0xff, 0xff, 0xf4, 0x9f, 0xf5,
    0x0, 0x0, 0x0, 0x0, 0x4f, 0xfc, 0x0, 0x0,
    0x9d, 0xc0, 0xc, 0xff, 0xc6, 0x6b, 0xff, 0xa0,
    0x1, 0xdf, 0xff, 0xff, 0xfd, 0x10, 0x0, 0x7,
    0xcf, 0xfd, 0x80, 0x0,

    /* U+00E9 "é" */
    0x0, 0x0, 0x0, 0x9f, 0xf2, 0x0, 0x0, 0x0,
    0x1, 0xff, 0x80, 0x0, 0x0, 0x0, 0x7, 0xfe,
    0x0, 0x0, 0x0, 0x0, 0xe, 0xf5, 0x0, 0x0,
    0x0, 0x0, 0x0, 0x0, 0x0, 0x0, 0x0, 0x0,
    0x0, 0x0, 0x0, 0x0, 0x0, 0x8, 0xdf, 0xec,
    0x50, 0x0, 0x1, 0xdf, 0xff, 0xff, 0xfa, 0x0,
    0xc, 0xff, 0xb5, 0x6d, 0xff, 0x60, 0x4f, 0xfb,
    0x0, 0x1, 0xef, 0xd0, 0x9f, 0xf4, 0x0, 0x0,
    0x9f, 0xf2, 0xbf, 0xff, 0xff, 0xff, 0xff, 0xf3,
    0xbf, 0xff, 0xff, 0xff, 0xff, 0xf4, 0x9f, 0xf5,
    0x0, 0x0, 0x0, 0x0, 0x4f, 0xfc, 0x0, 0x0,
    0x9d, 0xc0, 0xc, 0xff, 0xc6, 0x6b, 0xff, 0xa0,
    0x1, 0xdf, 0xff, 0xff, 0xfd, 0x10, 0x0, 0x7,
    0xcf, 0xfd, 0x80, 0x0,

    /* U+00EA "ê" */
    0x0, 0x0, 0x9f, 0xf7, 0x0, 0x0, 0x0, 0x5,
    0xfe, 0xff, 0x30, 0x0, 0x0, 0x2f, 0xf4, 0x5f,
    0xe1, 0x0, 0x0, 0x9c, 0x70, 0x8, 0xc7, 0x0,
    0x0, 0x0, 0x0, 0x0, 0x0, 0x0, 0x0, 0x8,
    0xdf, 0xec, 0x50, 0x0, 0x1, 0xdf, 0xff, 0xff,
    0xfa, 0x0, 0xc, 0xff, 0xb5, 0x6d, 0xff, 0x60,
    0x4f, 0xfb, 0x0, 0x1, 0xef, 0xd0, 0x9f, 0xf4,
    0x0, 0x0, 0x9f, 0xf2, 0xbf, 0xff, 0xff, 0xff,
    0xff, 0xf3, 0xbf, 0xff, 0xff, 0xff, 0xff, 0xf4,
    0x9f, 0xf5, 0x0, 0x0, 0x0, 0x0, 0x4f, 0xfc,
    0x0, 0x0, 0x9d, 0xc0, 0xc, 0xff, 0xc6, 0x6b,
    0xff, 0xa0, 0x1, 0xdf, 0xff, 0xff, 0xfd, 0x10,
    0x0, 0x7, 0xcf, 0xfd, 0x80, 0x0,

    /* U+00EB "ë" */
    0x0, 0x9f, 0xa0, 0x1c, 0xf6, 0x0, 0x1, 0xff,
    0xf3, 0x6f, 0xff, 0x0, 0x0, 0xdf, 0xf1, 0x3f,
    0xfb, 0x0, 0x0, 0x15, 0x10, 0x2, 0x50, 0x0,
    0x0, 0x8, 0xdf, 0xec, 0x50, 0x0, 0x1, 0xdf,
    0xff, 0xff, 0xfa, 0x0, 0xc, 0xff, 0xb5, 0x6d,
    0xff, 0x60, 0x4f, 0xfb, 0x0, 0x1, 0xef, 0xd0,
    0x9f, 0xf4, 0x0, 0x0, 0x9f, 0xf2, 0xbf, 0xff,
    0xff, 0xff, 0xff, 0xf3, 0xbf, 0xff, 0xff, 0xff,
    0xff, 0xf4, 0x9f, 0xf5, 0x0, 0x0, 0x0, 0x0,
    0x4f, 0xfc, 0x0, 0x0, 0x9d, 0xc0, 0xc, 0xff,
    0xc6, 0x6b, 0xff, 0xa0, 0x1, 0xdf, 0xff, 0xff,
    0xfd, 0x10, 0x0, 0x7, 0xcf, 0xfd, 0x80, 0x0,

    /* U+00EC "ì" */
    0xd, 0xfd, 0x0, 0x4, 0xff, 0x40, 0x0, 0xbf,
    0xb0, 0x0, 0x2f, 0xf3, 0x0, 0x0, 0x0, 0x0,
    0x3f, 0xfb, 0x0, 0x3f, 0xfb, 0x0, 0x3f, 0xfb,
    0x0, 0x3f, 0xfb, 0x0, 0x3f, 0xfb, 0x0, 0x3f,
    0xfb, 0x0, 0x3f, 0xfb, 0x0, 0x3f, 0xfb, 0x0,
    0x3f, 0xfb, 0x0, 0x3f, 0xfb, 0x0, 0x3f, 0xfb,
    0x0, 0x3f, 0xfb,

    /* U+00ED "í" */
    0x0, 0x4f, 0xf6, 0x0, 0xcf, 0xc0, 0x3, 0xff,
    0x30, 0xa, 0xfa, 0x0, 0x0, 0x0, 0x0, 0x3f,
    0xfb, 0x0, 0x3f, 0xfb, 0x0, 0x3f, 0xfb, 0x0,
    0x3f, 0xfb, 0x0, 0x3f, 0xfb, 0x0, 0x3f, 0xfb,
    0x0, 0x3f, 0xfb, 0x0, 0x3f, 0xfb, 0x0, 0x3f,
    0xfb, 0x0, 0x3f, 0xfb, 0x0, 0x3f, 0xfb, 0x0,
    0x3f, 0xfb, 0x0,

    /* U+00EE "î" */
    0x0, 0x5f, 0xfc, 0x0, 0x0, 0x2f, 0xfc, 0xf9,
    0x0, 0xd, 0xf7, 0x1e, 0xf5, 0x4, 0x98, 0x0,
    0x39, 0x80, 0x0, 0x0, 0x0, 0x0, 0x0, 0x3,
    0xff, 0xb0, 0x0, 0x0, 0x3f, 0xfb, 0x0, 0x0,
    0x3, 0xff, 0xb0, 0x0, 0x0, 0x3f, 0xfb, 0x0,
    0x0, 0x3, 0xff, 0xb0, 0x0, 0x0, 0x3f, 0xfb,
    0x0, 0x0, 0x3, 0xff, 0xb0, 0x0, 0x0, 0x3f,
    0xfb, 0x0, 0x0, 0x3, 0xff, 0xb0, 0x0, 0x0,
    0x3f, 0xfb, 0x0, 0x0, 0x3, 0xff, 0xb0, 0x0,
    0x0, 0x3f, 0xfb, 0x0, 0x0,

    /* U+00EF "ï" */
    0x5e, 0xd2, 0x8, 0xfa, 0xc, 0xff, 0x81, 0xff,
    0xf3, 0x9f, 0xf5, 0xd, 0xff, 0x10, 0x53, 0x0,
    0x15, 0x20, 0x0, 0x3f, 0xfb, 0x0, 0x0, 0x3,
    0xff, 0xb0, 0x0, 0x0, 0x3f, 0xfb, 0x0, 0x0,
    0x3, 0xff, 0xb0, 0x0, 0x0, 0x3f, 0xfb, 0x0,
    0x0, 0x3, 0xff, 0xb0, 0x0, 0x0, 0x3f, 0xfb,
    0x0, 0x0, 0x3, 0xff, 0xb0, 0x0, 0x0, 0x3f,
    0xfb, 0x0, 0x0, 0x3, 0xff, 0xb0, 0x0, 0x0,
    0x3f, 0xfb, 0x0, 0x0, 0x3, 0xff, 0xb0, 0x0,

    /* U+00F0 "ð" */
    0x3, 0x93, 0x0, 0x6, 0x30, 0x0, 0x0, 0xaf,
    0xfa, 0x4c, 0xfc, 0x0, 0x0, 0x7, 0xef, 0xff,
    0xfe, 0x60, 0x0, 0x0, 0x8, 0xff, 0xff, 0xa0,
    0x0, 0x0, 0x5, 0xff, 0xbe, 0xff, 0xb0, 0x0,
    0x0, 0xb, 0x50, 0x2d, 0xff, 0xa0, 0x0, 0x0,
    0x0, 0x0, 0x1e, 0xff, 0x60, 0x0, 0x1, 0x9e,
    0xfd, 0xaf, 0xfe, 0x0, 0x3, 0xef, 0xff, 0xff,
    0xff, 0xf7, 0x0, 0xdf, 0xfc, 0x43, 0x8f, 0xff,
    0xc0, 0x5f, 0xfd, 0x0, 0x0, 0x8f, 0xff, 0xa,
    0xff, 0x60, 0x0, 0x0, 0xff, 0xf1, 0xcf, 0xf3,
    0x0, 0x0, 0xd, 0xff, 0x2c, 0xff, 0x30, 0x0,
    0x0, 0xdf, 0xf0, 0x9f, 0xf7, 0x0, 0x0, 0x1f,
    0xfd, 0x4, 0xff, 0xe1, 0x0, 0xa, 0xff, 0x80,
    0xc, 0xff, 0xe8, 0x7c, 0xff, 0xe1, 0x0, 0x1d,
    0xff, 0xff, 0xff, 0xe3, 0x0, 0x0, 0x7, 0xcf,
    0xfd, 0x81, 0x0, 0x0,

    /* U+00F1 "ñ" */
    0x0, 0x2d, 0xfa, 0x24, 0xf6, 0x0, 0xa, 0xfe,
    0xff, 0xff, 0x30, 0x0, 0xdd, 0x5, 0xdf, 0x90,
    0x0, 0x0, 0x0, 0x0, 0x0, 0x0, 0x0, 0x0,
    0x0, 0x0, 0x0, 0x6, 0xff, 0x83, 0xcf, 0xea,
    0x20, 0x6f, 0xfb, 0xff, 0xff, 0xfe, 0x16, 0xff,
    0xfb, 0x45, 0xef, 0xf8, 0x6f, 0xfd, 0x0, 0x5,
    0xff, 0xc6, 0xff, 0xa0, 0x0, 0x1f, 0xfd, 0x6f,
    0xf8, 0x0, 0x1, 0xff, 0xd6, 0xff, 0x80, 0x0,
    0x1f, 0xfd, 0x6f, 0xf8, 0x0, 0x1, 0xff, 0xd6,
    0xff, 0x80, 0x0, 0x1f, 0xfd, 0x6f, 0xf8, 0x0,
    0x1, 0xff, 0xd6, 0xff, 0x80, 0x0, 0x1f, 0xfd,
    0x6f, 0xf8, 0x0, 0x1, 0xff, 0xd0,

    /* U+00F2 "ò" */
    0x0, 0xe, 0xfc, 0x0, 0x0, 0x0, 0x0, 0x0,
    0x5f, 0xf4, 0x0, 0x0, 0x0, 0x0, 0x0, 0xbf,
    0xb0, 0x0, 0x0, 0x0, 0x0, 0x2, 0xff, 0x20,
    0x0, 0x0, 0x0, 0x0, 0x0, 0x0, 0x0, 0x0,
    0x0, 0x0, 0x0, 0x0, 0x0, 0x0, 0x0, 0x0,
    0x6, 0xce, 0xfd, 0x92, 0x0, 0x0, 0x1b, 0xff,
    0xff, 0xff, 0xf4, 0x0, 0xa, 0xff, 0xf9, 0x8c,
    0xff, 0xf2, 0x3, 0xff, 0xe2, 0x0, 0x9, 0xff,
    0xa0, 0x9f, 0xf7, 0x0, 0x0, 0x1f, 0xff, 0xb,
    0xff, 0x30, 0x0, 0x0, 0xcf, 0xf2, 0xbf, 0xf3,
    0x0, 0x0, 0xc, 0xff, 0x29, 0xff, 0x70, 0x0,
    0x1, 0xff, 0xf0, 0x3f, 0xfe, 0x20, 0x0, 0x9f,
    0xfa, 0x0, 0xaf, 0xfe, 0x98, 0xcf, 0xff, 0x20,
    0x1, 0xcf, 0xff, 0xff, 0xff, 0x40, 0x0, 0x0,
    0x6c, 0xef, 0xd9, 0x20, 0x0,

    /* U+00F3 "ó" */
    0x0, 0x0, 0x0, 0x5f, 0xf6, 0x0, 0x0, 0x0,
    0x0, 0xc, 0xfc, 0x0, 0x0, 0x0, 0x0, 0x3,
    0xff, 0x30, 0x0, 0x0, 0x0, 0x0, 0xaf, 0xa0,
    0x0, 0x0, 0x0, 0x0, 0x0, 0x0, 0x0, 0x0,
    0x0, 0x0, 0x0, 0x0, 0x0, 0x0, 0x0, 0x0,
    0x6, 0xce, 0xfd, 0x92, 0x0, 0x0, 0x1b, 0xff,
    0xff, 0xff, 0xf4, 0x0, 0xa, 0xff, 0xf9, 0x8c,
    0xff, 0xf2, 0x3, 0xff, 0xe2, 0x0, 0x9, 0xff,
    0xa0, 0x9f, 0xf7, 0x0, 0x0, 0x1f, 0xff, 0xb,
    0xff, 0x30, 0x0, 0x0, 0xcf, 0xf2, 0xbf, 0xf3,
    0x0, 0x0, 0xc, 0xff, 0x29, 0xff, 0x70, 0x0,
    0x1, 0xff, 0xf0, 0x3f, 0xfe, 0x20, 0x0, 0x9f,
    0xfa, 0x0, 0xaf, 0xfe, 0x98, 0xcf, 0xff, 0x20,
    0x1, 0xcf, 0xff, 0xff, 0xff, 0x40, 0x0, 0x0,
    0x6c, 0xef, 0xd9, 0x20, 0x0,

    /* U+00F4 "ô" */
    0x0, 0x0, 0x5f, 0xfc, 0x0, 0x0, 0x0, 0x0,
    0x2f, 0xfd, 0xf8, 0x0, 0x0, 0x0, 0xc, 0xf8,
    0x2f, 0xf4, 0x0, 0x0, 0x5, 0xb9, 0x0, 0x5b,
    0xa0, 0x0, 0x0, 0x0, 0x0, 0x0, 0x0, 0x0,
    0x0, 0x0, 0x6c, 0xef, 0xd9, 0x20, 0x0, 0x1,
    0xbf, 0xff, 0xff, 0xff, 0x40, 0x0, 0xaf, 0xff,
    0x98, 0xcf, 0xff, 0x20, 0x3f, 0xfe, 0x20, 0x0,
    0x9f, 0xfa, 0x9, 0xff, 0x70, 0x0, 0x1, 0xff,
    0xf0, 0xbf, 0xf3, 0x0, 0x0, 0xc, 0xff, 0x2b,
    0xff, 0x30, 0x0, 0x0, 0xcf, 0xf2, 0x9f, 0xf7,
    0x0, 0x0, 0x1f, 0xff, 0x3, 0xff, 0xe2, 0x0,
    0x9, 0xff, 0xa0, 0xa, 0xff, 0xe9, 0x8c, 0xff,
    0xf2, 0x0, 0x1c, 0xff, 0xff, 0xff, 0xf4, 0x0,
    0x0, 0x6, 0xce, 0xfd, 0x92, 0x0, 0x0,

    /* U+00F5 "õ" */
    0x0, 0x9, 0xfd, 0x60, 0xdd, 0x0, 0x0, 0x3,
    0xff, 0xff, 0xff, 0xa0, 0x0, 0x0, 0x6f, 0x52,
    0xaf, 0xd2, 0x0, 0x0, 0x0, 0x0, 0x0, 0x0,
    0x0, 0x0, 0x0, 0x0, 0x0, 0x0, 0x0, 0x0,
    0x0, 0x0, 0x6c, 0xef, 0xd9, 0x20, 0x0, 0x1,
    0xbf, 0xff, 0xff, 0xff, 0x40, 0x0, 0xaf, 0xff,
    0x98, 0xcf, 0xff, 0x20, 0x3f, 0xfe, 0x20, 0x0,
    0x9f, 0xfa, 0x9, 0xff, 0x70, 0x0, 0x1, 0xff,
    0xf0, 0xbf, 0xf3, 0x0, 0x0, 0xc, 0xff, 0x2b,
    0xff, 0x30, 0x0, 0x0, 0xcf, 0xf2, 0x9f, 0xf7,
    0x0, 0x0, 0x1f, 0xff, 0x3, 0xff, 0xe2, 0x0,
    0x9, 0xff, 0xa0, 0xa, 0xff, 0xe9, 0x8c, 0xff,
    0xf2, 0x0, 0x1c, 0xff, 0xff, 0xff, 0xf4, 0x0,
    0x0, 0x6, 0xce, 0xfd, 0x92, 0x0, 0x0,

    /* U+00F6 "ö" */
    0x0, 0x5e, 0xd2, 0x9, 0xfa, 0x0, 0x0, 0xd,
    0xff, 0x81, 0xff, 0xf3, 0x0, 0x0, 0x9f, 0xf4,
    0xe, 0xfe, 0x10, 0x0, 0x0, 0x43, 0x0, 0x15,
    0x10, 0x0, 0x0, 0x6, 0xce, 0xfd, 0x92, 0x0,
    0x0, 0x1b, 0xff, 0xff, 0xff, 0xf4, 0x0, 0xa,
    0xff, 0xf9, 0x8c, 0xff, 0xf2, 0x3, 0xff, 0xe2,
    0x0, 0x9, 0xff, 0xa0, 0x9f, 0xf7, 0x0, 0x0,
    0x1f, 0xff, 0xb, 0xff, 0x30, 0x0, 0x0, 0xcf,
    0xf2, 0xbf, 0xf3, 0x0, 0x0, 0xc, 0xff, 0x29,
    0xff, 0x70, 0x0, 0x1, 0xff, 0xf0, 0x3f, 0xfe,
    0x20, 0x0, 0x9f, 0xfa, 0x0, 0xaf, 0xfe, 0x98,
    0xcf, 0xff, 0x20, 0x1, 0xcf, 0xff, 0xff, 0xff,
    0x40, 0x0, 0x0, 0x6c, 0xef, 0xd9, 0x20, 0x0,

    /* U+00F7 "÷" */
    0x0, 0x0, 0x5e, 0xc1, 0x0, 0x0, 0x0, 0xd,
    0xff, 0x70, 0x0, 0x0, 0x0, 0xbf, 0xf5, 0x0,
    0x0, 0x0, 0x1, 0x75, 0x0, 0x0, 0x12, 0x22,
    0x22, 0x22, 0x22, 0x26, 0xff, 0xff, 0xff, 0xff,
    0xfc, 0x6f, 0xff, 0xff, 0xff, 0xff, 0xc0, 0x0,
    0x0, 0x0, 0x0, 0x0, 0x0, 0x0, 0x6, 0x40,
    0x0, 0x0, 0x0, 0xb, 0xff, 0x50, 0x0, 0x0,
    0x0, 0xdf, 0xf7, 0x0, 0x0, 0x0, 0x5, 0xec,
    0x10, 0x0,

    /* U+00F8 "ø" */
    0x0, 0x0, 0x0, 0x0, 0x5f, 0xb0, 0x0, 0x0,
    0x6c, 0xef, 0xde, 0xf3, 0x0, 0x1, 0xcf, 0xff,
    0xff, 0xff, 0x40, 0x0, 0xbf, 0xfe, 0x98, 0xff,
    0xff, 0x10, 0x4f, 0xfe, 0x10, 0x7f, 0xff, 0xf9,
    0x9, 0xff, 0x60, 0x1f, 0xf3, 0xff, 0xf0, 0xcf,
    0xf3, 0xa, 0xf7, 0xd, 0xff, 0x1c, 0xff, 0x33,
    0xfd, 0x0, 0xdf, 0xf1, 0x9f, 0xf7, 0xcf, 0x40,
    0x1f, 0xff, 0x4, 0xff, 0xff, 0xb0, 0xa, 0xff,
    0x90, 0xb, 0xff, 0xfb, 0x8c, 0xff, 0xf1, 0x0,
    0x1d, 0xff, 0xff, 0xff, 0xf4, 0x0, 0x2, 0xfe,
    0xcf, 0xfd, 0x81, 0x0, 0x0, 0x48, 0x40, 0x0,
    0x0, 0x0, 0x0,

    /* U+00F9 "ù" */
    0x0, 0x8f, 0xf3, 0x0, 0x0, 0x0, 0x0, 0xef,
    0xa0, 0x0, 0x0, 0x0, 0x5, 0xff, 0x10, 0x0,
    0x0, 0x0, 0xb, 0xf8, 0x0, 0x0, 0x0, 0x0,
    0x0, 0x0, 0x0, 0x0, 0x0, 0x0, 0x0, 0x0,
    0x0, 0x6f, 0xf8, 0x0, 0x4, 0xff, 0xa6, 0xff,
    0x80, 0x0, 0x4f, 0xfa, 0x6f, 0xf8, 0x0, 0x4,
    0xff, 0xa6, 0xff, 0x80, 0x0, 0x4f, 0xfa, 0x6f,
    0xf8, 0x0, 0x4, 0xff, 0xa6, 0xff, 0x80, 0x0,
    0x4f, 0xfa, 0x6f, 0xf8, 0x0, 0x4, 0xff, 0xa6,
    0xff, 0x80, 0x0, 0x6f, 0xfa, 0x5f, 0xfc, 0x0,
    0xb, 0xff, 0xa2, 0xff, 0xfb, 0x7b, 0xff, 0xfa,
    0xa, 0xff, 0xff, 0xf9, 0xff, 0xa0, 0x9, 0xef,
    0xd4, 0x4f, 0xfa,

    /* U+00FA "ú" */
    0x0, 0x0, 0x0, 0xef, 0xc0, 0x0, 0x0, 0x0,
    0x6f, 0xf3, 0x0, 0x0, 0x0, 0xd, 0xf9, 0x0,
    0x0, 0x0, 0x4, 0xfe, 0x10, 0x0, 0x0, 0x0,
    0x0, 0x0, 0x0, 0x0, 0x0, 0x0, 0x0, 0x0,
    0x0, 0x6f, 0xf8, 0x0, 0x4, 0xff, 0xa6, 0xff,
    0x80, 0x0, 0x4f, 0xfa, 0x6f, 0xf8, 0x0, 0x4,
    0xff, 0xa6, 0xff, 0x80, 0x0, 0x4f, 0xfa, 0x6f,
    0xf8, 0x0, 0x4, 0xff, 0xa6, 0xff, 0x80, 0x0,
    0x4f, 0xfa, 0x6f, 0xf8, 0x0, 0x4, 0xff, 0xa6,
    0xff, 0x80, 0x0, 0x6f, 0xfa, 0x5f, 0xfc, 0x0,
    0xb, 0xff, 0xa2, 0xff, 0xfb, 0x7b, 0xff, 0xfa,
    0xa, 0xff, 0xff, 0xf9, 0xff, 0xa0, 0x9, 0xef,
    0xd4, 0x4f, 0xfa,

    /* U+00FB "û" */
    0x0, 0x1, 0xef, 0xf3, 0x0, 0x0, 0x0, 0xbf,
    0xcf, 0xd1, 0x0, 0x0, 0x8f, 0xc0, 0x9f, 0xb0,
    0x0, 0x19, 0x92, 0x0, 0x99, 0x30, 0x0, 0x0,
    0x0, 0x0, 0x0, 0x6, 0xff, 0x80, 0x0, 0x4f,
    0xfa, 0x6f, 0xf8, 0x0, 0x4, 0xff, 0xa6, 0xff,
    0x80, 0x0, 0x4f, 0xfa, 0x6f, 0xf8, 0x0, 0x4,
    0xff, 0xa6, 0xff, 0x80, 0x0, 0x4f, 0xfa, 0x6f,
    0xf8, 0x0, 0x4, 0xff, 0xa6, 0xff, 0x80, 0x0,
    0x4f, 0xfa, 0x6f, 0xf8, 0x0, 0x6, 0xff, 0xa5,
    0xff, 0xc0, 0x0, 0xbf, 0xfa, 0x2f, 0xff, 0xb7,
    0xbf, 0xff, 0xa0, 0xaf, 0xff, 0xff, 0x9f, 0xfa,
    0x0, 0x9e, 0xfd, 0x44, 0xff, 0xa0,

    /* U+00FC "ü" */
    0x1, 0xcf, 0x60, 0x4e, 0xd2, 0x0, 0x6f, 0xfe,
    0xb, 0xff, 0x90, 0x3, 0xff, 0xb0, 0x8f, 0xf6,
    0x0, 0x3, 0x50, 0x0, 0x44, 0x0, 0x6f, 0xf8,
    0x0, 0x4, 0xff, 0xa6, 0xff, 0x80, 0x0, 0x4f,
    0xfa, 0x6f, 0xf8, 0x0, 0x4, 0xff, 0xa6, 0xff,
    0x80, 0x0, 0x4f, 0xfa, 0x6f, 0xf8, 0x0, 0x4,
    0xff, 0xa6, 0xff, 0x80, 0x0, 0x4f, 0xfa, 0x6f,
    0xf8, 0x0, 0x4, 0xff, 0xa6, 0xff, 0x80, 0x0,
    0x6f, 0xfa, 0x5f, 0xfc, 0x0, 0xb, 0xff, 0xa2,
    0xff, 0xfb, 0x7b, 0xff, 0xfa, 0xa, 0xff, 0xff,
    0xf9, 0xff, 0xa0, 0x9, 0xef, 0xd4, 0x4f, 0xfa,

    /* U+00FD "ý" */
    0x0, 0x0, 0x0, 0x1f, 0xfa, 0x0, 0x0, 0x0,
    0x0, 0x8, 0xff, 0x10, 0x0, 0x0, 0x0, 0x0,
    0xef, 0x70, 0x0, 0x0, 0x0, 0x0, 0x6f, 0xd0,
    0x0, 0x0, 0x0, 0x0, 0x0, 0x0, 0x0, 0x0,
    0x0, 0x0, 0x0, 0x0, 0x0, 0x0, 0x0, 0x2f,
    0xfd, 0x0, 0x0, 0xb, 0xff, 0x30, 0xcf, 0xf2,
    0x0, 0x1, 0xff, 0xd0, 0x6, 0xff, 0x80, 0x0,
    0x6f, 0xf8, 0x0, 0xf, 0xfe, 0x0, 0xc, 0xff,
    0x20, 0x0, 0xaf, 0xf3, 0x1, 0xff, 0xc0, 0x0,
    0x4, 0xff, 0x90, 0x7f, 0xf6, 0x0, 0x0, 0xe,
    0xfe, 0xc, 0xff, 0x0, 0x0, 0x0, 0x8f, 0xf6,
    0xff, 0xa0, 0x0, 0x0, 0x2, 0xff, 0xff, 0xf4,
    0x0, 0x0, 0x0, 0xc, 0xff, 0xfd, 0x0, 0x0,
    0x0, 0x0, 0x6f, 0xff, 0x80, 0x0, 0x0, 0x0,
    0x1, 0xff, 0xf2, 0x0, 0x0, 0x0, 0x0, 0x6f,
    0xfa, 0x0, 0x0, 0x1, 0x77, 0xbf, 0xff, 0x20,
    0x0, 0x0, 0x2f, 0xff, 0xff, 0x40, 0x0, 0x0,
    0x2, 0xff, 0xe9, 0x20, 0x0, 0x0, 0x0,

    /* U+00FE "þ" */
    0x6f, 0xf8, 0x0, 0x0, 0x0, 0x0, 0x6, 0xff,
    0x80, 0x0, 0x0, 0x0, 0x0, 0x6f, 0xf8, 0x0,
    0x0, 0x0, 0x0, 0x6, 0xff, 0x80, 0x0, 0x0,
    0x0, 0x0, 0x6f, 0xf8, 0x0, 0x0, 0x0, 0x0,
    0x6, 0xff, 0x82, 0xae, 0xfd, 0x70, 0x0, 0x6f,
    0xfa, 0xef, 0xff, 0xff, 0xb0, 0x6, 0xff, 0xff,
    0x97, 0xaf, 0xff, 0x70, 0x6f, 0xff, 0x40, 0x0,
    0x6f, 0xfe, 0x6, 0xff, 0xb0, 0x0, 0x0, 0xdf,
    0xf3, 0x6f, 0xf8, 0x0, 0x0, 0xa, 0xff, 0x56,
    0xff, 0x80, 0x0, 0x0, 0xaf, 0xf5, 0x6f, 0xfb,
    0x0, 0x0, 0xd, 0xff, 0x36, 0xff, 0xf4, 0x0,
    0x6, 0xff, 0xe0, 0x6f, 0xff, 0xf9, 0x7a, 0xff,
    0xf7, 0x6, 0xff, 0xae, 0xff, 0xff, 0xfb, 0x0,
    0x6f, 0xf8, 0x2a, 0xef, 0xd7, 0x0, 0x6, 0xff,
    0x80, 0x0, 0x0, 0x0, 0x0, 0x6f, 0xf8, 0x0,
    0x0, 0x0, 0x0, 0x6, 0xff, 0x80, 0x0, 0x0,
    0x0, 0x0, 0x6f, 0xf8, 0x0, 0x0, 0x0, 0x0,
    0x0,

    /* U+00FF "ÿ" */
    0x0, 0x2d, 0xe4, 0x5, 0xec, 0x10, 0x0, 0x8,
    0xff, 0xc0, 0xdf, 0xf7, 0x0, 0x0, 0x5f, 0xf9,
    0xa, 0xff, 0x40, 0x0, 0x0, 0x35, 0x0, 0x5,
    0x30, 0x0, 0x2f, 0xfd, 0x0, 0x0, 0xb, 0xff,
    0x30, 0xcf, 0xf2, 0x0, 0x1, 0xff, 0xd0, 0x6,
    0xff, 0x80, 0x0, 0x6f, 0xf8, 0x0, 0xf, 0xfe,
    0x0, 0xc, 0xff, 0x20, 0x0, 0xaf, 0xf3, 0x1,
    0xff, 0xc0, 0x0, 0x4, 0xff, 0x90, 0x7f, 0xf6,
    0x0, 0x0, 0xe, 0xfe, 0xc, 0xff, 0x0, 0x0,
    0x0, 0x8f, 0xf6, 0xff, 0xa0, 0x0, 0x0, 0x2,
    0xff, 0xff, 0xf4, 0x0, 0x0, 0x0, 0xc, 0xff,
    0xfd, 0x0, 0x0, 0x0, 0x0, 0x6f, 0xff, 0x80,
    0x0, 0x0, 0x0, 0x1, 0xff, 0xf2, 0x0, 0x0,
    0x0, 0x0, 0x6f, 0xfa, 0x0, 0x0, 0x1, 0x77,
    0xbf, 0xff, 0x20, 0x0, 0x0, 0x2f, 0xff, 0xff,
    0x40, 0x0, 0x0, 0x2, 0xff, 0xe9, 0x20, 0x0,
    0x0, 0x0,

    /* U+0102 "Ă" */
    0x0, 0x0, 0x38, 0x40, 0x0, 0x68, 0x10, 0x0,
    0x0, 0x0, 0x4f, 0xd0, 0x3, 0xff, 0x0, 0x0,
    0x0, 0x0, 0xc, 0xfe, 0xcf, 0xf7, 0x0, 0x0,
    0x0, 0x0, 0x1, 0xae, 0xfd, 0x70, 0x0, 0x0,
    0x0, 0x0, 0x0, 0x0, 0x0, 0x0, 0x0, 0x0,
    0x0, 0x0, 0x0, 0x0, 0x0, 0x0, 0x0, 0x0,
    0x0, 0x0, 0x0, 0xcf, 0xff, 0x70, 0x0, 0x0,
    0x0, 0x0, 0x2, 0xff, 0xff, 0xc0, 0x0, 0x0,
    0x0, 0x0, 0x8, 0xff, 0xff, 0xf2, 0x0, 0x0,
    0x0, 0x0, 0xd, 0xff, 0xaf, 0xf8, 0x0, 0x0,
    0x0, 0x0, 0x3f, 0xfd, 0x2f, 0xfd, 0x0, 0x0,
    0x0, 0x0, 0x8f, 0xf7, 0xc, 0xff, 0x30, 0x0,
    0x0, 0x0, 0xef, 0xf2, 0x7, 0xff, 0x90, 0x0,
    0x0, 0x4, 0xff, 0xc0, 0x1, 0xff, 0xe0, 0x0,
    0x0, 0x9, 0xff, 0x70, 0x0, 0xcf, 0xf4, 0x0,
    0x0, 0xe, 0xff, 0x10, 0x0, 0x6f, 0xf9, 0x0,
    0x0, 0x4f, 0xff, 0xff, 0xff, 0xff, 0xff, 0x0,
    0x0, 0xaf, 0xff, 0xff, 0xff, 0xff, 0xff, 0x50,
    0x0, 0xff, 0xfa, 0xaa, 0xaa, 0xab, 0xff, 0xa0,
    0x5, 0xff, 0xc0, 0x0, 0x0, 0x1, 0xff, 0xf0,
    0xb, 0xff, 0x60, 0x0, 0x0, 0x0, 0xbf, 0xf6,
    0x1f, 0xff, 0x10, 0x0, 0x0, 0x0, 0x6f, 0xfb,

    /* U+0103 "ă" */
    0x0, 0x7f, 0x80, 0x0, 0xff, 0x0, 0x0, 0x3,
    0xfe, 0x30, 0x9f, 0xb0, 0x0, 0x0, 0xa, 0xff,
    0xff, 0xf3, 0x0, 0x0, 0x0, 0x6, 0xbc, 0x93,
    0x0, 0x0, 0x0, 0x0, 0x0, 0x0, 0x0, 0x0,
    0x0, 0x1, 0x9e, 0xfd, 0x70, 0xef, 0xf0, 0x2,
    0xef, 0xff, 0xff, 0xae, 0xff, 0x0, 0xdf, 0xfe,
    0x87, 0xcf, 0xff, 0xf0, 0x4f, 0xfe, 0x20, 0x0,
    0xaf, 0xff, 0x9, 0xff, 0x80, 0x0, 0x2, 0xff,
    0xf0, 0xbf, 0xf4, 0x0, 0x0, 0xe, 0xff, 0xb,
    0xff, 0x30, 0x0, 0x0, 0xef, 0xf0, 0x9f, 0xf6,
    0x0, 0x0, 0x1f, 0xff, 0x4, 0xff, 0xd0, 0x0,
    0x8, 0xff, 0xf0, 0xd, 0xff, 0xc5, 0x49, 0xff,
    0xff, 0x0, 0x2e, 0xff, 0xff, 0xfc, 0xef, 0xf0,
    0x0, 0x19, 0xef, 0xe8, 0xe, 0xff, 0x0,

    /* U+0110 "Đ" */
    0x0, 0x7f, 0xff, 0xff, 0xfe, 0xb6, 0x0, 0x0,
    0x0, 0x7, 0xff, 0xff, 0xff, 0xff, 0xfe, 0x40,
    0x0, 0x0, 0x7f, 0xfd, 0xaa, 0xac, 0xff, 0xff,
    0x40, 0x0, 0x7, 0xff, 0x80, 0x0, 0x2, 0xcf,
    0xfe, 0x10, 0x0, 0x7f, 0xf8, 0x0, 0x0, 0x0,
    0xdf, 0xf8, 0x0, 0x7, 0xff, 0x80, 0x0, 0x0,
    0x4, 0xff, 0xe0, 0x37, 0xbf, 0xfb, 0x77, 0x50,
    0x0, 0xe, 0xff, 0x26, 0xff, 0xff, 0xff, 0xfa,
    0x0, 0x0, 0xbf, 0xf4, 0x6f, 0xff, 0xff, 0xff,
    0xa0, 0x0, 0xb, 0xff, 0x40, 0x7, 0xff, 0x80,
    0x0, 0x0, 0x0, 0xef, 0xf2, 0x0, 0x7f, 0xf8,
    0x0, 0x0, 0x0, 0x4f, 0xfe, 0x0, 0x7, 0xff,
    0x80, 0x0, 0x0, 0xd, 0xff, 0x80, 0x0, 0x7f,
    0xf8, 0x0, 0x0, 0x2c, 0xff, 0xe1, 0x0, 0x7,
    0xff, 0xda, 0xab, 0xdf, 0xff, 0xf4, 0x0, 0x0,
    0x7f, 0xff, 0xff, 0xff, 0xff, 0xe4, 0x0, 0x0,
    0x7, 0xff, 0xff, 0xff, 0xeb, 0x60, 0x0, 0x0,

    /* U+0111 "đ" */
    0x0, 0x0, 0x0, 0x0, 0xf, 0xff, 0x0, 0x0,
    0x0, 0x0, 0x0, 0xf, 0xff, 0x0, 0x0, 0x0,
    0x0, 0xef, 0xff, 0xff, 0xfd, 0x0, 0x0, 0x0,
    0xef, 0xff, 0xff, 0xfd, 0x0, 0x0, 0x0, 0x0,
    0xf, 0xff, 0x0, 0x0, 0x2a, 0xef, 0xd7, 0xf,
    0xff, 0x0, 0x3, 0xff, 0xff, 0xff, 0xaf, 0xff,
    0x0, 0xd, 0xff, 0xe8, 0x7c, 0xff, 0xff, 0x0,
    0x5f, 0xfe, 0x10, 0x0, 0xbf, 0xff, 0x0, 0xaf,
    0xf6, 0x0, 0x0, 0x2f, 0xff, 0x0, 0xcf, 0xf3,
    0x0, 0x0, 0xf, 0xff, 0x0, 0xcf, 0xf3, 0x0,
    0x0, 0xf, 0xff, 0x0, 0xaf, 0xf6, 0x0, 0x0,
    0x3f, 0xff, 0x0, 0x5f, 0xfe, 0x10, 0x0, 0xbf,
    0xff, 0x0, 0xd, 0xff, 0xe8, 0x7c, 0xff, 0xff,
    0x0, 0x3, 0xff, 0xff, 0xff, 0xaf, 0xff, 0x0,
    0x0, 0x2a, 0xef, 0xd7, 0xf, 0xff, 0x0,

    /* U+0128 "Ĩ" */
    0x5, 0xda, 0x10, 0xac, 0x1f, 0xff, 0xc1, 0xec,
    0x4f, 0x76, 0xff, 0xf8, 0x5d, 0x30, 0x5c, 0xa1,
    0x0, 0x0, 0x0, 0x0, 0x0, 0x0, 0x0, 0x0,
    0x0, 0x4f, 0xfb, 0x0, 0x0, 0x4f, 0xfb, 0x0,
    0x0, 0x4f, 0xfb, 0x0, 0x0, 0x4f, 0xfb, 0x0,
    0x0, 0x4f, 0xfb, 0x0, 0x0, 0x4f, 0xfb, 0x0,
    0x0, 0x4f, 0xfb, 0x0, 0x0, 0x4f, 0xfb, 0x0,
    0x0, 0x4f, 0xfb, 0x0, 0x0, 0x4f, 0xfb, 0x0,
    0x0, 0x4f, 0xfb, 0x0, 0x0, 0x4f, 0xfb, 0x0,
    0x0, 0x4f, 0xfb, 0x0, 0x0, 0x4f, 0xfb, 0x0,
    0x0, 0x4f, 0xfb, 0x0, 0x0, 0x4f, 0xfb, 0x0,

    /* U+0129 "ĩ" */
    0x8, 0xfd, 0x60, 0xdd, 0x2f, 0xff, 0xff, 0xfb,
    0x5f, 0x51, 0xaf, 0xd2, 0x0, 0x0, 0x0, 0x0,
    0x0, 0x0, 0x0, 0x0, 0x0, 0x3f, 0xfb, 0x0,
    0x0, 0x3f, 0xfb, 0x0, 0x0, 0x3f, 0xfb, 0x0,
    0x0, 0x3f, 0xfb, 0x0, 0x0, 0x3f, 0xfb, 0x0,
    0x0, 0x3f, 0xfb, 0x0, 0x0, 0x3f, 0xfb, 0x0,
    0x0, 0x3f, 0xfb, 0x0, 0x0, 0x3f, 0xfb, 0x0,
    0x0, 0x3f, 0xfb, 0x0, 0x0, 0x3f, 0xfb, 0x0,
    0x0, 0x3f, 0xfb, 0x0,

    /* U+0168 "Ũ" */
    0x0, 0x0, 0x6d, 0xa0, 0xb, 0xb0, 0x0, 0x0,
    0x2, 0xff, 0xfc, 0x1f, 0xb0, 0x0, 0x0, 0x6,
    0xf5, 0x7f, 0xff, 0x70, 0x0, 0x0, 0x6, 0xd2,
    0x6, 0xda, 0x0, 0x0, 0x0, 0x0, 0x0, 0x0,
    0x0, 0x0, 0x0, 0x0, 0x0, 0x0, 0x0, 0x0,
    0x0, 0x0, 0x4f, 0xfb, 0x0, 0x0, 0x0, 0x4f,
    0xfa, 0x4f, 0xfb, 0x0, 0x0, 0x0, 0x4f, 0xfa,
    0x4f, 0xfb, 0x0, 0x0, 0x0, 0x4f, 0xfa, 0x4f,
    0xfb, 0x0, 0x0, 0x0, 0x4f, 0xfa, 0x4f, 0xfb,
    0x0, 0x0, 0x0, 0x4f, 0xfa, 0x4f, 0xfb, 0x0,
    0x0, 0x0, 0x4f, 0xfa, 0x4f, 0xfb, 0x0, 0x0,
    0x0, 0x4f, 0xfa, 0x4f, 0xfb, 0x0, 0x0, 0x0,
    0x4f, 0xfa, 0x4f, 0xfb, 0x0, 0x0, 0x0, 0x4f,
    0xfa, 0x4f, 0xfb, 0x0, 0x0, 0x0, 0x4f, 0xfa,
    0x3f, 0xfd, 0x0, 0x0, 0x0, 0x6f, 0xf9, 0x1f,
    0xff, 0x20, 0x0, 0x0, 0xcf, 0xf7, 0xc, 0xff,
    0xd3, 0x0, 0x19, 0xff, 0xf2, 0x4, 0xff, 0xff,
    0xfe, 0xff, 0xff, 0x90, 0x0, 0x5f, 0xff, 0xff,
    0xff, 0xfa, 0x0, 0x0, 0x2, 0x8d, 0xff, 0xea,
    0x40, 0x0,

    /* U+0169 "ũ" */
    0x0, 0x4e, 0xea, 0x17, 0xf3, 0x0, 0xc, 0xff,
    0xff, 0xff, 0x10, 0x0, 0xfb, 0x7, 0xef, 0x70,
    0x0, 0x0, 0x0, 0x0, 0x0, 0x0, 0x0, 0x0,
    0x0, 0x0, 0x0, 0x6, 0xff, 0x80, 0x0, 0x4f,
    0xfa, 0x6f, 0xf8, 0x0, 0x4, 0xff, 0xa6, 0xff,
    0x80, 0x0, 0x4f, 0xfa, 0x6f, 0xf8, 0x0, 0x4,
    0xff, 0xa6, 0xff, 0x80, 0x0, 0x4f, 0xfa, 0x6f,
    0xf8, 0x0, 0x4, 0xff, 0xa6, 0xff, 0x80, 0x0,
    0x4f, 0xfa, 0x6f, 0xf8, 0x0, 0x6, 0xff, 0xa5,
    0xff, 0xc0, 0x0, 0xbf, 0xfa, 0x2f, 0xff, 0xb7,
    0xbf, 0xff, 0xa0, 0xaf, 0xff, 0xff, 0x9f, 0xfa,
    0x0, 0x9e, 0xfd, 0x44, 0xff, 0xa0,

    /* U+01A0 "Ơ" */
    0x0, 0x0, 0x0, 0x0, 0x0, 0x0, 0x1, 0x88,
    0x30, 0x0, 0x0, 0x0, 0x0, 0x0, 0x0, 0x2,
    0xff, 0x70, 0x0, 0x0, 0x0, 0x0, 0x0, 0x0,
    0x2, 0xff, 0x60, 0x0, 0x0, 0x0, 0x0, 0x0,
    0x0, 0x7, 0xff, 0x50, 0x0, 0x0, 0x3, 0x9d,
    0xff, 0xff, 0xff, 0xff, 0x0, 0x0, 0x1, 0xbf,
    0xff, 0xff, 0xff, 0xff, 0xc3, 0x0, 0x0, 0x1d,
    0xff, 0xff, 0xdc, 0xef, 0xff, 0xe2, 0x0, 0x0,
    0xaf, 0xff, 0x70, 0x0, 0x5, 0xef, 0xfd, 0x0,
    0x3, 0xff, 0xf4, 0x0, 0x0, 0x0, 0x2f, 0xff,
    0x60, 0x9, 0xff, 0xa0, 0x0, 0x0, 0x0, 0x7,
    0xff, 0xc0, 0xd, 0xff, 0x40, 0x0, 0x0, 0x0,
    0x1, 0xff, 0xf0, 0xf, 0xff, 0x10, 0x0, 0x0,
    0x0, 0x0, 0xef, 0xf2, 0xf, 0xff, 0x10, 0x0,
    0x0, 0x0, 0x0, 0xef, 0xf2, 0xd, 0xff, 0x40,
    0x0, 0x0, 0x0, 0x1, 0xff, 0xf1, 0x9, 0xff,
    0xa0, 0x0, 0x0, 0x0, 0x7, 0xff, 0xd0, 0x3,
    0xff, 0xf4, 0x0, 0x0, 0x0, 0x2f, 0xff, 0x70,
    0x0, 0xaf, 0xff, 0x60, 0x0, 0x5, 0xef, 0xfd,
    0x0, 0x0, 0x1d, 0xff, 0xff, 0xcc, 0xef, 0xff,
    0xe3, 0x0, 0x0, 0x1, 0xbf, 0xff, 0xff, 0xff,
    0xfd, 0x20, 0x0, 0x0, 0x0, 0x4, 0x9d, 0xff,
    0xea, 0x50, 0x0, 0x0,

    /* U+01A1 "ơ" */
    0x0, 0x0, 0x0, 0x0, 0x0, 0x88, 0x20, 0x0,
    0x0, 0x0, 0x0, 0x1f, 0xf5, 0x0, 0x0, 0x0,
    0x0, 0x4, 0xff, 0x40, 0x0, 0x6c, 0xef, 0xff,
    0xff, 0xe0, 0x1, 0xcf, 0xff, 0xff, 0xff, 0xb2,
    0x0, 0xbf, 0xfe, 0x98, 0xcf, 0xff, 0x20, 0x4f,
    0xfe, 0x10, 0x0, 0xaf, 0xfa, 0x9, 0xff, 0x60,
    0x0, 0x1, 0xff, 0xf0, 0xcf, 0xf3, 0x0, 0x0,
    0xd, 0xff, 0x1c, 0xff, 0x30, 0x0, 0x0, 0xdf,
    0xf1, 0x9f, 0xf6, 0x0, 0x0, 0x1f, 0xff, 0x4,
    0xff, 0xe1, 0x0, 0xa, 0xff, 0x90, 0xb, 0xff,
    0xe9, 0x8c, 0xff, 0xf1, 0x0, 0x1c, 0xff, 0xff,
    0xff, 0xf4, 0x0, 0x0, 0x6, 0xce, 0xfd, 0x81,
    0x0, 0x0,

    /* U+01AF "Ư" */
    0x0, 0x0, 0x0, 0x0, 0x0, 0x0, 0x0, 0x0,
    0x0, 0x0, 0x0, 0x0, 0x0, 0x0, 0x0, 0x3f,
    0xf4, 0x0, 0x0, 0x0, 0x0, 0x0, 0x0, 0x3,
    0xff, 0x30, 0x0, 0x0, 0x0, 0x0, 0x0, 0x0,
    0x6f, 0xf1, 0x4f, 0xfb, 0x0, 0x0, 0x0, 0x4f,
    0xff, 0xe6, 0x4, 0xff, 0xb0, 0x0, 0x0, 0x4,
    0xff, 0xa0, 0x0, 0x4f, 0xfb, 0x0, 0x0, 0x0,
    0x4f, 0xfa, 0x0, 0x4, 0xff, 0xb0, 0x0, 0x0,
    0x4, 0xff, 0xa0, 0x0, 0x4f, 0xfb, 0x0, 0x0,
    0x0, 0x4f, 0xfa, 0x0, 0x4, 0xff, 0xb0, 0x0,
    0x0, 0x4, 0xff, 0xa0, 0x0, 0x4f, 0xfb, 0x0,
    0x0, 0x0, 0x4f, 0xfa, 0x0, 0x4, 0xff, 0xb0,
    0x0, 0x0, 0x4, 0xff, 0xa0, 0x0, 0x4f, 0xfb,
    0x0, 0x0, 0x0, 0x4f, 0xfa, 0x0, 0x4, 0xff,
    0xb0, 0x0, 0x0, 0x4, 0xff, 0xa0, 0x0, 0x3f,
    0xfd, 0x0, 0x0, 0x0, 0x6f, 0xf9, 0x0, 0x1,
    0xff, 0xf2, 0x0, 0x0, 0xc, 0xff, 0x70, 0x0,
    0xc, 0xff, 0xd3, 0x0, 0x19, 0xff, 0xf1, 0x0,
    0x0, 0x4f, 0xff, 0xff, 0xef, 0xff, 0xf8, 0x0,
    0x0, 0x0, 0x5f, 0xff, 0xff, 0xff, 0xf9, 0x0,
    0x0, 0x0, 0x0, 0x28, 0xdf, 0xfd, 0xa4, 0x0,
    0x0, 0x0,

    /* U+01B0 "ư" */
    0x0, 0x0, 0x0, 0x0, 0x0, 0x8f, 0xe0, 0x0,
    0x0, 0x0, 0x0, 0xa, 0xfd, 0xaf, 0xf4, 0x0,
    0x8, 0xff, 0xff, 0xba, 0xff, 0x40, 0x0, 0x8f,
    0xff, 0xc2, 0xaf, 0xf4, 0x0, 0x8, 0xff, 0x60,
    0xa, 0xff, 0x40, 0x0, 0x8f, 0xf6, 0x0, 0xaf,
    0xf4, 0x0, 0x8, 0xff, 0x60, 0xa, 0xff, 0x40,
    0x0, 0x8f, 0xf6, 0x0, 0xaf, 0xf4, 0x0, 0x8,
    0xff, 0x60, 0xa, 0xff, 0x40, 0x0, 0xaf, 0xf6,
    0x0, 0x9f, 0xf8, 0x0, 0x1e, 0xff, 0x60, 0x6,
    0xff, 0xf9, 0x7d, 0xff, 0xf6, 0x0, 0xd, 0xff,
    0xff, 0xea, 0xff, 0x60, 0x0, 0x2b, 0xff, 0xb2,
    0x8f, 0xf6, 0x0,

    /* U+1EA0 "Ạ" */
    0x0, 0x0, 0x0, 0xcf, 0xff, 0x70, 0x0, 0x0,
    0x0, 0x0, 0x2, 0xff, 0xff, 0xc0, 0x0, 0x0,
    0x0, 0x0, 0x8, 0xff, 0xff, 0xf2, 0x0, 0x0,
    0x0, 0x0, 0xd, 0xff, 0xaf, 0xf8, 0x0, 0x0,
    0x0, 0x0, 0x3f, 0xfd, 0x2f, 0xfd, 0x0, 0x0,
    0x0, 0x0, 0x8f, 0xf7, 0xc, 0xff, 0x30, 0x0,
    0x0, 0x0, 0xef, 0xf2, 0x7, 0xff, 0x90, 0x0,
    0x0, 0x4, 0xff, 0xc0, 0x1, 0xff, 0xe0, 0x0,
    0x0, 0x9, 0xff, 0x70, 0x0, 0xcf, 0xf4, 0x0,
    0x0, 0xe, 0xff, 0x10, 0x0, 0x6f, 0xf9, 0x0,
    0x0, 0x4f, 0xff, 0xff, 0xff, 0xff, 0xff, 0x0,
    0x0, 0xaf, 0xff, 0xff, 0xff, 0xff, 0xff, 0x50,
    0x0, 0xff, 0xfa, 0xaa, 0xaa, 0xab, 0xff, 0xa0,
    0x5, 0xff, 0xc0, 0x0, 0x0, 0x1, 0xff, 0xf0,
    0xb, 0xff, 0x60, 0x0, 0x0, 0x0, 0xbf, 0xf6,
    0x1f, 0xff, 0x10, 0x0, 0x0, 0x0, 0x6f, 0xfb,
    0x0, 0x0, 0x0, 0x0, 0x0, 0x0, 0x0, 0x0,
    0x0, 0x0, 0x0, 0x0, 0x0, 0x0, 0x0, 0x0,
    0x0, 0x0, 0x0, 0xb, 0xf6, 0x0, 0x0, 0x0,
    0x0, 0x0, 0x0, 0x4f, 0xfe, 0x0, 0x0, 0x0,
    0x0, 0x0, 0x0, 0x1f, 0xfb, 0x0, 0x0, 0x0,
    0x0, 0x0, 0x0, 0x1, 0x40, 0x0, 0x0, 0x0,

    /* U+1EA1 "ạ" */
    0x0, 0x19, 0xef, 0xd7, 0xe, 0xff, 0x0, 0x2e,
    0xff, 0xff, 0xfa, 0xef, 0xf0, 0xd, 0xff, 0xe8,
    0x7c, 0xff, 0xff, 0x4, 0xff, 0xe2, 0x0, 0xa,
    0xff, 0xf0, 0x9f, 0xf8, 0x0, 0x0, 0x2f, 0xff,
    0xb, 0xff, 0x40, 0x0, 0x0, 0xef, 0xf0, 0xbf,
    0xf3, 0x0, 0x0, 0xe, 0xff, 0x9, 0xff, 0x60,
    0x0, 0x1, 0xff, 0xf0, 0x4f, 0xfd, 0x0, 0x0,
    0x8f, 0xff, 0x0, 0xdf, 0xfc, 0x54, 0x9f, 0xff,
    0xf0, 0x2, 0xef, 0xff, 0xff, 0xce, 0xff, 0x0,
    0x1, 0x9e, 0xfe, 0x80, 0xef, 0xf0, 0x0, 0x0,
    0x0, 0x0, 0x0, 0x0, 0x0, 0x0, 0x0, 0x0,
    0x0, 0x0, 0x0, 0x0, 0x0, 0xc, 0xf6, 0x0,
    0x0, 0x0, 0x0, 0x5, 0xff, 0xd0, 0x0, 0x0,
    0x0, 0x0, 0x2f, 0xf9, 0x0, 0x0, 0x0, 0x0,
    0x0, 0x14, 0x0, 0x0, 0x0,

    /* U+1EA2 "Ả" */
    0x0, 0x0, 0x0, 0x5d, 0xfc, 0x30, 0x0, 0x0,
    0x0, 0x0, 0x1, 0xff, 0xaf, 0xe0, 0x0, 0x0,
    0x0, 0x0, 0x1, 0x74, 0xd, 0xf1, 0x0, 0x0,
    0x0, 0x0, 0x0, 0x0, 0xaf, 0xc0, 0x0, 0x0,
    0x0, 0x0, 0x0, 0x7, 0xfa, 0x0, 0x0, 0x0,
    0x0, 0x0, 0x0, 0x3, 0x61, 0x0, 0x0, 0x0,
    0x0, 0x0, 0x0, 0x0, 0x0, 0x0, 0x0, 0x0,
    0x0, 0x0, 0x0, 0xcf, 0xff, 0x70, 0x0, 0x0,
    0x0, 0x0, 0x2, 0xff, 0xff, 0xc0, 0x0, 0x0,
    0x0, 0x0, 0x8, 0xff, 0xff, 0xf2, 0x0, 0x0,
    0x0, 0x0, 0xd, 0xff, 0xaf, 0xf8, 0x0, 0x0,
    0x0, 0x0, 0x3f, 0xfd, 0x2f, 0xfd, 0x0, 0x0,
    0x0, 0x0, 0x8f, 0xf7, 0xc, 0xff, 0x30, 0x0,
    0x0, 0x0, 0xef, 0xf2, 0x7, 0xff, 0x90, 0x0,
    0x0, 0x4, 0xff, 0xc0, 0x1, 0xff, 0xe0, 0x0,
    0x0, 0x9, 0xff, 0x70, 0x0, 0xcf, 0xf4, 0x0,
    0x0, 0xe, 0xff, 0x10, 0x0, 0x6f, 0xf9, 0x0,
    0x0, 0x4f, 0xff, 0xff, 0xff, 0xff, 0xff, 0x0,
    0x0, 0xaf, 0xff, 0xff, 0xff, 0xff, 0xff, 0x50,
    0x0, 0xff, 0xfa, 0xaa, 0xaa, 0xab, 0xff, 0xa0,
    0x5, 0xff, 0xc0, 0x0, 0x0, 0x1, 0xff, 0xf0,
    0xb, 0xff, 0x60, 0x0, 0x0, 0x0, 0xbf, 0xf6,
    0x1f, 0xff, 0x10, 0x0, 0x0, 0x0, 0x6f, 0xfb,

    /* U+1EA3 "ả" */
    0x0, 0x0, 0x17, 0x85, 0x0, 0x0, 0x0, 0x0,
    0xd, 0xff, 0xf9, 0x0, 0x0, 0x0, 0x3, 0xd8,
    0x1e, 0xf0, 0x0, 0x0, 0x0, 0x0, 0x5, 0xfd,
    0x0, 0x0, 0x0, 0x0, 0x6, 0xfd, 0x20, 0x0,
    0x0, 0x0, 0x0, 0x6b, 0x10, 0x0, 0x0, 0x0,
    0x0, 0x0, 0x0, 0x0, 0x0, 0x0, 0x1, 0x9e,
    0xfd, 0x70, 0xef, 0xf0, 0x2, 0xef, 0xff, 0xff,
    0xae, 0xff, 0x0, 0xdf, 0xfe, 0x87, 0xcf, 0xff,
    0xf0, 0x4f, 0xfe, 0x20, 0x0, 0xaf, 0xff, 0x9,
    0xff, 0x80, 0x0, 0x2, 0xff, 0xf0, 0xbf, 0xf4,
    0x0, 0x0, 0xe, 0xff, 0xb, 0xff, 0x30, 0x0,
    0x0, 0xef, 0xf0, 0x9f, 0xf6, 0x0, 0x0, 0x1f,
    0xff, 0x4, 0xff, 0xd0, 0x0, 0x8, 0xff, 0xf0,
    0xd, 0xff, 0xc5, 0x49, 0xff, 0xff, 0x0, 0x2e,
    0xff, 0xff, 0xfc, 0xef, 0xf0, 0x0, 0x19, 0xef,
    0xe8, 0xe, 0xff, 0x0,

    /* U+1EA4 "Ấ" */
    0x0, 0x0, 0x0, 0x0, 0x0, 0x0, 0x6f, 0xf5,
    0x0, 0x0, 0x0, 0x0, 0x0, 0x0, 0xdf, 0xc0,
    0x0, 0x0, 0x0, 0x0, 0x0, 0x4, 0xff, 0x20,
    0x0, 0x0, 0x0, 0x7, 0x75, 0xb, 0xf9, 0x0,
    0x0, 0x0, 0x0, 0x9f, 0xff, 0x40, 0x0, 0x0,
    0x0, 0x0, 0x4, 0xfe, 0x6f, 0xe1, 0x0, 0x0,
    0x0, 0x0, 0x1e, 0xf4, 0x9, 0xfb, 0x0, 0x0,
    0x0, 0x0, 0x24, 0x30, 0x0, 0x44, 0x0, 0x0,
    0x0, 0x0, 0x0, 0x0, 0x0, 0x0, 0x0, 0x0,
    0x0, 0x0, 0x0, 0xcf, 0xff, 0x70, 0x0, 0x0,
    0x0, 0x0, 0x2, 0xff, 0xff, 0xc0, 0x0, 0x0,
    0x0, 0x0, 0x8, 0xff, 0xff, 0xf2, 0x0, 0x0,
    0x0, 0x0, 0xd, 0xff, 0xaf, 0xf8, 0x0, 0x0,
    0x0, 0x0, 0x3f, 0xfd, 0x2f, 0xfd, 0x0, 0x0,
    0x0, 0x0, 0x8f, 0xf7, 0xc, 0xff, 0x30, 0x0,
    0x0, 0x0, 0xef, 0xf2, 0x7, 0xff, 0x90, 0x0,
    0x0, 0x4, 0xff, 0xc0, 0x1, 0xff, 0xe0, 0x0,
    0x0, 0x9, 0xff, 0x70, 0x0, 0xcf, 0xf4, 0x0,
    0x0, 0xe, 0xff, 0x10, 0x0, 0x6f, 0xf9, 0x0,
    0x0, 0x4f, 0xff, 0xff, 0xff, 0xff, 0xff, 0x0,
    0x0, 0xaf, 0xff, 0xff, 0xff, 0xff, 0xff, 0x50,
    0x0, 0xff, 0xfa, 0xaa, 0xaa, 0xab, 0xff, 0xa0,
    0x5, 0xff, 0xc0, 0x0, 0x0, 0x1, 0xff, 0xf0,
    0xb, 0xff, 0x60, 0x0, 0x0, 0x0, 0xbf, 0xf6,
    0x1f, 0xff, 0x10, 0x0, 0x0, 0x0, 0x6f, 0xfb,

    /* U+1EA5 "ấ" */
    0x0, 0x0, 0x0, 0x0, 0x0, 0x0, 0x0, 0x0,
    0x0, 0x0, 0x0, 0x0, 0x7f, 0xf4, 0x0, 0x0,
    0x0, 0x0, 0x0, 0xef, 0xa0, 0x0, 0x0, 0x0,
    0x0, 0x5, 0xff, 0x10, 0x0, 0x0, 0x4f, 0xfc,
    0xc, 0xf7, 0x0, 0x0, 0x1, 0xef, 0xff, 0x90,
    0x0, 0x0, 0x0, 0xc, 0xfb, 0x3f, 0xf4, 0x0,
    0x0, 0x0, 0x5c, 0xa0, 0x5, 0xca, 0x0, 0x0,
    0x0, 0x0, 0x0, 0x0, 0x0, 0x0, 0x0, 0x0,
    0x19, 0xef, 0xd7, 0xe, 0xff, 0x0, 0x2, 0xef,
    0xff, 0xff, 0xae, 0xff, 0x0, 0xd, 0xff, 0xe8,
    0x7c, 0xff, 0xff, 0x0, 0x4f, 0xfe, 0x20, 0x0,
    0xaf, 0xff, 0x0, 0x9f, 0xf8, 0x0, 0x0, 0x2f,
    0xff, 0x0, 0xbf, 0xf4, 0x0, 0x0, 0xe, 0xff,
    0x0, 0xbf, 0xf3, 0x0, 0x0, 0xe, 0xff, 0x0,
    0x9f, 0xf6, 0x0, 0x0, 0x1f, 0xff, 0x0, 0x4f,
    0xfd, 0x0, 0x0, 0x8f, 0xff, 0x0, 0xd, 0xff,
    0xc5, 0x49, 0xff, 0xff, 0x0, 0x2, 0xef, 0xff,
    0xff, 0xce, 0xff, 0x0, 0x0, 0x19, 0xef, 0xe8,
    0xe, 0xff, 0x0,

    /* U+1EA6 "Ầ" */
    0x0, 0x0, 0x0, 0x0, 0x8, 0xff, 0x30, 0x0,
    0x0, 0x0, 0x0, 0x0, 0x0, 0xef, 0xa0, 0x0,
    0x0, 0x0, 0x0, 0x0, 0x0, 0x5f, 0xf1, 0x0,
    0x0, 0x0, 0x0, 0x7, 0x75, 0xc, 0xf8, 0x0,
    0x0, 0x0, 0x0, 0x9f, 0xff, 0x40, 0x0, 0x0,
    0x0, 0x0, 0x4, 0xfe, 0x6f, 0xe1, 0x0, 0x0,
    0x0, 0x0, 0x1e, 0xf4, 0x9, 0xfb, 0x0, 0x0,
    0x0, 0x0, 0x24, 0x30, 0x0, 0x44, 0x0, 0x0,
    0x0, 0x0, 0x0, 0x0, 0x0, 0x0, 0x0, 0x0,
    0x0, 0x0, 0x0, 0xcf, 0xff, 0x70, 0x0, 0x0,
    0x0, 0x0, 0x2, 0xff, 0xff, 0xc0, 0x0, 0x0,
    0x0, 0x0, 0x8, 0xff, 0xff, 0xf2, 0x0, 0x0,
    0x0, 0x0, 0xd, 0xff, 0xaf, 0xf8, 0x0, 0x0,
    0x0, 0x0, 0x3f, 0xfd, 0x2f, 0xfd, 0x0, 0x0,
    0x0, 0x0, 0x8f, 0xf7, 0xc, 0xff, 0x30, 0x0,
    0x0, 0x0, 0xef, 0xf2, 0x7, 0xff, 0x90, 0x0,
    0x0, 0x4, 0xff, 0xc0, 0x1, 0xff, 0xe0, 0x0,
    0x0, 0x9, 0xff, 0x70, 0x0, 0xcf, 0xf4, 0x0,
    0x0, 0xe, 0xff, 0x10, 0x0, 0x6f, 0xf9, 0x0,
    0x0, 0x4f, 0xff, 0xff, 0xff, 0xff, 0xff, 0x0,
    0x0, 0xaf, 0xff, 0xff, 0xff, 0xff, 0xff, 0x50,
    0x0, 0xff, 0xfa, 0xaa, 0xaa, 0xab, 0xff, 0xa0,
    0x5, 0xff, 0xc0, 0x0, 0x0, 0x1, 0xff, 0xf0,
    0xb, 0xff, 0x60, 0x0, 0x0, 0x0, 0xbf, 0xf6,
    0x1f, 0xff, 0x10, 0x0, 0x0, 0x0, 0x6f, 0xfb,

    /* U+1EA7 "ầ" */
    0x0, 0x0, 0x0, 0x0, 0x0, 0x0, 0x0, 0x0,
    0x0, 0x0, 0x9f, 0xf2, 0x0, 0x0, 0x0, 0x0,
    0x1, 0xef, 0x90, 0x0, 0x0, 0x0, 0x0, 0x6,
    0xff, 0x10, 0x0, 0x0, 0x4f, 0xfc, 0xc, 0xf7,
    0x0, 0x0, 0x1e, 0xff, 0xf9, 0x0, 0x0, 0x0,
    0xc, 0xfb, 0x3f, 0xf4, 0x0, 0x0, 0x5, 0xcb,
    0x0, 0x5c, 0xa0, 0x0, 0x0, 0x0, 0x0, 0x0,
    0x0, 0x0, 0x0, 0x1, 0x9e, 0xfd, 0x70, 0xef,
    0xf0, 0x2, 0xef, 0xff, 0xff, 0xae, 0xff, 0x0,
    0xdf, 0xfe, 0x87, 0xcf, 0xff, 0xf0, 0x4f, 0xfe,
    0x20, 0x0, 0xaf, 0xff, 0x9, 0xff, 0x80, 0x0,
    0x2, 0xff, 0xf0, 0xbf, 0xf4, 0x0, 0x0, 0xe,
    0xff, 0xb, 0xff, 0x30, 0x0, 0x0, 0xef, 0xf0,
    0x9f, 0xf6, 0x0, 0x0, 0x1f, 0xff, 0x4, 0xff,
    0xd0, 0x0, 0x8, 0xff, 0xf0, 0xd, 0xff, 0xc5,
    0x49, 0xff, 0xff, 0x0, 0x2e, 0xff, 0xff, 0xfc,
    0xef, 0xf0, 0x0, 0x19, 0xef, 0xe8, 0xe, 0xff,
    0x0,

    /* U+1EA8 "Ẩ" */
    0x0, 0x0, 0x0, 0x0, 0x0, 0x6, 0x85, 0x0,
    0x0, 0x0, 0x0, 0x0, 0x0, 0xdf, 0xff, 0x90,
    0x0, 0x0, 0x0, 0x0, 0x3, 0xe9, 0x1e, 0xf0,
    0x0, 0x0, 0x0, 0x0, 0x0, 0x0, 0x4f, 0xe0,
    0x0, 0x0, 0x0, 0x1, 0x10, 0x6, 0xfd, 0x30,
    0x0, 0x0, 0x0, 0x5f, 0xfd, 0x16, 0xc2, 0x0,
    0x0, 0x0, 0x2, 0xff, 0xbf, 0xb0, 0x0, 0x0,
    0x0, 0x0, 0x1d, 0xf6, 0xc, 0xf8, 0x0, 0x0,
    0x0, 0x0, 0x36, 0x50, 0x1, 0x66, 0x0, 0x0,
    0x0, 0x0, 0x0, 0x0, 0x0, 0x0, 0x0, 0x0,
    0x0, 0x0, 0x0, 0xcf, 0xff, 0x70, 0x0, 0x0,
    0x0, 0x0, 0x2, 0xff, 0xff, 0xc0, 0x0, 0x0,
    0x0, 0x0, 0x8, 0xff, 0xff, 0xf2, 0x0, 0x0,
    0x0, 0x0, 0xd, 0xff, 0xaf, 0xf8, 0x0, 0x0,
    0x0, 0x0, 0x3f, 0xfd, 0x2f, 0xfd, 0x0, 0x0,
    0x0, 0x0, 0x8f, 0xf7, 0xc, 0xff, 0x30, 0x0,
    0x0, 0x0, 0xef, 0xf2, 0x7, 0xff, 0x90, 0x0,
    0x0, 0x4, 0xff, 0xc0, 0x1, 0xff, 0xe0, 0x0,
    0x0, 0x9, 0xff, 0x70, 0x0, 0xcf, 0xf4, 0x0,
    0x0, 0xe, 0xff, 0x10, 0x0, 0x6f, 0xf9, 0x0,
    0x0, 0x4f, 0xff, 0xff, 0xff, 0xff, 0xff, 0x0,
    0x0, 0xaf, 0xff, 0xff, 0xff, 0xff, 0xff, 0x50,
    0x0, 0xff, 0xfa, 0xaa, 0xaa, 0xab, 0xff, 0xa0,
    0x5, 0xff, 0xc0, 0x0, 0x0, 0x1, 0xff, 0xf0,
    0xb, 0xff, 0x60, 0x0, 0x0, 0x0, 0xbf, 0xf6,
    0x1f, 0xff, 0x10, 0x0, 0x0, 0x0, 0x6f, 0xfb,

    /* U+1EA9 "ẩ" */
    0x0, 0x0, 0x0, 0x0, 0x6e, 0xfb, 0x20, 0x0,
    0x0, 0x0, 0x2, 0xfe, 0xaf, 0xd0, 0x0, 0x0,
    0x0, 0x2, 0x73, 0x1f, 0xe0, 0x0, 0x0, 0x0,
    0x0, 0x4, 0xef, 0x50, 0x0, 0x0, 0x5f, 0xfc,
    0x8, 0xd2, 0x0, 0x0, 0x2, 0xff, 0xdf, 0x90,
    0x0, 0x0, 0x0, 0xd, 0xf7, 0x1e, 0xf5, 0x0,
    0x0, 0x0, 0x59, 0x80, 0x3, 0x99, 0x0, 0x0,
    0x0, 0x0, 0x0, 0x0, 0x0, 0x0, 0x0, 0x0,
    0x19, 0xef, 0xd7, 0xe, 0xff, 0x0, 0x2, 0xef,
    0xff, 0xff, 0xae, 0xff, 0x0, 0xd, 0xff, 0xe8,
    0x7c, 0xff, 0xff, 0x0, 0x4f, 0xfe, 0x20, 0x0,
    0xaf, 0xff, 0x0, 0x9f, 0xf8, 0x0, 0x0, 0x2f,
    0xff, 0x0, 0xbf, 0xf4, 0x0, 0x0, 0xe, 0xff,
    0x0, 0xbf, 0xf3, 0x0, 0x0, 0xe, 0xff, 0x0,
    0x9f, 0xf6, 0x0, 0x0, 0x1f, 0xff, 0x0, 0x4f,
    0xfd, 0x0, 0x0, 0x8f, 0xff, 0x0, 0xd, 0xff,
    0xc5, 0x49, 0xff, 0xff, 0x0, 0x2, 0xef, 0xff,
    0xff, 0xce, 0xff, 0x0, 0x0, 0x19, 0xef, 0xe8,
    0xe, 0xff, 0x0,

    /* U+1EAA "Ẫ" */
    0x0, 0x0, 0x4, 0xcb, 0x10, 0x9d, 0x0, 0x0,
    0x0, 0x0, 0xe, 0xff, 0xd2, 0xde, 0x0, 0x0,
    0x0, 0x0, 0x3f, 0x84, 0xff, 0xfa, 0x0, 0x0,
    0x0, 0x0, 0x4d, 0x40, 0x4c, 0xb1, 0x0, 0x0,
    0x0, 0x0, 0x0, 0x3, 0x42, 0x0, 0x0, 0x0,
    0x0, 0x0, 0x0, 0x6f, 0xff, 0x20, 0x0, 0x0,
    0x0, 0x0, 0x3, 0xff, 0x9f, 0xd0, 0x0, 0x0,
    0x0, 0x0, 0x1e, 0xf6, 0xb, 0xfa, 0x0, 0x0,
    0x0, 0x0, 0x25, 0x50, 0x1, 0x55, 0x0, 0x0,
    0x0, 0x0, 0x0, 0x0, 0x0, 0x0, 0x0, 0x0,
    0x0, 0x0, 0x0, 0xcf, 0xff, 0x70, 0x0, 0x0,
    0x0, 0x0, 0x2, 0xff, 0xff, 0xc0, 0x0, 0x0,
    0x0, 0x0, 0x8, 0xff, 0xff, 0xf2, 0x0, 0x0,
    0x0, 0x0, 0xd, 0xff, 0xaf, 0xf8, 0x0, 0x0,
    0x0, 0x0, 0x3f, 0xfd, 0x2f, 0xfd, 0x0, 0x0,
    0x0, 0x0, 0x8f, 0xf7, 0xc, 0xff, 0x30, 0x0,
    0x0, 0x0, 0xef, 0xf2, 0x7, 0xff, 0x90, 0x0,
    0x0, 0x4, 0xff, 0xc0, 0x1, 0xff, 0xe0, 0x0,
    0x0, 0x9, 0xff, 0x70, 0x0, 0xcf, 0xf4, 0x0,
    0x0, 0xe, 0xff, 0x10, 0x0, 0x6f, 0xf9, 0x0,
    0x0, 0x4f, 0xff, 0xff, 0xff, 0xff, 0xff, 0x0,
    0x0, 0xaf, 0xff, 0xff, 0xff, 0xff, 0xff, 0x50,
    0x0, 0xff, 0xfa, 0xaa, 0xaa, 0xab, 0xff, 0xa0,
    0x5, 0xff, 0xc0, 0x0, 0x0, 0x1, 0xff, 0xf0,
    0xb, 0xff, 0x60, 0x0, 0x0, 0x0, 0xbf, 0xf6,
    0x1f, 0xff, 0x10, 0x0, 0x0, 0x0, 0x6f, 0xfb,

    /* U+1EAB "ẫ" */
    0x0, 0x5, 0xca, 0x10, 0xac, 0x0, 0x0, 0x1,
    0xff, 0xfc, 0x1e, 0xc0, 0x0, 0x0, 0x4f, 0x75,
    0xff, 0xf8, 0x0, 0x0, 0x5, 0xe3, 0x5, 0xdb,
    0x10, 0x0, 0x0, 0x0, 0x5f, 0xfc, 0x0, 0x0,
    0x0, 0x0, 0x2f, 0xfd, 0xf9, 0x0, 0x0, 0x0,
    0xd, 0xf8, 0x1e, 0xf5, 0x0, 0x0, 0x4, 0x98,
    0x0, 0x39, 0x90, 0x0, 0x0, 0x0, 0x0, 0x0,
    0x0, 0x0, 0x0, 0x1, 0x9e, 0xfd, 0x70, 0xef,
    0xf0, 0x2, 0xef, 0xff, 0xff, 0xae, 0xff, 0x0,
    0xdf, 0xfe, 0x87, 0xcf, 0xff, 0xf0, 0x4f, 0xfe,
    0x20, 0x0, 0xaf, 0xff, 0x9, 0xff, 0x80, 0x0,
    0x2, 0xff, 0xf0, 0xbf, 0xf4, 0x0, 0x0, 0xe,
    0xff, 0xb, 0xff, 0x30, 0x0, 0x0, 0xef, 0xf0,
    0x9f, 0xf6, 0x0, 0x0, 0x1f, 0xff, 0x4, 0xff,
    0xd0, 0x0, 0x8, 0xff, 0xf0, 0xd, 0xff, 0xc5,
    0x49, 0xff, 0xff, 0x0, 0x2e, 0xff, 0xff, 0xfc,
    0xef, 0xf0, 0x0, 0x19, 0xef, 0xe8, 0xe, 0xff,
    0x0,

    /* U+1EAC "Ậ" */
    0x0, 0x0, 0x0, 0x7, 0x85, 0x0, 0x0, 0x0,
    0x0, 0x0, 0x0, 0xaf, 0xff, 0x50, 0x0, 0x0,
    0x0, 0x0, 0x6, 0xfd, 0x5f, 0xf2, 0x0, 0x0,
    0x0, 0x0, 0x3f, 0xf2, 0x7, 0xfd, 0x0, 0x0,
    0x0, 0x0, 0x0, 0x0, 0x0, 0x0, 0x0, 0x0,
    0x0, 0x0, 0x0, 0x0, 0x0, 0x0, 0x0, 0x0,
    0x0, 0x0, 0x0, 0xcf, 0xff, 0x70, 0x0, 0x0,
    0x0, 0x0, 0x2, 0xff, 0xff, 0xc0, 0x0, 0x0,
    0x0, 0x0, 0x8, 0xff, 0xff, 0xf2, 0x0, 0x0,
    0x0, 0x0, 0xd, 0xff, 0xaf, 0xf8, 0x0, 0x0,
    0x0, 0x0, 0x3f, 0xfd, 0x2f, 0xfd, 0x0, 0x0,
    0x0, 0x0, 0x8f, 0xf7, 0xc, 0xff, 0x30, 0x0,
    0x0, 0x0, 0xef, 0xf2, 0x7, 0xff, 0x90, 0x0,
    0x0, 0x4, 0xff, 0xc0, 0x1, 0xff, 0xe0, 0x0,
    0x0, 0x9, 0xff, 0x70, 0x0, 0xcf, 0xf4, 0x0,
    0x0, 0xe, 0xff, 0x10, 0x0, 0x6f, 0xf9, 0x0,
    0x0, 0x4f, 0xff, 0xff, 0xff, 0xff, 0xff, 0x0,
    0x0, 0xaf, 0xff, 0xff, 0xff, 0xff, 0xff, 0x50,
    0x0, 0xff, 0xfa, 0xaa, 0xaa, 0xab, 0xff, 0xa0,
    0x5, 0xff, 0xc0, 0x0, 0x0, 0x1, 0xff, 0xf0,
    0xb, 0xff, 0x60, 0x0, 0x0, 0x0, 0xbf, 0xf6,
    0x1f, 0xff, 0x10, 0x0, 0x0, 0x0, 0x6f, 0xfb,
    0x0, 0x0, 0x0, 0x0, 0x0, 0x0, 0x0, 0x0,
    0x0, 0x0, 0x0, 0x0, 0x0, 0x0, 0x0, 0x0,
    0x0, 0x0, 0x0, 0xb, 0xf6, 0x0, 0x0, 0x0,
    0x0, 0x0, 0x0, 0x4f, 0xfe, 0x0, 0x0, 0x0,
    0x0, 0x0, 0x0, 0x1f, 0xfb, 0x0, 0x0, 0x0,
    0x0, 0x0, 0x0, 0x1, 0x40, 0x0, 0x0, 0x0,

    /* U+1EAD "ậ" */
    0x0, 0x0, 0x4f, 0xfc, 0x0, 0x0, 0x0, 0x0,
    0x1e, 0xfd, 0xf9, 0x0, 0x0, 0x0, 0xc, 0xf9,
    0x1e, 0xf4, 0x0, 0x0, 0x5, 0xca, 0x0, 0x4c,
    0xa0, 0x0, 0x0, 0x0, 0x0, 0x0, 0x0, 0x0,
    0x0, 0x1, 0x9e, 0xfd, 0x70, 0xef, 0xf0, 0x2,
    0xef, 0xff, 0xff, 0xae, 0xff, 0x0, 0xdf, 0xfe,
    0x87, 0xcf, 0xff, 0xf0, 0x4f, 0xfe, 0x20, 0x0,
    0xaf, 0xff, 0x9, 0xff, 0x80, 0x0, 0x2, 0xff,
    0xf0, 0xbf, 0xf4, 0x0, 0x0, 0xe, 0xff, 0xb,
    0xff, 0x30, 0x0, 0x0, 0xef, 0xf0, 0x9f, 0xf6,
    0x0, 0x0, 0x1f, 0xff, 0x4, 0xff, 0xd0, 0x0,
    0x8, 0xff, 0xf0, 0xd, 0xff, 0xc5, 0x49, 0xff,
    0xff, 0x0, 0x2e, 0xff, 0xff, 0xfc, 0xef, 0xf0,
    0x0, 0x19, 0xef, 0xe8, 0xe, 0xff, 0x0, 0x0,
    0x0, 0x0, 0x0, 0x0, 0x0, 0x0, 0x0, 0x0,
    0x0, 0x0, 0x0, 0x0, 0x0, 0x0, 0xcf, 0x60,
    0x0, 0x0, 0x0, 0x0, 0x5f, 0xfd, 0x0, 0x0,
    0x0, 0x0, 0x2, 0xff, 0x90, 0x0, 0x0, 0x0,
    0x0, 0x1, 0x40, 0x0, 0x0, 0x0,

    /* U+1EAE "Ắ" */
    0x0, 0x0, 0x0, 0x0, 0x0, 0x0, 0x0, 0x0,
    0x0, 0x0, 0x0, 0x0, 0x3f, 0xf8, 0x0, 0x0,
    0x0, 0x0, 0x0, 0x0, 0xaf, 0xe0, 0x0, 0x0,
    0x0, 0x0, 0x0, 0x1, 0xff, 0x50, 0x0, 0x0,
    0x0, 0x0, 0x0, 0x8, 0xfb, 0x0, 0x0, 0x0,
    0x0, 0x0, 0x25, 0x20, 0x0, 0x45, 0x0, 0x0,
    0x0, 0x0, 0x5f, 0xd0, 0x2, 0xff, 0x0, 0x0,
    0x0, 0x0, 0xd, 0xfe, 0xcf, 0xf8, 0x0, 0x0,
    0x0, 0x0, 0x1, 0xae, 0xfd, 0x70, 0x0, 0x0,
    0x0, 0x0, 0x0, 0x0, 0x0, 0x0, 0x0, 0x0,
    0x0, 0x0, 0x0, 0x0, 0x0, 0x0, 0x0, 0x0,
    0x0, 0x0, 0x0, 0xcf, 0xff, 0x70, 0x0, 0x0,
    0x0, 0x0, 0x2, 0xff, 0xff, 0xc0, 0x0, 0x0,
    0x0, 0x0, 0x8, 0xff, 0xff, 0xf2, 0x0, 0x0,
    0x0, 0x0, 0xd, 0xff, 0xaf, 0xf8, 0x0, 0x0,
    0x0, 0x0, 0x3f, 0xfd, 0x2f, 0xfd, 0x0, 0x0,
    0x0, 0x0, 0x8f, 0xf7, 0xc, 0xff, 0x30, 0x0,
    0x0, 0x0, 0xef, 0xf2, 0x7, 0xff, 0x90, 0x0,
    0x0, 0x4, 0xff, 0xc0, 0x1, 0xff, 0xe0, 0x0,
    0x0, 0x9, 0xff, 0x70, 0x0, 0xcf, 0xf4, 0x0,
    0x0, 0xe, 0xff, 0x10, 0x0, 0x6f, 0xf9, 0x0,
    0x0, 0x4f, 0xff, 0xff, 0xff, 0xff, 0xff, 0x0,
    0x0, 0xaf, 0xff, 0xff, 0xff, 0xff, 0xff, 0x50,
    0x0, 0xff, 0xfa, 0xaa, 0xaa, 0xab, 0xff, 0xa0,
    0x5, 0xff, 0xc0, 0x0, 0x0, 0x1, 0xff, 0xf0,
    0xb, 0xff, 0x60, 0x0, 0x0, 0x0, 0xbf, 0xf6,
    0x1f, 0xff, 0x10, 0x0, 0x0, 0x0, 0x6f, 0xfb,

    /* U+1EAF "ắ" */
    0x0, 0x0, 0x0, 0x4f, 0xf7, 0x0, 0x0, 0x0,
    0x0, 0xb, 0xfd, 0x0, 0x0, 0x0, 0x0, 0x2,
    0xff, 0x40, 0x0, 0x0, 0x0, 0x0, 0x9f, 0xa0,
    0x0, 0x0, 0x0, 0x7f, 0x80, 0x0, 0xff, 0x0,
    0x0, 0x3, 0xfe, 0x30, 0x9f, 0xb0, 0x0, 0x0,
    0xa, 0xff, 0xff, 0xf3, 0x0, 0x0, 0x0, 0x6,
    0xab, 0x92, 0x0, 0x0, 0x0, 0x0, 0x0, 0x0,
    0x0, 0x0, 0x0, 0x1, 0x9e, 0xfd, 0x70, 0xef,
    0xf0, 0x2, 0xef, 0xff, 0xff, 0xae, 0xff, 0x0,
    0xdf, 0xfe, 0x87, 0xcf, 0xff, 0xf0, 0x4f, 0xfe,
    0x20, 0x0, 0xaf, 0xff, 0x9, 0xff, 0x80, 0x0,
    0x2, 0xff, 0xf0, 0xbf, 0xf4, 0x0, 0x0, 0xe,
    0xff, 0xb, 0xff, 0x30, 0x0, 0x0, 0xef, 0xf0,
    0x9f, 0xf6, 0x0, 0x0, 0x1f, 0xff, 0x4, 0xff,
    0xd0, 0x0, 0x8, 0xff, 0xf0, 0xd, 0xff, 0xc5,
    0x49, 0xff, 0xff, 0x0, 0x2e, 0xff, 0xff, 0xfc,
    0xef, 0xf0, 0x0, 0x19, 0xef, 0xe8, 0xe, 0xff,
    0x0,

    /* U+1EB0 "Ằ" */
    0x0, 0x0, 0x0, 0x0, 0x0, 0x0, 0x0, 0x0,
    0x0, 0x0, 0xc, 0xfe, 0x0, 0x0, 0x0, 0x0,
    0x0, 0x0, 0x3, 0xff, 0x60, 0x0, 0x0, 0x0,
    0x0, 0x0, 0x0, 0x9f, 0xd0, 0x0, 0x0, 0x0,
    0x0, 0x0, 0x0, 0x1f, 0xf4, 0x0, 0x0, 0x0,
    0x0, 0x0, 0x25, 0x20, 0x0, 0x45, 0x0, 0x0,
    0x0, 0x0, 0x5f, 0xc0, 0x3, 0xff, 0x0, 0x0,
    0x0, 0x0, 0xd, 0xfe, 0xcf, 0xf7, 0x0, 0x0,
    0x0, 0x0, 0x1, 0xae, 0xfd, 0x70, 0x0, 0x0,
    0x0, 0x0, 0x0, 0x0, 0x0, 0x0, 0x0, 0x0,
    0x0, 0x0, 0x0, 0x0, 0x0, 0x0, 0x0, 0x0,
    0x0, 0x0, 0x0, 0xcf, 0xff, 0x70, 0x0, 0x0,
    0x0, 0x0, 0x2, 0xff, 0xff, 0xc0, 0x0, 0x0,
    0x0, 0x0, 0x8, 0xff, 0xff, 0xf2, 0x0, 0x0,
    0x0, 0x0, 0xd, 0xff, 0xaf, 0xf8, 0x0, 0x0,
    0x0, 0x0, 0x3f, 0xfd, 0x2f, 0xfd, 0x0, 0x0,
    0x0, 0x0, 0x8f, 0xf7, 0xc, 0xff, 0x30, 0x0,
    0x0, 0x0, 0xef, 0xf2, 0x7, 0xff, 0x90, 0x0,
    0x0, 0x4, 0xff, 0xc0, 0x1, 0xff, 0xe0, 0x0,
    0x0, 0x9, 0xff, 0x70, 0x0, 0xcf, 0xf4, 0x0,
    0x0, 0xe, 0xff, 0x10, 0x0, 0x6f, 0xf9, 0x0,
    0x0, 0x4f, 0xff, 0xff, 0xff, 0xff, 0xff, 0x0,
    0x0, 0xaf, 0xff, 0xff, 0xff, 0xff, 0xff, 0x50,
    0x0, 0xff, 0xfa, 0xaa, 0xaa, 0xab, 0xff, 0xa0,
    0x5, 0xff, 0xc0, 0x0, 0x0, 0x1, 0xff, 0xf0,
    0xb, 0xff, 0x60, 0x0, 0x0, 0x0, 0xbf, 0xf6,
    0x1f, 0xff, 0x10, 0x0, 0x0, 0x0, 0x6f, 0xfb,

    /* U+1EB1 "ằ" */
    0x0, 0xd, 0xfd, 0x0, 0x0, 0x0, 0x0, 0x0,
    0x4f, 0xf4, 0x0, 0x0, 0x0, 0x0, 0x0, 0xbf,
    0xb0, 0x0, 0x0, 0x0, 0x0, 0x2, 0xff, 0x30,
    0x0, 0x0, 0x0, 0x8f, 0x80, 0x1, 0xff, 0x0,
    0x0, 0x3, 0xfe, 0x20, 0x9f, 0xb0, 0x0, 0x0,
    0xa, 0xff, 0xff, 0xf2, 0x0, 0x0, 0x0, 0x6,
    0xab, 0x82, 0x0, 0x0, 0x0, 0x0, 0x0, 0x0,
    0x0, 0x0, 0x0, 0x1, 0x9e, 0xfd, 0x70, 0xef,
    0xf0, 0x2, 0xef, 0xff, 0xff, 0xae, 0xff, 0x0,
    0xdf, 0xfe, 0x87, 0xcf, 0xff, 0xf0, 0x4f, 0xfe,
    0x20, 0x0, 0xaf, 0xff, 0x9, 0xff, 0x80, 0x0,
    0x2, 0xff, 0xf0, 0xbf, 0xf4, 0x0, 0x0, 0xe,
    0xff, 0xb, 0xff, 0x30, 0x0, 0x0, 0xef, 0xf0,
    0x9f, 0xf6, 0x0, 0x0, 0x1f, 0xff, 0x4, 0xff,
    0xd0, 0x0, 0x8, 0xff, 0xf0, 0xd, 0xff, 0xc5,
    0x49, 0xff, 0xff, 0x0, 0x2e, 0xff, 0xff, 0xfc,
    0xef, 0xf0, 0x0, 0x19, 0xef, 0xe8, 0xe, 0xff,
    0x0,

    /* U+1EB2 "Ẳ" */
    0x0, 0x0, 0x0, 0x5d, 0xfc, 0x30, 0x0, 0x0,
    0x0, 0x0, 0x1, 0xfe, 0xaf, 0xe0, 0x0, 0x0,
    0x0, 0x0, 0x1, 0x74, 0xd, 0xf0, 0x0, 0x0,
    0x0, 0x0, 0x0, 0x1, 0xbf, 0x90, 0x0, 0x0,
    0x0, 0x0, 0x0, 0x8, 0xf7, 0x0, 0x0, 0x0,
    0x0, 0x0, 0x25, 0x21, 0x20, 0x55, 0x0, 0x0,
    0x0, 0x0, 0x5f, 0xc0, 0x3, 0xff, 0x0, 0x0,
    0x0, 0x0, 0xd, 0xfe, 0xcf, 0xf7, 0x0, 0x0,
    0x0, 0x0, 0x1, 0xae, 0xfd, 0x70, 0x0, 0x0,
    0x0, 0x0, 0x0, 0x0, 0x0, 0x0, 0x0, 0x0,
    0x0, 0x0, 0x0, 0x0, 0x0, 0x0, 0x0, 0x0,
    0x0, 0x0, 0x0, 0xcf, 0xff, 0x70, 0x0, 0x0,
    0x0, 0x0, 0x2, 0xff, 0xff, 0xc0, 0x0, 0x0,
    0x0, 0x0, 0x8, 0xff, 0xff, 0xf2, 0x0, 0x0,
    0x0, 0x0, 0xd, 0xff, 0xaf, 0xf8, 0x0, 0x0,
    0x0, 0x0, 0x3f, 0xfd, 0x2f, 0xfd, 0x0, 0x0,
    0x0, 0x0, 0x8f, 0xf7, 0xc, 0xff, 0x30, 0x0,
    0x0, 0x0, 0xef, 0xf2, 0x7, 0xff, 0x90, 0x0,
    0x0, 0x4, 0xff, 0xc0, 0x1, 0xff, 0xe0, 0x0,
    0x0, 0x9, 0xff, 0x70, 0x0, 0xcf, 0xf4, 0x0,
    0x0, 0xe, 0xff, 0x10, 0x0, 0x6f, 0xf9, 0x0,
    0x0, 0x4f, 0xff, 0xff, 0xff, 0xff, 0xff, 0x0,
    0x0, 0xaf, 0xff, 0xff, 0xff, 0xff, 0xff, 0x50,
    0x0, 0xff, 0xfa, 0xaa, 0xaa, 0xab, 0xff, 0xa0,
    0x5, 0xff, 0xc0, 0x0, 0x0, 0x1, 0xff, 0xf0,
    0xb, 0xff, 0x60, 0x0, 0x0, 0x0, 0xbf, 0xf6,
    0x1f, 0xff, 0x10, 0x0, 0x0, 0x0, 0x6f, 0xfb,

    /* U+1EB3 "ẳ" */
    0x0, 0x0, 0x17, 0x85, 0x0, 0x0, 0x0, 0x0,
    0xd, 0xff, 0xf9, 0x0, 0x0, 0x0, 0x4, 0xe8,
    0x1e, 0xf0, 0x0, 0x0, 0x0, 0x0, 0x6, 0xfc,
    0x0, 0x0, 0x0, 0x0, 0x7, 0xfb, 0x10, 0x0,
    0x0, 0x0, 0x0, 0x59, 0x10, 0x0, 0x0, 0x0,
    0x8f, 0x80, 0x1, 0xff, 0x0, 0x0, 0x3, 0xfe,
    0x20, 0x9f, 0xb0, 0x0, 0x0, 0xa, 0xff, 0xff,
    0xf2, 0x0, 0x0, 0x0, 0x6, 0xab, 0x82, 0x0,
    0x0, 0x0, 0x0, 0x0, 0x0, 0x0, 0x0, 0x0,
    0x1, 0x9e, 0xfd, 0x70, 0xef, 0xf0, 0x2, 0xef,
    0xff, 0xff, 0xae, 0xff, 0x0, 0xdf, 0xfe, 0x87,
    0xcf, 0xff, 0xf0, 0x4f, 0xfe, 0x20, 0x0, 0xaf,
    0xff, 0x9, 0xff, 0x80, 0x0, 0x2, 0xff, 0xf0,
    0xbf, 0xf4, 0x0, 0x0, 0xe, 0xff, 0xb, 0xff,
    0x30, 0x0, 0x0, 0xef, 0xf0, 0x9f, 0xf6, 0x0,
    0x0, 0x1f, 0xff, 0x4, 0xff, 0xd0, 0x0, 0x8,
    0xff, 0xf0, 0xd, 0xff, 0xc5, 0x49, 0xff, 0xff,
    0x0, 0x2e, 0xff, 0xff, 0xfc, 0xef, 0xf0, 0x0,
    0x19, 0xef, 0xe8, 0xe, 0xff, 0x0,

    /* U+1EB4 "Ẵ" */
    0x0, 0x0, 0x4, 0xcb, 0x10, 0x8d, 0x0, 0x0,
    0x0, 0x0, 0xe, 0xff, 0xe2, 0xce, 0x0, 0x0,
    0x0, 0x0, 0x2f, 0x84, 0xff, 0xfa, 0x0, 0x0,
    0x0, 0x0, 0x3e, 0x50, 0x4d, 0xc1, 0x0, 0x0,
    0x0, 0x0, 0x13, 0x10, 0x0, 0x23, 0x0, 0x0,
    0x0, 0x0, 0x5f, 0xc0, 0x2, 0xff, 0x0, 0x0,
    0x0, 0x0, 0xd, 0xfe, 0xcf, 0xf9, 0x0, 0x0,
    0x0, 0x0, 0x2, 0xae, 0xfd, 0x80, 0x0, 0x0,
    0x0, 0x0, 0x0, 0x0, 0x0, 0x0, 0x0, 0x0,
    0x0, 0x0, 0x0, 0x0, 0x0, 0x0, 0x0, 0x0,
    0x0, 0x0, 0x0, 0xcf, 0xff, 0x70, 0x0, 0x0,
    0x0, 0x0, 0x2, 0xff, 0xff, 0xc0, 0x0, 0x0,
    0x0, 0x0, 0x8, 0xff, 0xff, 0xf2, 0x0, 0x0,
    0x0, 0x0, 0xd, 0xff, 0xaf, 0xf8, 0x0, 0x0,
    0x0, 0x0, 0x3f, 0xfd, 0x2f, 0xfd, 0x0, 0x0,
    0x0, 0x0, 0x8f, 0xf7, 0xc, 0xff, 0x30, 0x0,
    0x0, 0x0, 0xef, 0xf2, 0x7, 0xff, 0x90, 0x0,
    0x0, 0x4, 0xff, 0xc0, 0x1, 0xff, 0xe0, 0x0,
    0x0, 0x9, 0xff, 0x70, 0x0, 0xcf, 0xf4, 0x0,
    0x0, 0xe, 0xff, 0x10, 0x0, 0x6f, 0xf9, 0x0,
    0x0, 0x4f, 0xff, 0xff, 0xff, 0xff, 0xff, 0x0,
    0x0, 0xaf, 0xff, 0xff, 0xff, 0xff, 0xff, 0x50,
    0x0, 0xff, 0xfa, 0xaa, 0xaa, 0xab, 0xff, 0xa0,
    0x5, 0xff, 0xc0, 0x0, 0x0, 0x1, 0xff, 0xf0,
    0xb, 0xff, 0x60, 0x0, 0x0, 0x0, 0xbf, 0xf6,
    0x1f, 0xff, 0x10, 0x0, 0x0, 0x0, 0x6f, 0xfb,

    /* U+1EB5 "ẵ" */
    0x0, 0x8, 0xfd, 0x70, 0xce, 0x0, 0x0, 0x2,
    0xff, 0xff, 0xff, 0xb0, 0x0, 0x0, 0x5f, 0x61,
    0xaf, 0xd3, 0x0, 0x0, 0x0, 0x0, 0x0, 0x0,
    0x0, 0x0, 0x0, 0x7f, 0x80, 0x0, 0xff, 0x0,
    0x0, 0x3, 0xfe, 0x30, 0x9f, 0xb0, 0x0, 0x0,
    0xa, 0xff, 0xff, 0xf3, 0x0, 0x0, 0x0, 0x6,
    0xab, 0x92, 0x0, 0x0, 0x0, 0x0, 0x0, 0x0,
    0x0, 0x0, 0x0, 0x1, 0x9e, 0xfd, 0x70, 0xef,
    0xf0, 0x2, 0xef, 0xff, 0xff, 0xae, 0xff, 0x0,
    0xdf, 0xfe, 0x87, 0xcf, 0xff, 0xf0, 0x4f, 0xfe,
    0x20, 0x0, 0xaf, 0xff, 0x9, 0xff, 0x80, 0x0,
    0x2, 0xff, 0xf0, 0xbf, 0xf4, 0x0, 0x0, 0xe,
    0xff, 0xb, 0xff, 0x30, 0x0, 0x0, 0xef, 0xf0,
    0x9f, 0xf6, 0x0, 0x0, 0x1f, 0xff, 0x4, 0xff,
    0xd0, 0x0, 0x8, 0xff, 0xf0, 0xd, 0xff, 0xc5,
    0x49, 0xff, 0xff, 0x0, 0x2e, 0xff, 0xff, 0xfc,
    0xef, 0xf0, 0x0, 0x19, 0xef, 0xe8, 0xe, 0xff,
    0x0,

    /* U+1EB6 "Ặ" */
    0x0, 0x0, 0x38, 0x40, 0x0, 0x68, 0x10, 0x0,
    0x0, 0x0, 0x4f, 0xd0, 0x3, 0xff, 0x0, 0x0,
    0x0, 0x0, 0xc, 0xfe, 0xcf, 0xf7, 0x0, 0x0,
    0x0, 0x0, 0x1, 0xae, 0xfd, 0x70, 0x0, 0x0,
    0x0, 0x0, 0x0, 0x0, 0x0, 0x0, 0x0, 0x0,
    0x0, 0x0, 0x0, 0x0, 0x0, 0x0, 0x0, 0x0,
    0x0, 0x0, 0x0, 0xcf, 0xff, 0x70, 0x0, 0x0,
    0x0, 0x0, 0x2, 0xff, 0xff, 0xc0, 0x0, 0x0,
    0x0, 0x0, 0x8, 0xff, 0xff, 0xf2, 0x0, 0x0,
    0x0, 0x0, 0xd, 0xff, 0xaf, 0xf8, 0x0, 0x0,
    0x0, 0x0, 0x3f, 0xfd, 0x2f, 0xfd, 0x0, 0x0,
    0x0, 0x0, 0x8f, 0xf7, 0xc, 0xff, 0x30, 0x0,
    0x0, 0x0, 0xef, 0xf2, 0x7, 0xff, 0x90, 0x0,
    0x0, 0x4, 0xff, 0xc0, 0x1, 0xff, 0xe0, 0x0,
    0x0, 0x9, 0xff, 0x70, 0x0, 0xcf, 0xf4, 0x0,
    0x0, 0xe, 0xff, 0x10, 0x0, 0x6f, 0xf9, 0x0,
    0x0, 0x4f, 0xff, 0xff, 0xff, 0xff, 0xff, 0x0,
    0x0, 0xaf, 0xff, 0xff, 0xff, 0xff, 0xff, 0x50,
    0x0, 0xff, 0xfa, 0xaa, 0xaa, 0xab, 0xff, 0xa0,
    0x5, 0xff, 0xc0, 0x0, 0x0, 0x1, 0xff, 0xf0,
    0xb, 0xff, 0x60, 0x0, 0x0, 0x0, 0xbf, 0xf6,
    0x1f, 0xff, 0x10, 0x0, 0x0, 0x0, 0x6f, 0xfb,
    0x0, 0x0, 0x0, 0x0, 0x0, 0x0, 0x0, 0x0,
    0x0, 0x0, 0x0, 0x0, 0x0, 0x0, 0x0, 0x0,
    0x0, 0x0, 0x0, 0xb, 0xf6, 0x0, 0x0, 0x0,
    0x0, 0x0, 0x0, 0x4f, 0xfe, 0x0, 0x0, 0x0,
    0x0, 0x0, 0x0, 0x1f, 0xfb, 0x0, 0x0, 0x0,
    0x0, 0x0, 0x0, 0x1, 0x40, 0x0, 0x0, 0x0,

    /* U+1EB7 "ặ" */
    0x0, 0x7f, 0x80, 0x0, 0xff, 0x0, 0x0, 0x3,
    0xfe, 0x30, 0x9f, 0xb0, 0x0, 0x0, 0xa, 0xff,
    0xff, 0xf3, 0x0, 0x0, 0x0, 0x6, 0xbc, 0x93,
    0x0, 0x0, 0x0, 0x0, 0x0, 0x0, 0x0, 0x0,
    0x0, 0x1, 0x9e, 0xfd, 0x70, 0xef, 0xf0, 0x2,
    0xef, 0xff, 0xff, 0xae, 0xff, 0x0, 0xdf, 0xfe,
    0x87, 0xcf, 0xff, 0xf0, 0x4f, 0xfe, 0x20, 0x0,
    0xaf, 0xff, 0x9, 0xff, 0x80, 0x0, 0x2, 0xff,
    0xf0, 0xbf, 0xf4, 0x0, 0x0, 0xe, 0xff, 0xb,
    0xff, 0x30, 0x0, 0x0, 0xef, 0xf0, 0x9f, 0xf6,
    0x0, 0x0, 0x1f, 0xff, 0x4, 0xff, 0xd0, 0x0,
    0x8, 0xff, 0xf0, 0xd, 0xff, 0xc5, 0x49, 0xff,
    0xff, 0x0, 0x2e, 0xff, 0xff, 0xfc, 0xef, 0xf0,
    0x0, 0x19, 0xef, 0xe8, 0xe, 0xff, 0x0, 0x0,
    0x0, 0x0, 0x0, 0x0, 0x0, 0x0, 0x0, 0x0,
    0x0, 0x0, 0x0, 0x0, 0x0, 0x0, 0xcf, 0x60,
    0x0, 0x0, 0x0, 0x0, 0x5f, 0xfd, 0x0, 0x0,
    0x0, 0x0, 0x2, 0xff, 0x90, 0x0, 0x0, 0x0,
    0x0, 0x1, 0x40, 0x0, 0x0, 0x0,

    /* U+1EB8 "Ẹ" */
    0x4f, 0xff, 0xff, 0xff, 0xff, 0xfa, 0x4f, 0xff,
    0xff, 0xff, 0xff, 0xfa, 0x4f, 0xfe, 0xaa, 0xaa,
    0xaa, 0xa6, 0x4f, 0xfb, 0x0, 0x0, 0x0, 0x0,
    0x4f, 0xfb, 0x0, 0x0, 0x0, 0x0, 0x4f, 0xfb,
    0x0, 0x0, 0x0, 0x0, 0x4f, 0xfd, 0x99, 0x99,
    0x99, 0x50, 0x4f, 0xff, 0xff, 0xff, 0xff, 0xa0,
    0x4f, 0xff, 0xff, 0xff, 0xff, 0xa0, 0x4f, 0xfb,
    0x0, 0x0, 0x0, 0x0, 0x4f, 0xfb, 0x0, 0x0,
    0x0, 0x0, 0x4f, 0xfb, 0x0, 0x0, 0x0, 0x0,
    0x4f, 0xfb, 0x0, 0x0, 0x0, 0x0, 0x4f, 0xfe,
    0xaa, 0xaa, 0xaa, 0xa7, 0x4f, 0xff, 0xff, 0xff,
    0xff, 0xfb, 0x4f, 0xff, 0xff, 0xff, 0xff, 0xfb,
    0x0, 0x0, 0x0, 0x0, 0x0, 0x0, 0x0, 0x0,
    0x0, 0x0, 0x0, 0x0, 0x0, 0x0, 0x3e, 0xd2,
    0x0, 0x0, 0x0, 0x0, 0xaf, 0xf8, 0x0, 0x0,
    0x0, 0x0, 0x7f, 0xf4, 0x0, 0x0, 0x0, 0x0,
    0x3, 0x20, 0x0, 0x0,

    /* U+1EB9 "ẹ" */
    0x0, 0x8, 0xdf, 0xec, 0x50, 0x0, 0x1, 0xdf,
    0xff, 0xff, 0xfa, 0x0, 0xc, 0xff, 0xb5, 0x6d,
    0xff, 0x60, 0x4f, 0xfb, 0x0, 0x1, 0xef, 0xd0,
    0x9f, 0xf4, 0x0, 0x0, 0x9f, 0xf2, 0xbf, 0xff,
    0xff, 0xff, 0xff, 0xf3, 0xbf, 0xff, 0xff, 0xff,
    0xff, 0xf4, 0x9f, 0xf5, 0x0, 0x0, 0x0, 0x0,
    0x4f, 0xfc, 0x0, 0x0, 0x9d, 0xc0, 0xc, 0xff,
    0xc6, 0x6b, 0xff, 0xa0, 0x1, 0xdf, 0xff, 0xff,
    0xfd, 0x10, 0x0, 0x7, 0xcf, 0xfd, 0x80, 0x0,
    0x0, 0x0, 0x0, 0x0, 0x0, 0x0, 0x0, 0x0,
    0x3, 0x20, 0x0, 0x0, 0x0, 0x0, 0x7f, 0xf4,
    0x0, 0x0, 0x0, 0x0, 0xaf, 0xf8, 0x0, 0x0,
    0x0, 0x0, 0x3e, 0xd2, 0x0, 0x0,

    /* U+1EBA "Ẻ" */
    0x0, 0x0, 0x5d, 0xfc, 0x20, 0x0, 0x0, 0x1,
    0xfe, 0xaf, 0xe0, 0x0, 0x0, 0x1, 0x73, 0xd,
    0xf1, 0x0, 0x0, 0x0, 0x0, 0xaf, 0xb0, 0x0,
    0x0, 0x0, 0x7, 0xfa, 0x0, 0x0, 0x0, 0x0,
    0x3, 0x61, 0x0, 0x0, 0x0, 0x0, 0x0, 0x0,
    0x0, 0x0, 0x4f, 0xff, 0xff, 0xff, 0xff, 0xfa,
    0x4f, 0xff, 0xff, 0xff, 0xff, 0xfa, 0x4f, 0xfe,
    0xaa, 0xaa, 0xaa, 0xa6, 0x4f, 0xfb, 0x0, 0x0,
    0x0, 0x0, 0x4f, 0xfb, 0x0, 0x0, 0x0, 0x0,
    0x4f, 0xfb, 0x0, 0x0, 0x0, 0x0, 0x4f, 0xfd,
    0x99, 0x99, 0x99, 0x50, 0x4f, 0xff, 0xff, 0xff,
    0xff, 0xa0, 0x4f, 0xff, 0xff, 0xff, 0xff, 0xa0,
    0x4f, 0xfb, 0x0, 0x0, 0x0, 0x0, 0x4f, 0xfb,
    0x0, 0x0, 0x0, 0x0, 0x4f, 0xfb, 0x0, 0x0,
    0x0, 0x0, 0x4f, 0xfb, 0x0, 0x0, 0x0, 0x0,
    0x4f, 0xfe, 0xaa, 0xaa, 0xaa, 0xa7, 0x4f, 0xff,
    0xff, 0xff, 0xff, 0xfb, 0x4f, 0xff, 0xff, 0xff,
    0xff, 0xfb,

    /* U+1EBB "ẻ" */
    0x0, 0x0, 0x38, 0x83, 0x0, 0x0, 0x0, 0x3,
    0xff, 0xff, 0x40, 0x0, 0x0, 0x8, 0xd4, 0x5f,
    0xa0, 0x0, 0x0, 0x0, 0x0, 0x9f, 0x80, 0x0,
    0x0, 0x0, 0xb, 0xfa, 0x0, 0x0, 0x0, 0x0,
    0xa, 0x90, 0x0, 0x0, 0x0, 0x0, 0x0, 0x0,
    0x0, 0x0, 0x0, 0x8, 0xdf, 0xec, 0x50, 0x0,
    0x1, 0xdf, 0xff, 0xff, 0xfa, 0x0, 0xc, 0xff,
    0xb5, 0x6d, 0xff, 0x60, 0x4f, 0xfb, 0x0, 0x1,
    0xef, 0xd0, 0x9f, 0xf4, 0x0, 0x0, 0x9f, 0xf2,
    0xbf, 0xff, 0xff, 0xff, 0xff, 0xf3, 0xbf, 0xff,
    0xff, 0xff, 0xff, 0xf4, 0x9f, 0xf5, 0x0, 0x0,
    0x0, 0x0, 0x4f, 0xfc, 0x0, 0x0, 0x9d, 0xc0,
    0xc, 0xff, 0xc6, 0x6b, 0xff, 0xa0, 0x1, 0xdf,
    0xff, 0xff, 0xfd, 0x10, 0x0, 0x7, 0xcf, 0xfd,
    0x80, 0x0,

    /* U+1EBC "Ẽ" */
    0x0, 0x4, 0xcb, 0x10, 0x9d, 0x0, 0x0, 0xe,
    0xff, 0xd2, 0xde, 0x0, 0x0, 0x3f, 0x84, 0xff,
    0xf9, 0x0, 0x0, 0x4d, 0x40, 0x4c, 0xb1, 0x0,
    0x0, 0x0, 0x0, 0x0, 0x0, 0x0, 0x0, 0x0,
    0x0, 0x0, 0x0, 0x0, 0x4f, 0xff, 0xff, 0xff,
    0xff, 0xfa, 0x4f, 0xff, 0xff, 0xff, 0xff, 0xfa,
    0x4f, 0xfe, 0xaa, 0xaa, 0xaa, 0xa6, 0x4f, 0xfb,
    0x0, 0x0, 0x0, 0x0, 0x4f, 0xfb, 0x0, 0x0,
    0x0, 0x0, 0x4f, 0xfb, 0x0, 0x0, 0x0, 0x0,
    0x4f, 0xfd, 0x99, 0x99, 0x99, 0x50, 0x4f, 0xff,
    0xff, 0xff, 0xff, 0xa0, 0x4f, 0xff, 0xff, 0xff,
    0xff, 0xa0, 0x4f, 0xfb, 0x0, 0x0, 0x0, 0x0,
    0x4f, 0xfb, 0x0, 0x0, 0x0, 0x0, 0x4f, 0xfb,
    0x0, 0x0, 0x0, 0x0, 0x4f, 0xfb, 0x0, 0x0,
    0x0, 0x0, 0x4f, 0xfe, 0xaa, 0xaa, 0xaa, 0xa7,
    0x4f, 0xff, 0xff, 0xff, 0xff, 0xfb, 0x4f, 0xff,
    0xff, 0xff, 0xff, 0xfb,

    /* U+1EBD "ẽ" */
    0x0, 0x1c, 0xfc, 0x32, 0xf9, 0x0, 0x0, 0x7f,
    0xef, 0xff, 0xf6, 0x0, 0x0, 0xaf, 0x4, 0xcf,
    0xb0, 0x0, 0x0, 0x0, 0x0, 0x0, 0x0, 0x0,
    0x0, 0x0, 0x0, 0x0, 0x0, 0x0, 0x0, 0x8,
    0xdf, 0xec, 0x50, 0x0, 0x1, 0xdf, 0xff, 0xff,
    0xfa, 0x0, 0xc, 0xff, 0xb5, 0x6d, 0xff, 0x60,
    0x4f, 0xfb, 0x0, 0x1, 0xef, 0xd0, 0x9f, 0xf4,
    0x0, 0x0, 0x9f, 0xf2, 0xbf, 0xff, 0xff, 0xff,
    0xff, 0xf3, 0xbf, 0xff, 0xff, 0xff, 0xff, 0xf4,
    0x9f, 0xf5, 0x0, 0x0, 0x0, 0x0, 0x4f, 0xfc,
    0x0, 0x0, 0x9d, 0xc0, 0xc, 0xff, 0xc6, 0x6b,
    0xff, 0xa0, 0x1, 0xdf, 0xff, 0xff, 0xfd, 0x10,
    0x0, 0x7, 0xcf, 0xfd, 0x80, 0x0,

    /* U+1EBE "Ế" */
    0x0, 0x0, 0x0, 0x0, 0x0, 0x6f, 0xf4, 0x0,
    0x0, 0x0, 0x0, 0x0, 0xdf, 0xb0, 0x0, 0x0,
    0x0, 0x0, 0x4, 0xff, 0x20, 0x0, 0x0, 0x7,
    0x75, 0xc, 0xf8, 0x0, 0x0, 0x0, 0x9f, 0xff,
    0x30, 0x0, 0x0, 0x0, 0x5, 0xfe, 0x7f, 0xe1,
    0x0, 0x0, 0x0, 0x2f, 0xf4, 0xa, 0xfb, 0x0,
    0x0, 0x0, 0x24, 0x30, 0x0, 0x44, 0x0, 0x0,
    0x0, 0x0, 0x0, 0x0, 0x0, 0x0, 0x0, 0x4f,
    0xff, 0xff, 0xff, 0xff, 0xfa, 0x0, 0x4f, 0xff,
    0xff, 0xff, 0xff, 0xfa, 0x0, 0x4f, 0xfe, 0xaa,
    0xaa, 0xaa, 0xa6, 0x0, 0x4f, 0xfb, 0x0, 0x0,
    0x0, 0x0, 0x0, 0x4f, 0xfb, 0x0, 0x0, 0x0,
    0x0, 0x0, 0x4f, 0xfb, 0x0, 0x0, 0x0, 0x0,
    0x0, 0x4f, 0xfd, 0x99, 0x99, 0x99, 0x50, 0x0,
    0x4f, 0xff, 0xff, 0xff, 0xff, 0xa0, 0x0, 0x4f,
    0xff, 0xff, 0xff, 0xff, 0xa0, 0x0, 0x4f, 0xfb,
    0x0, 0x0, 0x0, 0x0, 0x0, 0x4f, 0xfb, 0x0,
    0x0, 0x0, 0x0, 0x0, 0x4f, 0xfb, 0x0, 0x0,
    0x0, 0x0, 0x0, 0x4f, 0xfb, 0x0, 0x0, 0x0,
    0x0, 0x0, 0x4f, 0xfe, 0xaa, 0xaa, 0xaa, 0xa7,
    0x0, 0x4f, 0xff, 0xff, 0xff, 0xff, 0xfb, 0x0,
    0x4f, 0xff, 0xff, 0xff, 0xff, 0xfb, 0x0,

    /* U+1EBF "ế" */
    0x0, 0x0, 0x0, 0x0, 0x0, 0xcf, 0xe0, 0x0,
    0x0, 0x0, 0x0, 0x3, 0xff, 0x50, 0x0, 0x0,
    0x0, 0x0, 0xb, 0xfb, 0x0, 0x0, 0x0, 0x9f,
    0xf7, 0x2f, 0xf2, 0x0, 0x0, 0x5, 0xff, 0xff,
    0x30, 0x0, 0x0, 0x0, 0x2f, 0xf6, 0x8f, 0xe1,
    0x0, 0x0, 0x0, 0x9c, 0x70, 0x9, 0xc7, 0x0,
    0x0, 0x0, 0x0, 0x0, 0x0, 0x0, 0x0, 0x0,
    0x0, 0x8, 0xdf, 0xec, 0x50, 0x0, 0x0, 0x1,
    0xdf, 0xff, 0xff, 0xfa, 0x0, 0x0, 0xc, 0xff,
    0xb5, 0x6d, 0xff, 0x60, 0x0, 0x4f, 0xfb, 0x0,
    0x1, 0xef, 0xd0, 0x0, 0x9f, 0xf4, 0x0, 0x0,
    0x9f, 0xf2, 0x0, 0xbf, 0xff, 0xff, 0xff, 0xff,
    0xf3, 0x0, 0xbf, 0xff, 0xff, 0xff, 0xff, 0xf4,
    0x0, 0x9f, 0xf5, 0x0, 0x0, 0x0, 0x0, 0x0,
    0x4f, 0xfc, 0x0, 0x0, 0x9d, 0xc0, 0x0, 0xc,
    0xff, 0xc6, 0x6b, 0xff, 0xa0, 0x0, 0x1, 0xdf,
    0xff, 0xff, 0xfd, 0x10, 0x0, 0x0, 0x7, 0xcf,
    0xfd, 0x80, 0x0, 0x0,

    /* U+1EC0 "Ề" */
    0x0, 0x0, 0x0, 0x8, 0xff, 0x20, 0x0, 0x0,
    0x0, 0x0, 0xef, 0x90, 0x0, 0x0, 0x0, 0x0,
    0x6f, 0xf1, 0x0, 0x0, 0x7, 0x75, 0xc, 0xf8,
    0x0, 0x0, 0x9f, 0xff, 0x30, 0x0, 0x0, 0x5,
    0xfe, 0x7f, 0xe1, 0x0, 0x0, 0x2f, 0xf4, 0xa,
    0xfb, 0x0, 0x0, 0x24, 0x30, 0x0, 0x44, 0x0,
    0x0, 0x0, 0x0, 0x0, 0x0, 0x0, 0x4f, 0xff,
    0xff, 0xff, 0xff, 0xfa, 0x4f, 0xff, 0xff, 0xff,
    0xff, 0xfa, 0x4f, 0xfe, 0xaa, 0xaa, 0xaa, 0xa6,
    0x4f, 0xfb, 0x0, 0x0, 0x0, 0x0, 0x4f, 0xfb,
    0x0, 0x0, 0x0, 0x0, 0x4f, 0xfb, 0x0, 0x0,
    0x0, 0x0, 0x4f, 0xfd, 0x99, 0x99, 0x99, 0x50,
    0x4f, 0xff, 0xff, 0xff, 0xff, 0xa0, 0x4f, 0xff,
    0xff, 0xff, 0xff, 0xa0, 0x4f, 0xfb, 0x0, 0x0,
    0x0, 0x0, 0x4f, 0xfb, 0x0, 0x0, 0x0, 0x0,
    0x4f, 0xfb, 0x0, 0x0, 0x0, 0x0, 0x4f, 0xfb,
    0x0, 0x0, 0x0, 0x0, 0x4f, 0xfe, 0xaa, 0xaa,
    0xaa, 0xa7, 0x4f, 0xff, 0xff, 0xff, 0xff, 0xfb,
    0x4f, 0xff, 0xff, 0xff, 0xff, 0xfb,

    /* U+1EC1 "ề" */
    0x0, 0x0, 0x0, 0xe, 0xfc, 0x0, 0x0, 0x0,
    0x0, 0x5, 0xff, 0x30, 0x0, 0x0, 0x0, 0x0,
    0xbf, 0xb0, 0x0, 0x0, 0x9f, 0xf7, 0x2f, 0xf2,
    0x0, 0x5, 0xff, 0xff, 0x30, 0x0, 0x0, 0x2f,
    0xf6, 0x8f, 0xe1, 0x0, 0x0, 0x9c, 0x70, 0x9,
    0xc7, 0x0, 0x0, 0x0, 0x0, 0x0, 0x0, 0x0,
    0x0, 0x8, 0xdf, 0xec, 0x50, 0x0, 0x1, 0xdf,
    0xff, 0xff, 0xfa, 0x0, 0xc, 0xff, 0xb5, 0x6d,
    0xff, 0x60, 0x4f, 0xfb, 0x0, 0x1, 0xef, 0xd0,
    0x9f, 0xf4, 0x0, 0x0, 0x9f, 0xf2, 0xbf, 0xff,
    0xff, 0xff, 0xff, 0xf3, 0xbf, 0xff, 0xff, 0xff,
    0xff, 0xf4, 0x9f, 0xf5, 0x0, 0x0, 0x0, 0x0,
    0x4f, 0xfc, 0x0, 0x0, 0x9d, 0xc0, 0xc, 0xff,
    0xc6, 0x6b, 0xff, 0xa0, 0x1, 0xdf, 0xff, 0xff,
    0xfd, 0x10, 0x0, 0x7, 0xcf, 0xfd, 0x80, 0x0,

    /* U+1EC2 "Ể" */
    0x0, 0x0, 0x0, 0x0, 0x17, 0x84, 0x0, 0x0,
    0x0, 0x0, 0x0, 0xdf, 0xff, 0x90, 0x0, 0x0,
    0x0, 0x3, 0xe9, 0x1e, 0xf0, 0x0, 0x0, 0x0,
    0x0, 0x0, 0x4f, 0xd0, 0x0, 0x0, 0x1, 0x10,
    0x6, 0xfd, 0x20, 0x0, 0x0, 0x5f, 0xfd, 0x7,
    0xc1, 0x0, 0x0, 0x3, 0xff, 0xbf, 0xb0, 0x0,
    0x0, 0x0, 0x1e, 0xf6, 0xd, 0xf8, 0x0, 0x0,
    0x0, 0x36, 0x50, 0x2, 0x66, 0x0, 0x0, 0x0,
    0x0, 0x0, 0x0, 0x0, 0x0, 0x0, 0x4f, 0xff,
    0xff, 0xff, 0xff, 0xfa, 0x0, 0x4f, 0xff, 0xff,
    0xff, 0xff, 0xfa, 0x0, 0x4f, 0xfe, 0xaa, 0xaa,
    0xaa, 0xa6, 0x0, 0x4f, 0xfb, 0x0, 0x0, 0x0,
    0x0, 0x0, 0x4f, 0xfb, 0x0, 0x0, 0x0, 0x0,
    0x0, 0x4f, 0xfb, 0x0, 0x0, 0x0, 0x0, 0x0,
    0x4f, 0xfd, 0x99, 0x99, 0x99, 0x50, 0x0, 0x4f,
    0xff, 0xff, 0xff, 0xff, 0xa0, 0x0, 0x4f, 0xff,
    0xff, 0xff, 0xff, 0xa0, 0x0, 0x4f, 0xfb, 0x0,
    0x0, 0x0, 0x0, 0x0, 0x4f, 0xfb, 0x0, 0x0,
    0x0, 0x0, 0x0, 0x4f, 0xfb, 0x0, 0x0, 0x0,
    0x0, 0x0, 0x4f, 0xfb, 0x0, 0x0, 0x0, 0x0,
    0x0, 0x4f, 0xfe, 0xaa, 0xaa, 0xaa, 0xa7, 0x0,
    0x4f, 0xff, 0xff, 0xff, 0xff, 0xfb, 0x0, 0x4f,
    0xff, 0xff, 0xff, 0xff, 0xfb, 0x0,

    /* U+1EC3 "ể" */
    0x0, 0x0, 0x0, 0x0, 0x38, 0x72, 0x0, 0x0,
    0x0, 0x0, 0x4f, 0xff, 0xf3, 0x0, 0x0, 0x0,
    0x9, 0xe3, 0x6f, 0x90, 0x0, 0x0, 0x0, 0x0,
    0x9, 0xf8, 0x0, 0x0, 0x0, 0x0, 0xc, 0xfb,
    0x0, 0x0, 0xa, 0xff, 0x70, 0xdb, 0x0, 0x0,
    0x7, 0xfd, 0xff, 0x40, 0x0, 0x0, 0x3, 0xff,
    0x25, 0xfe, 0x10, 0x0, 0x0, 0x89, 0x50, 0x7,
    0x96, 0x0, 0x0, 0x0, 0x0, 0x0, 0x0, 0x0,
    0x0, 0x0, 0x8, 0xdf, 0xec, 0x50, 0x0, 0x0,
    0x1d, 0xff, 0xff, 0xff, 0xa0, 0x0, 0xc, 0xff,
    0xb5, 0x6d, 0xff, 0x60, 0x4, 0xff, 0xb0, 0x0,
    0x1e, 0xfd, 0x0, 0x9f, 0xf4, 0x0, 0x0, 0x9f,
    0xf2, 0xb, 0xff, 0xff, 0xff, 0xff, 0xff, 0x30,
    0xbf, 0xff, 0xff, 0xff, 0xff, 0xf4, 0x9, 0xff,
    0x50, 0x0, 0x0, 0x0, 0x0, 0x4f, 0xfc, 0x0,
    0x0, 0x9d, 0xc0, 0x0, 0xcf, 0xfc, 0x66, 0xbf,
    0xfa, 0x0, 0x1, 0xdf, 0xff, 0xff, 0xfd, 0x10,
    0x0, 0x0, 0x7c, 0xff, 0xd8, 0x0, 0x0,

    /* U+1EC4 "Ễ" */
    0x0, 0x4, 0xca, 0x10, 0x9c, 0x0, 0x0, 0xf,
    0xff, 0xd1, 0xdd, 0x0, 0x0, 0x3f, 0x75, 0xff,
    0xf9, 0x0, 0x0, 0x4d, 0x40, 0x4c, 0xb1, 0x0,
    0x0, 0x0, 0x3, 0x42, 0x0, 0x0, 0x0, 0x0,
    0x7f, 0xfe, 0x10, 0x0, 0x0, 0x4, 0xff, 0xaf,
    0xc0, 0x0, 0x0, 0x1e, 0xf5, 0xc, 0xf9, 0x0,
    0x0, 0x35, 0x40, 0x1, 0x55, 0x0, 0x0, 0x0,
    0x0, 0x0, 0x0, 0x0, 0x4f, 0xff, 0xff, 0xff,
    0xff, 0xfa, 0x4f, 0xff, 0xff, 0xff, 0xff, 0xfa,
    0x4f, 0xfe, 0xaa, 0xaa, 0xaa, 0xa6, 0x4f, 0xfb,
    0x0, 0x0, 0x0, 0x0, 0x4f, 0xfb, 0x0, 0x0,
    0x0, 0x0, 0x4f, 0xfb, 0x0, 0x0, 0x0, 0x0,
    0x4f, 0xfd, 0x99, 0x99, 0x99, 0x50, 0x4f, 0xff,
    0xff, 0xff, 0xff, 0xa0, 0x4f, 0xff, 0xff, 0xff,
    0xff, 0xa0, 0x4f, 0xfb, 0x0, 0x0, 0x0, 0x0,
    0x4f, 0xfb, 0x0, 0x0, 0x0, 0x0, 0x4f, 0xfb,
    0x0, 0x0, 0x0, 0x0, 0x4f, 0xfb, 0x0, 0x0,
    0x0, 0x0, 0x4f, 0xfe, 0xaa, 0xaa, 0xaa, 0xa7,
    0x4f, 0xff, 0xff, 0xff, 0xff, 0xfb, 0x4f, 0xff,
    0xff, 0xff, 0xff, 0xfb,

    /* U+1EC5 "ễ" */
    0x0, 0x1c, 0xfb, 0x32, 0xf8, 0x0, 0x0, 0x8f,
    0xef, 0xff, 0xf5, 0x0, 0x0, 0xbf, 0x4, 0xcf,
    0xb0, 0x0, 0x0, 0x0, 0x0, 0x0, 0x0, 0x0,
    0x0, 0x0, 0xaf, 0xf7, 0x0, 0x0, 0x0, 0x6,
    0xfe, 0xff, 0x40, 0x0, 0x0, 0x3f, 0xf3, 0x5f,
    0xe1, 0x0, 0x0, 0x79, 0x50, 0x6, 0x96, 0x0,
    0x0, 0x0, 0x0, 0x0, 0x0, 0x0, 0x0, 0x8,
    0xdf, 0xec, 0x50, 0x0, 0x1, 0xdf, 0xff, 0xff,
    0xfa, 0x0, 0xc, 0xff, 0xb5, 0x6d, 0xff, 0x60,
    0x4f, 0xfb, 0x0, 0x1, 0xef, 0xd0, 0x9f, 0xf4,
    0x0, 0x0, 0x9f, 0xf2, 0xbf, 0xff, 0xff, 0xff,
    0xff, 0xf3, 0xbf, 0xff, 0xff, 0xff, 0xff, 0xf4,
    0x9f, 0xf5, 0x0, 0x0, 0x0, 0x0, 0x4f, 0xfc,
    0x0, 0x0, 0x9d, 0xc0, 0xc, 0xff, 0xc6, 0x6b,
    0xff, 0xa0, 0x1, 0xdf, 0xff, 0xff, 0xfd, 0x10,
    0x0, 0x7, 0xcf, 0xfd, 0x80, 0x0,

    /* U+1EC6 "Ệ" */
    0x0, 0x0, 0x7, 0x85, 0x0, 0x0, 0x0, 0x0,
    0xaf, 0xff, 0x40, 0x0, 0x0, 0x7, 0xfd, 0x5f,
    0xe2, 0x0, 0x0, 0x4f, 0xf2, 0x7, 0xfd, 0x0,
    0x0, 0x0, 0x0, 0x0, 0x0, 0x0, 0x0, 0x0,
    0x0, 0x0, 0x0, 0x0, 0x4f, 0xff, 0xff, 0xff,
    0xff, 0xfa, 0x4f, 0xff, 0xff, 0xff, 0xff, 0xfa,
    0x4f, 0xfe, 0xaa, 0xaa, 0xaa, 0xa6, 0x4f, 0xfb,
    0x0, 0x0, 0x0, 0x0, 0x4f, 0xfb, 0x0, 0x0,
    0x0, 0x0, 0x4f, 0xfb, 0x0, 0x0, 0x0, 0x0,
    0x4f, 0xfd, 0x99, 0x99, 0x99, 0x50, 0x4f, 0xff,
    0xff, 0xff, 0xff, 0xa0, 0x4f, 0xff, 0xff, 0xff,
    0xff, 0xa0, 0x4f, 0xfb, 0x0, 0x0, 0x0, 0x0,
    0x4f, 0xfb, 0x0, 0x0, 0x0, 0x0, 0x4f, 0xfb,
    0x0, 0x0, 0x0, 0x0, 0x4f, 0xfb, 0x0, 0x0,
    0x0, 0x0, 0x4f, 0xfe, 0xaa, 0xaa, 0xaa, 0xa7,
    0x4f, 0xff, 0xff, 0xff, 0xff, 0xfb, 0x4f, 0xff,
    0xff, 0xff, 0xff, 0xfb, 0x0, 0x0, 0x0, 0x0,
    0x0, 0x0, 0x0, 0x0, 0x0, 0x0, 0x0, 0x0,
    0x0, 0x0, 0x3e, 0xd2, 0x0, 0x0, 0x0, 0x0,
    0xaf, 0xf8, 0x0, 0x0, 0x0, 0x0, 0x7f, 0xf4,
    0x0, 0x0, 0x0, 0x0, 0x3, 0x20, 0x0, 0x0,

    /* U+1EC7 "ệ" */
    0x0, 0x0, 0x9f, 0xf7, 0x0, 0x0, 0x0, 0x5,
    0xfe, 0xff, 0x30, 0x0, 0x0, 0x2f, 0xf4, 0x5f,
    0xe1, 0x0, 0x0, 0x9c, 0x70, 0x8, 0xc7, 0x0,
    0x0, 0x0, 0x0, 0x0, 0x0, 0x0, 0x0, 0x8,
    0xdf, 0xec, 0x50, 0x0, 0x1, 0xdf, 0xff, 0xff,
    0xfa, 0x0, 0xc, 0xff, 0xb5, 0x6d, 0xff, 0x60,
    0x4f, 0xfb, 0x0, 0x1, 0xef, 0xd0, 0x9f, 0xf4,
    0x0, 0x0, 0x9f, 0xf2, 0xbf, 0xff, 0xff, 0xff,
    0xff, 0xf3, 0xbf, 0xff, 0xff, 0xff, 0xff, 0xf4,
    0x9f, 0xf5, 0x0, 0x0, 0x0, 0x0, 0x4f, 0xfc,
    0x0, 0x0, 0x9d, 0xc0, 0xc, 0xff, 0xc6, 0x6b,
    0xff, 0xa0, 0x1, 0xdf, 0xff, 0xff, 0xfd, 0x10,
    0x0, 0x7, 0xcf, 0xfd, 0x80, 0x0, 0x0, 0x0,
    0x0, 0x0, 0x0, 0x0, 0x0, 0x0, 0x3, 0x20,
    0x0, 0x0, 0x0, 0x0, 0x7f, 0xf4, 0x0, 0x0,
    0x0, 0x0, 0xaf, 0xf8, 0x0, 0x0, 0x0, 0x0,
    0x3e, 0xd2, 0x0, 0x0,

    /* U+1EC8 "Ỉ" */
    0x6, 0xef, 0xb2, 0x2f, 0xeb, 0xfc, 0x27, 0x30,
    0xff, 0x0, 0x1b, 0xf9, 0x0, 0x9f, 0x80, 0x0,
    0x46, 0x0, 0x0, 0x0, 0x0, 0x4, 0xff, 0xb0,
    0x4, 0xff, 0xb0, 0x4, 0xff, 0xb0, 0x4, 0xff,
    0xb0, 0x4, 0xff, 0xb0, 0x4, 0xff, 0xb0, 0x4,
    0xff, 0xb0, 0x4, 0xff, 0xb0, 0x4, 0xff, 0xb0,
    0x4, 0xff, 0xb0, 0x4, 0xff, 0xb0, 0x4, 0xff,
    0xb0, 0x4, 0xff, 0xb0, 0x4, 0xff, 0xb0, 0x4,
    0xff, 0xb0, 0x4, 0xff, 0xb0,

    /* U+1EC9 "ỉ" */
    0x1, 0x78, 0x50, 0x0, 0xdf, 0xff, 0x90, 0x4d,
    0x81, 0xef, 0x0, 0x0, 0x6f, 0xc0, 0x0, 0x8f,
    0xb1, 0x0, 0x5, 0x80, 0x0, 0x0, 0x0, 0x0,
    0x0, 0x3f, 0xfb, 0x0, 0x3, 0xff, 0xb0, 0x0,
    0x3f, 0xfb, 0x0, 0x3, 0xff, 0xb0, 0x0, 0x3f,
    0xfb, 0x0, 0x3, 0xff, 0xb0, 0x0, 0x3f, 0xfb,
    0x0, 0x3, 0xff, 0xb0, 0x0, 0x3f, 0xfb, 0x0,
    0x3, 0xff, 0xb0, 0x0, 0x3f, 0xfb, 0x0, 0x3,
    0xff, 0xb0, 0x0,

    /* U+1ECA "Ị" */
    0x4f, 0xfb, 0x4f, 0xfb, 0x4f, 0xfb, 0x4f, 0xfb,
    0x4f, 0xfb, 0x4f, 0xfb, 0x4f, 0xfb, 0x4f, 0xfb,
    0x4f, 0xfb, 0x4f, 0xfb, 0x4f, 0xfb, 0x4f, 0xfb,
    0x4f, 0xfb, 0x4f, 0xfb, 0x4f, 0xfb, 0x4f, 0xfb,
    0x0, 0x0, 0x0, 0x0, 0x1c, 0xe5, 0x6f, 0xfc,
    0x2f, 0xf8, 0x2, 0x30,

    /* U+1ECB "ị" */
    0x1c, 0xf6, 0x7, 0xff, 0xf0, 0x5f, 0xfc, 0x0,
    0x46, 0x10, 0x0, 0x0, 0x3, 0xff, 0xb0, 0x3f,
    0xfb, 0x3, 0xff, 0xb0, 0x3f, 0xfb, 0x3, 0xff,
    0xb0, 0x3f, 0xfb, 0x3, 0xff, 0xb0, 0x3f, 0xfb,
    0x3, 0xff, 0xb0, 0x3f, 0xfb, 0x3, 0xff, 0xb0,
    0x3f, 0xfb, 0x0, 0x0, 0x0, 0x0, 0x0, 0x0,
    0xce, 0x50, 0x5f, 0xfc, 0x2, 0xff, 0x90, 0x1,
    0x30, 0x0,

    /* U+1ECC "Ọ" */
    0x0, 0x0, 0x3, 0x9d, 0xff, 0xda, 0x50, 0x0,
    0x0, 0x0, 0x1, 0xbf, 0xff, 0xff, 0xff, 0xfc,
    0x20, 0x0, 0x0, 0x1d, 0xff, 0xff, 0xdc, 0xef,
    0xff, 0xe2, 0x0, 0x0, 0xaf, 0xff, 0x70, 0x0,
    0x5, 0xef, 0xfd, 0x0, 0x3, 0xff, 0xf4, 0x0,
    0x0, 0x0, 0x2f, 0xff, 0x60, 0x9, 0xff, 0xa0,
    0x0, 0x0, 0x0, 0x7, 0xff, 0xd0, 0xd, 0xff,
    0x40, 0x0, 0x0, 0x0, 0x1, 0xff, 0xf1, 0xf,
    0xff, 0x10, 0x0, 0x0, 0x0, 0x0, 0xef, 0xf2,
    0xf, 0xff, 0x10, 0x0, 0x0, 0x0, 0x0, 0xef,
    0xf2, 0xd, 0xff, 0x40, 0x0, 0x0, 0x0, 0x1,
    0xff, 0xf1, 0x9, 0xff, 0xa0, 0x0, 0x0, 0x0,
    0x7, 0xff, 0xc0, 0x3, 0xff, 0xf4, 0x0, 0x0,
    0x0, 0x2f, 0xff, 0x60, 0x0, 0xaf, 0xff, 0x60,
    0x0, 0x5, 0xef, 0xfd, 0x0, 0x0, 0x1d, 0xff,
    0xff, 0xcc, 0xef, 0xff, 0xe2, 0x0, 0x0, 0x1,
    0xbf, 0xff, 0xff, 0xff, 0xfd, 0x20, 0x0, 0x0,
    0x0, 0x4, 0x9d, 0xff, 0xea, 0x50, 0x0, 0x0,
    0x0, 0x0, 0x0, 0x0, 0x0, 0x0, 0x0, 0x0,
    0x0, 0x0, 0x0, 0x0, 0x0, 0x23, 0x0, 0x0,
    0x0, 0x0, 0x0, 0x0, 0x0, 0x4, 0xff, 0x70,
    0x0, 0x0, 0x0, 0x0, 0x0, 0x0, 0x7, 0xff,
    0xa0, 0x0, 0x0, 0x0, 0x0, 0x0, 0x0, 0x2,
    0xde, 0x30, 0x0, 0x0, 0x0,

    /* U+1ECD "ọ" */
    0x0, 0x6, 0xce, 0xfd, 0x92, 0x0, 0x0, 0x1b,
    0xff, 0xff, 0xff, 0xf4, 0x0, 0xa, 0xff, 0xf9,
    0x8c, 0xff, 0xf2, 0x3, 0xff, 0xe2, 0x0, 0x9,
    0xff, 0xa0, 0x9f, 0xf7, 0x0, 0x0, 0x1f, 0xff,
    0xb, 0xff, 0x30, 0x0, 0x0, 0xcf, 0xf2, 0xbf,
    0xf3, 0x0, 0x0, 0xc, 0xff, 0x29, 0xff, 0x70,
    0x0, 0x1, 0xff, 0xf0, 0x3f, 0xfe, 0x20, 0x0,
    0x9f, 0xfa, 0x0, 0xaf, 0xfe, 0x98, 0xcf, 0xff,
    0x20, 0x1, 0xcf, 0xff, 0xff, 0xff, 0x40, 0x0,
    0x0, 0x6c, 0xef, 0xd9, 0x20, 0x0, 0x0, 0x0,
    0x0, 0x0, 0x0, 0x0, 0x0, 0x0, 0x0, 0x23,
    0x0, 0x0, 0x0, 0x0, 0x0, 0x2f, 0xf8, 0x0,
    0x0, 0x0, 0x0, 0x6, 0xff, 0xc0, 0x0, 0x0,
    0x0, 0x0, 0x1c, 0xe5, 0x0, 0x0, 0x0,

    /* U+1ECE "Ỏ" */
    0x0, 0x0, 0x0, 0x1, 0x78, 0x30, 0x0, 0x0,
    0x0, 0x0, 0x0, 0x0, 0x1e, 0xff, 0xf5, 0x0,
    0x0, 0x0, 0x0, 0x0, 0x0, 0x5e, 0x62, 0xfd,
    0x0, 0x0, 0x0, 0x0, 0x0, 0x0, 0x0, 0x3,
    0xfd, 0x0, 0x0, 0x0, 0x0, 0x0, 0x0, 0x0,
    0x5f, 0xf5, 0x0, 0x0, 0x0, 0x0, 0x0, 0x0,
    0x0, 0xbf, 0x30, 0x0, 0x0, 0x0, 0x0, 0x0,
    0x0, 0x0, 0x34, 0x0, 0x0, 0x0, 0x0, 0x0,
    0x0, 0x0, 0x0, 0x0, 0x0, 0x0, 0x0, 0x0,
    0x0, 0x0, 0x3, 0x9d, 0xff, 0xda, 0x50, 0x0,
    0x0, 0x0, 0x1, 0xbf, 0xff, 0xff, 0xff, 0xfc,
    0x20, 0x0, 0x0, 0x1d, 0xff, 0xff, 0xdc, 0xef,
    0xff, 0xe2, 0x0, 0x0, 0xaf, 0xff, 0x70, 0x0,
    0x5, 0xef, 0xfd, 0x0, 0x3, 0xff, 0xf4, 0x0,
    0x0, 0x0, 0x2f, 0xff, 0x60, 0x9, 0xff, 0xa0,
    0x0, 0x0, 0x0, 0x7, 0xff, 0xd0, 0xd, 0xff,
    0x40, 0x0, 0x0, 0x0, 0x1, 0xff, 0xf1, 0xf,
    0xff, 0x10, 0x0, 0x0, 0x0, 0x0, 0xef, 0xf2,
    0xf, 0xff, 0x10, 0x0, 0x0, 0x0, 0x0, 0xef,
    0xf2, 0xd, 0xff, 0x40, 0x0, 0x0, 0x0, 0x1,
    0xff, 0xf1, 0x9, 0xff, 0xa0, 0x0, 0x0, 0x0,
    0x7, 0xff, 0xc0, 0x3, 0xff, 0xf4, 0x0, 0x0,
    0x0, 0x2f, 0xff, 0x60, 0x0, 0xaf, 0xff, 0x60,
    0x0, 0x5, 0xef, 0xfd, 0x0, 0x0, 0x1d, 0xff,
    0xff, 0xcc, 0xef, 0xff, 0xe2, 0x0, 0x0, 0x1,
    0xbf, 0xff, 0xff, 0xff, 0xfd, 0x20, 0x0, 0x0,
    0x0, 0x4, 0x9d, 0xff, 0xea, 0x50, 0x0, 0x0,

    /* U+1ECF "ỏ" */
    0x0, 0x0, 0x17, 0x84, 0x0, 0x0, 0x0, 0x0,
    0xe, 0xff, 0xf8, 0x0, 0x0, 0x0, 0x4, 0xe8,
    0x1f, 0xf0, 0x0, 0x0, 0x0, 0x0, 0x5, 0xfc,
    0x0, 0x0, 0x0, 0x0, 0x7, 0xfd, 0x20, 0x0,
    0x0, 0x0, 0x0, 0x7b, 0x10, 0x0, 0x0, 0x0,
    0x0, 0x0, 0x0, 0x0, 0x0, 0x0, 0x0, 0x6c,
    0xef, 0xd9, 0x20, 0x0, 0x1, 0xbf, 0xff, 0xff,
    0xff, 0x40, 0x0, 0xaf, 0xff, 0x98, 0xcf, 0xff,
    0x20, 0x3f, 0xfe, 0x20, 0x0, 0x9f, 0xfa, 0x9,
    0xff, 0x70, 0x0, 0x1, 0xff, 0xf0, 0xbf, 0xf3,
    0x0, 0x0, 0xc, 0xff, 0x2b, 0xff, 0x30, 0x0,
    0x0, 0xcf, 0xf2, 0x9f, 0xf7, 0x0, 0x0, 0x1f,
    0xff, 0x3, 0xff, 0xe2, 0x0, 0x9, 0xff, 0xa0,
    0xa, 0xff, 0xe9, 0x8c, 0xff, 0xf2, 0x0, 0x1c,
    0xff, 0xff, 0xff, 0xf4, 0x0, 0x0, 0x6, 0xce,
    0xfd, 0x92, 0x0, 0x0,

    /* U+1ED0 "Ố" */
    0x0, 0x0, 0x0, 0x0, 0x0, 0x0, 0x0, 0x0,
    0x0, 0x0, 0x0, 0x0, 0x0, 0x0, 0x0, 0x9,
    0xff, 0x10, 0x0, 0x0, 0x0, 0x0, 0x0, 0x0,
    0x1f, 0xf7, 0x0, 0x0, 0x0, 0x0, 0x0, 0x0,
    0x0, 0x8f, 0xe0, 0x0, 0x0, 0x0, 0x0, 0x2,
    0x88, 0x30, 0xef, 0x50, 0x0, 0x0, 0x0, 0x0,
    0xc, 0xff, 0xe1, 0x0, 0x0, 0x0, 0x0, 0x0,
    0x0, 0x9f, 0xc9, 0xfc, 0x0, 0x0, 0x0, 0x0,
    0x0, 0x4, 0xff, 0x20, 0xdf, 0x80, 0x0, 0x0,
    0x0, 0x0, 0x3, 0x42, 0x0, 0x14, 0x40, 0x0,
    0x0, 0x0, 0x0, 0x0, 0x0, 0x0, 0x0, 0x0,
    0x0, 0x0, 0x0, 0x0, 0x3, 0x9d, 0xff, 0xda,
    0x50, 0x0, 0x0, 0x0, 0x1, 0xbf, 0xff, 0xff,
    0xff, 0xfc, 0x20, 0x0, 0x0, 0x1d, 0xff, 0xff,
    0xdc, 0xef, 0xff, 0xe2, 0x0, 0x0, 0xaf, 0xff,
    0x70, 0x0, 0x5, 0xef, 0xfd, 0x0, 0x3, 0xff,
    0xf4, 0x0, 0x0, 0x0, 0x2f, 0xff, 0x60, 0x9,
    0xff, 0xa0, 0x0, 0x0, 0x0, 0x7, 0xff, 0xd0,
    0xd, 0xff, 0x40, 0x0, 0x0, 0x0, 0x1, 0xff,
    0xf1, 0xf, 0xff, 0x10, 0x0, 0x0, 0x0, 0x0,
    0xef, 0xf2, 0xf, 0xff, 0x10, 0x0, 0x0, 0x0,
    0x0, 0xef, 0xf2, 0xd, 0xff, 0x40, 0x0, 0x0,
    0x0, 0x1, 0xff, 0xf1, 0x9, 0xff, 0xa0, 0x0,
    0x0, 0x0, 0x7, 0xff, 0xc0, 0x3, 0xff, 0xf4,
    0x0, 0x0, 0x0, 0x2f, 0xff, 0x60, 0x0, 0xaf,
    0xff, 0x60, 0x0, 0x5, 0xef, 0xfd, 0x0, 0x0,
    0x1d, 0xff, 0xff, 0xcc, 0xef, 0xff, 0xe2, 0x0,
    0x0, 0x1, 0xbf, 0xff, 0xff, 0xff, 0xfd, 0x20,
    0x0, 0x0, 0x0, 0x4, 0x9d, 0xff, 0xea, 0x50,
    0x0, 0x0,

    /* U+1ED1 "ố" */
    0x0, 0x0, 0x0, 0x0, 0x0, 0x8f, 0xf3, 0x0,
    0x0, 0x0, 0x0, 0x0, 0xef, 0x90, 0x0, 0x0,
    0x0, 0x0, 0x6, 0xff, 0x10, 0x0, 0x0, 0x5f,
    0xfb, 0xd, 0xf6, 0x0, 0x0, 0x2, 0xff, 0xff,
    0x80, 0x0, 0x0, 0x0, 0xd, 0xfa, 0x4f, 0xf4,
    0x0, 0x0, 0x0, 0x5b, 0xa0, 0x5, 0xba, 0x0,
    0x0, 0x0, 0x0, 0x0, 0x0, 0x0, 0x0, 0x0,
    0x0, 0x6, 0xce, 0xfd, 0x92, 0x0, 0x0, 0x1,
    0xbf, 0xff, 0xff, 0xff, 0x40, 0x0, 0xa, 0xff,
    0xf9, 0x8c, 0xff, 0xf2, 0x0, 0x3f, 0xfe, 0x20,
    0x0, 0x9f, 0xfa, 0x0, 0x9f, 0xf7, 0x0, 0x0,
    0x1f, 0xff, 0x0, 0xbf, 0xf3, 0x0, 0x0, 0xc,
    0xff, 0x20, 0xbf, 0xf3, 0x0, 0x0, 0xc, 0xff,
    0x20, 0x9f, 0xf7, 0x0, 0x0, 0x1f, 0xff, 0x0,
    0x3f, 0xfe, 0x20, 0x0, 0x9f, 0xfa, 0x0, 0xa,
    0xff, 0xe9, 0x8c, 0xff, 0xf2, 0x0, 0x1, 0xcf,
    0xff, 0xff, 0xff, 0x40, 0x0, 0x0, 0x6, 0xce,
    0xfd, 0x92, 0x0, 0x0,

    /* U+1ED2 "Ồ" */
    0x0, 0x0, 0x0, 0x0, 0x0, 0x0, 0x0, 0x0,
    0x0, 0x0, 0x0, 0x0, 0x0, 0x0, 0xcf, 0xe0,
    0x0, 0x0, 0x0, 0x0, 0x0, 0x0, 0x0, 0x2f,
    0xf6, 0x0, 0x0, 0x0, 0x0, 0x0, 0x0, 0x0,
    0x9, 0xfd, 0x0, 0x0, 0x0, 0x0, 0x0, 0x2,
    0x88, 0x41, 0xef, 0x50, 0x0, 0x0, 0x0, 0x0,
    0xc, 0xff, 0xe1, 0x0, 0x0, 0x0, 0x0, 0x0,
    0x0, 0x8f, 0xc9, 0xfc, 0x0, 0x0, 0x0, 0x0,
    0x0, 0x4, 0xff, 0x20, 0xcf, 0x80, 0x0, 0x0,
    0x0, 0x0, 0x3, 0x42, 0x0, 0x14, 0x40, 0x0,
    0x0, 0x0, 0x0, 0x0, 0x0, 0x0, 0x0, 0x0,
    0x0, 0x0, 0x0, 0x0, 0x3, 0x9d, 0xff, 0xda,
    0x50, 0x0, 0x0, 0x0, 0x1, 0xbf, 0xff, 0xff,
    0xff, 0xfc, 0x20, 0x0, 0x0, 0x1d, 0xff, 0xff,
    0xdc, 0xef, 0xff, 0xe2, 0x0, 0x0, 0xaf, 0xff,
    0x70, 0x0, 0x5, 0xef, 0xfd, 0x0, 0x3, 0xff,
    0xf4, 0x0, 0x0, 0x0, 0x2f, 0xff, 0x60, 0x9,
    0xff, 0xa0, 0x0, 0x0, 0x0, 0x7, 0xff, 0xd0,
    0xd, 0xff, 0x40, 0x0, 0x0, 0x0, 0x1, 0xff,
    0xf1, 0xf, 0xff, 0x10, 0x0, 0x0, 0x0, 0x0,
    0xef, 0xf2, 0xf, 0xff, 0x10, 0x0, 0x0, 0x0,
    0x0, 0xef, 0xf2, 0xd, 0xff, 0x40, 0x0, 0x0,
    0x0, 0x1, 0xff, 0xf1, 0x9, 0xff, 0xa0, 0x0,
    0x0, 0x0, 0x7, 0xff, 0xc0, 0x3, 0xff, 0xf4,
    0x0, 0x0, 0x0, 0x2f, 0xff, 0x60, 0x0, 0xaf,
    0xff, 0x60, 0x0, 0x5, 0xef, 0xfd, 0x0, 0x0,
    0x1d, 0xff, 0xff, 0xcc, 0xef, 0xff, 0xe2, 0x0,
    0x0, 0x1, 0xbf, 0xff, 0xff, 0xff, 0xfd, 0x20,
    0x0, 0x0, 0x0, 0x4, 0x9d, 0xff, 0xea, 0x50,
    0x0, 0x0,

    /* U+1ED3 "ồ" */
    0x0, 0x0, 0x0, 0xa, 0xff, 0x10, 0x0, 0x0,
    0x0, 0x0, 0x1f, 0xf8, 0x0, 0x0, 0x0, 0x0,
    0x0, 0x7f, 0xe0, 0x0, 0x0, 0x5, 0xff, 0xc0,
    0xdf, 0x60, 0x0, 0x2, 0xff, 0xff, 0x80, 0x0,
    0x0, 0x0, 0xcf, 0xa4, 0xff, 0x40, 0x0, 0x0,
    0x5b, 0xa0, 0x5, 0xba, 0x0, 0x0, 0x0, 0x0,
    0x0, 0x0, 0x0, 0x0, 0x0, 0x6, 0xce, 0xfd,
    0x92, 0x0, 0x0, 0x1b, 0xff, 0xff, 0xff, 0xf4,
    0x0, 0xa, 0xff, 0xf9, 0x8c, 0xff, 0xf2, 0x3,
    0xff, 0xe2, 0x0, 0x9, 0xff, 0xa0, 0x9f, 0xf7,
    0x0, 0x0, 0x1f, 0xff, 0xb, 0xff, 0x30, 0x0,
    0x0, 0xcf, 0xf2, 0xbf, 0xf3, 0x0, 0x0, 0xc,
    0xff, 0x29, 0xff, 0x70, 0x0, 0x1, 0xff, 0xf0,
    0x3f, 0xfe, 0x20, 0x0, 0x9f, 0xfa, 0x0, 0xaf,
    0xfe, 0x98, 0xcf, 0xff, 0x20, 0x1, 0xcf, 0xff,
    0xff, 0xff, 0x40, 0x0, 0x0, 0x6c, 0xef, 0xd9,
    0x20, 0x0,

    /* U+1ED4 "Ổ" */
    0x0, 0x0, 0x0, 0x0, 0x0, 0x8, 0xee, 0xa0,
    0x0, 0x0, 0x0, 0x0, 0x0, 0x0, 0x5f, 0xdb,
    0xf9, 0x0, 0x0, 0x0, 0x0, 0x0, 0x0, 0x37,
    0x11, 0xfc, 0x0, 0x0, 0x0, 0x0, 0x0, 0x0,
    0x0, 0x2c, 0xf7, 0x0, 0x0, 0x0, 0x0, 0x1,
    0x66, 0x20, 0xbf, 0x70, 0x0, 0x0, 0x0, 0x0,
    0xc, 0xff, 0xd0, 0x67, 0x0, 0x0, 0x0, 0x0,
    0x0, 0x8f, 0xcb, 0xfa, 0x0, 0x0, 0x0, 0x0,
    0x0, 0x4, 0xff, 0x21, 0xef, 0x60, 0x0, 0x0,
    0x0, 0x0, 0x4, 0x53, 0x0, 0x25, 0x40, 0x0,
    0x0, 0x0, 0x0, 0x0, 0x0, 0x0, 0x0, 0x0,
    0x0, 0x0, 0x0, 0x0, 0x3, 0x9d, 0xff, 0xda,
    0x50, 0x0, 0x0, 0x0, 0x1, 0xbf, 0xff, 0xff,
    0xff, 0xfc, 0x20, 0x0, 0x0, 0x1d, 0xff, 0xff,
    0xdc, 0xef, 0xff, 0xe2, 0x0, 0x0, 0xaf, 0xff,
    0x70, 0x0, 0x5, 0xef, 0xfd, 0x0, 0x3, 0xff,
    0xf4, 0x0, 0x0, 0x0, 0x2f, 0xff, 0x60, 0x9,
    0xff, 0xa0, 0x0, 0x0, 0x0, 0x7, 0xff, 0xd0,
    0xd, 0xff, 0x40, 0x0, 0x0, 0x0, 0x1, 0xff,
    0xf1, 0xf, 0xff, 0x10, 0x0, 0x0, 0x0, 0x0,
    0xef, 0xf2, 0xf, 0xff, 0x10, 0x0, 0x0, 0x0,
    0x0, 0xef, 0xf2, 0xd, 0xff, 0x40, 0x0, 0x0,
    0x0, 0x1, 0xff, 0xf1, 0x9, 0xff, 0xa0, 0x0,
    0x0, 0x0, 0x7, 0xff, 0xc0, 0x3, 0xff, 0xf4,
    0x0, 0x0, 0x0, 0x2f, 0xff, 0x60, 0x0, 0xaf,
    0xff, 0x60, 0x0, 0x5, 0xef, 0xfd, 0x0, 0x0,
    0x1d, 0xff, 0xff, 0xcc, 0xef, 0xff, 0xe2, 0x0,
    0x0, 0x1, 0xbf, 0xff, 0xff, 0xff, 0xfd, 0x20,
    0x0, 0x0, 0x0, 0x4, 0x9d, 0xff, 0xea, 0x50,
    0x0, 0x0,

    /* U+1ED5 "ổ" */
    0x0, 0x0, 0x0, 0x0, 0x17, 0x84, 0x0, 0x0,
    0x0, 0x0, 0x1e, 0xff, 0xf7, 0x0, 0x0, 0x0,
    0x5, 0xd7, 0x2f, 0xe0, 0x0, 0x0, 0x0, 0x0,
    0x5, 0xfc, 0x0, 0x0, 0x0, 0x0, 0x7, 0xfd,
    0x20, 0x0, 0x6, 0xff, 0xb0, 0x9d, 0x0, 0x0,
    0x3, 0xff, 0xdf, 0x80, 0x0, 0x0, 0x1, 0xef,
    0x62, 0xff, 0x40, 0x0, 0x0, 0x59, 0x70, 0x4,
    0x98, 0x0, 0x0, 0x0, 0x0, 0x0, 0x0, 0x0,
    0x0, 0x0, 0x6, 0xce, 0xfd, 0x92, 0x0, 0x0,
    0x1b, 0xff, 0xff, 0xff, 0xf4, 0x0, 0xa, 0xff,
    0xf9, 0x8c, 0xff, 0xf2, 0x3, 0xff, 0xe2, 0x0,
    0x9, 0xff, 0xa0, 0x9f, 0xf7, 0x0, 0x0, 0x1f,
    0xff, 0xb, 0xff, 0x30, 0x0, 0x0, 0xcf, 0xf2,
    0xbf, 0xf3, 0x0, 0x0, 0xc, 0xff, 0x29, 0xff,
    0x70, 0x0, 0x1, 0xff, 0xf0, 0x3f, 0xfe, 0x20,
    0x0, 0x9f, 0xfa, 0x0, 0xaf, 0xfe, 0x98, 0xcf,
    0xff, 0x20, 0x1, 0xcf, 0xff, 0xff, 0xff, 0x40,
    0x0, 0x0, 0x6c, 0xef, 0xd9, 0x20, 0x0,

    /* U+1ED6 "Ỗ" */
    0x0, 0x0, 0x0, 0x8d, 0xa4, 0xd, 0x90, 0x0,
    0x0, 0x0, 0x0, 0x5, 0xff, 0xff, 0xff, 0x90,
    0x0, 0x0, 0x0, 0x0, 0x8, 0xf3, 0x4c, 0xfc,
    0x10, 0x0, 0x0, 0x0, 0x0, 0x0, 0x0, 0x0,
    0x0, 0x0, 0x0, 0x0, 0x0, 0x0, 0x0, 0x6,
    0xff, 0xa0, 0x0, 0x0, 0x0, 0x0, 0x0, 0x0,
    0x2f, 0xff, 0xf4, 0x0, 0x0, 0x0, 0x0, 0x0,
    0x0, 0xcf, 0x96, 0xfe, 0x10, 0x0, 0x0, 0x0,
    0x0, 0x7, 0xfd, 0x0, 0xbf, 0xa0, 0x0, 0x0,
    0x0, 0x0, 0x1, 0x21, 0x0, 0x2, 0x10, 0x0,
    0x0, 0x0, 0x0, 0x0, 0x0, 0x0, 0x0, 0x0,
    0x0, 0x0, 0x0, 0x0, 0x3, 0x9d, 0xff, 0xda,
    0x50, 0x0, 0x0, 0x0, 0x1, 0xbf, 0xff, 0xff,
    0xff, 0xfc, 0x20, 0x0, 0x0, 0x1d, 0xff, 0xff,
    0xdc, 0xef, 0xff, 0xe2, 0x0, 0x0, 0xaf, 0xff,
    0x70, 0x0, 0x5, 0xef, 0xfd, 0x0, 0x3, 0xff,
    0xf4, 0x0, 0x0, 0x0, 0x2f, 0xff, 0x60, 0x9,
    0xff, 0xa0, 0x0, 0x0, 0x0, 0x7, 0xff, 0xd0,
    0xd, 0xff, 0x40, 0x0, 0x0, 0x0, 0x1, 0xff,
    0xf1, 0xf, 0xff, 0x10, 0x0, 0x0, 0x0, 0x0,
    0xef, 0xf2, 0xf, 0xff, 0x10, 0x0, 0x0, 0x0,
    0x0, 0xef, 0xf2, 0xd, 0xff, 0x40, 0x0, 0x0,
    0x0, 0x1, 0xff, 0xf1, 0x9, 0xff, 0xa0, 0x0,
    0x0, 0x0, 0x7, 0xff, 0xc0, 0x3, 0xff, 0xf4,
    0x0, 0x0, 0x0, 0x2f, 0xff, 0x60, 0x0, 0xaf,
    0xff, 0x60, 0x0, 0x5, 0xef, 0xfd, 0x0, 0x0,
    0x1d, 0xff, 0xff, 0xcc, 0xef, 0xff, 0xe2, 0x0,
    0x0, 0x1, 0xbf, 0xff, 0xff, 0xff, 0xfd, 0x20,
    0x0, 0x0, 0x0, 0x4, 0x9d, 0xff, 0xea, 0x50,
    0x0, 0x0,

    /* U+1ED7 "ỗ" */
    0x0, 0x9, 0xfd, 0x50, 0xec, 0x0, 0x0, 0x3,
    0xff, 0xff, 0xef, 0xa0, 0x0, 0x0, 0x6f, 0x42,
    0xbf, 0xd2, 0x0, 0x0, 0x0, 0x0, 0x0, 0x0,
    0x0, 0x0, 0x0, 0x0, 0x6f, 0xfb, 0x0, 0x0,
    0x0, 0x0, 0x3f, 0xfd, 0xf8, 0x0, 0x0, 0x0,
    0x1d, 0xf7, 0x2e, 0xf5, 0x0, 0x0, 0x5, 0x97,
    0x0, 0x49, 0x80, 0x0, 0x0, 0x0, 0x0, 0x0,
    0x0, 0x0, 0x0, 0x0, 0x6c, 0xef, 0xd9, 0x20,
    0x0, 0x1, 0xbf, 0xff, 0xff, 0xff, 0x40, 0x0,
    0xaf, 0xff, 0x98, 0xcf, 0xff, 0x20, 0x3f, 0xfe,
    0x20, 0x0, 0x9f, 0xfa, 0x9, 0xff, 0x70, 0x0,
    0x1, 0xff, 0xf0, 0xbf, 0xf3, 0x0, 0x0, 0xc,
    0xff, 0x2b, 0xff, 0x30, 0x0, 0x0, 0xcf, 0xf2,
    0x9f, 0xf7, 0x0, 0x0, 0x1f, 0xff, 0x3, 0xff,
    0xe2, 0x0, 0x9, 0xff, 0xa0, 0xa, 0xff, 0xe9,
    0x8c, 0xff, 0xf2, 0x0, 0x1c, 0xff, 0xff, 0xff,
    0xf4, 0x0, 0x0, 0x6, 0xce, 0xfd, 0x92, 0x0,
    0x0,

    /* U+1ED8 "Ộ" */
    0x0, 0x0, 0x0, 0x7, 0xff, 0xb0, 0x0, 0x0,
    0x0, 0x0, 0x0, 0x0, 0x4f, 0xfd, 0xf7, 0x0,
    0x0, 0x0, 0x0, 0x0, 0x2, 0xef, 0x42, 0xef,
    0x40, 0x0, 0x0, 0x0, 0x0, 0x5, 0x85, 0x0,
    0x38, 0x70, 0x0, 0x0, 0x0, 0x0, 0x0, 0x0,
    0x0, 0x0, 0x0, 0x0, 0x0, 0x0, 0x0, 0x0,
    0x0, 0x0, 0x0, 0x0, 0x0, 0x0, 0x0, 0x0,
    0x3, 0x9d, 0xff, 0xda, 0x50, 0x0, 0x0, 0x0,
    0x1, 0xbf, 0xff, 0xff, 0xff, 0xfc, 0x20, 0x0,
    0x0, 0x1d, 0xff, 0xff, 0xdc, 0xef, 0xff, 0xe2,
    0x0, 0x0, 0xaf, 0xff, 0x70, 0x0, 0x5, 0xef,
    0xfd, 0x0, 0x3, 0xff, 0xf4, 0x0, 0x0, 0x0,
    0x2f, 0xff, 0x60, 0x9, 0xff, 0xa0, 0x0, 0x0,
    0x0, 0x7, 0xff, 0xd0, 0xd, 0xff, 0x40, 0x0,
    0x0, 0x0, 0x1, 0xff, 0xf1, 0xf, 0xff, 0x10,
    0x0, 0x0, 0x0, 0x0, 0xef, 0xf2, 0xf, 0xff,
    0x10, 0x0, 0x0, 0x0, 0x0, 0xef, 0xf2, 0xd,
    0xff, 0x40, 0x0, 0x0, 0x0, 0x1, 0xff, 0xf1,
    0x9, 0xff, 0xa0, 0x0, 0x0, 0x0, 0x7, 0xff,
    0xc0, 0x3, 0xff, 0xf4, 0x0, 0x0, 0x0, 0x2f,
    0xff, 0x60, 0x0, 0xaf, 0xff, 0x60, 0x0, 0x5,
    0xef, 0xfd, 0x0, 0x0, 0x1d, 0xff, 0xff, 0xcc,
    0xef, 0xff, 0xe2, 0x0, 0x0, 0x1, 0xbf, 0xff,
    0xff, 0xff, 0xfd, 0x20, 0x0, 0x0, 0x0, 0x4,
    0x9d, 0xff, 0xea, 0x50, 0x0, 0x0, 0x0, 0x0,
    0x0, 0x0, 0x0, 0x0, 0x0, 0x0, 0x0, 0x0,
    0x0, 0x0, 0x0, 0x23, 0x0, 0x0, 0x0, 0x0,
    0x0, 0x0, 0x0, 0x4, 0xff, 0x70, 0x0, 0x0,
    0x0, 0x0, 0x0, 0x0, 0x7, 0xff, 0xa0, 0x0,
    0x0, 0x0, 0x0, 0x0, 0x0, 0x2, 0xde, 0x30,
    0x0, 0x0, 0x0,

    /* U+1ED9 "ộ" */
    0x0, 0x0, 0x5f, 0xfc, 0x0, 0x0, 0x0, 0x0,
    0x2f, 0xfd, 0xf8, 0x0, 0x0, 0x0, 0xc, 0xf8,
    0x2f, 0xf4, 0x0, 0x0, 0x5, 0xb9, 0x0, 0x5b,
    0xa0, 0x0, 0x0, 0x0, 0x0, 0x0, 0x0, 0x0,
    0x0, 0x0, 0x6c, 0xef, 0xd9, 0x20, 0x0, 0x1,
    0xbf, 0xff, 0xff, 0xff, 0x40, 0x0, 0xaf, 0xff,
    0x98, 0xcf, 0xff, 0x20, 0x3f, 0xfe, 0x20, 0x0,
    0x9f, 0xfa, 0x9, 0xff, 0x70, 0x0, 0x1, 0xff,
    0xf0, 0xbf, 0xf3, 0x0, 0x0, 0xc, 0xff, 0x2b,
    0xff, 0x30, 0x0, 0x0, 0xcf, 0xf2, 0x9f, 0xf7,
    0x0, 0x0, 0x1f, 0xff, 0x3, 0xff, 0xe2, 0x0,
    0x9, 0xff, 0xa0, 0xa, 0xff, 0xe9, 0x8c, 0xff,
    0xf2, 0x0, 0x1c, 0xff, 0xff, 0xff, 0xf4, 0x0,
    0x0, 0x6, 0xce, 0xfd, 0x92, 0x0, 0x0, 0x0,
    0x0, 0x0, 0x0, 0x0, 0x0, 0x0, 0x0, 0x2,
    0x30, 0x0, 0x0, 0x0, 0x0, 0x2, 0xff, 0x80,
    0x0, 0x0, 0x0, 0x0, 0x6f, 0xfc, 0x0, 0x0,
    0x0, 0x0, 0x1, 0xce, 0x50, 0x0, 0x0,

    /* U+1EDA "Ớ" */
    0x0, 0x0, 0x0, 0x0, 0x8, 0xff, 0x30, 0x0,
    0x0, 0x0, 0x0, 0x0, 0x0, 0xe, 0xf9, 0x0,
    0x0, 0x0, 0x0, 0x0, 0x0, 0x0, 0x6f, 0xf1,
    0x0, 0x0, 0x0, 0x0, 0x0, 0x0, 0x0, 0xdf,
    0x60, 0x2, 0xee, 0x60, 0x0, 0x0, 0x0, 0x0,
    0x0, 0x0, 0x2, 0xff, 0x60, 0x0, 0x0, 0x0,
    0x0, 0x0, 0x0, 0x6, 0xff, 0x50, 0x0, 0x0,
    0x3, 0x9d, 0xff, 0xff, 0xff, 0xff, 0x10, 0x0,
    0x1, 0xbf, 0xff, 0xff, 0xff, 0xff, 0xc3, 0x0,
    0x0, 0x1d, 0xff, 0xff, 0xdc, 0xef, 0xff, 0xe2,
    0x0, 0x0, 0xaf, 0xff, 0x70, 0x0, 0x5, 0xef,
    0xfd, 0x0, 0x3, 0xff, 0xf4, 0x0, 0x0, 0x0,
    0x2f, 0xff, 0x60, 0x9, 0xff, 0xa0, 0x0, 0x0,
    0x0, 0x7, 0xff, 0xc0, 0xd, 0xff, 0x40, 0x0,
    0x0, 0x0, 0x1, 0xff, 0xf0, 0xf, 0xff, 0x10,
    0x0, 0x0, 0x0, 0x0, 0xef, 0xf2, 0xf, 0xff,
    0x10, 0x0, 0x0, 0x0, 0x0, 0xef, 0xf2, 0xd,
    0xff, 0x40, 0x0, 0x0, 0x0, 0x1, 0xff, 0xf1,
    0x9, 0xff, 0xa0, 0x0, 0x0, 0x0, 0x7, 0xff,
    0xd0, 0x3, 0xff, 0xf4, 0x0, 0x0, 0x0, 0x2f,
    0xff, 0x70, 0x0, 0xaf, 0xff, 0x60, 0x0, 0x5,
    0xef, 0xfd, 0x0, 0x0, 0x1d, 0xff, 0xff, 0xcc,
    0xef, 0xff, 0xe3, 0x0, 0x0, 0x1, 0xbf, 0xff,
    0xff, 0xff, 0xfd, 0x20, 0x0, 0x0, 0x0, 0x4,
    0x9d, 0xff, 0xea, 0x50, 0x0, 0x0,

    /* U+1EDB "ớ" */
    0x0, 0x0, 0x0, 0x4f, 0xf6, 0x0, 0x0, 0x0,
    0x0, 0xc, 0xfd, 0x0, 0x0, 0x0, 0x0, 0x3,
    0xff, 0x30, 0x0, 0x0, 0x0, 0x0, 0xaf, 0xa0,
    0xf, 0xf5, 0x0, 0x0, 0x0, 0x0, 0x1, 0xff,
    0x50, 0x0, 0x0, 0x0, 0x0, 0x3f, 0xf4, 0x0,
    0x6, 0xce, 0xff, 0xff, 0xfe, 0x0, 0x1b, 0xff,
    0xff, 0xff, 0xfc, 0x20, 0xa, 0xff, 0xf9, 0x8c,
    0xff, 0xf2, 0x3, 0xff, 0xe2, 0x0, 0x9, 0xff,
    0xa0, 0x9f, 0xf7, 0x0, 0x0, 0x1f, 0xff, 0xb,
    0xff, 0x30, 0x0, 0x0, 0xcf, 0xf2, 0xbf, 0xf3,
    0x0, 0x0, 0xc, 0xff, 0x29, 0xff, 0x70, 0x0,
    0x1, 0xff, 0xf0, 0x3f, 0xfe, 0x20, 0x0, 0x9f,
    0xfa, 0x0, 0xaf, 0xfe, 0x98, 0xcf, 0xff, 0x20,
    0x1, 0xcf, 0xff, 0xff, 0xff, 0x40, 0x0, 0x0,
    0x6c, 0xef, 0xd9, 0x20, 0x0,

    /* U+1EDC "Ờ" */
    0x0, 0x0, 0x2, 0xff, 0xa0, 0x0, 0x0, 0x0,
    0x0, 0x0, 0x0, 0x0, 0x8f, 0xf1, 0x0, 0x0,
    0x0, 0x0, 0x0, 0x0, 0x0, 0xe, 0xf8, 0x0,
    0x0, 0x0, 0x0, 0x0, 0x0, 0x0, 0x5, 0xfe,
    0x0, 0x2, 0xee, 0x60, 0x0, 0x0, 0x0, 0x0,
    0x0, 0x0, 0x2, 0xff, 0x60, 0x0, 0x0, 0x0,
    0x0, 0x0, 0x0, 0x6, 0xff, 0x50, 0x0, 0x0,
    0x3, 0x9d, 0xff, 0xff, 0xff, 0xff, 0x10, 0x0,
    0x1, 0xbf, 0xff, 0xff, 0xff, 0xff, 0xc3, 0x0,
    0x0, 0x1d, 0xff, 0xff, 0xdc, 0xef, 0xff, 0xe2,
    0x0, 0x0, 0xaf, 0xff, 0x70, 0x0, 0x5, 0xef,
    0xfd, 0x0, 0x3, 0xff, 0xf4, 0x0, 0x0, 0x0,
    0x2f, 0xff, 0x60, 0x9, 0xff, 0xa0, 0x0, 0x0,
    0x0, 0x7, 0xff, 0xc0, 0xd, 0xff, 0x40, 0x0,
    0x0, 0x0, 0x1, 0xff, 0xf0, 0xf, 0xff, 0x10,
    0x0, 0x0, 0x0, 0x0, 0xef, 0xf2, 0xf, 0xff,
    0x10, 0x0, 0x0, 0x0, 0x0, 0xef, 0xf2, 0xd,
    0xff, 0x40, 0x0, 0x0, 0x0, 0x1, 0xff, 0xf1,
    0x9, 0xff, 0xa0, 0x0, 0x0, 0x0, 0x7, 0xff,
    0xd0, 0x3, 0xff, 0xf4, 0x0, 0x0, 0x0, 0x2f,
    0xff, 0x70, 0x0, 0xaf, 0xff, 0x60, 0x0, 0x5,
    0xef, 0xfd, 0x0, 0x0, 0x1d, 0xff, 0xff, 0xcc,
    0xef, 0xff, 0xe3, 0x0, 0x0, 0x1, 0xbf, 0xff,
    0xff, 0xff, 0xfd, 0x20, 0x0, 0x0, 0x0, 0x4,
    0x9d, 0xff, 0xea, 0x50, 0x0, 0x0,

    /* U+1EDD "ờ" */
    0x0, 0xd, 0xfd, 0x0, 0x0, 0x0, 0x0, 0x0,
    0x5f, 0xf4, 0x0, 0x0, 0x0, 0x0, 0x0, 0xbf,
    0xb0, 0x0, 0x0, 0x0, 0x0, 0x2, 0xff, 0x20,
    0xf, 0xf5, 0x0, 0x0, 0x0, 0x0, 0x1, 0xff,
    0x50, 0x0, 0x0, 0x0, 0x0, 0x3f, 0xf4, 0x0,
    0x6, 0xce, 0xff, 0xff, 0xfe, 0x0, 0x1b, 0xff,
    0xff, 0xff, 0xfc, 0x20, 0xa, 0xff, 0xf9, 0x8c,
    0xff, 0xf2, 0x3, 0xff, 0xe2, 0x0, 0x9, 0xff,
    0xa0, 0x9f, 0xf7, 0x0, 0x0, 0x1f, 0xff, 0xb,
    0xff, 0x30, 0x0, 0x0, 0xcf, 0xf2, 0xbf, 0xf3,
    0x0, 0x0, 0xc, 0xff, 0x29, 0xff, 0x70, 0x0,
    0x1, 0xff, 0xf0, 0x3f, 0xfe, 0x20, 0x0, 0x9f,
    0xfa, 0x0, 0xaf, 0xfe, 0x98, 0xcf, 0xff, 0x20,
    0x1, 0xcf, 0xff, 0xff, 0xff, 0x40, 0x0, 0x0,
    0x6c, 0xef, 0xd9, 0x20, 0x0,

    /* U+1EDE "Ở" */
    0x0, 0x0, 0x0, 0x2, 0x88, 0x30, 0x0, 0x0,
    0x0, 0x0, 0x0, 0x0, 0x2f, 0xff, 0xf4, 0x0,
    0x0, 0x0, 0x0, 0x0, 0x0, 0x7d, 0x53, 0xfb,
    0x0, 0x0, 0x0, 0x0, 0x0, 0x0, 0x0, 0x4,
    0xfb, 0x0, 0x0, 0x0, 0x0, 0x0, 0x0, 0x0,
    0x5f, 0xf5, 0x0, 0x0, 0x0, 0x0, 0x0, 0x0,
    0x0, 0xdf, 0x50, 0x2, 0xff, 0x60, 0x0, 0x0,
    0x0, 0x0, 0x66, 0x0, 0x2, 0xff, 0x60, 0x0,
    0x0, 0x0, 0x0, 0x0, 0x0, 0x6, 0xff, 0x50,
    0x0, 0x0, 0x3, 0x9d, 0xff, 0xff, 0xff, 0xff,
    0x10, 0x0, 0x1, 0xbf, 0xff, 0xff, 0xff, 0xff,
    0xc3, 0x0, 0x0, 0x1d, 0xff, 0xff, 0xdc, 0xef,
    0xff, 0xe2, 0x0, 0x0, 0xaf, 0xff, 0x70, 0x0,
    0x5, 0xef, 0xfd, 0x0, 0x3, 0xff, 0xf4, 0x0,
    0x0, 0x0, 0x2f, 0xff, 0x60, 0x9, 0xff, 0xa0,
    0x0, 0x0, 0x0, 0x7, 0xff, 0xc0, 0xd, 0xff,
    0x40, 0x0, 0x0, 0x0, 0x1, 0xff, 0xf0, 0xf,
    0xff, 0x10, 0x0, 0x0, 0x0, 0x0, 0xef, 0xf2,
    0xf, 0xff, 0x10, 0x0, 0x0, 0x0, 0x0, 0xef,
    0xf2, 0xd, 0xff, 0x40, 0x0, 0x0, 0x0, 0x1,
    0xff, 0xf1, 0x9, 0xff, 0xa0, 0x0, 0x0, 0x0,
    0x7, 0xff, 0xd0, 0x3, 0xff, 0xf4, 0x0, 0x0,
    0x0, 0x2f, 0xff, 0x70, 0x0, 0xaf, 0xff, 0x60,
    0x0, 0x5, 0xef, 0xfd, 0x0, 0x0, 0x1d, 0xff,
    0xff, 0xcc, 0xef, 0xff, 0xe3, 0x0, 0x0, 0x1,
    0xbf, 0xff, 0xff, 0xff, 0xfd, 0x20, 0x0, 0x0,
    0x0, 0x4, 0x9d, 0xff, 0xea, 0x50, 0x0, 0x0,

    /* U+1EDF "ở" */
    0x0, 0x0, 0x28, 0x84, 0x0, 0x0, 0x0, 0x0,
    0x2f, 0xff, 0xf6, 0x0, 0x0, 0x0, 0x6, 0xd6,
    0x3f, 0xd0, 0x0, 0x0, 0x0, 0x0, 0x7, 0xfa,
    0x0, 0x0, 0x0, 0x0, 0x9, 0xfb, 0x10, 0x77,
    0x20, 0x0, 0x0, 0x8a, 0x0, 0x1f, 0xf5, 0x0,
    0x0, 0x0, 0x0, 0x4, 0xff, 0x40, 0x0, 0x6c,
    0xef, 0xff, 0xff, 0xf1, 0x1, 0xbf, 0xff, 0xff,
    0xff, 0xc2, 0x0, 0xaf, 0xff, 0x98, 0xcf, 0xff,
    0x20, 0x3f, 0xfe, 0x20, 0x0, 0x9f, 0xfa, 0x9,
    0xff, 0x70, 0x0, 0x1, 0xff, 0xf0, 0xbf, 0xf3,
    0x0, 0x0, 0xc, 0xff, 0x2b, 0xff, 0x30, 0x0,
    0x0, 0xcf, 0xf2, 0x9f, 0xf7, 0x0, 0x0, 0x1f,
    0xff, 0x3, 0xff, 0xe2, 0x0, 0x9, 0xff, 0xa0,
    0xa, 0xff, 0xe9, 0x8c, 0xff, 0xf2, 0x0, 0x1c,
    0xff, 0xff, 0xff, 0xf4, 0x0, 0x0, 0x6, 0xce,
    0xfd, 0x92, 0x0, 0x0,

    /* U+1EE0 "Ỡ" */
    0x0, 0x0, 0x0, 0x8d, 0x80, 0xd, 0x90, 0x0,
    0x0, 0x0, 0x0, 0x3, 0xff, 0xfa, 0x2f, 0x90,
    0x0, 0x0, 0x0, 0x0, 0x7, 0xf4, 0x9f, 0xff,
    0x50, 0x11, 0x0, 0x0, 0x0, 0x8, 0xd0, 0x7,
    0xd9, 0x2, 0xff, 0x70, 0x0, 0x0, 0x0, 0x0,
    0x0, 0x0, 0x2, 0xff, 0x60, 0x0, 0x0, 0x0,
    0x0, 0x0, 0x0, 0x6, 0xff, 0x50, 0x0, 0x0,
    0x3, 0x9d, 0xff, 0xff, 0xff, 0xff, 0x10, 0x0,
    0x1, 0xbf, 0xff, 0xff, 0xff, 0xff, 0xc3, 0x0,
    0x0, 0x1d, 0xff, 0xff, 0xdc, 0xef, 0xff, 0xe2,
    0x0, 0x0, 0xaf, 0xff, 0x70, 0x0, 0x5, 0xef,
    0xfd, 0x0, 0x3, 0xff, 0xf4, 0x0, 0x0, 0x0,
    0x2f, 0xff, 0x60, 0x9, 0xff, 0xa0, 0x0, 0x0,
    0x0, 0x7, 0xff, 0xc0, 0xd, 0xff, 0x40, 0x0,
    0x0, 0x0, 0x1, 0xff, 0xf0, 0xf, 0xff, 0x10,
    0x0, 0x0, 0x0, 0x0, 0xef, 0xf2, 0xf, 0xff,
    0x10, 0x0, 0x0, 0x0, 0x0, 0xef, 0xf2, 0xd,
    0xff, 0x40, 0x0, 0x0, 0x0, 0x1, 0xff, 0xf1,
    0x9, 0xff, 0xa0, 0x0, 0x0, 0x0, 0x7, 0xff,
    0xd0, 0x3, 0xff, 0xf4, 0x0, 0x0, 0x0, 0x2f,
    0xff, 0x70, 0x0, 0xaf, 0xff, 0x60, 0x0, 0x5,
    0xef, 0xfd, 0x0, 0x0, 0x1d, 0xff, 0xff, 0xcc,
    0xef, 0xff, 0xe3, 0x0, 0x0, 0x1, 0xbf, 0xff,
    0xff, 0xff, 0xfd, 0x20, 0x0, 0x0, 0x0, 0x4,
    0x9d, 0xff, 0xea, 0x50, 0x0, 0x0,

    /* U+1EE1 "ỡ" */
    0x0, 0xa, 0xfc, 0x40, 0xf8, 0x0, 0x0, 0x4,
    0xfe, 0xff, 0xef, 0x60, 0x0, 0x0, 0x6f, 0x22,
    0xcf, 0xb1, 0x99, 0x30, 0x0, 0x0, 0x0, 0x0,
    0x1f, 0xf5, 0x0, 0x0, 0x0, 0x0, 0x4, 0xff,
    0x40, 0x0, 0x6c, 0xef, 0xff, 0xff, 0xe1, 0x1,
    0xbf, 0xff, 0xff, 0xff, 0xc2, 0x0, 0xaf, 0xff,
    0x98, 0xcf, 0xff, 0x20, 0x3f, 0xfe, 0x20, 0x0,
    0x9f, 0xfa, 0x9, 0xff, 0x70, 0x0, 0x1, 0xff,
    0xf0, 0xbf, 0xf3, 0x0, 0x0, 0xc, 0xff, 0x2b,
    0xff, 0x30, 0x0, 0x0, 0xcf, 0xf2, 0x9f, 0xf7,
    0x0, 0x0, 0x1f, 0xff, 0x3, 0xff, 0xe2, 0x0,
    0x9, 0xff, 0xa0, 0xa, 0xff, 0xe9, 0x8c, 0xff,
    0xf2, 0x0, 0x1c, 0xff, 0xff, 0xff, 0xf4, 0x0,
    0x0, 0x6, 0xce, 0xfd, 0x92, 0x0, 0x0,

    /* U+1EE2 "Ợ" */
    0x0, 0x0, 0x0, 0x0, 0x0, 0x0, 0x1, 0x88,
    0x30, 0x0, 0x0, 0x0, 0x0, 0x0, 0x0, 0x2,
    0xff, 0x70, 0x0, 0x0, 0x0, 0x0, 0x0, 0x0,
    0x2, 0xff, 0x60, 0x0, 0x0, 0x0, 0x0, 0x0,
    0x0, 0x7, 0xff, 0x50, 0x0, 0x0, 0x3, 0x9d,
    0xff, 0xff, 0xff, 0xff, 0x0, 0x0, 0x1, 0xbf,
    0xff, 0xff, 0xff, 0xff, 0xc3, 0x0, 0x0, 0x1d,
    0xff, 0xff, 0xdc, 0xef, 0xff, 0xe2, 0x0, 0x0,
    0xaf, 0xff, 0x70, 0x0, 0x5, 0xef, 0xfd, 0x0,
    0x3, 0xff, 0xf4, 0x0, 0x0, 0x0, 0x2f, 0xff,
    0x60, 0x9, 0xff, 0xa0, 0x0, 0x0, 0x0, 0x7,
    0xff, 0xc0, 0xd, 0xff, 0x40, 0x0, 0x0, 0x0,
    0x1, 0xff, 0xf0, 0xf, 0xff, 0x10, 0x0, 0x0,
    0x0, 0x0, 0xef, 0xf2, 0xf, 0xff, 0x10, 0x0,
    0x0, 0x0, 0x0, 0xef, 0xf2, 0xd, 0xff, 0x40,
    0x0, 0x0, 0x0, 0x1, 0xff, 0xf1, 0x9, 0xff,
    0xa0, 0x0, 0x0, 0x0, 0x7, 0xff, 0xd0, 0x3,
    0xff, 0xf4, 0x0, 0x0, 0x0, 0x2f, 0xff, 0x70,
    0x0, 0xaf, 0xff, 0x60, 0x0, 0x5, 0xef, 0xfd,
    0x0, 0x0, 0x1d, 0xff, 0xff, 0xcc, 0xef, 0xff,
    0xe3, 0x0, 0x0, 0x1, 0xbf, 0xff, 0xff, 0xff,
    0xfd, 0x20, 0x0, 0x0, 0x0, 0x4, 0x9d, 0xff,
    0xea, 0x50, 0x0, 0x0, 0x0, 0x0, 0x0, 0x0,
    0x0, 0x0, 0x0, 0x0, 0x0, 0x0, 0x0, 0x0,
    0x0, 0x23, 0x0, 0x0, 0x0, 0x0, 0x0, 0x0,
    0x0, 0x5, 0xff, 0x50, 0x0, 0x0, 0x0, 0x0,
    0x0, 0x0, 0x9, 0xff, 0x90, 0x0, 0x0, 0x0,
    0x0, 0x0, 0x0, 0x2, 0xde, 0x20, 0x0, 0x0,
    0x0,

    /* U+1EE3 "ợ" */
    0x0, 0x0, 0x0, 0x0, 0x0, 0x88, 0x20, 0x0,
    0x0, 0x0, 0x0, 0x1f, 0xf5, 0x0, 0x0, 0x0,
    0x0, 0x4, 0xff, 0x40, 0x0, 0x6c, 0xef, 0xff,
    0xff, 0xf1, 0x1, 0xbf, 0xff, 0xff, 0xff, 0xc2,
    0x0, 0xaf, 0xff, 0x98, 0xcf, 0xff, 0x20, 0x3f,
    0xfe, 0x20, 0x0, 0x9f, 0xfa, 0x9, 0xff, 0x70,
    0x0, 0x1, 0xff, 0xf0, 0xbf, 0xf3, 0x0, 0x0,
    0xc, 0xff, 0x2b, 0xff, 0x30, 0x0, 0x0, 0xcf,
    0xf2, 0x9f, 0xf7, 0x0, 0x0, 0x1f, 0xff, 0x3,
    0xff, 0xe2, 0x0, 0x9, 0xff, 0xa0, 0xa, 0xff,
    0xe9, 0x8c, 0xff, 0xf2, 0x0, 0x1c, 0xff, 0xff,
    0xff, 0xf4, 0x0, 0x0, 0x6, 0xce, 0xfd, 0x92,
    0x0, 0x0, 0x0, 0x0, 0x0, 0x0, 0x0, 0x0,
    0x0, 0x0, 0x0, 0x41, 0x0, 0x0, 0x0, 0x0,
    0x0, 0xaf, 0xf1, 0x0, 0x0, 0x0, 0x0, 0xd,
    0xff, 0x40, 0x0, 0x0, 0x0, 0x0, 0x6f, 0xb0,
    0x0, 0x0,

    /* U+1EE4 "Ụ" */
    0x4f, 0xfb, 0x0, 0x0, 0x0, 0x4f, 0xfa, 0x4f,
    0xfb, 0x0, 0x0, 0x0, 0x4f, 0xfa, 0x4f, 0xfb,
    0x0, 0x0, 0x0, 0x4f, 0xfa, 0x4f, 0xfb, 0x0,
    0x0, 0x0, 0x4f, 0xfa, 0x4f, 0xfb, 0x0, 0x0,
    0x0, 0x4f, 0xfa, 0x4f, 0xfb, 0x0, 0x0, 0x0,
    0x4f, 0xfa, 0x4f, 0xfb, 0x0, 0x0, 0x0, 0x4f,
    0xfa, 0x4f, 0xfb, 0x0, 0x0, 0x0, 0x4f, 0xfa,
    0x4f, 0xfb, 0x0, 0x0, 0x0, 0x4f, 0xfa, 0x4f,
    0xfb, 0x0, 0x0, 0x0, 0x4f, 0xfa, 0x3f, 0xfd,
    0x0, 0x0, 0x0, 0x6f, 0xf9, 0x1f, 0xff, 0x20,
    0x0, 0x0, 0xcf, 0xf7, 0xc, 0xff, 0xd3, 0x0,
    0x19, 0xff, 0xf2, 0x4, 0xff, 0xff, 0xfe, 0xff,
    0xff, 0x90, 0x0, 0x5f, 0xff, 0xff, 0xff, 0xfa,
    0x0, 0x0, 0x2, 0x8d, 0xff, 0xea, 0x40, 0x0,
    0x0, 0x0, 0x0, 0x0, 0x0, 0x0, 0x0, 0x0,
    0x0, 0x0, 0x23, 0x0, 0x0, 0x0, 0x0, 0x0,
    0x5, 0xff, 0x60, 0x0, 0x0, 0x0, 0x0, 0x8,
    0xff, 0xa0, 0x0, 0x0, 0x0, 0x0, 0x2, 0xde,
    0x30, 0x0, 0x0,

    /* U+1EE5 "ụ" */
    0x6f, 0xf8, 0x0, 0x4, 0xff, 0xa6, 0xff, 0x80,
    0x0, 0x4f, 0xfa, 0x6f, 0xf8, 0x0, 0x4, 0xff,
    0xa6, 0xff, 0x80, 0x0, 0x4f, 0xfa, 0x6f, 0xf8,
    0x0, 0x4, 0xff, 0xa6, 0xff, 0x80, 0x0, 0x4f,
    0xfa, 0x6f, 0xf8, 0x0, 0x4, 0xff, 0xa6, 0xff,
    0x80, 0x0, 0x6f, 0xfa, 0x5f, 0xfc, 0x0, 0xb,
    0xff, 0xa2, 0xff, 0xfb, 0x7b, 0xff, 0xfa, 0xa,
    0xff, 0xff, 0xf9, 0xff, 0xa0, 0x9, 0xef, 0xd4,
    0x4f, 0xfa, 0x0, 0x0, 0x0, 0x0, 0x0, 0x0,
    0x0, 0x0, 0x41, 0x0, 0x0, 0x0, 0x0, 0xcf,
    0xe0, 0x0, 0x0, 0x0, 0xf, 0xff, 0x20, 0x0,
    0x0, 0x0, 0x8f, 0xa0, 0x0, 0x0,

    /* U+1EE6 "Ủ" */
    0x0, 0x0, 0x1, 0x78, 0x40, 0x0, 0x0, 0x0,
    0x0, 0x1e, 0xff, 0xf6, 0x0, 0x0, 0x0, 0x0,
    0x5d, 0x72, 0xfd, 0x0, 0x0, 0x0, 0x0, 0x0,
    0x3, 0xfd, 0x0, 0x0, 0x0, 0x0, 0x0, 0x5f,
    0xf5, 0x0, 0x0, 0x0, 0x0, 0x0, 0xbf, 0x40,
    0x0, 0x0, 0x0, 0x0, 0x0, 0x34, 0x0, 0x0,
    0x0, 0x0, 0x0, 0x0, 0x0, 0x0, 0x0, 0x0,
    0x4f, 0xfb, 0x0, 0x0, 0x0, 0x4f, 0xfa, 0x4f,
    0xfb, 0x0, 0x0, 0x0, 0x4f, 0xfa, 0x4f, 0xfb,
    0x0, 0x0, 0x0, 0x4f, 0xfa, 0x4f, 0xfb, 0x0,
    0x0, 0x0, 0x4f, 0xfa, 0x4f, 0xfb, 0x0, 0x0,
    0x0, 0x4f, 0xfa, 0x4f, 0xfb, 0x0, 0x0, 0x0,
    0x4f, 0xfa, 0x4f, 0xfb, 0x0, 0x0, 0x0, 0x4f,
    0xfa, 0x4f, 0xfb, 0x0, 0x0, 0x0, 0x4f, 0xfa,
    0x4f, 0xfb, 0x0, 0x0, 0x0, 0x4f, 0xfa, 0x4f,
    0xfb, 0x0, 0x0, 0x0, 0x4f, 0xfa, 0x3f, 0xfd,
    0x0, 0x0, 0x0, 0x6f, 0xf9, 0x1f, 0xff, 0x20,
    0x0, 0x0, 0xcf, 0xf7, 0xc, 0xff, 0xd3, 0x0,
    0x19, 0xff, 0xf2, 0x4, 0xff, 0xff, 0xfe, 0xff,
    0xff, 0x90, 0x0, 0x5f, 0xff, 0xff, 0xff, 0xfa,
    0x0, 0x0, 0x2, 0x8d, 0xff, 0xea, 0x40, 0x0,

    /* U+1EE7 "ủ" */
    0x0, 0x0, 0x58, 0x71, 0x0, 0x0, 0x0, 0x8f,
    0xff, 0xe1, 0x0, 0x0, 0xc, 0xc1, 0xaf, 0x50,
    0x0, 0x0, 0x0, 0x3d, 0xf2, 0x0, 0x0, 0x0,
    0x2f, 0xe4, 0x0, 0x0, 0x0, 0x2, 0x84, 0x0,
    0x0, 0x0, 0x0, 0x0, 0x0, 0x0, 0x6, 0xff,
    0x80, 0x0, 0x4f, 0xfa, 0x6f, 0xf8, 0x0, 0x4,
    0xff, 0xa6, 0xff, 0x80, 0x0, 0x4f, 0xfa, 0x6f,
    0xf8, 0x0, 0x4, 0xff, 0xa6, 0xff, 0x80, 0x0,
    0x4f, 0xfa, 0x6f, 0xf8, 0x0, 0x4, 0xff, 0xa6,
    0xff, 0x80, 0x0, 0x4f, 0xfa, 0x6f, 0xf8, 0x0,
    0x6, 0xff, 0xa5, 0xff, 0xc0, 0x0, 0xbf, 0xfa,
    0x2f, 0xff, 0xb7, 0xbf, 0xff, 0xa0, 0xaf, 0xff,
    0xff, 0x9f, 0xfa, 0x0, 0x9e, 0xfd, 0x44, 0xff,
    0xa0,

    /* U+1EE8 "Ứ" */
    0x0, 0x0, 0x0, 0x2, 0xff, 0x80, 0x0, 0x0,
    0x0, 0x0, 0x0, 0x0, 0xaf, 0xe0, 0x0, 0x0,
    0x0, 0x0, 0x0, 0x0, 0x1f, 0xf5, 0x0, 0x0,
    0x0, 0x0, 0x0, 0x0, 0x8, 0xfc, 0x0, 0x0,
    0x3f, 0xf4, 0x0, 0x0, 0x0, 0x0, 0x0, 0x0,
    0x3, 0xff, 0x30, 0x0, 0x0, 0x0, 0x0, 0x0,
    0x0, 0x6f, 0xf1, 0x4f, 0xfb, 0x0, 0x0, 0x0,
    0x4f, 0xff, 0xe6, 0x4, 0xff, 0xb0, 0x0, 0x0,
    0x4, 0xff, 0xa0, 0x0, 0x4f, 0xfb, 0x0, 0x0,
    0x0, 0x4f, 0xfa, 0x0, 0x4, 0xff, 0xb0, 0x0,
    0x0, 0x4, 0xff, 0xa0, 0x0, 0x4f, 0xfb, 0x0,
    0x0, 0x0, 0x4f, 0xfa, 0x0, 0x4, 0xff, 0xb0,
    0x0, 0x0, 0x4, 0xff, 0xa0, 0x0, 0x4f, 0xfb,
    0x0, 0x0, 0x0, 0x4f, 0xfa, 0x0, 0x4, 0xff,
    0xb0, 0x0, 0x0, 0x4, 0xff, 0xa0, 0x0, 0x4f,
    0xfb, 0x0, 0x0, 0x0, 0x4f, 0xfa, 0x0, 0x4,
    0xff, 0xb0, 0x0, 0x0, 0x4, 0xff, 0xa0, 0x0,
    0x3f, 0xfd, 0x0, 0x0, 0x0, 0x6f, 0xf9, 0x0,
    0x1, 0xff, 0xf2, 0x0, 0x0, 0xc, 0xff, 0x70,
    0x0, 0xc, 0xff, 0xd3, 0x0, 0x19, 0xff, 0xf1,
    0x0, 0x0, 0x4f, 0xff, 0xff, 0xef, 0xff, 0xf8,
    0x0, 0x0, 0x0, 0x5f, 0xff, 0xff, 0xff, 0xf9,
    0x0, 0x0, 0x0, 0x0, 0x28, 0xdf, 0xfd, 0xa4,
    0x0, 0x0, 0x0,

    /* U+1EE9 "ứ" */
    0x0, 0x0, 0x1, 0xff, 0xa0, 0x0, 0x0, 0x0,
    0x0, 0x8, 0xff, 0x10, 0x0, 0x0, 0x0, 0x0,
    0xe, 0xf7, 0x0, 0x0, 0x0, 0x0, 0x0, 0x6f,
    0xd0, 0x0, 0x0, 0x0, 0x0, 0x0, 0x0, 0x0,
    0x0, 0x4f, 0xf2, 0x0, 0x0, 0x0, 0x0, 0x0,
    0x6f, 0xf1, 0x6f, 0xf8, 0x0, 0x4, 0xff, 0xff,
    0xf0, 0x6f, 0xf8, 0x0, 0x4, 0xff, 0xfe, 0x50,
    0x6f, 0xf8, 0x0, 0x4, 0xff, 0xa0, 0x0, 0x6f,
    0xf8, 0x0, 0x4, 0xff, 0xa0, 0x0, 0x6f, 0xf8,
    0x0, 0x4, 0xff, 0xa0, 0x0, 0x6f, 0xf8, 0x0,
    0x4, 0xff, 0xa0, 0x0, 0x6f, 0xf8, 0x0, 0x4,
    0xff, 0xa0, 0x0, 0x6f, 0xf8, 0x0, 0x6, 0xff,
    0xa0, 0x0, 0x5f, 0xfc, 0x0, 0xb, 0xff, 0xa0,
    0x0, 0x2f, 0xff, 0xb7, 0xbf, 0xff, 0xa0, 0x0,
    0xa, 0xff, 0xff, 0xf9, 0xff, 0xa0, 0x0, 0x0,
    0x9e, 0xfd, 0x44, 0xff, 0xa0, 0x0,

    /* U+1EEA "Ừ" */
    0x0, 0x0, 0xcf, 0xe0, 0x0, 0x0, 0x0, 0x0,
    0x0, 0x0, 0x3, 0xff, 0x60, 0x0, 0x0, 0x0,
    0x0, 0x0, 0x0, 0x9, 0xfd, 0x0, 0x0, 0x0,
    0x0, 0x0, 0x0, 0x0, 0x1e, 0xf4, 0x0, 0x0,
    0x3f, 0xf4, 0x0, 0x0, 0x0, 0x0, 0x0, 0x0,
    0x3, 0xff, 0x30, 0x0, 0x0, 0x0, 0x0, 0x0,
    0x0, 0x6f, 0xf1, 0x4f, 0xfb, 0x0, 0x0, 0x0,
    0x4f, 0xff, 0xe6, 0x4, 0xff, 0xb0, 0x0, 0x0,
    0x4, 0xff, 0xa0, 0x0, 0x4f, 0xfb, 0x0, 0x0,
    0x0, 0x4f, 0xfa, 0x0, 0x4, 0xff, 0xb0, 0x0,
    0x0, 0x4, 0xff, 0xa0, 0x0, 0x4f, 0xfb, 0x0,
    0x0, 0x0, 0x4f, 0xfa, 0x0, 0x4, 0xff, 0xb0,
    0x0, 0x0, 0x4, 0xff, 0xa0, 0x0, 0x4f, 0xfb,
    0x0, 0x0, 0x0, 0x4f, 0xfa, 0x0, 0x4, 0xff,
    0xb0, 0x0, 0x0, 0x4, 0xff, 0xa0, 0x0, 0x4f,
    0xfb, 0x0, 0x0, 0x0, 0x4f, 0xfa, 0x0, 0x4,
    0xff, 0xb0, 0x0, 0x0, 0x4, 0xff, 0xa0, 0x0,
    0x3f, 0xfd, 0x0, 0x0, 0x0, 0x6f, 0xf9, 0x0,
    0x1, 0xff, 0xf2, 0x0, 0x0, 0xc, 0xff, 0x70,
    0x0, 0xc, 0xff, 0xd3, 0x0, 0x19, 0xff, 0xf1,
    0x0, 0x0, 0x4f, 0xff, 0xff, 0xef, 0xff, 0xf8,
    0x0, 0x0, 0x0, 0x5f, 0xff, 0xff, 0xff, 0xf9,
    0x0, 0x0, 0x0, 0x0, 0x28, 0xdf, 0xfd, 0xa4,
    0x0, 0x0, 0x0,

    /* U+1EEB "ừ" */
    0x0, 0xaf, 0xf1, 0x0, 0x0, 0x0, 0x0, 0x0,
    0x1f, 0xf8, 0x0, 0x0, 0x0, 0x0, 0x0, 0x7,
    0xfe, 0x0, 0x0, 0x0, 0x0, 0x0, 0x0, 0xdf,
    0x60, 0x0, 0x0, 0x0, 0x0, 0x0, 0x0, 0x0,
    0x0, 0x4f, 0xf2, 0x0, 0x0, 0x0, 0x0, 0x0,
    0x6f, 0xf1, 0x6f, 0xf8, 0x0, 0x4, 0xff, 0xff,
    0xf0, 0x6f, 0xf8, 0x0, 0x4, 0xff, 0xfe, 0x50,
    0x6f, 0xf8, 0x0, 0x4, 0xff, 0xa0, 0x0, 0x6f,
    0xf8, 0x0, 0x4, 0xff, 0xa0, 0x0, 0x6f, 0xf8,
    0x0, 0x4, 0xff, 0xa0, 0x0, 0x6f, 0xf8, 0x0,
    0x4, 0xff, 0xa0, 0x0, 0x6f, 0xf8, 0x0, 0x4,
    0xff, 0xa0, 0x0, 0x6f, 0xf8, 0x0, 0x6, 0xff,
    0xa0, 0x0, 0x5f, 0xfc, 0x0, 0xb, 0xff, 0xa0,
    0x0, 0x2f, 0xff, 0xb7, 0xbf, 0xff, 0xa0, 0x0,
    0xa, 0xff, 0xff, 0xf9, 0xff, 0xa0, 0x0, 0x0,
    0x9e, 0xfd, 0x44, 0xff, 0xa0, 0x0,

    /* U+1EEC "Ử" */
    0x0, 0x0, 0x0, 0x68, 0x50, 0x0, 0x0, 0x0,
    0x0, 0x0, 0x0, 0xcf, 0xff, 0x90, 0x0, 0x0,
    0x0, 0x0, 0x0, 0x2d, 0x91, 0xdf, 0x0, 0x0,
    0x0, 0x0, 0x0, 0x0, 0x0, 0x2e, 0xf0, 0x0,
    0x0, 0x0, 0x0, 0x0, 0x0, 0x3f, 0xf7, 0x0,
    0x0, 0x0, 0x0, 0x0, 0x0, 0x8, 0xf6, 0x0,
    0x0, 0x3f, 0xf4, 0x0, 0x0, 0x0, 0x12, 0x0,
    0x0, 0x3, 0xff, 0x30, 0x0, 0x0, 0x0, 0x0,
    0x0, 0x0, 0x6f, 0xf1, 0x4f, 0xfb, 0x0, 0x0,
    0x0, 0x4f, 0xff, 0xe6, 0x4, 0xff, 0xb0, 0x0,
    0x0, 0x4, 0xff, 0xa0, 0x0, 0x4f, 0xfb, 0x0,
    0x0, 0x0, 0x4f, 0xfa, 0x0, 0x4, 0xff, 0xb0,
    0x0, 0x0, 0x4, 0xff, 0xa0, 0x0, 0x4f, 0xfb,
    0x0, 0x0, 0x0, 0x4f, 0xfa, 0x0, 0x4, 0xff,
    0xb0, 0x0, 0x0, 0x4, 0xff, 0xa0, 0x0, 0x4f,
    0xfb, 0x0, 0x0, 0x0, 0x4f, 0xfa, 0x0, 0x4,
    0xff, 0xb0, 0x0, 0x0, 0x4, 0xff, 0xa0, 0x0,
    0x4f, 0xfb, 0x0, 0x0, 0x0, 0x4f, 0xfa, 0x0,
    0x4, 0xff, 0xb0, 0x0, 0x0, 0x4, 0xff, 0xa0,
    0x0, 0x3f, 0xfd, 0x0, 0x0, 0x0, 0x6f, 0xf9,
    0x0, 0x1, 0xff, 0xf2, 0x0, 0x0, 0xc, 0xff,
    0x70, 0x0, 0xc, 0xff, 0xd3, 0x0, 0x19, 0xff,
    0xf1, 0x0, 0x0, 0x4f, 0xff, 0xff, 0xef, 0xff,
    0xf8, 0x0, 0x0, 0x0, 0x5f, 0xff, 0xff, 0xff,
    0xf9, 0x0, 0x0, 0x0, 0x0, 0x28, 0xdf, 0xfd,
    0xa4, 0x0, 0x0, 0x0,

    /* U+1EED "ử" */
    0x0, 0x0, 0x68, 0x60, 0x0, 0x0, 0x0, 0x0,
    0xa, 0xff, 0xfc, 0x0, 0x0, 0x0, 0x0, 0xd,
    0xb1, 0xcf, 0x30, 0x0, 0x0, 0x0, 0x0, 0x2,
    0xef, 0x10, 0x0, 0x0, 0x0, 0x0, 0x3f, 0xf5,
    0x0, 0x0, 0x0, 0x0, 0x0, 0x4c, 0x40, 0x0,
    0x4f, 0xf2, 0x0, 0x0, 0x0, 0x0, 0x0, 0x6f,
    0xf1, 0x6f, 0xf8, 0x0, 0x4, 0xff, 0xff, 0xf0,
    0x6f, 0xf8, 0x0, 0x4, 0xff, 0xfe, 0x50, 0x6f,
    0xf8, 0x0, 0x4, 0xff, 0xa0, 0x0, 0x6f, 0xf8,
    0x0, 0x4, 0xff, 0xa0, 0x0, 0x6f, 0xf8, 0x0,
    0x4, 0xff, 0xa0, 0x0, 0x6f, 0xf8, 0x0, 0x4,
    0xff, 0xa0, 0x0, 0x6f, 0xf8, 0x0, 0x4, 0xff,
    0xa0, 0x0, 0x6f, 0xf8, 0x0, 0x6, 0xff, 0xa0,
    0x0, 0x5f, 0xfc, 0x0, 0xb, 0xff, 0xa0, 0x0,
    0x2f, 0xff, 0xb7, 0xbf, 0xff, 0xa0, 0x0, 0xa,
    0xff, 0xff, 0xf9, 0xff, 0xa0, 0x0, 0x0, 0x9e,
    0xfd, 0x44, 0xff, 0xa0, 0x0,

    /* U+1EEE "Ữ" */
    0x0, 0x0, 0x4c, 0xb2, 0x8, 0xd0, 0x0, 0x0,
    0x0, 0x0, 0xe, 0xff, 0xe2, 0xce, 0x0, 0x0,
    0x0, 0x0, 0x2, 0xf8, 0x4f, 0xff, 0xa0, 0x0,
    0x0, 0x0, 0x0, 0x3d, 0x50, 0x3c, 0xb1, 0x0,
    0x3f, 0xf4, 0x0, 0x0, 0x0, 0x0, 0x0, 0x0,
    0x3, 0xff, 0x30, 0x0, 0x0, 0x0, 0x0, 0x0,
    0x0, 0x6f, 0xf1, 0x4f, 0xfb, 0x0, 0x0, 0x0,
    0x4f, 0xff, 0xe6, 0x4, 0xff, 0xb0, 0x0, 0x0,
    0x4, 0xff, 0xa0, 0x0, 0x4f, 0xfb, 0x0, 0x0,
    0x0, 0x4f, 0xfa, 0x0, 0x4, 0xff, 0xb0, 0x0,
    0x0, 0x4, 0xff, 0xa0, 0x0, 0x4f, 0xfb, 0x0,
    0x0, 0x0, 0x4f, 0xfa, 0x0, 0x4, 0xff, 0xb0,
    0x0, 0x0, 0x4, 0xff, 0xa0, 0x0, 0x4f, 0xfb,
    0x0, 0x0, 0x0, 0x4f, 0xfa, 0x0, 0x4, 0xff,
    0xb0, 0x0, 0x0, 0x4, 0xff, 0xa0, 0x0, 0x4f,
    0xfb, 0x0, 0x0, 0x0, 0x4f, 0xfa, 0x0, 0x4,
    0xff, 0xb0, 0x0, 0x0, 0x4, 0xff, 0xa0, 0x0,
    0x3f, 0xfd, 0x0, 0x0, 0x0, 0x6f, 0xf9, 0x0,
    0x1, 0xff, 0xf2, 0x0, 0x0, 0xc, 0xff, 0x70,
    0x0, 0xc, 0xff, 0xd3, 0x0, 0x19, 0xff, 0xf1,
    0x0, 0x0, 0x4f, 0xff, 0xff, 0xef, 0xff, 0xf8,
    0x0, 0x0, 0x0, 0x5f, 0xff, 0xff, 0xff, 0xf9,
    0x0, 0x0, 0x0, 0x0, 0x28, 0xdf, 0xfd, 0xa4,
    0x0, 0x0, 0x0,

    /* U+1EEF "ữ" */
    0x0, 0x5e, 0xe8, 0x9, 0xf1, 0x0, 0x0, 0x0,
    0xef, 0xff, 0xff, 0xe0, 0x0, 0x0, 0x2, 0xf9,
    0x8, 0xee, 0x50, 0x0, 0x0, 0x0, 0x0, 0x0,
    0x0, 0x0, 0x4f, 0xf2, 0x0, 0x0, 0x0, 0x0,
    0x0, 0x6f, 0xf1, 0x6f, 0xf8, 0x0, 0x4, 0xff,
    0xff, 0xf0, 0x6f, 0xf8, 0x0, 0x4, 0xff, 0xfe,
    0x50, 0x6f, 0xf8, 0x0, 0x4, 0xff, 0xa0, 0x0,
    0x6f, 0xf8, 0x0, 0x4, 0xff, 0xa0, 0x0, 0x6f,
    0xf8, 0x0, 0x4, 0xff, 0xa0, 0x0, 0x6f, 0xf8,
    0x0, 0x4, 0xff, 0xa0, 0x0, 0x6f, 0xf8, 0x0,
    0x4, 0xff, 0xa0, 0x0, 0x6f, 0xf8, 0x0, 0x6,
    0xff, 0xa0, 0x0, 0x5f, 0xfc, 0x0, 0xb, 0xff,
    0xa0, 0x0, 0x2f, 0xff, 0xb7, 0xbf, 0xff, 0xa0,
    0x0, 0xa, 0xff, 0xff, 0xf9, 0xff, 0xa0, 0x0,
    0x0, 0x9e, 0xfd, 0x44, 0xff, 0xa0, 0x0,

    /* U+1EF0 "Ự" */
    0x0, 0x0, 0x0, 0x0, 0x0, 0x0, 0x0, 0x0,
    0x0, 0x0, 0x0, 0x0, 0x0, 0x0, 0x0, 0x3f,
    0xf4, 0x0, 0x0, 0x0, 0x0, 0x0, 0x0, 0x3,
    0xff, 0x30, 0x0, 0x0, 0x0, 0x0, 0x0, 0x0,
    0x6f, 0xf1, 0x4f, 0xfb, 0x0, 0x0, 0x0, 0x4f,
    0xff, 0xe6, 0x4, 0xff, 0xb0, 0x0, 0x0, 0x4,
    0xff, 0xa0, 0x0, 0x4f, 0xfb, 0x0, 0x0, 0x0,
    0x4f, 0xfa, 0x0, 0x4, 0xff, 0xb0, 0x0, 0x0,
    0x4, 0xff, 0xa0, 0x0, 0x4f, 0xfb, 0x0, 0x0,
    0x0, 0x4f, 0xfa, 0x0, 0x4, 0xff, 0xb0, 0x0,
    0x0, 0x4, 0xff, 0xa0, 0x0, 0x4f, 0xfb, 0x0,
    0x0, 0x0, 0x4f, 0xfa, 0x0, 0x4, 0xff, 0xb0,
    0x0, 0x0, 0x4, 0xff, 0xa0, 0x0, 0x4f, 0xfb,
    0x0, 0x0, 0x0, 0x4f, 0xfa, 0x0, 0x4, 0xff,
    0xb0, 0x0, 0x0, 0x4, 0xff, 0xa0, 0x0, 0x3f,
    0xfd, 0x0, 0x0, 0x0, 0x6f, 0xf9, 0x0, 0x1,
    0xff, 0xf2, 0x0, 0x0, 0xc, 0xff, 0x70, 0x0,
    0xc, 0xff, 0xd3, 0x0, 0x19, 0xff, 0xf1, 0x0,
    0x0, 0x4f, 0xff, 0xff, 0xef, 0xff, 0xf8, 0x0,
    0x0, 0x0, 0x5f, 0xff, 0xff, 0xff, 0xf9, 0x0,
    0x0, 0x0, 0x0, 0x28, 0xdf, 0xfd, 0xa4, 0x0,
    0x0, 0x0, 0x0, 0x0, 0x0, 0x0, 0x0, 0x0,
    0x0, 0x0, 0x0, 0x0, 0x0, 0x1, 0x40, 0x0,
    0x0, 0x0, 0x0, 0x0, 0x0, 0x1, 0xef, 0xa0,
    0x0, 0x0, 0x0, 0x0, 0x0, 0x0, 0x4f, 0xfe,
    0x0, 0x0, 0x0, 0x0, 0x0, 0x0, 0x0, 0xbf,
    0x60, 0x0, 0x0, 0x0, 0x0,

    /* U+1EF1 "ự" */
    0x0, 0x0, 0x0, 0x0, 0x0, 0x4f, 0xf2, 0x0,
    0x0, 0x0, 0x0, 0x0, 0x6f, 0xf1, 0x6f, 0xf8,
    0x0, 0x4, 0xff, 0xff, 0xf0, 0x6f, 0xf8, 0x0,
    0x4, 0xff, 0xfe, 0x50, 0x6f, 0xf8, 0x0, 0x4,
    0xff, 0xa0, 0x0, 0x6f, 0xf8, 0x0, 0x4, 0xff,
    0xa0, 0x0, 0x6f, 0xf8, 0x0, 0x4, 0xff, 0xa0,
    0x0, 0x6f, 0xf8, 0x0, 0x4, 0xff, 0xa0, 0x0,
    0x6f, 0xf8, 0x0, 0x4, 0xff, 0xa0, 0x0, 0x6f,
    0xf8, 0x0, 0x6, 0xff, 0xa0, 0x0, 0x5f, 0xfc,
    0x0, 0xb, 0xff, 0xa0, 0x0, 0x2f, 0xff, 0xb7,
    0xbf, 0xff, 0xa0, 0x0, 0xa, 0xff, 0xff, 0xf9,
    0xff, 0xa0, 0x0, 0x0, 0x9e, 0xfd, 0x44, 0xff,
    0xa0, 0x0, 0x0, 0x0, 0x0, 0x0, 0x0, 0x0,
    0x0, 0x0, 0x0, 0x14, 0x0, 0x0, 0x0, 0x0,
    0x0, 0x0, 0xdf, 0xc0, 0x0, 0x0, 0x0, 0x0,
    0x2, 0xff, 0xf0, 0x0, 0x0, 0x0, 0x0, 0x0,
    0xaf, 0x80, 0x0, 0x0, 0x0,

    /* U+1EF2 "Ỳ" */
    0x0, 0x0, 0x6f, 0xf5, 0x0, 0x0, 0x0, 0x0,
    0x0, 0x0, 0xcf, 0xc0, 0x0, 0x0, 0x0, 0x0,
    0x0, 0x3, 0xff, 0x40, 0x0, 0x0, 0x0, 0x0,
    0x0, 0x9, 0xfb, 0x0, 0x0, 0x0, 0x0, 0x0,
    0x0, 0x0, 0x0, 0x0, 0x0, 0x0, 0x0, 0x0,
    0x0, 0x0, 0x0, 0x0, 0x0, 0x3f, 0xff, 0x10,
    0x0, 0x0, 0xa, 0xff, 0xa0, 0xaf, 0xf8, 0x0,
    0x0, 0x2, 0xff, 0xf2, 0x2, 0xff, 0xf1, 0x0,
    0x0, 0xaf, 0xf8, 0x0, 0x9, 0xff, 0x90, 0x0,
    0x3f, 0xfe, 0x10, 0x0, 0x1f, 0xff, 0x20, 0xb,
    0xff, 0x70, 0x0, 0x0, 0x7f, 0xfa, 0x4, 0xff,
    0xe0, 0x0, 0x0, 0x0, 0xef, 0xf3, 0xcf, 0xf5,
    0x0, 0x0, 0x0, 0x6, 0xff, 0xef, 0xfc, 0x0,
    0x0, 0x0, 0x0, 0xd, 0xff, 0xff, 0x40, 0x0,
    0x0, 0x0, 0x0, 0x4f, 0xff, 0xb0, 0x0, 0x0,
    0x0, 0x0, 0x0, 0xdf, 0xf4, 0x0, 0x0, 0x0,
    0x0, 0x0, 0xc, 0xff, 0x30, 0x0, 0x0, 0x0,
    0x0, 0x0, 0xcf, 0xf3, 0x0, 0x0, 0x0, 0x0,
    0x0, 0xc, 0xff, 0x30, 0x0, 0x0, 0x0, 0x0,
    0x0, 0xcf, 0xf3, 0x0, 0x0, 0x0, 0x0, 0x0,
    0xc, 0xff, 0x30, 0x0, 0x0,

    /* U+1EF3 "ỳ" */
    0x0, 0xa, 0xff, 0x10, 0x0, 0x0, 0x0, 0x0,
    0x1f, 0xf8, 0x0, 0x0, 0x0, 0x0, 0x0, 0x7f,
    0xe0, 0x0, 0x0, 0x0, 0x0, 0x0, 0xdf, 0x60,
    0x0, 0x0, 0x0, 0x0, 0x0, 0x0, 0x0, 0x0,
    0x0, 0x0, 0x0, 0x0, 0x0, 0x0, 0x0, 0x2f,
    0xfd, 0x0, 0x0, 0xb, 0xff, 0x30, 0xcf, 0xf2,
    0x0, 0x1, 0xff, 0xd0, 0x6, 0xff, 0x80, 0x0,
    0x6f, 0xf8, 0x0, 0xf, 0xfe, 0x0, 0xc, 0xff,
    0x20, 0x0, 0xaf, 0xf3, 0x1, 0xff, 0xc0, 0x0,
    0x4, 0xff, 0x90, 0x7f, 0xf6, 0x0, 0x0, 0xe,
    0xfe, 0xc, 0xff, 0x0, 0x0, 0x0, 0x8f, 0xf6,
    0xff, 0xa0, 0x0, 0x0, 0x2, 0xff, 0xff, 0xf4,
    0x0, 0x0, 0x0, 0xc, 0xff, 0xfd, 0x0, 0x0,
    0x0, 0x0, 0x6f, 0xff, 0x80, 0x0, 0x0, 0x0,
    0x1, 0xff, 0xf2, 0x0, 0x0, 0x0, 0x0, 0x6f,
    0xfa, 0x0, 0x0, 0x1, 0x77, 0xbf, 0xff, 0x20,
    0x0, 0x0, 0x2f, 0xff, 0xff, 0x40, 0x0, 0x0,
    0x2, 0xff, 0xe9, 0x20, 0x0, 0x0, 0x0,

    /* U+1EF4 "Ỵ" */
    0x3f, 0xff, 0x10, 0x0, 0x0, 0xa, 0xff, 0xa0,
    0xaf, 0xf8, 0x0, 0x0, 0x2, 0xff, 0xf2, 0x2,
    0xff, 0xf1, 0x0, 0x0, 0xaf, 0xf8, 0x0, 0x9,
    0xff, 0x90, 0x0, 0x3f, 0xfe, 0x10, 0x0, 0x1f,
    0xff, 0x20, 0xb, 0xff, 0x70, 0x0, 0x0, 0x7f,
    0xfa, 0x4, 0xff, 0xe0, 0x0, 0x0, 0x0, 0xef,
    0xf3, 0xcf, 0xf5, 0x0, 0x0, 0x0, 0x6, 0xff,
    0xef, 0xfc, 0x0, 0x0, 0x0, 0x0, 0xd, 0xff,
    0xff, 0x40, 0x0, 0x0, 0x0, 0x0, 0x4f, 0xff,
    0xb0, 0x0, 0x0, 0x0, 0x0, 0x0, 0xdf, 0xf4,
    0x0, 0x0, 0x0, 0x0, 0x0, 0xc, 0xff, 0x30,
    0x0, 0x0, 0x0, 0x0, 0x0, 0xcf, 0xf3, 0x0,
    0x0, 0x0, 0x0, 0x0, 0xc, 0xff, 0x30, 0x0,
    0x0, 0x0, 0x0, 0x0, 0xcf, 0xf3, 0x0, 0x0,
    0x0, 0x0, 0x0, 0xc, 0xff, 0x30, 0x0, 0x0,
    0x0, 0x0, 0x0, 0x0, 0x0, 0x0, 0x0, 0x0,
    0x0, 0x0, 0x0, 0x0, 0x0, 0x0, 0x0, 0x0,
    0x0, 0x0, 0x5f, 0xc0, 0x0, 0x0, 0x0, 0x0,
    0x0, 0xd, 0xff, 0x50, 0x0, 0x0, 0x0, 0x0,
    0x0, 0x9f, 0xf2, 0x0, 0x0, 0x0, 0x0, 0x0,
    0x0, 0x41, 0x0, 0x0, 0x0,

    /* U+1EF5 "ỵ" */
    0x2f, 0xfd, 0x0, 0x0, 0xb, 0xff, 0x30, 0xcf,
    0xf2, 0x0, 0x1, 0xff, 0xd0, 0x6, 0xff, 0x80,
    0x0, 0x6f, 0xf8, 0x0, 0xf, 0xfe, 0x0, 0xc,
    0xff, 0x20, 0x0, 0xaf, 0xf3, 0x1, 0xff, 0xc0,
    0x0, 0x4, 0xff, 0x90, 0x7f, 0xf6, 0x0, 0x0,
    0xe, 0xfe, 0xc, 0xff, 0x0, 0x0, 0x0, 0x8f,
    0xf6, 0xff, 0xa0, 0x0, 0x0, 0x2, 0xff, 0xff,
    0xf4, 0x0, 0x0, 0x0, 0xc, 0xff, 0xfd, 0x0,
    0x0, 0x0, 0x0, 0x6f, 0xff, 0x80, 0x0, 0x0,
    0x0, 0x1, 0xff, 0xf2, 0x0, 0x0, 0x0, 0x0,
    0x6f, 0xfa, 0x0, 0x0, 0x1, 0x77, 0xbf, 0xff,
    0x20, 0x45, 0x0, 0x2f, 0xff, 0xff, 0x40, 0x5f,
    0xf7, 0x2, 0xff, 0xe9, 0x20, 0x8, 0xff, 0xa0,
    0x0, 0x0, 0x0, 0x0, 0x2d, 0xe3, 0x0,

    /* U+1EF6 "Ỷ" */
    0x0, 0x0, 0x1, 0xbf, 0xe7, 0x0, 0x0, 0x0,
    0x0, 0x0, 0xaf, 0xbd, 0xf5, 0x0, 0x0, 0x0,
    0x0, 0x5, 0x60, 0x6f, 0x80, 0x0, 0x0, 0x0,
    0x0, 0x0, 0x5e, 0xf3, 0x0, 0x0, 0x0, 0x0,
    0x0, 0x1f, 0xe3, 0x0, 0x0, 0x0, 0x0, 0x0,
    0x0, 0x74, 0x0, 0x0, 0x0, 0x0, 0x0, 0x0,
    0x0, 0x0, 0x0, 0x0, 0x3, 0xff, 0xf1, 0x0,
    0x0, 0x0, 0xaf, 0xfa, 0xa, 0xff, 0x80, 0x0,
    0x0, 0x2f, 0xff, 0x20, 0x2f, 0xff, 0x10, 0x0,
    0xa, 0xff, 0x80, 0x0, 0x9f, 0xf9, 0x0, 0x3,
    0xff, 0xe1, 0x0, 0x1, 0xff, 0xf2, 0x0, 0xbf,
    0xf7, 0x0, 0x0, 0x7, 0xff, 0xa0, 0x4f, 0xfe,
    0x0, 0x0, 0x0, 0xe, 0xff, 0x3c, 0xff, 0x50,
    0x0, 0x0, 0x0, 0x6f, 0xfe, 0xff, 0xc0, 0x0,
    0x0, 0x0, 0x0, 0xdf, 0xff, 0xf4, 0x0, 0x0,
    0x0, 0x0, 0x4, 0xff, 0xfb, 0x0, 0x0, 0x0,
    0x0, 0x0, 0xd, 0xff, 0x40, 0x0, 0x0, 0x0,
    0x0, 0x0, 0xcf, 0xf3, 0x0, 0x0, 0x0, 0x0,
    0x0, 0xc, 0xff, 0x30, 0x0, 0x0, 0x0, 0x0,
    0x0, 0xcf, 0xf3, 0x0, 0x0, 0x0, 0x0, 0x0,
    0xc, 0xff, 0x30, 0x0, 0x0, 0x0, 0x0, 0x0,
    0xcf, 0xf3, 0x0, 0x0, 0x0,

    /* U+1EF7 "ỷ" */
    0x0, 0x0, 0x6, 0x86, 0x0, 0x0, 0x0, 0x0,
    0xa, 0xff, 0xfd, 0x0, 0x0, 0x0, 0x0, 0xdb,
    0x1b, 0xf3, 0x0, 0x0, 0x0, 0x0, 0x4, 0xef,
    0x10, 0x0, 0x0, 0x0, 0x4, 0xfd, 0x30, 0x0,
    0x0, 0x0, 0x0, 0x38, 0x30, 0x0, 0x0, 0x0,
    0x0, 0x0, 0x0, 0x0, 0x0, 0x2, 0xff, 0xd0,
    0x0, 0x0, 0xbf, 0xf3, 0xc, 0xff, 0x20, 0x0,
    0x1f, 0xfd, 0x0, 0x6f, 0xf8, 0x0, 0x6, 0xff,
    0x80, 0x0, 0xff, 0xe0, 0x0, 0xcf, 0xf2, 0x0,
    0xa, 0xff, 0x30, 0x1f, 0xfc, 0x0, 0x0, 0x4f,
    0xf9, 0x7, 0xff, 0x60, 0x0, 0x0, 0xef, 0xe0,
    0xcf, 0xf0, 0x0, 0x0, 0x8, 0xff, 0x6f, 0xfa,
    0x0, 0x0, 0x0, 0x2f, 0xff, 0xff, 0x40, 0x0,
    0x0, 0x0, 0xcf, 0xff, 0xd0, 0x0, 0x0, 0x0,
    0x6, 0xff, 0xf8, 0x0, 0x0, 0x0, 0x0, 0x1f,
    0xff, 0x20, 0x0, 0x0, 0x0, 0x6, 0xff, 0xa0,
    0x0, 0x0, 0x17, 0x7b, 0xff, 0xf2, 0x0, 0x0,
    0x2, 0xff, 0xff, 0xf4, 0x0, 0x0, 0x0, 0x2f,
    0xfe, 0x92, 0x0, 0x0, 0x0, 0x0,

    /* U+1EF8 "Ỹ" */
    0x0, 0x0, 0xa, 0xc5, 0x3, 0xd5, 0x0, 0x0,
    0x0, 0x8, 0xff, 0xf6, 0x6f, 0x50, 0x0, 0x0,
    0x0, 0xce, 0x1c, 0xff, 0xf1, 0x0, 0x0, 0x0,
    0xc, 0xb0, 0xa, 0xd6, 0x0, 0x0, 0x0, 0x0,
    0x0, 0x0, 0x0, 0x0, 0x0, 0x0, 0x0, 0x0,
    0x0, 0x0, 0x0, 0x0, 0x0, 0x3f, 0xff, 0x10,
    0x0, 0x0, 0xa, 0xff, 0xa0, 0xaf, 0xf8, 0x0,
    0x0, 0x2, 0xff, 0xf2, 0x2, 0xff, 0xf1, 0x0,
    0x0, 0xaf, 0xf8, 0x0, 0x9, 0xff, 0x90, 0x0,
    0x3f, 0xfe, 0x10, 0x0, 0x1f, 0xff, 0x20, 0xb,
    0xff, 0x70, 0x0, 0x0, 0x7f, 0xfa, 0x4, 0xff,
    0xe0, 0x0, 0x0, 0x0, 0xef, 0xf3, 0xcf, 0xf5,
    0x0, 0x0, 0x0, 0x6, 0xff, 0xef, 0xfc, 0x0,
    0x0, 0x0, 0x0, 0xd, 0xff, 0xff, 0x40, 0x0,
    0x0, 0x0, 0x0, 0x4f, 0xff, 0xb0, 0x0, 0x0,
    0x0, 0x0, 0x0, 0xdf, 0xf4, 0x0, 0x0, 0x0,
    0x0, 0x0, 0xc, 0xff, 0x30, 0x0, 0x0, 0x0,
    0x0, 0x0, 0xcf, 0xf3, 0x0, 0x0, 0x0, 0x0,
    0x0, 0xc, 0xff, 0x30, 0x0, 0x0, 0x0, 0x0,
    0x0, 0xcf, 0xf3, 0x0, 0x0, 0x0, 0x0, 0x0,
    0xc, 0xff, 0x30, 0x0, 0x0,

    /* U+1EF9 "ỹ" */
    0x0, 0x5, 0xee, 0x80, 0x9f, 0x10, 0x0, 0x0,
    0xef, 0xff, 0xff, 0xe0, 0x0, 0x0, 0x2f, 0x90,
    0x8e, 0xe5, 0x0, 0x0, 0x0, 0x0, 0x0, 0x0,
    0x0, 0x0, 0x0, 0x0, 0x0, 0x0, 0x0, 0x0,
    0x2, 0xff, 0xd0, 0x0, 0x0, 0xbf, 0xf3, 0xc,
    0xff, 0x20, 0x0, 0x1f, 0xfd, 0x0, 0x6f, 0xf8,
    0x0, 0x6, 0xff, 0x80, 0x0, 0xff, 0xe0, 0x0,
    0xcf, 0xf2, 0x0, 0xa, 0xff, 0x30, 0x1f, 0xfc,
    0x0, 0x0, 0x4f, 0xf9, 0x7, 0xff, 0x60, 0x0,
    0x0, 0xef, 0xe0, 0xcf, 0xf0, 0x0, 0x0, 0x8,
    0xff, 0x6f, 0xfa, 0x0, 0x0, 0x0, 0x2f, 0xff,
    0xff, 0x40, 0x0, 0x0, 0x0, 0xcf, 0xff, 0xd0,
    0x0, 0x0, 0x0, 0x6, 0xff, 0xf8, 0x0, 0x0,
    0x0, 0x0, 0x1f, 0xff, 0x20, 0x0, 0x0, 0x0,
    0x6, 0xff, 0xa0, 0x0, 0x0, 0x17, 0x7b, 0xff,
    0xf2, 0x0, 0x0, 0x2, 0xff, 0xff, 0xf4, 0x0,
    0x0, 0x0, 0x2f, 0xfe, 0x92, 0x0, 0x0, 0x0,
    0x0,

    /* U+2013 "–" */
    0x26, 0x66, 0x66, 0x66, 0x66, 0x47, 0xff, 0xff,
    0xff, 0xff, 0xfc, 0x7f, 0xff, 0xff, 0xff, 0xff,
    0xc0,

    /* U+2014 "—" */
    0x26, 0x66, 0x66, 0x66, 0x66, 0x66, 0x66, 0x37,
    0xff, 0xff, 0xff, 0xff, 0xff, 0xff, 0xf8, 0x7f,
    0xff, 0xff, 0xff, 0xff, 0xff, 0xff, 0x80,

    /* U+2018 "‘" */
    0x0, 0xe, 0x60, 0x9, 0xc0, 0x4, 0xf3, 0x0,
    0xcf, 0xe2, 0xf, 0xff, 0x70, 0xbf, 0xf3, 0x0,
    0x42, 0x0,

    /* U+2019 "’" */
    0x6, 0xfc, 0x10, 0xef, 0xf8, 0xb, 0xff, 0x70,
    0x1b, 0xf1, 0x1, 0xe6, 0x0, 0x9c, 0x0, 0x6,
    0x20, 0x0,

    /* U+201A "‚" */
    0x1, 0x53, 0x0, 0xcf, 0xf3, 0xf, 0xff, 0x70,
    0x8f, 0xf3, 0x0, 0xbb, 0x0, 0x5f, 0x20, 0xe,
    0x60, 0x0,

    /* U+201C "“" */
    0x0, 0x1e, 0x40, 0x8, 0xc0, 0x0, 0xbb, 0x0,
    0x3f, 0x30, 0x5, 0xf2, 0x0, 0xd9, 0x0, 0xd,
    0xfd, 0x15, 0xff, 0x70, 0x1f, 0xff, 0x69, 0xff,
    0xe0, 0xc, 0xff, 0x25, 0xff, 0xa0, 0x0, 0x42,
    0x0, 0x24, 0x0,

    /* U+201D "”" */
    0x3d, 0xe4, 0x9, 0xfa, 0xa, 0xff, 0xc2, 0xff,
    0xf4, 0x7f, 0xfb, 0xf, 0xff, 0x30, 0x7f, 0x40,
    0x2d, 0xc0, 0xb, 0xb0, 0x4, 0xf3, 0x5, 0xe1,
    0x0, 0xd8, 0x0, 0x43, 0x0, 0x16, 0x0, 0x0,

    /* U+2026 "…" */
    0x2, 0x62, 0x0, 0x4, 0x60, 0x0, 0x6, 0x40,
    0x1e, 0xff, 0x10, 0x6f, 0xfa, 0x0, 0xbf, 0xf4,
    0x2f, 0xff, 0x20, 0x8f, 0xfd, 0x0, 0xef, 0xf7,
    0x9, 0xfa, 0x0, 0x2d, 0xe5, 0x0, 0x5e, 0xc1
};


/*---------------------
 *  GLYPH DESCRIPTION
 *--------------------*/

static const lv_font_fmt_txt_glyph_dsc_t glyph_dsc[] = {
    {.bitmap_index = 0, .adv_w = 0, .box_w = 0, .box_h = 0, .ofs_x = 0, .ofs_y = 0} /* id = 0 reserved */,
    {.bitmap_index = 0, .adv_w = 81, .box_w = 0, .box_h = 0, .ofs_x = 0, .ofs_y = 0},
    {.bitmap_index = 0, .adv_w = 113, .box_w = 5, .box_h = 16, .ofs_x = 1, .ofs_y = 0},
    {.bitmap_index = 40, .adv_w = 129, .box_w = 7, .box_h = 5, .ofs_x = 1, .ofs_y = 11},
    {.bitmap_index = 58, .adv_w = 293, .box_w = 17, .box_h = 16, .ofs_x = 1, .ofs_y = 0},
    {.bitmap_index = 194, .adv_w = 228, .box_w = 14, .box_h = 21, .ofs_x = 0, .ofs_y = -2},
    {.bitmap_index = 341, .adv_w = 304, .box_w = 17, .box_h = 16, .ofs_x = 1, .ofs_y = 0},
    {.bitmap_index = 477, .adv_w = 266, .box_w = 15, .box_h = 16, .ofs_x = 1, .ofs_y = 0},
    {.bitmap_index = 597, .adv_w = 73, .box_w = 4, .box_h = 5, .ofs_x = 1, .ofs_y = 11},
    {.bitmap_index = 607, .adv_w = 158, .box_w = 9, .box_h = 24, .ofs_x = 0, .ofs_y = -5},
    {.bitmap_index = 715, .adv_w = 158, .box_w = 9, .box_h = 24, .ofs_x = 0, .ofs_y = -5},
    {.bitmap_index = 823, .adv_w = 179, .box_w = 11, .box_h = 10, .ofs_x = 0, .ofs_y = 6},
    {.bitmap_index = 878, .adv_w = 224, .box_w = 10, .box_h = 9, .ofs_x = 2, .ofs_y = 3},
    {.bitmap_index = 923, .adv_w = 117, .box_w = 5, .box_h = 7, .ofs_x = 1, .ofs_y = -3},
    {.bitmap_index = 941, .adv_w = 214, .box_w = 9, .box_h = 3, .ofs_x = 2, .ofs_y = 6},
    {.bitmap_index = 955, .adv_w = 112, .box_w = 5, .box_h = 4, .ofs_x = 1, .ofs_y = 0},
    {.bitmap_index = 965, .adv_w = 186, .box_w = 12, .box_h = 22, .ofs_x = 0, .ofs_y = -4},
    {.bitmap_index = 1097, .adv_w = 244, .box_w = 15, .box_h = 16, .ofs_x = 0, .ofs_y = 0},
    {.bitmap_index = 1217, .adv_w = 146, .box_w = 7, .box_h = 16, .ofs_x = 0, .ofs_y = 0},
    {.bitmap_index = 1273, .adv_w = 232, .box_w = 13, .box_h = 16, .ofs_x = 1, .ofs_y = 0},
    {.bitmap_index = 1377, .adv_w = 237, .box_w = 13, .box_h = 16, .ofs_x = 1, .ofs_y = 0},
    {.bitmap_index = 1481, .adv_w = 252, .box_w = 14, .box_h = 16, .ofs_x = 1, .ofs_y = 0},
    {.bitmap_index = 1593, .adv_w = 237, .box_w = 13, .box_h = 16, .ofs_x = 1, .ofs_y = 0},
    {.bitmap_index = 1697, .adv_w = 244, .box_w = 13, .box_h = 16, .ofs_x = 1, .ofs_y = 0},
    {.bitmap_index = 1801, .adv_w = 210, .box_w = 13, .box_h = 16, .ofs_x = 0, .ofs_y = 0},
    {.bitmap_index = 1905, .adv_w = 231, .box_w = 13, .box_h = 16, .ofs_x = 1, .ofs_y = 0},
    {.bitmap_index = 2009, .adv_w = 244, .box_w = 13, .box_h = 16, .ofs_x = 1, .ofs_y = 0},
    {.bitmap_index = 2113, .adv_w = 112, .box_w = 5, .box_h = 12, .ofs_x = 1, .ofs_y = 0},
    {.bitmap_index = 2143, .adv_w = 117, .box_w = 5, .box_h = 15, .ofs_x = 1, .ofs_y = -3},
    {.bitmap_index = 2181, .adv_w = 200, .box_w = 10, .box_h = 11, .ofs_x = 1, .ofs_y = 2},
    {.bitmap_index = 2236, .adv_w = 262, .box_w = 12, .box_h = 8, .ofs_x = 2, .ofs_y = 3},
    {.bitmap_index = 2284, .adv_w = 200, .box_w = 10, .box_h = 11, .ofs_x = 1, .ofs_y = 2},
    {.bitmap_index = 2339, .adv_w = 213, .box_w = 12, .box_h = 16, .ofs_x = 1, .ofs_y = 0},
    {.bitmap_index = 2435, .adv_w = 357, .box_w = 22, .box_h = 19, .ofs_x = 0, .ofs_y = -3},
    {.bitmap_index = 2644, .adv_w = 267, .box_w = 16, .box_h = 16, .ofs_x = 0, .ofs_y = 0},
    {.bitmap_index = 2772, .adv_w = 246, .box_w = 14, .box_h = 16, .ofs_x = 1, .ofs_y = 0},
    {.bitmap_index = 2884, .adv_w = 274, .box_w = 17, .box_h = 16, .ofs_x = 0, .ofs_y = 0},
    {.bitmap_index = 3020, .adv_w = 262, .box_w = 15, .box_h = 16, .ofs_x = 1, .ofs_y = 0},
    {.bitmap_index = 3140, .adv_w = 223, .box_w = 12, .box_h = 16, .ofs_x = 1, .ofs_y = 0},
    {.bitmap_index = 3236, .adv_w = 225, .box_w = 12, .box_h = 16, .ofs_x = 1, .ofs_y = 0},
    {.bitmap_index = 3332, .adv_w = 277, .box_w = 17, .box_h = 16, .ofs_x = 0, .ofs_y = 0},
    {.bitmap_index = 3468, .adv_w = 255, .box_w = 14, .box_h = 16, .ofs_x = 1, .ofs_y = 0},
    {.bitmap_index = 3580, .adv_w = 99, .box_w = 4, .box_h = 16, .ofs_x = 1, .ofs_y = 0},
    {.bitmap_index = 3612, .adv_w = 170, .box_w = 10, .box_h = 16, .ofs_x = 0, .ofs_y = 0},
    {.bitmap_index = 3692, .adv_w = 247, .box_w = 14, .box_h = 16, .ofs_x = 1, .ofs_y = 0},
    {.bitmap_index = 3804, .adv_w = 224, .box_w = 12, .box_h = 16, .ofs_x = 1, .ofs_y = 0},
    {.bitmap_index = 3900, .adv_w = 309, .box_w = 17, .box_h = 16, .ofs_x = 1, .ofs_y = 0},
    {.bitmap_index = 4036, .adv_w = 262, .box_w = 14, .box_h = 16, .ofs_x = 1, .ofs_y = 0},
    {.bitmap_index = 4148, .adv_w = 291, .box_w = 18, .box_h = 16, .ofs_x = 0, .ofs_y = 0},
    {.bitmap_index = 4292, .adv_w = 235, .box_w = 13, .box_h = 16, .ofs_x = 1, .ofs_y = 0},
    {.bitmap_index = 4396, .adv_w = 290, .box_w = 18, .box_h = 16, .ofs_x = 0, .ofs_y = 0},
    {.bitmap_index = 4540, .adv_w = 245, .box_w = 13, .box_h = 16, .ofs_x = 1, .ofs_y = 0},
    {.bitmap_index = 4644, .adv_w = 231, .box_w = 14, .box_h = 16, .ofs_x = 0, .ofs_y = 0},
    {.bitmap_index = 4756, .adv_w = 237, .box_w = 14, .box_h = 16, .ofs_x = 0, .ofs_y = 0},
    {.bitmap_index = 4868, .adv_w = 258, .box_w = 14, .box_h = 16, .ofs_x = 1, .ofs_y = 0},
    {.bitmap_index = 4980, .adv_w = 258, .box_w = 16, .box_h = 16, .ofs_x = 0, .ofs_y = 0},
    {.bitmap_index = 5108, .adv_w = 366, .box_w = 23, .box_h = 16, .ofs_x = 0, .ofs_y = 0},
    {.bitmap_index = 5292, .adv_w = 265, .box_w = 15, .box_h = 16, .ofs_x = 1, .ofs_y = 0},
    {.bitmap_index = 5412, .adv_w = 247, .box_w = 15, .box_h = 16, .ofs_x = 0, .ofs_y = 0},
    {.bitmap_index = 5532, .adv_w = 234, .box_w = 13, .box_h = 16, .ofs_x = 1, .ofs_y = 0},
    {.bitmap_index = 5636, .adv_w = 172, .box_w = 8, .box_h = 24, .ofs_x = 1, .ofs_y = -4},
    {.bitmap_index = 5732, .adv_w = 181, .box_w = 11, .box_h = 22, .ofs_x = 0, .ofs_y = -4},
    {.bitmap_index = 5853, .adv_w = 172, .box_w = 9, .box_h = 24, .ofs_x = 1, .ofs_y = -4},
    {.bitmap_index = 5961, .adv_w = 209, .box_w = 9, .box_h = 4, .ofs_x = 2, .ofs_y = 13},
    {.bitmap_index = 5979, .adv_w = 255, .box_w = 12, .box_h = 3, .ofs_x = 2, .ofs_y = -2},
    {.bitmap_index = 5997, .adv_w = 92, .box_w = 6, .box_h = 4, .ofs_x = 0, .ofs_y = 13},
    {.bitmap_index = 6009, .adv_w = 230, .box_w = 12, .box_h = 12, .ofs_x = 1, .ofs_y = 0},
    {.bitmap_index = 6081, .adv_w = 233, .box_w = 13, .box_h = 17, .ofs_x = 1, .ofs_y = 0},
    {.bitmap_index = 6192, .adv_w = 220, .box_w = 12, .box_h = 12, .ofs_x = 1, .ofs_y = 0},
    {.bitmap_index = 6264, .adv_w = 233, .box_w = 12, .box_h = 17, .ofs_x = 1, .ofs_y = 0},
    {.bitmap_index = 6366, .adv_w = 215, .box_w = 12, .box_h = 12, .ofs_x = 1, .ofs_y = 0},
    {.bitmap_index = 6438, .adv_w = 141, .box_w = 9, .box_h = 17, .ofs_x = 0, .ofs_y = 0},
    {.bitmap_index = 6515, .adv_w = 230, .box_w = 13, .box_h = 16, .ofs_x = 1, .ofs_y = -4},
    {.bitmap_index = 6619, .adv_w = 211, .box_w = 11, .box_h = 17, .ofs_x = 1, .ofs_y = 0},
    {.bitmap_index = 6713, .adv_w = 100, .box_w = 4, .box_h = 17, .ofs_x = 1, .ofs_y = 0},
    {.bitmap_index = 6747, .adv_w = 103, .box_w = 7, .box_h = 21, .ofs_x = -1, .ofs_y = -4},
    {.bitmap_index = 6821, .adv_w = 206, .box_w = 12, .box_h = 17, .ofs_x = 1, .ofs_y = 0},
    {.bitmap_index = 6923, .adv_w = 98, .box_w = 4, .box_h = 17, .ofs_x = 1, .ofs_y = 0},
    {.bitmap_index = 6957, .adv_w = 315, .box_w = 18, .box_h = 12, .ofs_x = 1, .ofs_y = 0},
    {.bitmap_index = 7065, .adv_w = 208, .box_w = 11, .box_h = 12, .ofs_x = 1, .ofs_y = 0},
    {.bitmap_index = 7131, .adv_w = 230, .box_w = 13, .box_h = 12, .ofs_x = 1, .ofs_y = 0},
    {.bitmap_index = 7209, .adv_w = 233, .box_w = 13, .box_h = 16, .ofs_x = 1, .ofs_y = -4},
    {.bitmap_index = 7313, .adv_w = 233, .box_w = 12, .box_h = 16, .ofs_x = 1, .ofs_y = -4},
    {.bitmap_index = 7409, .adv_w = 146, .box_w = 8, .box_h = 12, .ofs_x = 1, .ofs_y = 0},
    {.bitmap_index = 7457, .adv_w = 186, .box_w = 10, .box_h = 12, .ofs_x = 1, .ofs_y = 0},
    {.bitmap_index = 7517, .adv_w = 153, .box_w = 9, .box_h = 15, .ofs_x = 0, .ofs_y = 0},
    {.bitmap_index = 7585, .adv_w = 205, .box_w = 11, .box_h = 12, .ofs_x = 1, .ofs_y = 0},
    {.bitmap_index = 7651, .adv_w = 207, .box_w = 13, .box_h = 12, .ofs_x = 0, .ofs_y = 0},
    {.bitmap_index = 7729, .adv_w = 309, .box_w = 19, .box_h = 12, .ofs_x = 0, .ofs_y = 0},
    {.bitmap_index = 7843, .adv_w = 208, .box_w = 13, .box_h = 12, .ofs_x = 0, .ofs_y = 0},
    {.bitmap_index = 7921, .adv_w = 208, .box_w = 13, .box_h = 16, .ofs_x = 0, .ofs_y = -4},
    {.bitmap_index = 8025, .adv_w = 181, .box_w = 11, .box_h = 12, .ofs_x = 0, .ofs_y = 0},
    {.bitmap_index = 8091, .adv_w = 163, .box_w = 10, .box_h = 24, .ofs_x = 0, .ofs_y = -4},
    {.bitmap_index = 8211, .adv_w = 150, .box_w = 3, .box_h = 27, .ofs_x = 3, .ofs_y = -5},
    {.bitmap_index = 8252, .adv_w = 163, .box_w = 10, .box_h = 24, .ofs_x = 0, .ofs_y = -4},
    {.bitmap_index = 8372, .adv_w = 170, .box_w = 9, .box_h = 3, .ofs_x = 1, .ofs_y = 7},
    {.bitmap_index = 8386, .adv_w = 81, .box_w = 0, .box_h = 0, .ofs_x = 0, .ofs_y = 0},
    {.bitmap_index = 8386, .adv_w = 113, .box_w = 5, .box_h = 17, .ofs_x = 1, .ofs_y = -5},
    {.bitmap_index = 8429, .adv_w = 220, .box_w = 12, .box_h = 16, .ofs_x = 1, .ofs_y = -2},
    {.bitmap_index = 8525, .adv_w = 228, .box_w = 12, .box_h = 16, .ofs_x = 1, .ofs_y = 0},
    {.bitmap_index = 8621, .adv_w = 226, .box_w = 13, .box_h = 13, .ofs_x = 1, .ofs_y = 2},
    {.bitmap_index = 8706, .adv_w = 247, .box_w = 15, .box_h = 16, .ofs_x = 0, .ofs_y = 0},
    {.bitmap_index = 8826, .adv_w = 150, .box_w = 3, .box_h = 27, .ofs_x = 3, .ofs_y = -5},
    {.bitmap_index = 8867, .adv_w = 248, .box_w = 15, .box_h = 24, .ofs_x = 0, .ofs_y = -5},
    {.bitmap_index = 9047, .adv_w = 136, .box_w = 10, .box_h = 4, .ofs_x = 0, .ofs_y = 13},
    {.bitmap_index = 9067, .adv_w = 285, .box_w = 17, .box_h = 16, .ofs_x = 0, .ofs_y = 0},
    {.bitmap_index = 9203, .adv_w = 150, .box_w = 8, .box_h = 8, .ofs_x = 1, .ofs_y = 9},
    {.bitmap_index = 9235, .adv_w = 249, .box_w = 15, .box_h = 10, .ofs_x = 0, .ofs_y = 2},
    {.bitmap_index = 9310, .adv_w = 231, .box_w = 12, .box_h = 6, .ofs_x = 1, .ofs_y = 6},
    {.bitmap_index = 9346, .adv_w = 211, .box_w = 9, .box_h = 3, .ofs_x = 2, .ofs_y = 6},
    {.bitmap_index = 9360, .adv_w = 152, .box_w = 9, .box_h = 8, .ofs_x = 0, .ofs_y = 8},
    {.bitmap_index = 9396, .adv_w = 128, .box_w = 8, .box_h = 2, .ofs_x = 0, .ofs_y = 14},
    {.bitmap_index = 9404, .adv_w = 166, .box_w = 9, .box_h = 9, .ofs_x = 1, .ofs_y = 9},
    {.bitmap_index = 9445, .adv_w = 233, .box_w = 10, .box_h = 12, .ofs_x = 2, .ofs_y = 0},
    {.bitmap_index = 9505, .adv_w = 158, .box_w = 8, .box_h = 9, .ofs_x = 1, .ofs_y = 9},
    {.bitmap_index = 9541, .adv_w = 163, .box_w = 8, .box_h = 9, .ofs_x = 1, .ofs_y = 9},
    {.bitmap_index = 9577, .adv_w = 92, .box_w = 5, .box_h = 4, .ofs_x = 0, .ofs_y = 13},
    {.bitmap_index = 9587, .adv_w = 221, .box_w = 14, .box_h = 16, .ofs_x = 0, .ofs_y = -4},
    {.bitmap_index = 9699, .adv_w = 192, .box_w = 11, .box_h = 16, .ofs_x = 0, .ofs_y = 0},
    {.bitmap_index = 9787, .adv_w = 101, .box_w = 5, .box_h = 4, .ofs_x = 1, .ofs_y = 7},
    {.bitmap_index = 9797, .adv_w = 88, .box_w = 6, .box_h = 6, .ofs_x = -1, .ofs_y = -6},
    {.bitmap_index = 9815, .adv_w = 116, .box_w = 6, .box_h = 9, .ofs_x = 0, .ofs_y = 9},
    {.bitmap_index = 9842, .adv_w = 161, .box_w = 8, .box_h = 8, .ofs_x = 1, .ofs_y = 9},
    {.bitmap_index = 9874, .adv_w = 249, .box_w = 15, .box_h = 10, .ofs_x = 0, .ofs_y = 2},
    {.bitmap_index = 9949, .adv_w = 281, .box_w = 19, .box_h = 16, .ofs_x = 0, .ofs_y = 0},
    {.bitmap_index = 10101, .adv_w = 282, .box_w = 19, .box_h = 16, .ofs_x = 0, .ofs_y = 0},
    {.bitmap_index = 10253, .adv_w = 288, .box_w = 21, .box_h = 16, .ofs_x = 0, .ofs_y = 0},
    {.bitmap_index = 10421, .adv_w = 213, .box_w = 12, .box_h = 16, .ofs_x = 1, .ofs_y = -4},
    {.bitmap_index = 10517, .adv_w = 267, .box_w = 16, .box_h = 22, .ofs_x = 0, .ofs_y = 0},
    {.bitmap_index = 10693, .adv_w = 267, .box_w = 16, .box_h = 22, .ofs_x = 0, .ofs_y = 0},
    {.bitmap_index = 10869, .adv_w = 267, .box_w = 16, .box_h = 22, .ofs_x = 0, .ofs_y = 0},
    {.bitmap_index = 11045, .adv_w = 267, .box_w = 16, .box_h = 22, .ofs_x = 0, .ofs_y = 0},
    {.bitmap_index = 11221, .adv_w = 267, .box_w = 16, .box_h = 22, .ofs_x = 0, .ofs_y = 0},
    {.bitmap_index = 11397, .adv_w = 267, .box_w = 16, .box_h = 24, .ofs_x = 0, .ofs_y = 0},
    {.bitmap_index = 11589, .adv_w = 364, .box_w = 22, .box_h = 16, .ofs_x = 0, .ofs_y = 0},
    {.bitmap_index = 11765, .adv_w = 274, .box_w = 17, .box_h = 22, .ofs_x = 0, .ofs_y = -6},
    {.bitmap_index = 11952, .adv_w = 225, .box_w = 12, .box_h = 22, .ofs_x = 1, .ofs_y = 0},
    {.bitmap_index = 12084, .adv_w = 225, .box_w = 12, .box_h = 22, .ofs_x = 1, .ofs_y = 0},
    {.bitmap_index = 12216, .adv_w = 225, .box_w = 12, .box_h = 22, .ofs_x = 1, .ofs_y = 0},
    {.bitmap_index = 12348, .adv_w = 225, .box_w = 12, .box_h = 22, .ofs_x = 1, .ofs_y = 0},
    {.bitmap_index = 12480, .adv_w = 103, .box_w = 6, .box_h = 22, .ofs_x = -1, .ofs_y = 0},
    {.bitmap_index = 12546, .adv_w = 103, .box_w = 6, .box_h = 22, .ofs_x = 1, .ofs_y = 0},
    {.bitmap_index = 12612, .adv_w = 103, .box_w = 9, .box_h = 22, .ofs_x = -1, .ofs_y = 0},
    {.bitmap_index = 12711, .adv_w = 103, .box_w = 9, .box_h = 22, .ofs_x = -1, .ofs_y = 0},
    {.bitmap_index = 12810, .adv_w = 277, .box_w = 17, .box_h = 16, .ofs_x = 0, .ofs_y = 0},
    {.bitmap_index = 12946, .adv_w = 266, .box_w = 14, .box_h = 22, .ofs_x = 1, .ofs_y = 0},
    {.bitmap_index = 13100, .adv_w = 291, .box_w = 18, .box_h = 23, .ofs_x = 0, .ofs_y = 0},
    {.bitmap_index = 13307, .adv_w = 291, .box_w = 18, .box_h = 23, .ofs_x = 0, .ofs_y = 0},
    {.bitmap_index = 13514, .adv_w = 291, .box_w = 18, .box_h = 22, .ofs_x = 0, .ofs_y = 0},
    {.bitmap_index = 13712, .adv_w = 291, .box_w = 18, .box_h = 22, .ofs_x = 0, .ofs_y = 0},
    {.bitmap_index = 13910, .adv_w = 291, .box_w = 18, .box_h = 22, .ofs_x = 0, .ofs_y = 0},
    {.bitmap_index = 14108, .adv_w = 215, .box_w = 9, .box_h = 10, .ofs_x = 2, .ofs_y = 2},
    {.bitmap_index = 14153, .adv_w = 291, .box_w = 18, .box_h = 18, .ofs_x = 0, .ofs_y = -1},
    {.bitmap_index = 14315, .adv_w = 262, .box_w = 14, .box_h = 22, .ofs_x = 1, .ofs_y = 0},
    {.bitmap_index = 14469, .adv_w = 262, .box_w = 14, .box_h = 22, .ofs_x = 1, .ofs_y = 0},
    {.bitmap_index = 14623, .adv_w = 262, .box_w = 14, .box_h = 22, .ofs_x = 1, .ofs_y = 0},
    {.bitmap_index = 14777, .adv_w = 262, .box_w = 14, .box_h = 22, .ofs_x = 1, .ofs_y = 0},
    {.bitmap_index = 14931, .adv_w = 247, .box_w = 15, .box_h = 22, .ofs_x = 0, .ofs_y = 0},
    {.bitmap_index = 15096, .adv_w = 235, .box_w = 13, .box_h = 16, .ofs_x = 1, .ofs_y = 0},
    {.bitmap_index = 15200, .adv_w = 247, .box_w = 13, .box_h = 17, .ofs_x = 1, .ofs_y = 0},
    {.bitmap_index = 15311, .adv_w = 232, .box_w = 13, .box_h = 17, .ofs_x = 1, .ofs_y = 0},
    {.bitmap_index = 15422, .adv_w = 232, .box_w = 13, .box_h = 17, .ofs_x = 1, .ofs_y = 0},
    {.bitmap_index = 15533, .adv_w = 232, .box_w = 13, .box_h = 17, .ofs_x = 1, .ofs_y = 0},
    {.bitmap_index = 15644, .adv_w = 232, .box_w = 13, .box_h = 17, .ofs_x = 1, .ofs_y = 0},
    {.bitmap_index = 15755, .adv_w = 232, .box_w = 13, .box_h = 16, .ofs_x = 1, .ofs_y = 0},
    {.bitmap_index = 15859, .adv_w = 232, .box_w = 13, .box_h = 19, .ofs_x = 1, .ofs_y = 0},
    {.bitmap_index = 15983, .adv_w = 338, .box_w = 19, .box_h = 12, .ofs_x = 1, .ofs_y = 0},
    {.bitmap_index = 16097, .adv_w = 221, .box_w = 12, .box_h = 18, .ofs_x = 1, .ofs_y = -6},
    {.bitmap_index = 16205, .adv_w = 216, .box_w = 12, .box_h = 18, .ofs_x = 1, .ofs_y = 0},
    {.bitmap_index = 16313, .adv_w = 216, .box_w = 12, .box_h = 18, .ofs_x = 1, .ofs_y = 0},
    {.bitmap_index = 16421, .adv_w = 216, .box_w = 12, .box_h = 17, .ofs_x = 1, .ofs_y = 0},
    {.bitmap_index = 16523, .adv_w = 216, .box_w = 12, .box_h = 16, .ofs_x = 1, .ofs_y = 0},
    {.bitmap_index = 16619, .adv_w = 103, .box_w = 6, .box_h = 17, .ofs_x = -1, .ofs_y = 0},
    {.bitmap_index = 16670, .adv_w = 103, .box_w = 6, .box_h = 17, .ofs_x = 1, .ofs_y = 0},
    {.bitmap_index = 16721, .adv_w = 103, .box_w = 9, .box_h = 17, .ofs_x = -1, .ofs_y = 0},
    {.bitmap_index = 16798, .adv_w = 103, .box_w = 9, .box_h = 16, .ofs_x = -1, .ofs_y = 0},
    {.bitmap_index = 16870, .adv_w = 230, .box_w = 13, .box_h = 19, .ofs_x = 1, .ofs_y = 0},
    {.bitmap_index = 16994, .adv_w = 214, .box_w = 11, .box_h = 17, .ofs_x = 1, .ofs_y = 0},
    {.bitmap_index = 17088, .adv_w = 231, .box_w = 13, .box_h = 18, .ofs_x = 1, .ofs_y = 0},
    {.bitmap_index = 17205, .adv_w = 231, .box_w = 13, .box_h = 18, .ofs_x = 1, .ofs_y = 0},
    {.bitmap_index = 17322, .adv_w = 231, .box_w = 13, .box_h = 17, .ofs_x = 1, .ofs_y = 0},
    {.bitmap_index = 17433, .adv_w = 231, .box_w = 13, .box_h = 17, .ofs_x = 1, .ofs_y = 0},
    {.bitmap_index = 17544, .adv_w = 231, .box_w = 13, .box_h = 16, .ofs_x = 1, .ofs_y = 0},
    {.bitmap_index = 17648, .adv_w = 246, .box_w = 11, .box_h = 12, .ofs_x = 2, .ofs_y = 1},
    {.bitmap_index = 17714, .adv_w = 230, .box_w = 13, .box_h = 14, .ofs_x = 1, .ofs_y = -1},
    {.bitmap_index = 17805, .adv_w = 210, .box_w = 11, .box_h = 18, .ofs_x = 1, .ofs_y = 0},
    {.bitmap_index = 17904, .adv_w = 210, .box_w = 11, .box_h = 18, .ofs_x = 1, .ofs_y = 0},
    {.bitmap_index = 18003, .adv_w = 210, .box_w = 11, .box_h = 17, .ofs_x = 1, .ofs_y = 0},
    {.bitmap_index = 18097, .adv_w = 210, .box_w = 11, .box_h = 16, .ofs_x = 1, .ofs_y = 0},
    {.bitmap_index = 18185, .adv_w = 208, .box_w = 13, .box_h = 22, .ofs_x = 0, .ofs_y = -4},
    {.bitmap_index = 18328, .adv_w = 233, .box_w = 13, .box_h = 21, .ofs_x = 1, .ofs_y = -4},
    {.bitmap_index = 18465, .adv_w = 208, .box_w = 13, .box_h = 20, .ofs_x = 0, .ofs_y = -4},
    {.bitmap_index = 18595, .adv_w = 267, .box_w = 16, .box_h = 22, .ofs_x = 0, .ofs_y = 0},
    {.bitmap_index = 18771, .adv_w = 232, .box_w = 13, .box_h = 17, .ofs_x = 1, .ofs_y = 0},
    {.bitmap_index = 18882, .adv_w = 277, .box_w = 17, .box_h = 16, .ofs_x = 0, .ofs_y = 0},
    {.bitmap_index = 19018, .adv_w = 238, .box_w = 14, .box_h = 17, .ofs_x = 1, .ofs_y = 0},
    {.bitmap_index = 19137, .adv_w = 103, .box_w = 8, .box_h = 22, .ofs_x = -1, .ofs_y = 0},
    {.bitmap_index = 19225, .adv_w = 103, .box_w = 8, .box_h = 17, .ofs_x = -1, .ofs_y = 0},
    {.bitmap_index = 19293, .adv_w = 262, .box_w = 14, .box_h = 22, .ofs_x = 1, .ofs_y = 0},
    {.bitmap_index = 19447, .adv_w = 210, .box_w = 11, .box_h = 17, .ofs_x = 1, .ofs_y = 0},
    {.bitmap_index = 19541, .adv_w = 291, .box_w = 18, .box_h = 20, .ofs_x = 0, .ofs_y = 0},
    {.bitmap_index = 19721, .adv_w = 232, .box_w = 13, .box_h = 15, .ofs_x = 1, .ofs_y = 0},
    {.bitmap_index = 19819, .adv_w = 262, .box_w = 17, .box_h = 20, .ofs_x = 1, .ofs_y = 0},
    {.bitmap_index = 19989, .adv_w = 207, .box_w = 13, .box_h = 14, .ofs_x = 1, .ofs_y = 0},
    {.bitmap_index = 20080, .adv_w = 267, .box_w = 16, .box_h = 22, .ofs_x = 0, .ofs_y = -6},
    {.bitmap_index = 20256, .adv_w = 232, .box_w = 13, .box_h = 18, .ofs_x = 1, .ofs_y = -6},
    {.bitmap_index = 20373, .adv_w = 267, .box_w = 16, .box_h = 23, .ofs_x = 0, .ofs_y = 0},
    {.bitmap_index = 20557, .adv_w = 232, .box_w = 13, .box_h = 19, .ofs_x = 1, .ofs_y = 0},
    {.bitmap_index = 20681, .adv_w = 267, .box_w = 16, .box_h = 25, .ofs_x = 0, .ofs_y = 0},
    {.bitmap_index = 20881, .adv_w = 232, .box_w = 14, .box_h = 21, .ofs_x = 1, .ofs_y = 0},
    {.bitmap_index = 21028, .adv_w = 267, .box_w = 16, .box_h = 25, .ofs_x = 0, .ofs_y = 0},
    {.bitmap_index = 21228, .adv_w = 232, .box_w = 13, .box_h = 21, .ofs_x = 1, .ofs_y = 0},
    {.bitmap_index = 21365, .adv_w = 267, .box_w = 16, .box_h = 26, .ofs_x = 0, .ofs_y = 0},
    {.bitmap_index = 21573, .adv_w = 232, .box_w = 14, .box_h = 21, .ofs_x = 1, .ofs_y = 0},
    {.bitmap_index = 21720, .adv_w = 267, .box_w = 16, .box_h = 26, .ofs_x = 0, .ofs_y = 0},
    {.bitmap_index = 21928, .adv_w = 232, .box_w = 13, .box_h = 21, .ofs_x = 1, .ofs_y = 0},
    {.bitmap_index = 22065, .adv_w = 267, .box_w = 16, .box_h = 28, .ofs_x = 0, .ofs_y = -6},
    {.bitmap_index = 22289, .adv_w = 232, .box_w = 13, .box_h = 23, .ofs_x = 1, .ofs_y = -6},
    {.bitmap_index = 22439, .adv_w = 267, .box_w = 16, .box_h = 27, .ofs_x = 0, .ofs_y = 0},
    {.bitmap_index = 22655, .adv_w = 232, .box_w = 13, .box_h = 21, .ofs_x = 1, .ofs_y = 0},
    {.bitmap_index = 22792, .adv_w = 267, .box_w = 16, .box_h = 27, .ofs_x = 0, .ofs_y = 0},
    {.bitmap_index = 23008, .adv_w = 232, .box_w = 13, .box_h = 21, .ofs_x = 1, .ofs_y = 0},
    {.bitmap_index = 23145, .adv_w = 267, .box_w = 16, .box_h = 27, .ofs_x = 0, .ofs_y = 0},
    {.bitmap_index = 23361, .adv_w = 232, .box_w = 13, .box_h = 23, .ofs_x = 1, .ofs_y = 0},
    {.bitmap_index = 23511, .adv_w = 267, .box_w = 16, .box_h = 26, .ofs_x = 0, .ofs_y = 0},
    {.bitmap_index = 23719, .adv_w = 232, .box_w = 13, .box_h = 21, .ofs_x = 1, .ofs_y = 0},
    {.bitmap_index = 23856, .adv_w = 267, .box_w = 16, .box_h = 28, .ofs_x = 0, .ofs_y = -6},
    {.bitmap_index = 24080, .adv_w = 232, .box_w = 13, .box_h = 23, .ofs_x = 1, .ofs_y = -6},
    {.bitmap_index = 24230, .adv_w = 225, .box_w = 12, .box_h = 22, .ofs_x = 1, .ofs_y = -6},
    {.bitmap_index = 24362, .adv_w = 216, .box_w = 12, .box_h = 17, .ofs_x = 1, .ofs_y = -5},
    {.bitmap_index = 24464, .adv_w = 225, .box_w = 12, .box_h = 23, .ofs_x = 1, .ofs_y = 0},
    {.bitmap_index = 24602, .adv_w = 216, .box_w = 12, .box_h = 19, .ofs_x = 1, .ofs_y = 0},
    {.bitmap_index = 24716, .adv_w = 225, .box_w = 12, .box_h = 22, .ofs_x = 1, .ofs_y = 0},
    {.bitmap_index = 24848, .adv_w = 216, .box_w = 12, .box_h = 17, .ofs_x = 1, .ofs_y = 0},
    {.bitmap_index = 24950, .adv_w = 225, .box_w = 14, .box_h = 25, .ofs_x = 1, .ofs_y = 0},
    {.bitmap_index = 25125, .adv_w = 216, .box_w = 14, .box_h = 20, .ofs_x = 1, .ofs_y = 0},
    {.bitmap_index = 25265, .adv_w = 225, .box_w = 12, .box_h = 25, .ofs_x = 1, .ofs_y = 0},
    {.bitmap_index = 25415, .adv_w = 216, .box_w = 12, .box_h = 20, .ofs_x = 1, .ofs_y = 0},
    {.bitmap_index = 25535, .adv_w = 225, .box_w = 14, .box_h = 26, .ofs_x = 1, .ofs_y = 0},
    {.bitmap_index = 25717, .adv_w = 216, .box_w = 13, .box_h = 22, .ofs_x = 1, .ofs_y = 0},
    {.bitmap_index = 25860, .adv_w = 225, .box_w = 12, .box_h = 26, .ofs_x = 1, .ofs_y = 0},
    {.bitmap_index = 26016, .adv_w = 216, .box_w = 12, .box_h = 21, .ofs_x = 1, .ofs_y = 0},
    {.bitmap_index = 26142, .adv_w = 225, .box_w = 12, .box_h = 28, .ofs_x = 1, .ofs_y = -6},
    {.bitmap_index = 26310, .adv_w = 216, .box_w = 12, .box_h = 22, .ofs_x = 1, .ofs_y = -5},
    {.bitmap_index = 26442, .adv_w = 103, .box_w = 6, .box_h = 23, .ofs_x = 0, .ofs_y = 0},
    {.bitmap_index = 26511, .adv_w = 103, .box_w = 7, .box_h = 19, .ofs_x = 0, .ofs_y = 0},
    {.bitmap_index = 26578, .adv_w = 103, .box_w = 4, .box_h = 22, .ofs_x = 1, .ofs_y = -6},
    {.bitmap_index = 26622, .adv_w = 103, .box_w = 5, .box_h = 23, .ofs_x = 1, .ofs_y = -6},
    {.bitmap_index = 26680, .adv_w = 291, .box_w = 18, .box_h = 21, .ofs_x = 0, .ofs_y = -5},
    {.bitmap_index = 26869, .adv_w = 231, .box_w = 13, .box_h = 17, .ofs_x = 1, .ofs_y = -5},
    {.bitmap_index = 26980, .adv_w = 291, .box_w = 18, .box_h = 24, .ofs_x = 0, .ofs_y = 0},
    {.bitmap_index = 27196, .adv_w = 231, .box_w = 13, .box_h = 19, .ofs_x = 1, .ofs_y = 0},
    {.bitmap_index = 27320, .adv_w = 291, .box_w = 18, .box_h = 26, .ofs_x = 0, .ofs_y = 0},
    {.bitmap_index = 27554, .adv_w = 231, .box_w = 14, .box_h = 20, .ofs_x = 1, .ofs_y = 0},
    {.bitmap_index = 27694, .adv_w = 291, .box_w = 18, .box_h = 26, .ofs_x = 0, .ofs_y = 0},
    {.bitmap_index = 27928, .adv_w = 231, .box_w = 13, .box_h = 20, .ofs_x = 1, .ofs_y = 0},
    {.bitmap_index = 28058, .adv_w = 291, .box_w = 18, .box_h = 26, .ofs_x = 0, .ofs_y = 0},
    {.bitmap_index = 28292, .adv_w = 231, .box_w = 13, .box_h = 22, .ofs_x = 1, .ofs_y = 0},
    {.bitmap_index = 28435, .adv_w = 291, .box_w = 18, .box_h = 26, .ofs_x = 0, .ofs_y = 0},
    {.bitmap_index = 28669, .adv_w = 231, .box_w = 13, .box_h = 21, .ofs_x = 1, .ofs_y = 0},
    {.bitmap_index = 28806, .adv_w = 291, .box_w = 18, .box_h = 27, .ofs_x = 0, .ofs_y = -5},
    {.bitmap_index = 29049, .adv_w = 231, .box_w = 13, .box_h = 22, .ofs_x = 1, .ofs_y = -5},
    {.bitmap_index = 29192, .adv_w = 291, .box_w = 18, .box_h = 22, .ofs_x = 0, .ofs_y = 0},
    {.bitmap_index = 29390, .adv_w = 231, .box_w = 13, .box_h = 18, .ofs_x = 1, .ofs_y = 0},
    {.bitmap_index = 29507, .adv_w = 291, .box_w = 18, .box_h = 22, .ofs_x = 0, .ofs_y = 0},
    {.bitmap_index = 29705, .adv_w = 231, .box_w = 13, .box_h = 18, .ofs_x = 1, .ofs_y = 0},
    {.bitmap_index = 29822, .adv_w = 291, .box_w = 18, .box_h = 24, .ofs_x = 0, .ofs_y = 0},
    {.bitmap_index = 30038, .adv_w = 231, .box_w = 13, .box_h = 19, .ofs_x = 1, .ofs_y = 0},
    {.bitmap_index = 30162, .adv_w = 291, .box_w = 18, .box_h = 22, .ofs_x = 0, .ofs_y = 0},
    {.bitmap_index = 30360, .adv_w = 229, .box_w = 13, .box_h = 17, .ofs_x = 1, .ofs_y = 0},
    {.bitmap_index = 30471, .adv_w = 291, .box_w = 18, .box_h = 25, .ofs_x = 0, .ofs_y = -5},
    {.bitmap_index = 30696, .adv_w = 231, .box_w = 13, .box_h = 20, .ofs_x = 1, .ofs_y = -5},
    {.bitmap_index = 30826, .adv_w = 262, .box_w = 14, .box_h = 21, .ofs_x = 1, .ofs_y = -5},
    {.bitmap_index = 30973, .adv_w = 210, .box_w = 11, .box_h = 17, .ofs_x = 1, .ofs_y = -5},
    {.bitmap_index = 31067, .adv_w = 262, .box_w = 14, .box_h = 24, .ofs_x = 1, .ofs_y = 0},
    {.bitmap_index = 31235, .adv_w = 210, .box_w = 11, .box_h = 19, .ofs_x = 1, .ofs_y = 0},
    {.bitmap_index = 31340, .adv_w = 262, .box_w = 17, .box_h = 22, .ofs_x = 1, .ofs_y = 0},
    {.bitmap_index = 31527, .adv_w = 210, .box_w = 14, .box_h = 18, .ofs_x = 1, .ofs_y = 0},
    {.bitmap_index = 31653, .adv_w = 262, .box_w = 17, .box_h = 22, .ofs_x = 1, .ofs_y = 0},
    {.bitmap_index = 31840, .adv_w = 210, .box_w = 14, .box_h = 18, .ofs_x = 1, .ofs_y = 0},
    {.bitmap_index = 31966, .adv_w = 262, .box_w = 17, .box_h = 24, .ofs_x = 1, .ofs_y = 0},
    {.bitmap_index = 32170, .adv_w = 210, .box_w = 14, .box_h = 19, .ofs_x = 1, .ofs_y = 0},
    {.bitmap_index = 32303, .adv_w = 262, .box_w = 17, .box_h = 22, .ofs_x = 1, .ofs_y = 0},
    {.bitmap_index = 32490, .adv_w = 210, .box_w = 14, .box_h = 17, .ofs_x = 1, .ofs_y = 0},
    {.bitmap_index = 32609, .adv_w = 262, .box_w = 17, .box_h = 25, .ofs_x = 1, .ofs_y = -5},
    {.bitmap_index = 32822, .adv_w = 210, .box_w = 14, .box_h = 19, .ofs_x = 1, .ofs_y = -5},
    {.bitmap_index = 32955, .adv_w = 247, .box_w = 15, .box_h = 22, .ofs_x = 0, .ofs_y = 0},
    {.bitmap_index = 33120, .adv_w = 208, .box_w = 13, .box_h = 22, .ofs_x = 0, .ofs_y = -4},
    {.bitmap_index = 33263, .adv_w = 247, .box_w = 15, .box_h = 22, .ofs_x = 0, .ofs_y = -6},
    {.bitmap_index = 33428, .adv_w = 208, .box_w = 13, .box_h = 17, .ofs_x = 0, .ofs_y = -5},
    {.bitmap_index = 33539, .adv_w = 247, .box_w = 15, .box_h = 23, .ofs_x = 0, .ofs_y = 0},
    {.bitmap_index = 33712, .adv_w = 208, .box_w = 13, .box_h = 23, .ofs_x = 0, .ofs_y = -4},
    {.bitmap_index = 33862, .adv_w = 247, .box_w = 15, .box_h = 22, .ofs_x = 0, .ofs_y = 0},
    {.bitmap_index = 34027, .adv_w = 208, .box_w = 13, .box_h = 21, .ofs_x = 0, .ofs_y = -4},
    {.bitmap_index = 34164, .adv_w = 245, .box_w = 11, .box_h = 3, .ofs_x = 2, .ofs_y = 6},
    {.bitmap_index = 34181, .adv_w = 306, .box_w = 15, .box_h = 3, .ofs_x = 2, .ofs_y = 6},
    {.bitmap_index = 34204, .adv_w = 95, .box_w = 5, .box_h = 7, .ofs_x = 0, .ofs_y = 9},
    {.bitmap_index = 34222, .adv_w = 80, .box_w = 5, .box_h = 7, .ofs_x = 0, .ofs_y = 9},
    {.bitmap_index = 34240, .adv_w = 106, .box_w = 5, .box_h = 7, .ofs_x = 1, .ofs_y = -3},
    {.bitmap_index = 34258, .adv_w = 148, .box_w = 10, .box_h = 7, .ofs_x = -1, .ofs_y = 9},
    {.bitmap_index = 34293, .adv_w = 155, .box_w = 9, .box_h = 7, .ofs_x = 1, .ofs_y = 9},
    {.bitmap_index = 34325, .adv_w = 288, .box_w = 16, .box_h = 4, .ofs_x = 1, .ofs_y = 0}
};

/*---------------------
 *  CHARACTER MAPPING
 *--------------------*/

static const uint16_t unicode_list_2[] = {
    0x0, 0x1, 0xe, 0xf, 0x26, 0x27, 0x66, 0x67,
    0x9e, 0x9f, 0xad, 0xae
};

static const uint16_t unicode_list_4[] = {
    0x0, 0x1, 0x5, 0x6, 0x7, 0x9, 0xa, 0x13
};

/*Collect the unicode lists and glyph_id offsets*/
static const lv_font_fmt_txt_cmap_t cmaps[] =
{
    {
        .range_start = 32, .range_length = 95, .glyph_id_start = 1,
        .unicode_list = NULL, .glyph_id_ofs_list = NULL, .list_length = 0, .type = LV_FONT_FMT_TXT_CMAP_FORMAT0_TINY
    },
    {
        .range_start = 160, .range_length = 96, .glyph_id_start = 96,
        .unicode_list = NULL, .glyph_id_ofs_list = NULL, .list_length = 0, .type = LV_FONT_FMT_TXT_CMAP_FORMAT0_TINY
    },
    {
        .range_start = 258, .range_length = 175, .glyph_id_start = 192,
        .unicode_list = unicode_list_2, .glyph_id_ofs_list = NULL, .list_length = 12, .type = LV_FONT_FMT_TXT_CMAP_SPARSE_TINY
    },
    {
        .range_start = 7840, .range_length = 90, .glyph_id_start = 204,
        .unicode_list = NULL, .glyph_id_ofs_list = NULL, .list_length = 0, .type = LV_FONT_FMT_TXT_CMAP_FORMAT0_TINY
    },
    {
        .range_start = 8211, .range_length = 20, .glyph_id_start = 294,
        .unicode_list = unicode_list_4, .glyph_id_ofs_list = NULL, .list_length = 8, .type = LV_FONT_FMT_TXT_CMAP_SPARSE_TINY
    }
};

/*-----------------
 *    KERNING
 *----------------*/


/*Map glyph_ids to kern left classes*/
static const uint8_t kern_left_class_mapping[] =
{
    0, 0, 0, 1, 2, 3, 4, 0,
    1, 0, 4, 0, 0, 5, 0, 5,
    6, 7, 0, 8, 9, 10, 11, 12,
    13, 14, 15, 0, 0, 0, 0, 16,
    0, 0, 17, 9, 18, 4, 19, 20,
    0, 21, 21, 22, 23, 24, 21, 21,
    4, 25, 0, 26, 3, 27, 22, 28,
    28, 29, 30, 31, 0, 32, 0, 0,
    0, 0, 33, 34, 35, 21, 34, 36,
    37, 38, 39, 40, 41, 21, 38, 38,
    34, 34, 42, 43, 44, 45, 46, 47,
    47, 48, 49, 50, 0, 0, 0, 0,
    0, 0, 0, 3, 0, 30, 0, 3,
    0, 0, 0, 0, 0, 0, 0, 0,
    0, 0, 0, 0, 0, 51, 0, 0,
    0, 0, 0, 0, 0, 0, 0, 0,
    17, 17, 17, 17, 17, 17, 19, 4,
    19, 19, 19, 19, 21, 21, 21, 21,
    4, 21, 4, 4, 4, 4, 4, 0,
    4, 22, 22, 22, 22, 30, 0, 9,
    33, 33, 33, 33, 33, 33, 34, 52,
    34, 34, 34, 34, 39, 39, 39, 39,
    53, 38, 34, 34, 34, 34, 34, 0,
    0, 46, 46, 46, 46, 49, 34, 49,
    17, 33, 4, 53, 21, 39, 22, 46,
    4, 54, 55, 56, 17, 33, 17, 33,
    17, 33, 17, 33, 17, 33, 17, 33,
    17, 33, 17, 33, 17, 33, 17, 33,
    17, 33, 17, 33, 19, 34, 19, 34,
    19, 34, 19, 34, 19, 34, 19, 34,
    19, 34, 19, 34, 21, 39, 21, 39,
    4, 34, 4, 34, 4, 34, 4, 34,
    4, 34, 4, 34, 4, 34, 4, 54,
    4, 54, 4, 54, 4, 54, 4, 54,
    22, 46, 22, 46, 55, 56, 55, 56,
    55, 56, 55, 56, 55, 56, 30, 49,
    30, 49, 30, 49, 30, 49, 0, 0,
    0, 57, 0, 0, 0, 0
};

/*Map glyph_ids to kern right classes*/
static const uint8_t kern_right_class_mapping[] =
{
    0, 0, 1, 2, 3, 4, 5, 0,
    6, 5, 7, 8, 0, 9, 0, 9,
    10, 11, 12, 13, 14, 15, 16, 17,
    18, 19, 20, 0, 0, 0, 0, 21,
    22, 0, 23, 24, 5, 25, 24, 24,
    5, 24, 24, 26, 24, 24, 24, 24,
    5, 24, 5, 24, 4, 27, 28, 29,
    29, 30, 31, 32, 0, 33, 0, 0,
    0, 0, 17, 24, 17, 17, 17, 34,
    17, 24, 35, 36, 24, 24, 37, 37,
    17, 37, 17, 38, 39, 40, 41, 42,
    42, 43, 44, 45, 0, 0, 46, 0,
    0, 0, 0, 4, 0, 31, 0, 4,
    0, 0, 0, 0, 0, 0, 0, 0,
    0, 0, 0, 0, 0, 41, 0, 0,
    0, 0, 0, 0, 0, 0, 0, 0,
    23, 23, 23, 23, 23, 23, 23, 5,
    24, 24, 24, 24, 24, 24, 24, 24,
    0, 24, 5, 5, 5, 5, 5, 0,
    5, 28, 28, 28, 28, 31, 24, 24,
    17, 17, 17, 17, 17, 17, 47, 17,
    17, 17, 17, 17, 48, 35, 35, 35,
    17, 35, 17, 17, 17, 17, 17, 0,
    0, 41, 41, 41, 41, 44, 24, 44,
    23, 17, 0, 17, 24, 49, 28, 41,
    5, 17, 28, 41, 23, 17, 23, 17,
    23, 17, 23, 17, 23, 17, 23, 17,
    23, 17, 23, 17, 23, 17, 23, 17,
    23, 17, 23, 17, 24, 17, 24, 17,
    24, 17, 24, 17, 24, 17, 24, 17,
    24, 17, 24, 17, 24, 35, 24, 35,
    5, 17, 5, 17, 5, 17, 5, 17,
    5, 17, 5, 17, 5, 17, 5, 17,
    5, 17, 5, 17, 5, 17, 5, 17,
    28, 41, 28, 41, 28, 41, 28, 41,
    28, 41, 28, 41, 28, 41, 31, 44,
    31, 44, 31, 44, 31, 44, 0, 0,
    0, 0, 0, 0, 0, 0
};

/*Kern values between classes*/
static const int8_t kern_class_values[] =
{
    0, 0, 0, 0, 0, 0, 0, 0,
    0, 0, 0, 0, 0, 0, 0, 0,
    0, 11, 0, 0, 0, 0, -14, 0,
    0, 0, 0, 0, 0, 0, 13, 0,
    0, 0, 0, 0, 0, 0, 0, 0,
    0, 0, 0, 0, 0, 0, 0, 0,
    0, 0, 0, 0, 0, 0, 0, 0,
    0, 0, 0, 0, 0, 0, 0, 0,
    0, 0, 0, 0, 0, 0, 0, -20,
    0, 0, 0, 0, 0, 0, 0, 0,
    0, 0, 0, 0, 0, 0, 0, 0,
    0, 0, 0, 0, 0, 0, 0, 0,
    0, 0, 0, 0, 0, 3, 5, 0,
    0, 0, 0, 0, 5, 0, 0, 0,
    0, 0, 0, 3, 3, 0, 0, 0,
    -8, 0, 1, 0, -7, 0, -5, 0,
    -10, 0, 0, 0, 0, 0, 0, 0,
    0, 0, 0, 0, -2, -2, 0, 0,
    0, 0, 0, 0, 0, 0, 0, 0,
    0, 0, 0, 0, 0, 0, 0, 0,
    0, 0, 0, 0, -2, 0, 0, 0,
    0, -14, 0, 0, -17, -19, 0, -7,
    -13, -16, 0, 0, 0, 0, -14, 0,
    0, 0, 0, 0, 0, 0, 0, 0,
    0, 0, 0, 0, 0, 0, 0, 0,
    0, 0, 0, 0, -10, 0, 0, 0,
    0, 0, 0, 0, 0, 0, 0, 0,
    9, 0, 0, 0, 0, 0, -36, 0,
    0, 0, 0, 0, 0, 0, 0, 0,
    0, 0, 0, 0, 0, 0, 0, 0,
    0, 0, 0, 0, 0, 0, 0, 0,
    0, 0, 0, 0, 0, 0, -49, 0,
    0, -11, -11, -13, 0, -13, 24, -8,
    0, 0, 0, 0, 0, 0, 0, 14,
    0, 18, 0, 18, 0, 0, 0, 0,
    0, 0, 0, 0, 0, 0, 0, 0,
    0, 0, 0, 0, 0, 0, 0, 0,
    0, 0, 0, 0, 0, 0, 0, 0,
    0, 0, 0, 0, 0, 0, 0, -2,
    0, 0, 0, 0, -14, 0, 0, -17,
    -18, 0, -7, -13, -16, 0, 0, 0,
    0, -14, 0, 0, 0, 0, 0, 0,
    0, 0, 0, 0, 0, 0, 0, 0,
    0, 0, 0, 0, 0, 0, 0, 0,
    0, 0, 0, 0, 0, -6, 0, 0,
    -1, 0, 0, 0, 0, 0, 0, 0,
    0, 0, 0, 0, 0, 0, 0, 0,
    0, 0, 0, 0, 0, 0, 0, 0,
    0, 0, 0, 0, 0, 0, 0, 0,
    0, 0, 0, 0, -4, 0, 0, 0,
    0, -8, -4, 0, 0, 0, 0, 0,
    0, 0, 0, 0, 0, 0, -2, 0,
    0, 0, -11, 0, -12, -10, -17, 0,
    0, 0, 0, -15, 0, 0, 0, 0,
    0, 0, -6, -5, 0, 0, 0, 0,
    0, 0, 0, 0, 0, 0, 0, 0,
    0, 0, 0, 0, 0, -4, 0, 0,
    0, 0, -13, 4, 0, 0, 0, -4,
    6, 0, 0, -24, 0, -19, -17, -19,
    0, 0, 0, 0, 0, 0, 0, 0,
    0, 0, 0, 0, 0, 0, 0, 0,
    0, 0, 0, 0, 0, 0, 0, 0,
    0, 0, 0, 0, 0, 0, 0, 0,
    0, 0, 0, 0, 0, -4, 0, 0,
    0, 0, 0, 0, 0, 0, 0, 0,
    0, 0, 0, 0, 0, 0, 0, 0,
    0, 0, 0, 0, 0, 0, 0, 0,
    0, 0, 0, 0, 0, 0, 0, 0,
    0, 0, 0, 0, 0, 0, 0, 0,
    0, 0, 0, 0, -6, 0, -7, 0,
    0, 0, 0, 0, 0, 0, 0, 0,
    0, 0, 0, 0, 0, 0, 0, 0,
    0, 0, 0, 0, 0, 0, 0, 0,
    0, 0, 0, 0, 0, 0, 0, 0,
    -11, 0, 0, 0, 0, -17, -11, 4,
    -4, -6, -27, 0, -20, 8, 0, 4,
    0, 0, -23, 0, 8, -35, 7, 0,
    0, 0, 9, 0, 0, 0, -11, 0,
    0, -18, -18, 0, -18, -11, -11, -18,
    -11, 0, -20, -11, -11, 0, 0, 0,
    0, 0, 0, 0, 0, 0, 0, 0,
    0, 0, 0, 0, 0, 0, -1, 0,
    0, 0, 0, 0, 0, 0, 0, 0,
    0, 0, 0, 0, 0, 0, 0, 0,
    0, 0, 0, 0, 0, 0, 0, 0,
    0, 0, 0, 0, 0, 0, 0, 0,
    0, 0, 0, 0, 0, 0, 0, 0,
    0, 0, 0, 0, 0, 0, 0, 6,
    0, 0, 0, 0, -11, 0, 6, 0,
    0, 0, 0, 0, 0, 0, 0, 0,
    0, 0, 0, 3, 0, 7, 0, 0,
    0, 0, 0, 0, 0, 0, 0, 0,
    0, 0, 0, 0, 0, 0, 0, -14,
    0, 0, 0, 0, 0, 0, 0, 0,
    0, 0, 0, 0, 0, 0, 0, 0,
    -29, 0, 0, 0, 0, 0, 0, 0,
    0, 0, 0, 0, 0, 0, 0, 0,
    0, 0, 0, 0, 0, 0, 0, 0,
    0, -14, -4, -8, -13, -14, 0, 0,
    0, 0, -13, 0, 0, 0, 0, 0,
    -6, 0, 0, -3, 0, 0, 0, 0,
    0, 0, -34, 0, -30, 0, -32, 0,
    0, -15, 0, 0, 0, 0, 0, -2,
    -6, -21, 0, -20, 0, 0, -2, 0,
    0, 0, 0, 0, 0, 0, 0, 0,
    0, 0, 0, 0, 0, 0, 0, 0,
    0, 0, -2, 0, 0, 0, 0, -14,
    0, 0, -17, -19, 0, 1, -13, -16,
    0, 0, 0, 0, -14, 0, 0, 0,
    0, 0, 0, 0, 0, 0, 0, 0,
    0, 0, 0, 0, 0, -2, -3, 0,
    0, 0, 0, 0, -3, 0, 0, 0,
    0, 0, -4, 0, 0, 0, 0, 0,
    0, 0, 0, 0, 0, 0, 0, 0,
    0, 0, 0, 0, 0, 0, 0, 0,
    0, 0, 0, 0, 0, 0, 0, 0,
    0, 0, 0, 0, 0, 0, 0, -10,
    0, 0, 0, 0, 0, -10, 0, -13,
    0, -20, 0, -19, 0, 0, 0, 0,
    0, -30, 0, 0, -40, 0, 0, 0,
    0, 6, 0, 0, 0, 0, 0, 0,
    -16, 0, 0, 0, 0, 0, 0, -18,
    0, -18, 0, 0, 0, 0, 0, 0,
    0, 0, 0, 0, 0, 0, 0, 0,
    2, 8, 8, 0, -1, 0, 4, 6,
    0, 0, 0, 0, 0, 0, 0, 0,
    0, 0, 0, 0, 0, 0, 0, -4,
    0, 0, 0, 0, 0, 0, 0, 0,
    0, 0, 0, 0, 0, 0, 0, 0,
    0, 0, 0, 0, 0, 0, 0, 0,
    0, 0, 0, 0, 0, 0, 0, 0,
    0, 0, 0, -7, 0, 1, 0, 0,
    0, 4, 0, 6, 0, 0, 0, 0,
    0, 0, 0, 0, 0, 0, 0, 0,
    0, 0, 0, 0, 0, 0, 0, 0,
    0, -12, -21, 0, 0, 0, 0, 0,
    -21, 0, 0, 0, -20, 0, -16, 0,
    0, 0, 0, 0, 0, 0, 0, 0,
    0, 0, 0, 0, 0, 0, 0, 0,
    0, 0, 0, 0, 0, -15, -18, -15,
    0, -23, 0, 0, -10, 0, 0, 0,
    0, 0, 0, -19, 0, 0, 0, 0,
    0, -19, 0, 0, 0, -22, 0, -11,
    0, 0, 0, 0, 0, 0, 0, 0,
    0, -56, 0, -39, 0, -54, 0, 0,
    0, 0, 0, 0, 0, 0, 0, -6,
    -27, 0, -18, 0, 0, 0, 0, 0,
    0, 0, 0, 0, 0, 0, 0, 0,
    0, 0, 0, 0, 0, 0, 0, 0,
    -8, 0, 0, 0, 0, 0, -26, 0,
    0, -33, -8, 0, 0, 0, 0, 0,
    0, 0, 0, -2, 0, 0, 0, 0,
    0, 0, 0, 0, 0, 0, -4, 0,
    0, 0, 0, 0, -5, -10, 0, 0,
    0, 0, 0, -10, 0, 0, 0, -16,
    0, -18, -9, 0, 0, 0, 0, 0,
    0, 0, 0, -12, -9, -12, 0, -14,
    0, 0, 0, 0, 0, 0, 0, 0,
    0, -19, -6, 0, -6, 0, 0, 0,
    0, 0, 0, 0, 0, -8, -19, 0,
    0, 0, -36, -22, -18, 0, 0, 0,
    -34, 0, -34, 7, 0, 0, 0, 0,
    -32, 0, -2, -46, 0, 0, 0, 0,
    2, 0, 0, 0, 0, 0, -21, -20,
    -8, 0, -28, -37, -32, -27, -32, 0,
    -29, 0, 6, 0, 0, 0, 0, -7,
    0, 0, 0, 0, -44, -7, 0, 0,
    0, -23, 0, -19, 0, 0, 0, 0,
    0, -29, 0, 4, -39, 0, 0, 6,
    0, 7, 0, 0, 0, 0, 0, -11,
    0, -20, 0, -14, 0, 0, -7, 0,
    0, -23, 15, 0, 0, 0, 0, 0,
    -13, 0, 0, 0, 0, 0, -13, 0,
    0, 0, -17, 0, -14, 0, 0, 0,
    0, 0, 0, 0, 0, 0, 0, 0,
    0, 0, 0, 0, 0, 0, 0, 0,
    0, 0, 0, 0, -12, 0, 0, -13,
    0, 0, 0, 0, 0, 0, 0, 0,
    -10, -11, 0, 0, 0, 0, -36, -11,
    0, 0, 0, -39, 0, -37, 0, 0,
    -14, 0, 0, -32, 0, -3, -43, 2,
    0, 7, 0, 0, 0, 0, 0, -3,
    -2, -25, 0, 0, 0, -32, -19, 0,
    0, 0, 0, -30, -3, -3, 0, 0,
    0, 0, 0, 0, 0, 0, 0, 0,
    0, 0, 0, 0, 0, 0, 0, 0,
    0, 0, 0, 0, 0, 0, 0, 0,
    0, 0, 0, 0, 0, 0, 0, 0,
    0, 0, 0, 0, 0, 0, -6, 0,
    0, 0, 0, 0, 0, 0, 0, 0,
    0, 0, 0, 0, 0, 0, 0, 0,
    0, 0, 0, 0, 0, 0, 0, 0,
    0, 0, 0, 0, 0, 0, 0, 0,
    0, 0, 0, 0, 0, 0, 0, -49,
    0, 0, 0, 0, 0, 0, 0, 0,
    0, 0, 0, 0, 0, 0, 0, 0,
    0, 0, 0, 0, 0, 0, 0, 0,
    0, 0, 0, 0, 0, 0, 0, 0,
    1, 0, 0, 0, 0, 0, 0, 1,
    0, 0, -17, 0, -11, 0, -15, 0,
    0, -4, 1, 3, 1, 0, 0, -4,
    1, -7, 0, -5, 0, 0, 0, 1,
    1, 0, 0, 0, 0, -1, 0, 0,
    0, 0, 0, -1, 0, 0, 0, 0,
    0, -2, -7, 0, 0, 0, 0, -4,
    -1, 0, 0, -32, 0, -17, -14, -32,
    0, 0, -3, 0, -4, -1, 0, 0,
    -4, 0, -8, -11, -11, 0, 0, -2,
    0, 0, 0, 0, 0, 0, 0, 0,
    0, 0, 0, 0, 0, 0, 0, 0,
    0, 0, -1, 0, 0, 0, 0, 0,
    0, 0, 0, 0, -32, 0, 0, 0,
    -32, 0, 0, 0, 0, -18, 0, 0,
    0, 0, 0, -8, 0, -9, 0, 0,
    -7, 0, 0, 0, 0, 0, 0, 0,
    0, 0, 0, 0, 0, 0, 0, 0,
    0, 0, 0, -8, 0, 0, 0, 0,
    0, 0, 0, 0, 0, 0, 0, 0,
    0, 0, 0, 0, 0, 0, 0, 0,
    0, 0, -1, 4, 0, 0, 0, 0,
    0, -10, 0, 0, 0, 0, 0, 0,
    0, 0, 0, 0, 0, 0, 0, 0,
    0, 0, 0, 0, -4, 0, 0, 0,
    0, 0, 0, 0, 2, 0, 0, 0,
    0, 0, -23, 0, 0, 0, 0, 6,
    0, 0, 0, 0, 0, 0, 0, 0,
    0, 0, 0, 0, 0, 0, 0, 0,
    0, 0, 0, 0, 0, 0, 0, 0,
    0, 0, 0, 0, 0, -1, -13, 0,
    0, 0, 0, 0, 0, 1, 0, -19,
    0, 0, 0, -29, 0, 0, 0, 0,
    -2, 0, 0, 0, -4, 0, -7, 0,
    -8, 0, 0, 0, 0, 0, 0, 0,
    0, 0, 0, 0, 0, 0, 0, 0,
    0, 0, 0, 0, 0, 0, 0, 0,
    0, 0, 0, 0, 0, 0, 1, 0,
    0, 0, 0, 0, 0, 0, 0, 0,
    0, 0, 0, 0, 0, 0, 0, 0,
    0, 0, 0, 0, 0, 0, 0, 0,
    0, 0, 0, 0, 0, 0, 0, 0,
    0, 0, 0, 0, 0, 0, 0, -4,
    0, 0, 0, 0, 0, 0, 0, 2,
    0, 0, 0, 0, 0, -12, 0, 0,
    0, 0, 6, 0, 0, 0, 0, 0,
    0, 0, 0, 0, 0, 0, 0, 0,
    0, 0, 0, 0, 0, 0, 0, 0,
    0, 0, 0, 0, 0, 0, 0, 0,
    -14, 0, 0, 0, 0, 0, -2, 0,
    0, 0, -8, 0, -7, 0, -26, 0,
    0, 0, 0, 0, 0, 0, -10, 0,
    0, 0, 0, 0, 0, 0, -10, 0,
    0, 0, 0, 0, 0, 0, 0, 0,
    0, 0, 0, 0, 0, 0, 0, 0,
    0, 0, 0, 0, 0, 0, 0, 0,
    0, 1, 0, 0, 0, 0, 0, -26,
    0, 0, 0, 0, 11, 0, 0, 0,
    0, 0, 0, 0, 0, 0, 0, 0,
    0, 0, 0, 0, 0, 0, 0, 0,
    0, 0, 0, 0, 0, 0, 0, 0,
    0, 0, -10, 0, 0, 0, 0, 0,
    0, 0, 4, -23, -14, 0, 0, 0,
    -11, 0, 0, 2, 6, 0, 0, 0,
    0, 1, 0, 1, 8, 1, 0, 0,
    -6, 6, 6, 0, 0, 0, 0, 0,
    0, 0, 0, 0, 0, 0, 0, 0,
    0, 0, 0, -2, 0, 0, 0, 0,
    0, 0, -1, 0, 0, 0, 0, 0,
    0, -31, 0, 0, 0, 0, 0, 0,
    0, -1, -4, 0, -7, 0, -10, 0,
    0, 0, 0, 0, 0, 0, 0, 0,
    -2, 0, 0, 0, 0, 0, -2, 0,
    0, 0, 0, 0, -4, 0, 0, 0,
    0, 0, 0, 0, 2, 0, 0, 0,
    0, 0, -30, 0, 0, -12, 0, 0,
    0, 0, 0, -2, 0, 0, 0, -2,
    0, 0, 0, 0, 0, 0, 0, 0,
    0, 0, 0, 0, 0, 0, 0, 0,
    0, 0, 0, 0, 0, 0, 0, 0,
    0, 0, 0, 0, 0, 1, 0, 0,
    0, 0, 0, -22, 0, 0, 0, 0,
    0, 0, 0, 0, 0, 0, 6, 0,
    0, 0, 0, 0, 0, 0, 0, 0,
    0, 0, 0, 0, 0, 0, 0, 0,
    0, 0, 0, 0, 0, 0, -8, -4,
    0, 0, 0, 0, -8, 0, 3, -16,
    0, 0, 0, 0, -20, 0, 0, 6,
    0, 0, 0, 0, -6, 6, 0, 12,
    4, 1, -6, 0, -10, 0, 0, 0,
    0, 0, 0, 0, 0, 0, 0, 0,
    0, 0, 0, 0, 0, 0, 0, -12,
    0, 0, 0, 0, 0, 0, 0, 0,
    0, -32, 0, 0, 0, -15, 0, 0,
    0, 0, 0, 0, 0, 0, 0, 0,
    0, 0, 0, 0, 0, -6, 0, 0,
    0, 0, 0, 0, 0, 0, 0, 0,
    0, 0, 0, 0, 0, 0, 0, 0,
    -12, 0, 0, 0, 0, 0, 0, 0,
    0, 0, 0, 0, 0, 0, 0, 0,
    0, 0, 0, 0, 0, 0, -6, 6,
    0, 1, 0, 0, 0, 0, 0, 0,
    0, 0, 0, 0, 0, 0, 0, 0,
    0, 0, 0, 0, 0, 0, 0, 0,
    0, -2, 0, 0, 0, 0, 0, 0,
    0, 0, 0, 0, 0, 0, 0, -22,
    0, 0, 0, 0, 6, 0, 0, 0,
    0, 0, 11, 0, 0, 0, 0, 0,
    0, 0, 0, 0, 0, 0, -2, 0,
    0, 0, 0, 0, -2, 0, 0, 0,
    0, 0, -4, 0, 0, 0, 0, 0,
    0, 0, 0, 0, 0, 0, 0, 0,
    -30, 0, 0, -12, 0, 0, 0, 0,
    0, -2, 0, 0, 0, -6, 0, 0,
    0, 0, 0, 0, 0, 0, 0, 0,
    0, 0, 0, 0, 0, 0, 0, 0,
    0, 0, 0, -1, 0, 0, 0, 0,
    0, 0, 0, 0, 0, -32, 0, 0,
    0, -32, 0, 0, 0, 0, -18, 0,
    0, 0, 0, 0, -8, 0, 0, 0,
    0, -7, 0, 0, 0, 0, 0, 0,
    0, 0, 0, 7, 0, 0, 0, 0,
    0, 0, 0, 0, 4, 0, 0, 0,
    0, 0, 0, 11, 0, 0, 0, 0,
    9, 0, 0, 0, 0, 2, 11, 0,
    0, 0, 0, 0, 0, 0, 0, 0,
    0, 0, -3, 7, 11, 0, 0, 0,
    0, 0, 0, 0, 0, 0, 0, 0,
    0, 0, 0, 0, 0, 0, 0, 0,
    0, 0, 0, 0, 0, 0, 0, 0,
    0, 0, 0, 0, 0, 0, 0, 2,
    0, 0, 0, 0, 0, 0, 0, 0,
    0, 0, 0, 0, 2, 2, 0, 25,
    0, 0, 0, 25, 15, 0, 0, 0,
    0, 6, 6, 0, 0, 0, 0, 21,
    0, 0, 0, 0, 0, 17, 16, 0,
    24, 15, 31, 23, 26, 24, 0, 0,
    20, 21, 0, 0, 0, 15, 0, 0,
    0, 0, 0, 18, 0, 20, 20, 28,
    31, 0, 24, 24, 33, 34, 27, 0,
    0, 24, 0, 0, 0, 0, 8, 7,
    0, 0, 0, 0, 35, 0, 24, 20,
    0, 13, 15, 11, 0, 0, 11, 0,
    22, 25, 0, 17, 0, 7, 21, 16,
    24, 28, 25, 25, 0, 11, 25, 25,
    0, 0, 0, 0, 0, 0, 0, 0,
    0, 0, 0, 0, 0, 0, 0, 0,
    -15, 0, 0, 0, 0, 0, 0, 0,
    0, 0, 0, 0, 0, 0, 0, 0,
    0, 0, 0, 0, 0, 0, -11, 0,
    0, 0, 0, 0, 0, 0, 0, 0,
    0
};


/*Collect the kern class' data in one place*/
static const lv_font_fmt_txt_kern_classes_t kern_classes =
{
    .class_pair_values   = kern_class_values,
    .left_class_mapping  = kern_left_class_mapping,
    .right_class_mapping = kern_right_class_mapping,
    .left_class_cnt      = 57,
    .right_class_cnt     = 49,
};

/*--------------------
 *  ALL CUSTOM DATA
 *--------------------*/

#if LVGL_VERSION_MAJOR == 8
/*Store all the custom data of the font*/
static  lv_font_fmt_txt_glyph_cache_t cache;
#endif

#if LVGL_VERSION_MAJOR >= 8
static const lv_font_fmt_txt_dsc_t font_dsc = {
#else
static lv_font_fmt_txt_dsc_t font_dsc = {
#endif
    .glyph_bitmap = glyph_bitmap,
    .glyph_dsc = glyph_dsc,
    .cmaps = cmaps,
    .kern_dsc = &kern_classes,
    .kern_scale = 16,
    .cmap_num = 5,
    .bpp = 4,
    .kern_classes = 1,
    .bitmap_format = 0,
#if LVGL_VERSION_MAJOR == 8
    .cache = &cache
#endif
};



/*-----------------
 *  PUBLIC FONT
 *----------------*/

/*Initialize a public general font descriptor*/
#if LVGL_VERSION_MAJOR >= 8
const lv_font_t font_vi_22 = {
#else
lv_font_t font_vi_22 = {
#endif
    .get_glyph_dsc = lv_font_get_glyph_dsc_fmt_txt,    /*Function pointer to get glyph's data*/
    .get_glyph_bitmap = lv_font_get_bitmap_fmt_txt,    /*Function pointer to get glyph's bitmap*/
    .line_height = 33,          /*The maximum line height required by the font*/
    .base_line = 6,             /*Baseline measured from the bottom of the line*/
#if !(LVGL_VERSION_MAJOR == 6 && LVGL_VERSION_MINOR == 0)
    .subpx = LV_FONT_SUBPX_NONE,
#endif
#if LV_VERSION_CHECK(7, 4, 0) || LVGL_VERSION_MAJOR >= 8
    .underline_position = -2,
    .underline_thickness = 1,
#endif
    .dsc = &font_dsc,          /*The custom font data. Will be accessed by `get_glyph_bitmap/dsc` */
#if LV_VERSION_CHECK(8, 2, 0) || LVGL_VERSION_MAJOR >= 9
    .fallback = NULL,
#endif
    .user_data = NULL,
};



#endif /*#if FONT_VI_22*/

